place_id,place_name,review_id,review_link,name,reviewer_id,reviewer_profile,rating,review_text,published_at,published_at_date,response_from_owner_text,response_from_owner_ago,response_from_owner_date,total_number_of_reviews_by_reviewer,total_number_of_photos_by_reviewer,is_local_guide,review_translated_text,response_from_owner_translated_text,experience_details,review_photos
ChIJYQIbq0US2C0RoXbX5gkHWUY,Kahoona Beach,ChdDSUhNMG9nS0VJQ0FnSUQ2a09DNGdnRRAB,https://www.google.com/maps/reviews/data=!4m8!14m7!1m6!2m5!1sChdDSUhNMG9nS0VJQ0FnSUQ2a09DNGdnRRAB!2m1!1s0x0:0x46590709e6d776a1!3m1!1s2@1:CIHM0ogKEICAgID6kOC4ggE%7CCgwI1veBpwYQqJvYlgM%7C?hl=id,KEONG PUTRA KARANG,111359002941661778714,https://www.google.com/maps/contrib/111359002941661778714?hl=id,5,Tempat  bagus untuk cari ikan baik ngobor atau ngejaring karena inilah kampung ku kampung keong alias ko'ol,Diedit 2 tahun lalu,2021-09-18T05:22:20,,,,11,16,1,,,[],"[{""id"":""CIHM0ogKEICAgIDp0p_-tgE"",""url"":""https://lh3.googleusercontent.com/geougc-cs/AB3l90D56QSgWeDJn3HWnBNKvJPC160lIMfwwGnd8uPLWxjceI09w_Z60Y7vTid9V5Q_E5jmkSmPFJsrdpAYREz74s6ckGeec9kUorDuZP5tQsGk3f4GoE4D31x1AC55YjkPKV_FGLHl1g=s1024"",""caption"":null,""width"":400,""height"":720},{""id"":""CIHM0ogKEICAgIDp0p_-dg"",""url"":""https://lh3.googleusercontent.com/geougc-cs/AB3l90AxJsWJCXp_6rLFSuq6bZgQRbxlkHYKIGBCLFE3Av2nMXbZv5_5kplL6UW67lg15ivzf4th_u8nFzKR9coYy-Q25jv4f33u8CFKmzLHt8rbj0yz7haw8lfPkglNqfomMG6mVAx2=s1024"",""caption"":null,""width"":400,""height"":720},{""id"":""CIHM0ogKEICAgIDp0p_-9gE"",""url"":""https://lh3.googleusercontent.com/geougc-cs/AB3l90CEka3qztsiSiiTEJjPh1_tHUeRMDKPPmCsXulT0F4y9gLsIAMzwpx9aDVg3VNbNOCG8Hlt5JAQl9QsxfbJ0zEwyTtbMLfcjl0pOkCsDF1M5HqXyIuNNJx7htJkj9QBJA97ztT24w=s1024"",""caption"":null,""width"":400,""height"":720}]"
ChIJYQIbq0US2C0RoXbX5gkHWUY,Kahoona Beach,Ci9DQUlRQUNvZENodHljRjlvT2paRWVubEVTSE5aTFZaVVlrOXFXbWxLT0dOSlFsRRAB,https://www.google.com/maps/reviews/data=!4m8!14m7!1m6!2m5!1sCi9DQUlRQUNvZENodHljRjlvT2paRWVubEVTSE5aTFZaVVlrOXFXbWxLT0dOSlFsRRAB!2m1!1s0x0:0x46590709e6d776a1!3m1!1s2@1:CAIQACodChtycF9oOjZEenlESHNZLVZUYk9qWmlKOGNJQlE%7C0ctqX4JYDvt%7C?hl=id,abdul kholik,107620629851447557931,https://www.google.com/maps/contrib/107620629851447557931?hl=id,5,Sperti apa ya sekarang akses masuknya?,seminggu lalu,2025-10-09T07:47:17,,,,88,56,1,,,[],[]
ChIJYQIbq0US2C0RoXbX5gkHWUY,Kahoona Beach,ChZDSUhNMG9nS0VJQ0FnSUNlejZ2NFN3EAE,https://www.google.com/maps/reviews/data=!4m8!14m7!1m6!2m5!1sChZDSUhNMG9nS0VJQ0FnSUNlejZ2NFN3EAE!2m1!1s0x0:0x46590709e6d776a1!3m1!1s2@1:CIHM0ogKEICAgICez6v4Sw%7CCgsI7_XKmQYQiMGaLA%7C?hl=id,Dora The explorer (ingin menjelajahi dunia),113438849045159051795,https://www.google.com/maps/contrib/113438849045159051795?hl=id,5,tempat wisata gratis ,3 tahun lalu,2022-09-27T08:57:19,,,,76,226,1,,,[],"[{""id"":""CIHM0ogKEICAgICez6v4qwE"",""url"":""https://lh3.googleusercontent.com/geougc-cs/AB3l90B4Ns0KS-cgrqzNAYpopxCmXqn802lBJzvSHtXuiiclFZKMqxxZNqE88wWnjDTuxDVcPtwtkCfaPUcAJuo8NmSt_7nz9QLBk-yvX4nsgW1Olr4w4IXWUbEDafgkKu2Dvxrv8Tscgw=s1024"",""caption"":null,""width"":3000,""height"":4000},{""id"":""CIHM0ogKEICAgICez6v4aw"",""url"":""https://lh3.googleusercontent.com/geougc-cs/AB3l90CLX_m5wWA_dKCIIZgu7WNeKGFD9hTEGnfp1VXIjsEUfVpaLLeyPL6c58JFUMczETG7R_KZvJ35VykBAz0p6appI0ID0RATX7LC7Q2DVa_zS_llCFVwKAlz47yUcdg9ULOJis9Q=s1024"",""caption"":null,""width"":3000,""height"":4000},{""id"":""CIHM0ogKEICAgICez6v46wE"",""url"":""https://lh3.googleusercontent.com/geougc-cs/AB3l90CASaW46dEBdYgukkhyG81iO5Hyok6YeO6ggjkTnG5381Ihf3WZi8Qt2xRQ3M2vIdpptXnZDkSkDXPZ31HrdGGIBB2ZnMzYVDT6uD4BR3WsZ3gFxeKcj28MwC4sxR80EqBmo3480w=s1024"",""caption"":null,""width"":3000,""height"":4000},{""id"":""CIHM0ogKEICAgICez6v4Gw"",""url"":""https://lh3.googleusercontent.com/geougc-cs/AB3l90CNrq1wShsY8Yz2cTVHYXtjVJ4-q-CZT-ut_lcRvNyOxnn_TuQH6kwMPvUJVFpPL9xdiOTliwLtQZJVJdi0z5HgXUx7h0iZZGPIso_o7EoN5mtH-L3S56rWoA3jDy52V1wWkHR2=s1024"",""caption"":null,""width"":3000,""height"":4000},{""id"":""CIHM0ogKEICAgICez6v4mwE"",""url"":""https://lh3.googleusercontent.com/geougc-cs/AB3l90BcitST5kmiBafDqzrDY4-rebhTNL69smD95ncCmxx9lbQ7QAaqCWdq_7H5ZbHdA8iwHp6AvyZIZohxutBxq0j6K_kKkESec4RM54B0xYCM08RwgPDJg359UHP740VWELFzpDF6fA=s1024"",""caption"":null,""width"":3000,""height"":4000}]"
ChIJYQIbq0US2C0RoXbX5gkHWUY,Kahoona Beach,ChZDSUhNMG9nS0VJQ0FnSUNCN01mWkhBEAE,https://www.google.com/maps/reviews/data=!4m8!14m7!1m6!2m5!1sChZDSUhNMG9nS0VJQ0FnSUNCN01mWkhBEAE!2m1!1s0x0:0x46590709e6d776a1!3m1!1s2@1:CIHM0ogKEICAgICB7MfZHA%7CCgwI7oSCnQYQsIHF7wE%7C?hl=id,Emil Jarkovic,103530390808733518984,https://www.google.com/maps/contrib/103530390808733518984?hl=id,4,"Pasir pantai putih yg bagus,gk kalah ama yg laenya klw di buat wisata,

Minus tempat agk jauh dri jln raya,cuman bisa buat motor mnju pantainya itupun klw tdk hujan",2 tahun lalu,2022-12-19T15:16:54,,,,26,49,1,,,[],[]
ChIJYQIbq0US2C0RoXbX5gkHWUY,Kahoona Beach,ChdDSUhNMG9nS0VJQ0FnSURSdnVyVzNnRRAB,https://www.google.com/maps/reviews/data=!4m8!14m7!1m6!2m5!1sChdDSUhNMG9nS0VJQ0FnSURSdnVyVzNnRRAB!2m1!1s0x0:0x46590709e6d776a1!3m1!1s2@1:CIHM0ogKEICAgIDRvurW3gE%7CCgwInsajogYQwMSSmgM%7C?hl=id,Muhammad Rosin,114064766086579499263,https://www.google.com/maps/contrib/114064766086579499263?hl=id,1,Untuk Akses Nyampek Kepantainya Bisa Di Lewatin Mobil Gak Kak???,2 tahun lalu,2023-04-26T08:38:54,,,,2,0,,,,[],[]
ChIJYQIbq0US2C0RoXbX5gkHWUY,Kahoona Beach,ChdDSUhNMG9nS0VJQ0FnSUMxNGFtV3NnRRAB,https://www.google.com/maps/reviews/data=!4m8!14m7!1m6!2m5!1sChdDSUhNMG9nS0VJQ0FnSUMxNGFtV3NnRRAB!2m1!1s0x0:0x46590709e6d776a1!3m1!1s2@1:CIHM0ogKEICAgIC14amWsgE%7CCgwI7YLErAYQ4KbrlwE%7C?hl=id,Moh Ainul Yakin,107159143887900698122,https://www.google.com/maps/contrib/107159143887900698122?hl=id,5,Pantai yg indah dengan sunsetnya,setahun lalu,2023-12-31T05:51:41,,,,1,3,,,,[],[]
ChIJYQIbq0US2C0RoXbX5gkHWUY,Kahoona Beach,ChZDSUhNMG9nS0VJQ0FnSURnd1BEX0dREAE,https://www.google.com/maps/reviews/data=!4m8!14m7!1m6!2m5!1sChZDSUhNMG9nS0VJQ0FnSURnd1BEX0dREAE!2m1!1s0x0:0x46590709e6d776a1!3m1!1s2@1:CIHM0ogKEICAgIDgwPD_GQ%7CCgwIx5TkygUQgLnvogI%7C?hl=id,BANYOE ATIKA MANDIRI,117908858560446006484,https://www.google.com/maps/contrib/117908858560446006484?hl=id,4,Tempat rekreasi pantai di masa depan,8 tahun lalu,2017-07-02T14:56:30,,,,9,74,1,,,[],[]
ChIJYQIbq0US2C0RoXbX5gkHWUY,Kahoona Beach,ChZDSUhNMG9nS0VJQ0FnSUMweFBPR05REAE,https://www.google.com/maps/reviews/data=!4m8!14m7!1m6!2m5!1sChZDSUhNMG9nS0VJQ0FnSUMweFBPR05REAE!2m1!1s0x0:0x46590709e6d776a1!3m1!1s2@1:CIHM0ogKEICAgIC0xPOGNQ%7CCgwI-oz36wUQqNS8mQM%7C?hl=id,Ryand Arifriantoni,107815687941258514601,https://www.google.com/maps/contrib/107815687941258514601?hl=id,5,Sangat alami tapi kurang bersih,6 tahun lalu,2019-09-15T05:04:58,,,,22,119,1,,,[],[]
ChIJF_T0zSUD2C0RJFytakQa2VM,Pantai Rindu,Ci9DQUlRQUNvZENodHljRjlvT2poalFXeE1UVFJGWTFaNlNsWTBZbll3ZEhCZk5WRRAB,https://www.google.com/maps/reviews/data=!4m8!14m7!1m6!2m5!1sCi9DQUlRQUNvZENodHljRjlvT2poalFXeE1UVFJGWTFaNlNsWTBZbll3ZEhCZk5WRRAB!2m1!1s0x0:0x53d91a446aad5c24!3m1!1s2@1:CAIQACodChtycF9oOjhjQWxMTTRFY1Z6SlY0YnYwdHBfNVE%7C0cbR8y1WAL5%7C?hl=id,Rofiatul Windariana,113071434754396430032,https://www.google.com/maps/contrib/113071434754396430032?hl=id,5,"Spotnya bagus, apalagi kalau sore. Bisa dapet view subset dan Suramadu. Epic bgt pemandangannya. Ada musholla dan kamar mandi juga. Soal menu mulai dari 20ribuan.

Tersedia juga beberapa spot foto yang bisa dipake buat prewedding dll cuman  ada karcisnya per kepala kalau ngga salah 25k. Overall bagus",2 bulan lalu,2025-08-14T11:03:26,,,,7,16,1,,,"[{""name"":""Waktu kunjungan"",""value"":""Hari biasa""},{""name"":""Waktu antrean"",""value"":""Tanpa mengantre""},{""name"":""Sebaiknya buat reservasi"",""value"":""Tidak""}]","[{""id"":""CIABIhAb6iNvUqHfNh7K42EpdJ5-"",""url"":""https://lh3.googleusercontent.com/geougc-cs/AB3l90DqN3JQD93tGco0xLJOQF_cQLkoKUbtZGsrVvOqKDNBwX_2qPRwSuFS6tQHY5n3YNmGgVVYB9fnovvfv6Oc_wSmrtiMwJ-_vIJ_EvnQbiSjPZPEgk27oj5BAD07lqh5BEvi7MYo4T4qAKsE=s1024"",""caption"":null,""width"":720,""height"":1280},{""id"":""CIABIhBZR2ZaLbVUq72j4_-s7VxH"",""url"":""https://lh3.googleusercontent.com/geougc-cs/AB3l90CC_1Ov3Bc6y9J7vyY4CJI0mdfsI7dzQRuNkfOHhoOIfOSNHHP_IPP4qH1zqei91UB1Ce6lfnlspM0vp-y3GWc2uvTI2CWg-NIkSZ9DrmTbaImfBoxMBMPyUU1FzqpBgMBJQW_K-oIQVbAt=s1024"",""caption"":null,""width"":3120,""height"":4160},{""id"":""CIABIhDJiFcF-LV-P-WICNa0AeXy"",""url"":""https://lh3.googleusercontent.com/geougc-cs/AB3l90A5SXtbPzExMoPJm_43O0b5qic9Ne9DS_7E77G_InRBGMFLixea0Dwlwhy0WuHBjQZjMlUDcZe4A2ltgZrfh2JGVOb8BGyDaYIvdWNZjgHWce8wVgY-SaVj4DSfF4IABlIA860uZO6X0ucx=s1024"",""caption"":null,""width"":3120,""height"":4160},{""id"":""CIABIhDKoPMdGexNYgFh2cW89SoG"",""url"":""https://lh3.googleusercontent.com/geougc-cs/AB3l90DWO4x7nTeEV3MplS5MJYl6CV4F9yuhvcIdyF0ELUKXQ2xZzK4_9s1ZkI6lIhncbSYnfk6sJJQiigN6dX2_sNKqbgPZVmVfznh93MqTV8D9WlZzPmWDwEEHc63gkg-CcrG_aiw722DuRmue=s1024"",""caption"":null,""width"":3024,""height"":4032}]"
ChIJF_T0zSUD2C0RJFytakQa2VM,Pantai Rindu,Ci9DQUlRQUNvZENodHljRjlvT25GdVEwUkJiVVkzUXpKUmRGUkxhR1E0ZERGYWQzYxAB,https://www.google.com/maps/reviews/data=!4m8!14m7!1m6!2m5!1sCi9DQUlRQUNvZENodHljRjlvT25GdVEwUkJiVVkzUXpKUmRGUkxhR1E0ZERGYWQzYxAB!2m1!1s0x0:0x53d91a446aad5c24!3m1!1s2@1:CAIQACodChtycF9oOnFuQ0RBbUY3QzJRdFRLaGQ4dDFad3c%7C0ctqG_IQRFg%7C?hl=id,chocooo0milkk,113735711080083964017,https://www.google.com/maps/contrib/113735711080083964017?hl=id,2,wkwk kapok si kesini. harga makanannya ga ngotak mahal bgt dan ga worth it dengan tempat yang seperti itu. per orang wajib pesen makan sbg tiket masuk katanya,seminggu lalu,2025-10-09T07:29:41,,,,63,147,1,,,[],"[{""id"":""CIABIhC9DBjJi93-fokIMOySwm8a"",""url"":""https://lh3.googleusercontent.com/geougc-cs/AB3l90Azc0q4ZjCDY9yGM3l0JCoRjc198D1R5Fb8UCnd-lpVxwncxBNMqZlSEhzbg-5pRQTxipVzBqk4jMyaql9measlkJ0zqriXt8Nj0xpVE7mBqUbdmy7TZW-q5SBc8T3s-07kKRfs5fhPM9Cc=s1024"",""caption"":null,""width"":1946,""height"":3460},{""id"":""CIABIhAGeYMVCJ41Sv_tZiU90zug"",""url"":""https://lh3.googleusercontent.com/geougc-cs/AB3l90C_gfECLc10wqCLE-b-t5HU6ojWeFXsaRum0rLysO-W1wBsJTFD5CjWB0FCpxMWmWDTuYwGhoLIZkOuRYdjQ-ylxitgpXYzOOCmC4_5d6vJdGzqa0PKvwtVn5290Xt_q7d6hibezRTsrZJW=s1024"",""caption"":null,""width"":2035,""height"":3618}]"
ChIJF_T0zSUD2C0RJFytakQa2VM,Pantai Rindu,Ci9DQUlRQUNvZENodHljRjlvT2xCSE5YTmtRMWh1VUZBd1pEbHJVM1pOTWsxbmFrRRAB,https://www.google.com/maps/reviews/data=!4m8!14m7!1m6!2m5!1sCi9DQUlRQUNvZENodHljRjlvT2xCSE5YTmtRMWh1VUZBd1pEbHJVM1pOTWsxbmFrRRAB!2m1!1s0x0:0x53d91a446aad5c24!3m1!1s2@1:CAIQACodChtycF9oOlBHNXNkQ1huUFAwZDlrU3ZNMk1nakE%7C0cqJd5gjYwq%7C?hl=id,Juna Wuisan,103224355758386246694,https://www.google.com/maps/contrib/103224355758386246694?hl=id,3,"Tempat lumayan bagus, cuma sayangnya dibibir pantai banyak sampah, trus jusnya gula asli yg seharusnya. Karyawannya ramah.
Trus mungkin kontruksi tiangnya juga perlu di perkuat.",3 minggu lalu,2025-09-28T14:46:30,,,,13,132,1,,,"[{""name"":""Waktu kunjungan"",""value"":""Hari biasa""},{""name"":""Waktu antrean"",""value"":""Maks 10 mnt""},{""name"":""Sebaiknya buat reservasi"",""value"":""Tidak""}]","[{""id"":""CIABIhBPb5aySi7milUHG_wnvl9e"",""url"":""https://lh3.googleusercontent.com/geougc-cs/AB3l90BYOHOK_oSFpif_wD9vJQFpjfTS0VzW7Q63o2FH7_1NpRdaoES0sOAx1ePeQ75sW_Ip19aKXxYX31Chzg9GaQUDgE0jm0ha_UX-SPtfMK1xUxrI6Hyanky_pNK3eQRFRHqtR3o-sMLNqKEW=s1024"",""caption"":null,""width"":1186,""height"":1599},{""id"":""CIABIhAcvZcqnhsMpkZThy2pjKzC"",""url"":""https://lh3.googleusercontent.com/geougc-cs/AB3l90Ag7WvHA8SjvWbhtIjNp1nsWJV8ugSffRg6OIK1-34kACokTPFBVyBrkGC5W4roSqTRf-DXlX3cPj2mNaSL8GzOJeKthHLq86gtYRsMT0aQ0KssScXivuZt2Zgw92MjYLkJ7To1-_O4-Ot1=s1024"",""caption"":null,""width"":1186,""height"":1599},{""id"":""CIABIhC0GFrSqE4EOmaUU125ulRw"",""url"":""https://lh3.googleusercontent.com/geougc-cs/AB3l90CVzy2rPlKYmNMy_fkNpQcO751SsDBCisjNv2UNeA31iWNPXVh65CFKkGUcyIvMUFhsKrf2Q5fZ3fEY2_0FWHbRWfxgqM2qanCQ4-JWyidm-k1AGCJiAupuZU31tNco3lM3QjVZew588t4=s1024"",""caption"":null,""width"":1186,""height"":1599},{""id"":""CIABIhD3HHDZBotRbmpRqTP9iWbM"",""url"":""https://lh3.googleusercontent.com/geougc-cs/AB3l90ACcl6KKjn5fougkvNg9JOmYTtntmjdwbN_uDZkUdC4J7cL-kqpP_qsBU0iPvFH45-foqeDbtQDhEePzYTCK1I3PrJuVQ7UMynrBVmyIYzjCm6NFm83hf0IhxjRtGOaLEX72qzcwVG0Kg2g=s1024"",""caption"":null,""width"":960,""height"":1280},{""id"":""CIABIhBYlptGH4CSdSLGazvtExMe"",""url"":""https://lh3.googleusercontent.com/geougc-cs/AB3l90D8X6ebZS6cBp1RHjG1Vho6iChoLoMUGGPCZc-eRfe0lD9yNhux63RcGchLNmR5Wu3MNOEVkUxfK6oY5TtfdKeWz_q0FwFDR3dD5uLnsnMsrAehmEDhbDkJrl7OnqKYYuSBfYjuEehPV3hO=s1024"",""caption"":null,""width"":1280,""height"":960},{""id"":""CIABIhAzgyVzcyAO92MMF2IQcfcB"",""url"":""https://lh3.googleusercontent.com/geougc-cs/AB3l90BFG84vZph3XaO9vNt6U6JbQ1TNmrZ5_wt-NKA8DyrSrWzPe_qf5pui7FTYmaQd76yqV2akSL9QkAPBXqRCAcgLO2iJur-zX41nILumZUdOIKGFpEHpMOQoNtH9It4YzbQLxXVJlTX2bVrU=s1024"",""caption"":null,""width"":960,""height"":1280},{""id"":""CIABIhB43pHSnDaNJ3QGwsTtkwv1"",""url"":""https://lh3.googleusercontent.com/geougc-cs/AB3l90AvBLn-uuIRpz2O5cPCxEW6FHKEdo1hTZ0HLdhrbwlRdNmH3gQWWGkwogXbEOefzPJ8Uhyih7beqsZ8MtsxQwXOg7J4us40FFsFJXpYwszQAnG4ArWKbuKiUkuAqwHr_am4rW84BVBg0-yl=s1024"",""caption"":null,""width"":1200,""height"":1600},{""id"":""CIABIhCgqqn-NDacTzcp9VysV9jB"",""url"":""https://lh3.googleusercontent.com/geougc-cs/AB3l90BEso1pykCfbOa_Lskb9PBsrHNUqP0oMVNUgufFNokdcVm5vBore7vOU4unNm1ZYN9-P728Qiwqd7tLsBF_fK-RWzlYqteOLxWah_Oboznyhb1TtHMy0h2axr8NrFGa3hsrWZGAiSK5uWV7=s1024"",""caption"":null,""width"":960,""height"":1280},{""id"":""CIABIhBipCjJEL1W_QR22DubxVvT"",""url"":""https://lh3.googleusercontent.com/geougc-cs/AB3l90DNFFvS5M3y2in9B55WcMFWkMvaa1oJ-clWDjOhX6EndJS17O0j4EQ1D0Y6am4Ys4Zd2mBU7vs7PMFpY90hZrcdAVkC-NPRhZzzNfOhDlwAUPJP-gpow3sQHXiCoQW7Qpf3XpFbWaUEiy9M=s1024"",""caption"":null,""width"":619,""height"":1280}]"
ChIJF_T0zSUD2C0RJFytakQa2VM,Pantai Rindu,Ci9DQUlRQUNvZENodHljRjlvT2xCU1RFZGtSek5JYlVoRGFFeDVTbVUzZGxwNVZrRRAB,https://www.google.com/maps/reviews/data=!4m8!14m7!1m6!2m5!1sCi9DQUlRQUNvZENodHljRjlvT2xCU1RFZGtSek5JYlVoRGFFeDVTbVUzZGxwNVZrRRAB!2m1!1s0x0:0x53d91a446aad5c24!3m1!1s2@1:CAIQACodChtycF9oOlBSTEdkRzNIbUhDaEx5SmU3dlp5VkE%7C0ciyQ02PVD1%7C?hl=id,Dexa One,114773506595772895208,https://www.google.com/maps/contrib/114773506595772895208?hl=id,5,Pantai rindu berjarak 1.2 Km dari jembatan suramadu.. masuknya gratis tp harus memesan makanan atau minuman sebelum masuk.. ada hotspot untuk berfoto dengan latar belakang jembatan suramadu.. ada hotspot yg berbayar 25rb dan ada yg gratis.,sebulan lalu,2025-09-06T07:46:09,,,,142,298,1,,,"[{""name"":""Waktu kunjungan"",""value"":""Hari libur nasional""},{""name"":""Waktu antrean"",""value"":""10-30 mnt""},{""name"":""Sebaiknya buat reservasi"",""value"":""Tidak""}]","[{""id"":""CIABIhBAeagfbRvLN4RL65CFMuis"",""url"":""https://lh3.googleusercontent.com/geougc-cs/AB3l90Dbiq6MnOIhJ8yqHV2Fft-bP1BO4sf6d1MXzkpr564lNDPGnCb7TsZt9u_RkJgfjq07UHsNyQxB4UOC4sCc0OBpN0s3Dv6lhdsOd3e7DP2Eq9is6HJQXfCnMQWNFAykxLUj61Ywf3g9pOEf=s1024"",""caption"":null,""width"":1080,""height"":1920},{""id"":""CIABIhBcCwYnPzdnNcMFpE7croIo"",""url"":""https://lh3.googleusercontent.com/geougc-cs/AB3l90Dt6DVcJQ_NwfcdiskfPJsPivYpaYOaTB6j8lg-ersjPkHl2i0a_5gkxvhtZWvFqjiXDbDfIn9Y3KSoXW_T2D0P6iGR84egRyIE1dUI5b5LvQCnJ18PpGfjRTomAyyYWDo0z0Zs2fwk4o3d=s1024"",""caption"":null,""width"":1080,""height"":1920}]"
ChIJF_T0zSUD2C0RJFytakQa2VM,Pantai Rindu,ChdDSUhNMG9nS0VMTEtuODNUNjhtLTBnRRAB,https://www.google.com/maps/reviews/data=!4m8!14m7!1m6!2m5!1sChdDSUhNMG9nS0VMTEtuODNUNjhtLTBnRRAB!2m1!1s0x0:0x53d91a446aad5c24!3m1!1s2@1:CIHM0ogKELLKn83T68m-0gE%7CCgwItejlwQYQ6LvPxgM%7C?hl=id,Another Person,111675295548354433161,https://www.google.com/maps/contrib/111675295548354433161?hl=id,1,"MAHAL wkwkwk
tiket masuk 20 rb, laut kuotor, spot foto bayar

wah wah wah gak menarik

es batunya pake es batu bukan cristal jadi waktu cair rasa minuman berubah",4 bulan lalu,2025-05-30T09:02:45,,,,79,102,1,,,"[{""name"":""Waktu kunjungan"",""value"":""Hari libur nasional""},{""name"":""Waktu antrean"",""value"":""Tanpa mengantre""},{""name"":""Sebaiknya buat reservasi"",""value"":""Tidak""}]","[{""id"":""CIHM0ogKEMPo8oiF1srVlAE"",""url"":""https://lh3.googleusercontent.com/geougc-cs/AB3l90C7XhAecbEuuPNj5PnSvuiVKKoD8xj1gXk7i1kjrcZJvjgvC6FEr0OfyA5vcyPpsS834nHon1szECDFTO3aRxpCci7hGGl9b7ayWAyEcs7KwYYlm-Bp8INBjIIE3rkg1OPypZOEkg=s1024"",""caption"":null,""width"":3000,""height"":4000},{""id"":""CIHM0ogKEJmO5Nb-x-TA6gE"",""url"":""https://lh3.googleusercontent.com/geougc-cs/AB3l90C-GRO1nu4eGhM9PIr7Go67qWyewBbdBBpfPC8aWhcWycCHLMEVZcZmpj-hDflInvoAhKxDOd3IJ4q3woLKBNIFfgrQAh565sINg4k8vp3a2urn1f9SO1kMxN6vGCex-Sj5oFA7bg=s1024"",""caption"":null,""width"":4000,""height"":3000},{""id"":""CIHM0ogKEPqGiN-57dW-HA"",""url"":""https://lh3.googleusercontent.com/geougc-cs/AB3l90DuvavrckC_pV23x8EKWM3ZYuzSk-g4-ozhskkLVfZFwsxsbxexHW4nESFJ_dqbZLYdKUKSVrbPpPTHYUuFgIRBeoFJC42coKxE28kTkmGQ-AV0ihHn1kwOgLFI3lXg7rdoF_Ya=s1024"",""caption"":null,""width"":3000,""height"":4000},{""id"":""CIHM0ogKEJa0tLPQseSikwE"",""url"":""https://lh3.googleusercontent.com/geougc-cs/AB3l90D9dSOmMDSYtxNmeZU7nNrDPoRJfuHa4KbaVE3P9xlfSEdJU0XIKzrxjZPmvMS13fFJNle60pNQSr3LplECITGOnJq_-WNcywMOcAU785_Rjf9OibyxtpsnPczTKX0Q5vXwQzfazQ=s1024"",""caption"":null,""width"":3000,""height"":4000}]"
ChIJF_T0zSUD2C0RJFytakQa2VM,Pantai Rindu,Ci9DQUlRQUNvZENodHljRjlvT2tKa1NIQmtaRnB4WW5GNlZuWmthM1JXTTA1M2NtYxAB,https://www.google.com/maps/reviews/data=!4m8!14m7!1m6!2m5!1sCi9DQUlRQUNvZENodHljRjlvT2tKa1NIQmtaRnB4WW5GNlZuWmthM1JXTTA1M2NtYxAB!2m1!1s0x0:0x53d91a446aad5c24!3m1!1s2@1:CAIQACodChtycF9oOkJkSHBkZFpxYnF6VnZka3RWM053cmc%7C0ckWIY7fvSY%7C?hl=id,Farah Nurlidar,110558299963283916656,https://www.google.com/maps/contrib/110558299963283916656?hl=id,5,"Bukan pantai tepatnya, tapi bangunan kayu yang dibangun diatas pantai. Dari situ bisa melihat jembatan suramadu. Tersedia mushola. Untuk masuk gratis tp wajib membeli makanan atau minuman tg rata-rata harga minumannya 10 rb. Parkir mobil 10 rb.",sebulan lalu,2025-09-11T00:13:21,,,,55,55,1,,,"[{""name"":""Waktu kunjungan"",""value"":""Akhir pekan""},{""name"":""Waktu antrean"",""value"":""Maks 10 mnt""},{""name"":""Sebaiknya buat reservasi"",""value"":""Tidak""}]","[{""id"":""CIABIhA3kRSyieghUcw-Ak10edNN"",""url"":""https://lh3.googleusercontent.com/geougc-cs/AB3l90DqK3E4k5xsnMBAQ2rx7g3i4eG1RL1XMSLjIUKXxGjrEe9AsucYzqnHS39QeaiT6IeWLm7-g9keb0RlAgsiid1cIDAvb0VuvEeCHB11oDiZITGmECZ-V52Uo4D5wGxqo0CNV2BUYqd23gtX=s1024"",""caption"":null,""width"":3072,""height"":4096},{""id"":""CIABIhBacl4kjC45ZV8LvzKxU6dw"",""url"":""https://lh3.googleusercontent.com/geougc-cs/AB3l90AcmeZn5r6QCbNA2xWGlsTmDHGHgXE8INVPyECdXKRSlwf0U8Vjjua29tyMoQNax2Z2zKsNBoVzm0CZVRhE3R-Qu3DoQHR5ZYxylgnuyOHuTE5k5sHW1lhQZTcylaXT7pF24fJODDhbd9Ah=s1024"",""caption"":null,""width"":3060,""height"":4080}]"
ChIJF_T0zSUD2C0RJFytakQa2VM,Pantai Rindu,ChZDSUhNMG9nS0VKcVk0ZHVUX05UR1FBEAE,https://www.google.com/maps/reviews/data=!4m8!14m7!1m6!2m5!1sChZDSUhNMG9nS0VKcVk0ZHVUX05UR1FBEAE!2m1!1s0x0:0x53d91a446aad5c24!3m1!1s2@1:CIHM0ogKEJqY4duT_NTGQA%7CCgwIr4LlwQYQwLHBxAM%7C?hl=id,Anyar Mane,118010421794023886342,https://www.google.com/maps/contrib/118010421794023886342?hl=id,4,"Utk suasana saya suka, apa lagi waktu sunrise.. Cuma pelayanannya kelupa an/gimana? Kok pada asyik ngobrol sampek lupa makanan saya g di anter..",4 bulan lalu,2025-05-30T05:25:03,,,,23,42,1,,,"[{""name"":""Waktu kunjungan"",""value"":""Akhir pekan""},{""name"":""Waktu antrean"",""value"":""30-60 mnt""},{""name"":""Sebaiknya buat reservasi"",""value"":""Tidak""}]","[{""id"":""CIHM0ogKEPPK-oy6s-Ko1gE"",""url"":""https://lh3.googleusercontent.com/geougc-cs/AB3l90Amo1lfkC40uMrQCC0Ftqk-n2vn57THKaCxfra8_Xoa62kNGaTlDBpU7qFFcPFEwNhFVAwXwFmeLgjQX6W_gzlSa2t6PC2K1N658FD5amTl3zWS0Jh2whqKpYz9AsriHI5YQlVndQ=s1024"",""caption"":null,""width"":3024,""height"":4032},{""id"":""CIHM0ogKENP6oJ6848beQQ"",""url"":""https://lh3.googleusercontent.com/geougc-cs/AB3l90ARYi8-MBeiCK7ILW8Gr4Muqrr0DORy8c_kNTB53-l9uSVleUaNkWy96Necd7b8x7w1wTbmLD4AOZ-JWukGxL0IPeIdCHO_0cMIxL2jKQowpaVTvlo0xkXT5DduTVpLSnQIRM2k=s1024"",""caption"":null,""width"":3024,""height"":4032},{""id"":""CIHM0ogKEL7g3JvImszXIw"",""url"":""https://lh3.googleusercontent.com/geougc-cs/AB3l90DnSSC2yyA0rudu4bm6HQJXD-2BB9bIjmi_D8Bf-QMDYiM1_MJTMRmwNsULsy-Ef_erF6abNJl4_vzi_oq2DGSnh-VyWj5RndwDgn6v98KIW4KPOmPj8h173ps06hyB1rkkNUaj=s1024"",""caption"":null,""width"":3024,""height"":4032},{""id"":""CIHM0ogKEKq474nigd6aSw"",""url"":""https://lh3.googleusercontent.com/geougc-cs/AB3l90DdW4UV9-Xi_ufMT-fiY-pLOGUTO5u0O8P602N_lIj0oOwX9E1GKE6iOMOr0YQ1kSqx3eo6okWQKzpFPfTB4HLE7KXR_repUQ1IDxjB88RmNOG0ZMmCHBD5SXzdwaLx30qXG4um=s1024"",""caption"":null,""width"":3024,""height"":4032},{""id"":""CIHM0ogKEOmb59moxJKb1AE"",""url"":""https://lh3.googleusercontent.com/geougc-cs/AB3l90DVN8zybIfh0i8LBylAAh5xAChFodZhyGNI7TILAOyVp8TRSbEXKQEYUNk2c3yKEndvA2UN4xIni9D2dk-iUy6hYglxKoC1d7iAk5-RS0yfPncM_C6-LQE6GlU_gCIkJTB2LPw51A=s1024"",""caption"":null,""width"":3024,""height"":4032},{""id"":""CIHM0ogKEM700cjso-WMvAE"",""url"":""https://lh3.googleusercontent.com/geougc-cs/AB3l90Djfi1c3sK8GwI95y3wJOuvILXFxGQGh--NtsTH1N5uwUPAlI9kkYrafe9EfoXVDw1xV6cjw9M9qZVP1klvfRNTmE6occDqLpnqMe8XmRTb0WwjQ3LbR_Xwo9o0DJmet17-tT0Ikw=s1024"",""caption"":null,""width"":3024,""height"":4032}]"
ChIJF_T0zSUD2C0RJFytakQa2VM,Pantai Rindu,ChZDSUhNMG9nS0VJQ0FnTUNvbDhDSE13EAE,https://www.google.com/maps/reviews/data=!4m8!14m7!1m6!2m5!1sChZDSUhNMG9nS0VJQ0FnTUNvbDhDSE13EAE!2m1!1s0x0:0x53d91a446aad5c24!3m1!1s2@1:CIHM0ogKEICAgMCol8CHMw%7CCgwIrvSTwAYQoLDQmAE%7C?hl=id,Second Shopii,102987891556799738607,https://www.google.com/maps/contrib/102987891556799738607?hl=id,3,"Untuk view foto dan keteraturan parkir sudah bagus. Namun kami rasa pengelolaan cafenya kurang baik dimana saat itu beanbag yang ada dibawah dinaikkan  ke tempat duduk atas (maybe karena penghujan), meja cafe yg dirapikan tanpa membuang sampahnya dan masih BASAH (Bekas minum). Makanan dan minuman rasanya cukup baik, namun terbilang cukup mahal dengan fasilitas seperti itu.",6 bulan lalu,2025-04-20T13:44:14,,,,1,4,,,,"[{""name"":""Waktu kunjungan"",""value"":""Akhir pekan""},{""name"":""Waktu antrean"",""value"":""Maks 10 mnt""},{""name"":""Sebaiknya buat reservasi"",""value"":""Tidak""}]","[{""id"":""CIHM0ogKEICAgMCol8CH8wE"",""url"":""https://lh3.googleusercontent.com/geougc-cs/AB3l90DgA_IMo40m3LF5pSccXTk1gcLOTeda5V1aEWu2hd8m_5SqQIsoHGD1Pb-599D1rfnMs7-qWwHqgKwNj_QWl7_kQ2DqM4qlqgTM0VTRKuNhg0mu84n61lmRJTir_XsEUaGRGDy-5A=s1024"",""caption"":null,""width"":1836,""height"":3264},{""id"":""CIHM0ogKEICAgMCol8CHCw"",""url"":""https://lh3.googleusercontent.com/geougc-cs/AB3l90BYG3EF-EvJI7AIx3BahEqXWqv9_g8Nd52QiF5BOdCdcBGU96oPbweQiht05LSDFh8zb26VJ8UqcnlQS1fbwp8latajG3HEik4zI973N8pZdCcdVUiLK87YyUvIZOzw3VFwCLkI=s1024"",""caption"":null,""width"":2296,""height"":4080},{""id"":""CIHM0ogKEICAgMCol8CHiwE"",""url"":""https://lh3.googleusercontent.com/geougc-cs/AB3l90D_eJaKky5WVJiNpUOylbcJdskECT3JGP-C1qeNWGEkLD5-96m9FduwBDp2blqAsDQfoQsTa5OmwNHZp3K3YNk81vI1uwxCPoya-b01rwm4e-JV8AWJMppIHHLlddGHM3Fn-t0psg=s1024"",""caption"":null,""width"":2296,""height"":4080},{""id"":""CIHM0ogKEICAgMCol8CHSw"",""url"":""https://lh3.googleusercontent.com/geougc-cs/AB3l90A8dGDegYv-ivhWzdXzj7N0V14K0okeFql-6naqh248HORmjPc60HtpkTtSp83GUd4VWCDnmO9yKWd1YlbMLC3U5kpw4PJUDtunDLdQgGggOnQ-gd9nzO2IYcSf0eyNzgffuzoW=s1024"",""caption"":null,""width"":2296,""height"":4080}]"
ChIJuRiSbwAd2C0RDp_Iezqhlmk,Merah Putih Beach,ChdDSUhNMG9nS0VJQ0FnSUNiclA3bmxRRRAB,https://www.google.com/maps/reviews/data=!4m8!14m7!1m6!2m5!1sChdDSUhNMG9nS0VJQ0FnSUNiclA3bmxRRRAB!2m1!1s0x0:0x6996a13a7bc89f0e!3m1!1s2@1:CIHM0ogKEICAgICbrP7nlQE%7CCgwI6umCtQYQ2K_7sAM%7C?hl=id,Guntur Santoso,107906586956479170977,https://www.google.com/maps/contrib/107906586956479170977?hl=id,5,Nice view to Surabaya skyline,setahun lalu,2024-07-24T08:01:46,,,,13,81,1,Pemandangan cakrawala Surabaya yang indah,,[],[]
ChIJdQ14ptQD2C0RGxfkbM_5gLI,Goa Petapa Beach,ChdDSUhNMG9nS0VJQ0FnSUM5ekpMMzdnRRAB,https://www.google.com/maps/reviews/data=!4m8!14m7!1m6!2m5!1sChdDSUhNMG9nS0VJQ0FnSUM5ekpMMzdnRRAB!2m1!1s0x0:0xb280f9cf6ce4171b!3m1!1s2@1:CIHM0ogKEICAgIC9zJL37gE%7CCgwIupiSrwYQoMDEtgE%7C?hl=id,Fransisca Aprilia,112319293934801856576,https://www.google.com/maps/contrib/112319293934801856576?hl=id,5,"+Bersih tidak berserakan sampah
+Harga minumannya masih masuk akal dan sewajarnya
+ Parkir motor 5000
+ Parkir mobil 10.000
+ Tidak ada biaya tiket lain-lain. Hanya bayar parkir kendaraan saja
+ Pemandangan nya bagus

- Gapura masuknya tidak ada.
+Titik maps betul.
Masuknya turun ke bawah

Bolehlah nanti healing tipis-tipis lagi kesini ",setahun lalu,2024-03-03T14:42:02,,,,2,7,,,,"[{""name"":""Waktu kunjungan"",""value"":""Akhir pekan""}]","[{""id"":""CIHM0ogKEICAgIC9zJL3Xg"",""url"":""https://lh3.googleusercontent.com/geougc-cs/AB3l90CxvHeJ4KQUNYDZaIOTOCO3xoYOqd8i9qwDe_vtO2a_B2o3JVDvIWdixmix7bjgC7QeYRqU7UpWIMrhRlileBQTWQ5wWcD3zUkADBsRtPJEhGxV3dV_pP3628J2MEz1hZavtqru=s1024"",""caption"":null,""width"":3000,""height"":4000},{""id"":""CIHM0ogKEICAgIC9zJL33gE"",""url"":""https://lh3.googleusercontent.com/geougc-cs/AB3l90BvJ4AXbjsRuAiLrv7EpCBmcFGk3jsgZJGWf6_dktWwe7TWK8TQfdzAo2mQNbqXqoYODmWYxjgERX109qP8Yd7aqammeoj_9sQUQzEbBgghy91vC6b-IINZXzoq5fQOjsdMBTn5=s1024"",""caption"":null,""width"":3000,""height"":4000},{""id"":""CIHM0ogKEICAgIC9zJL3Pg"",""url"":""https://lh3.googleusercontent.com/geougc-cs/AB3l90AXomX5GqkPd35jQpaJDu07yP-PE6iC1HJAgrYCJ8ewF55yadwVWAMDnp-a8Pe9oIbmRjejfiGcy6XX-I6wwCocKBdvBIu2aMmJlt_4SQR0H710c2TZDHX5ij2j3nAcGhUNhRNT=s1024"",""caption"":null,""width"":3264,""height"":2448},{""id"":""CIHM0ogKEICAgIC9zJL3vgE"",""url"":""https://lh3.googleusercontent.com/geougc-cs/AB3l90CBe5AMIA5oTVayO0jXly9Y3rC_XxTN2M_gHwMIQamiZVJUlhy5bv2tZdXqloe5-DPIMUrpo2XFebPVbM7Cwsojzz4UMAQHheAuEvioEMB_O7yHXMT48olccxSP5neoC-StvIF2Ow=s1024"",""caption"":null,""width"":3264,""height"":2448}]"
ChIJdQ14ptQD2C0RGxfkbM_5gLI,Goa Petapa Beach,ChdDSUhNMG9nS0VJQ0FnSURSdmY3cnhRRRAB,https://www.google.com/maps/reviews/data=!4m8!14m7!1m6!2m5!1sChdDSUhNMG9nS0VJQ0FnSURSdmY3cnhRRRAB!2m1!1s0x0:0xb280f9cf6ce4171b!3m1!1s2@1:CIHM0ogKEICAgIDRvf7rxQE%7CCgwIwdLBogYQ-IfCwwE%7C?hl=id,Bintan Setyawan,118024213145300848906,https://www.google.com/maps/contrib/118024213145300848906?hl=id,5,"Viewnya wow banget, cuma jangan siang2 klo dateng, airnya surut",2 tahun lalu,2023-05-02T01:36:42,,,,67,88,1,,,"[{""name"":""Waktu kunjungan"",""value"":""Akhir pekan""},{""name"":""Waktu antrean"",""value"":""Tanpa mengantre""},{""name"":""Sebaiknya buat reservasi"",""value"":""Tidak""}]","[{""id"":""CIHM0ogKEICAgIDRvYHAEA"",""url"":""https://lh3.googleusercontent.com/geougc-cs/AB3l90AdZlXhHITlZEv33zPrAytZ2ZJlx7CNoTbmHUVaSd29uKkuvDoRazbrlbvaO6ndm-pLT6PVGtV5bADsrqbNRcEVmuJ6S4YVBgCc2JgAe71vHIcbexCVBk5v-U6TP_S51s_PSl9g=s1024"",""caption"":null,""width"":3120,""height"":4160},{""id"":""CIHM0ogKEICAgIDRvYHAkAE"",""url"":""https://lh3.googleusercontent.com/geougc-cs/AB3l90AXrYc5DLuL-29i7tvwB-Wd3qpABMQOgFrKMZ6j9GrYhF1hSDGW2mnQ1F7H6gku-ptQy4wTdnS7LqVSFfOym3K_xSCNEnhXy5f9xsN-m5Qyhk6KwPMU6hwHk2TS6vMuQPxZArUBOQ=s1024"",""caption"":null,""width"":3120,""height"":4160},{""id"":""CIHM0ogKEICAgIDRvYHAUA"",""url"":""https://lh3.googleusercontent.com/geougc-cs/AB3l90CUs_oYXYD7Y0MSb-HT3u5wMVf6cAcys1EaSpMyrJPyL4zh7AjQg28qMmp2_eMobACtRBNBG5lowOpR5sS_1z6D7DeodmVB1Y8-Zr2bu-k1RRQSohCRdiI6t_CXIsOEmGrh95E=s1024"",""caption"":null,""width"":3120,""height"":4160}]"
ChIJdQ14ptQD2C0RGxfkbM_5gLI,Goa Petapa Beach,ChdDSUhNMG9nS0VJQ0FnSUNoemVEcm9RRRAB,https://www.google.com/maps/reviews/data=!4m8!14m7!1m6!2m5!1sChdDSUhNMG9nS0VJQ0FnSUNoemVEcm9RRRAB!2m1!1s0x0:0xb280f9cf6ce4171b!3m1!1s2@1:CIHM0ogKEICAgIChzeDroQE%7CCgsIzv3GnwYQ8PWmIw%7C?hl=id,Rudi Hartono,112611702175381999077,https://www.google.com/maps/contrib/112611702175381999077?hl=id,4,"Hanya saja kalo terlalu siang lumayan panas, dan dibibir pantai pasirnya sedikit.
Tidak ramah untuk anak kecil, karena batu2nya licin.",2 tahun lalu,2023-02-19T06:16:46,,,,126,443,1,,,"[{""name"":""Waktu kunjungan"",""value"":""Akhir pekan""},{""name"":""Waktu antrean"",""value"":""Tanpa mengantre""},{""name"":""Sebaiknya buat reservasi"",""value"":""Ya""}]",[]
ChIJdQ14ptQD2C0RGxfkbM_5gLI,Goa Petapa Beach,ChZDSUhNMG9nS0VJQ0FnSURfei16MGFBEAE,https://www.google.com/maps/reviews/data=!4m8!14m7!1m6!2m5!1sChZDSUhNMG9nS0VJQ0FnSURfei16MGFBEAE!2m1!1s0x0:0xb280f9cf6ce4171b!3m1!1s2@1:CIHM0ogKEICAgID_z-z0aA%7CCgsItsuXvQYQgKHODA%7C?hl=id,RAMBUT PUTIH,114940367263000152886,https://www.google.com/maps/contrib/114940367263000152886?hl=id,5,,Diedit 8 bulan lalu,2025-01-28T06:08:37,,,,79,104,1,,,"[{""name"":""Waktu kunjungan"",""value"":""Akhir pekan""}]","[{""id"":""CIHM0ogKEICAgID_z-z0mAE"",""url"":""https://lh3.googleusercontent.com/geougc-cs/AB3l90DAcABBS3x09SlKfBLDRzfRUAxRTplZ_xMuo1W5RTaTpmDIUP3on--uqHdICka36EXxXijWxhXE5oxoPYMAs0RoREhxsvOxvYhlXerGXpHhRNjieV884fAyDLat-MxrbfNMMuZ2Yg=s1024"",""caption"":null,""width"":1080,""height"":1920}]"
ChIJdQ14ptQD2C0RGxfkbM_5gLI,Goa Petapa Beach,ChdDSUhNMG9nS0VJQ0FnTURnX0p1a2lRRRAB,https://www.google.com/maps/reviews/data=!4m8!14m7!1m6!2m5!1sChdDSUhNMG9nS0VJQ0FnTURnX0p1a2lRRRAB!2m1!1s0x0:0xb280f9cf6ce4171b!3m1!1s2@1:CIHM0ogKEICAgMDg_JukiQE%7CCgwI1f3rvQYQ6JiiywM%7C?hl=id,Rizky M,114423342947201999298,https://www.google.com/maps/contrib/114423342947201999298?hl=id,4,,7 bulan lalu,2025-02-23T10:56:21,,,,17,41,1,,,"[{""name"":""Waktu kunjungan"",""value"":""Hari biasa""},{""name"":""Waktu antrean"",""value"":""Tanpa mengantre""},{""name"":""Sebaiknya buat reservasi"",""value"":""Tidak""}]","[{""id"":""CIHM0ogKEICAgMDg_JukyQE"",""url"":""https://lh3.googleusercontent.com/geougc-cs/AB3l90DGI9qp5ccn3mFX4v22AH5S5Ra02FpJWgCJu4H3sDyVmxVzcaGk5m1Wv0Sgg3Nhly2fH4Fc4KMeFXg19fPsZmrf8BFFkr0l7YzpwBLwv2EwvFlkL6R4CTH7w2UbTw1ibOWYDZVL=s1024"",""caption"":null,""width"":1675,""height"":2976}]"
ChIJdQ14ptQD2C0RGxfkbM_5gLI,Goa Petapa Beach,ChdDSUhNMG9nS0VJQ0FnSUNmbGZ5cXJnRRAB,https://www.google.com/maps/reviews/data=!4m8!14m7!1m6!2m5!1sChdDSUhNMG9nS0VJQ0FnSUNmbGZ5cXJnRRAB!2m1!1s0x0:0xb280f9cf6ce4171b!3m1!1s2@1:CIHM0ogKEICAgICflfyqrgE%7CCgwI5oPOuwYQ-NGpzgI%7C?hl=id,Arief Hasan,105615765812787976990,https://www.google.com/maps/contrib/105615765812787976990?hl=id,4,,9 bulan lalu,2024-12-31T05:32:22,,,,68,22,1,,,"[{""name"":""Waktu kunjungan"",""value"":""Akhir pekan""},{""name"":""Waktu antrean"",""value"":""Tanpa mengantre""},{""name"":""Sebaiknya buat reservasi"",""value"":""Tidak""}]",[]
ChIJdQ14ptQD2C0RGxfkbM_5gLI,Goa Petapa Beach,ChZDSUhNMG9nS0VJQ0FnSUM5NUxxTElREAE,https://www.google.com/maps/reviews/data=!4m8!14m7!1m6!2m5!1sChZDSUhNMG9nS0VJQ0FnSUM5NUxxTElREAE!2m1!1s0x0:0xb280f9cf6ce4171b!3m1!1s2@1:CIHM0ogKEICAgIC95LqLIQ%7CCgsI0dSMrwYQ2PCjXQ%7C?hl=id,MOH JAKA TIRTANA,102285242426658428815,https://www.google.com/maps/contrib/102285242426658428815?hl=id,4,,setahun lalu,2024-03-02T13:32:01,,,,6,44,1,,,"[{""name"":""Waktu kunjungan"",""value"":""Hari biasa""},{""name"":""Waktu antrean"",""value"":""Tanpa mengantre""},{""name"":""Sebaiknya buat reservasi"",""value"":""Tidak""}]",[]
ChIJdQ14ptQD2C0RGxfkbM_5gLI,Goa Petapa Beach,ChdDSUhNMG9nS0VJQ0FnSURYbE92cmtRRRAB,https://www.google.com/maps/reviews/data=!4m8!14m7!1m6!2m5!1sChdDSUhNMG9nS0VJQ0FnSURYbE92cmtRRRAB!2m1!1s0x0:0xb280f9cf6ce4171b!3m1!1s2@1:CIHM0ogKEICAgIDXlOvrkQE%7CCgwI09PpuAYQqIHi3gI%7C?hl=id,Yanto 999,100385645122303057074,https://www.google.com/maps/contrib/100385645122303057074?hl=id,5,,11 bulan lalu,2024-10-24T15:37:55,,,,1,0,,,,[],[]
ChIJU-O3uzE_2C0REKDxNJDUNL8,Pantai Pasir Putih Tlangoh,Ci9DQUlRQUNvZENodHljRjlvT21kWExXMVBNRGRPTlVwSmRYTnBhbEo1WW5KMlFYYxAB,https://www.google.com/maps/reviews/data=!4m8!14m7!1m6!2m5!1sCi9DQUlRQUNvZENodHljRjlvT21kWExXMVBNRGRPTlVwSmRYTnBhbEo1WW5KMlFYYxAB!2m1!1s0x0:0xbf34d49034f1a010!3m1!1s2@1:CAIQACodChtycF9oOmdXLW1PMDdONUpJdXNpalJ5YnJ2QXc%7C0cs_R0lMygj%7C?hl=id,Yusa Setia Budi,104893859502628318160,https://www.google.com/maps/contrib/104893859502628318160?hl=id,5,"Termasuk pantai hidden gem, terletak di sisi Utara Bangkalan, +/- 1 jam an dari Suramadu. Garis pantai nya lumayan panjang, pasir nya putih, masih jarang pengunjung sih waktu kesana, jadi berasa kayak private beach. Banyak gazebo di depan warung yang bisa dinikmati secara gratis, cukup beli makan minum di warung terdekat dengan gazebo. Warga lokal juga ramah..",2 minggu lalu,2025-10-05T11:31:13,,,,90,461,1,,,[],"[{""id"":""CIABIhAcUXRClh01x6mizBvjO5fm"",""url"":""https://lh3.googleusercontent.com/geougc-cs/AB3l90Dvpx9mmY4zkFe6dPSq3ZR0Gul09r2lnTsrItMHdfO1qJMuY-jZHKUGd8FyXve6ay_jV_qejh530ilvW5wEA1PfFJTp5CsWJstT0b4IIrGPdgZj5VceFm28K1zXnkOKEu77GkAnvbK3LD1d=s1024"",""caption"":null,""width"":3120,""height"":4160},{""id"":""CIABIhDMR45I7fyDZiSUfHVLg4YC"",""url"":""https://lh3.googleusercontent.com/geougc-cs/AB3l90D7hBAmHSwlPABCnTveWJSRr_Zq7qjddbuVkL5KR8IvFNdwLOlP_K8z061jW6kApPxrnzARGPinJsnv7TuJt1IVnE80cNA78FQ018-pXtwX4orIl0haQI95OIOawydOco7f_7bF-UldP0qh=s1024"",""caption"":null,""width"":3264,""height"":2448},{""id"":""CIABIhClqmzhhuoWsGRFhqwUelCM"",""url"":""https://lh3.googleusercontent.com/geougc-cs/AB3l90Du0bWNDZyzURh1UDQsQNyFxhiq11VgWIHO4apE0E5YcIGRYjwBJ1JrYYEk5G-GTBunkLAzGL7GZNfwtQUVCozgJ44FMgMQ0B0m-hBokOM8J_U_Xz7yto0EIJ9FBh3WVvdW50BYLZ6ljW5O=s1024"",""caption"":null,""width"":3264,""height"":2448}]"
ChIJU-O3uzE_2C0REKDxNJDUNL8,Pantai Pasir Putih Tlangoh,Ci9DQUlRQUNvZENodHljRjlvT2xGbE1EVTBRM3AxVm1kTmJuRlVWRGhFU0ZWMk5HYxAB,https://www.google.com/maps/reviews/data=!4m8!14m7!1m6!2m5!1sCi9DQUlRQUNvZENodHljRjlvT2xGbE1EVTBRM3AxVm1kTmJuRlVWRGhFU0ZWMk5HYxAB!2m1!1s0x0:0xbf34d49034f1a010!3m1!1s2@1:CAIQACodChtycF9oOlFlMDU0Q3p1VmdNbnFUVDhESFV2NGc%7C0cQzFT1ify1%7C?hl=id,Muhammad A Akbar,105883983425046982696,https://www.google.com/maps/contrib/105883983425046982696?hl=id,4,"Salah satu pantai pasir putih di bangkalan,
Suasana cukup alami,
Semoga pemda dan stakeholders mulai bisa menata agar lebih nyaman, lebih banyak pilihan makanan serta fasilitas sanitasi bisa diperbaiki
Pantura madura punya potensi wisata pantai bagus, sayang kalau potensi nya tidak dioptimalka.",3 bulan lalu,2025-07-10T17:10:54,,,,95,372,1,,,[],"[{""id"":""CIABIhA6-stO7PGe4OUof8gS0YJy"",""url"":""https://lh3.googleusercontent.com/geougc-cs/AB3l90C33oq6_zr9jcXbPGiuq5-uCIg2yY5w4zWY-nApt3xdm461et10BF6_25Netnsh5vOFmR8tiJS-pOnvQp7DFnlL-1k613fALVZoa23212EwzewFNHH-QNq8ce6GNaCs5BsllO2inqvDJz4z=s1024"",""caption"":null,""width"":4000,""height"":3000},{""id"":""CIABIhBf2lMiKvXUO5ljlk_IYAtJ"",""url"":""https://lh3.googleusercontent.com/geougc-cs/AB3l90CwF97hqIzhwZfBe5CbvtF3yUYcReGzLNUhe0mX6BLU966GIa86gZR_Ug_bd5Rzsjh2NxESFEJPa8DBeeRz1X-Roi9JtVgnRUXbfNKw1L_dJc0V8v2NWZX9iKfVqV9TK8c2UzE-HDlj5Fcv=s1024"",""caption"":null,""width"":4000,""height"":3000},{""id"":""CIABIhBT9IcCXWBk8wTr--asulsU"",""url"":""https://lh3.googleusercontent.com/geougc-cs/AB3l90A2kcyh3WXs5j2knRrdLPshKsTNgs8KTBFyQHemTJekeeXHvQX3BAIZqBYiWIcG7mMnimvErixXttX_sDls8_92VE-haooEP-hKQ96oMCbBf5NddShRxpLALkIW-09hzwb33bJYW4Qpqfs7=s1024"",""caption"":null,""width"":4000,""height"":3000},{""id"":""CIABIhAGvwohFohoBSuSj_x6UXHl"",""url"":""https://lh3.googleusercontent.com/geougc-cs/AB3l90DOYYOFXyHXP1T2ilf8UMpN3wm6-3Ed2ZkArPQt3qi6-m7-z_w7PR_ReevKfW7xvq1Q132v-8LJ-FulY_YdbuXCWWHPCSasw6gpkozoYLIbauSmJ91q2Qz0vxCVBHpuo0xiwnpF802lLs3d=s1024"",""caption"":null,""width"":4000,""height"":3000},{""id"":""CIABIhAcWKlo3kg1svF53AET8b_g"",""url"":""https://lh3.googleusercontent.com/geougc-cs/AB3l90BDyrIzBE6c8KYN4yzY422jZr0jYql0LIaZ06WvPFFHzCmibpgvinL8Gjc5znQcVDFQPRPFB4wLEdg3dojsI9grTJ5-5PObwYqVyWOAdBG2tX4em6N8ji-8fErGM9rJio2JcJXAOHwet9gE=s1024"",""caption"":null,""width"":4000,""height"":3000},{""id"":""CIABIhAtb4sSApcStYWI1bjf2JTY"",""url"":""https://lh3.googleusercontent.com/geougc-cs/AB3l90CzWNCHTlX7-SEgT1Ux7NViJnMelHYxSLE7e2r2NhGBVskywbGwZb8TcGnHj_GYjdU2Yh8epj5xiV0k6FGUc-3WThZSlV30JjIrmm0KOxQ0LQqJOw-CWXp_yw1VK9G9A8fUirDfXfxl-xQC=s1024"",""caption"":null,""width"":4000,""height"":3000},{""id"":""CIABIhAdfOvkfj-cixmKxRpZdxk-"",""url"":""https://lh3.googleusercontent.com/geougc-cs/AB3l90C4F6eMEE9hKQBQcbuP9rYHxeQcZncNiZ2bKw8oIUwnxj9yvLMjLGizwIB0Y3uAfRntI7cDlJKY8xOtDNEg2t-_f5FXzkRhzU-rCH7zsDRXpl10dbmEknywvNh8ociHswwV7iN12GLL-lQ4=s1024"",""caption"":null,""width"":4000,""height"":3000},{""id"":""CIABIhBiQ0YjSm_ckcAS6fTD07Fo"",""url"":""https://lh3.googleusercontent.com/geougc-cs/AB3l90Cn-kYmGyi41HLy7kC8tD2Pcbz-vJMeBAC_j5a7hGHasnK1Tb3eKHf72Vddg49GemoZ48DCSxeBmr-I5o_gYP-rkifYGQlrJDpJh0L3DIDmPb9R_mRUdOeDZrcCdJXxqREE7jXhCABF0rQu=s1024"",""caption"":null,""width"":4000,""height"":3000},{""id"":""CIABIhCXF5uRDzizQsX0YdFnX-dT"",""url"":""https://lh3.googleusercontent.com/geougc-cs/AB3l90BrHuicgWa7wpyvvvPpBJQ1zjPn2DXZuFwDu54rMNj5vOlQG_IrHnjXliMBjn4Qn-1emrOkYy4LfUOg7rmnONZhear6hLp8lMrNBxzuKCuIkGEwIhV-DDhovnc47lkVlPUPP3qlkxNqEF8H=s1024"",""caption"":null,""width"":1816,""height"":4032},{""id"":""CIABIhAA_N6oG4r7DOIc20LZZFY2"",""url"":""https://lh3.googleusercontent.com/geougc-cs/AB3l90C8QyAtuVPfJ96XDLwadHOg_5mR7nnCCxHf5lu5ovYb-FhWLYH1Khp-gqXDDPxEAXsGJ8Nz6t8LxCe3X3U3jVzvhH7JdwrV1d6DUaADVLadTA-GZYWBvaro87r8EK_fLN6YsrWXYolo3uZt=s1024"",""caption"":null,""width"":2832,""height"":4240},{""id"":""CIABIhAlJ3-U5-IJhhm0WQ-9E6lT"",""url"":""https://lh3.googleusercontent.com/geougc-cs/AB3l90BeHUk-1hKq_tZmmC-PFQwSJhmCze35NExHwUGGc_zhdV3Hhtby3OZaPhxKCxoC2CzdKloA-UDX3Am00KBOWLZpT9ffvSM3elQbzTro4VWdo8yOe7g7AYpWHUjvtGnnLe3BuArwF7gUZuYc=s1024"",""caption"":null,""width"":2530,""height"":3508}]"
ChIJU-O3uzE_2C0REKDxNJDUNL8,Pantai Pasir Putih Tlangoh,Ci9DQUlRQUNvZENodHljRjlvT2podmEycHBUWEoyVmxKa1YxbHZWMEpOWDBRMVVYYxAB,https://www.google.com/maps/reviews/data=!4m8!14m7!1m6!2m5!1sCi9DQUlRQUNvZENodHljRjlvT2podmEycHBUWEoyVmxKa1YxbHZWMEpOWDBRMVVYYxAB!2m1!1s0x0:0xbf34d49034f1a010!3m1!1s2@1:CAIQACodChtycF9oOjhva2ppTXJ2VlJkV1lvV0JNX0Q1UXc%7C0chO9rtXA48%7C?hl=id,Meilliani Precillia,105831125020029282823,https://www.google.com/maps/contrib/105831125020029282823?hl=id,5,Wowww alhmdulilah sampe juga kesinii... tempatnyaa bagusss kalo kata akuu yahhh dgn view laut yg biruu rasanyaa bikin betahhh terus.. dan tersedia berbagai makanan dan cemilan minuman juga.  . Harganya terjangkau.. area parkir juga luas.. dkt dgn mesjid... Ada toilet .. pokoknyaa yg blm pernah kesini wajib maen kesini... spektaa eim jeuriweuh...,Diedit sebulan lalu,2025-07-11T07:41:45,,,,41,48,1,,,[],"[{""id"":""CIABIhCVOBJ0nTSJSb-pmANnZ7ju"",""url"":""https://lh3.googleusercontent.com/geougc-cs/AB3l90CoifcjqFOYH4Vew4GPIg77QuYaklL7PJS5S0rXa0DZt5amo4_0GnfpFZplCA3DLAV7jjDArxPQLG4n_Y-6fbjpUpBj19pFMSAscxAZL0E44N-v6Zt7cIPmLCVa6JLA8R7NjsGLmhfPQRTT=s1024"",""caption"":null,""width"":1072,""height"":1920},{""id"":""CIABIhCJqxHJepGNm2k9t69I_YiJ"",""url"":""https://lh3.googleusercontent.com/geougc-cs/AB3l90C9K_p5kHnE9MLzfhulF92rku6nYuZZx5Rzlf-Qw9Zc_3DFg3zhkaVJEEobIbyi2J9Kid6hHBzaXWR9uGE6AHecMckJl66MpiqdmA2tCrvHHLOp4EypRU1VQ8ZRdSWuSXisoNwTPgs2IWI=s1024"",""caption"":null,""width"":1072,""height"":1920},{""id"":""CIABIhAdId41J0xJTHKWbBSb03Pp"",""url"":""https://lh3.googleusercontent.com/geougc-cs/AB3l90Aoec23X8HfFKRaMRXGONGZCGallMrzd5-wZXZi3fmgDQn1xqWSQQQzbV6jHE7e-HQ6EL9TNefujAppKYKCohv3a6eGajwGXibhOwK3ESl9ZAFR_BJmzN0ZNL223znSbdN5kDZ-Nyw9kzC-=s1024"",""caption"":null,""width"":1072,""height"":1920},{""id"":""CIABIhCOmDKNYzmdwhFrfwaHSFOE"",""url"":""https://lh3.googleusercontent.com/geougc-cs/AB3l90D_L9SxYTBP_g7znWCRMWfLwz7EciuUjAcvAQuAN4f8QmVU3oDkVJCLi3y7y4ADo3fiwEC61zzP-I2QSVGpwNxNzrkPKWGymYz-ymukv0FmphrHJWFAyDywViTTa8irTCjjEGs6H55vORyC=s1024"",""caption"":null,""width"":1072,""height"":1920},{""id"":""CIABIhArFJFSgyCGiwseP18ZLoL_"",""url"":""https://lh3.googleusercontent.com/geougc-cs/AB3l90DOsKHbOGm9oi2IuTAQEWMaJpgvEZ-vrFr8igiluake1TL1G6s4GpX_wHrs-kjDtxaq4JJt6PeAxiyXGTPo1lzvwveDfKgpwlFYhX_mE7xpRTqzMBHn2J0W1InJ-0dsr55MVKUBUrjZ75DG=s1024"",""caption"":null,""width"":1072,""height"":1920},{""id"":""CIABIhDc-_aLFPodiHSTwBmCZTa4"",""url"":""https://lh3.googleusercontent.com/geougc-cs/AB3l90D6EiwcKCXLRRs11-Fwb7g_WHVCm0IGhtn-6YOKMpFSifp4r7KZwbvArHWbGcGv6cIjiJdWPdheKycCph8OFP1rZJlfwSYPtAUGABgLvjLij4Pu0K09MLG0OZaaIBa4EanN-L3UagkI3h-P=s1024"",""caption"":null,""width"":1072,""height"":1920},{""id"":""CIABIhC_Iae-pKTBgZtp5y22nPZ2"",""url"":""https://lh3.googleusercontent.com/geougc-cs/AB3l90ACp3zqcwq8cENAEEZFg7IQxwK8WnbKO312OnBU6eUlikHQ1e3B_oedGaQzGkcOrwsj1Qp0Jr4cUIhn3La89ywU2iEEL0_3MUslEMZ8N3b8TXGx8X9jFzTDLmKxzxyT2tt5MU3vF7qqS6qH=s1024"",""caption"":null,""width"":1072,""height"":1920},{""id"":""CIABIhAovde-GU0uNpjcXsKoQW7Y"",""url"":""https://lh3.googleusercontent.com/geougc-cs/AB3l90AYlUbvRrTspE_9ORhSLT2hbY7NOcZdD_AmkAwciIHnBiyTiFIkqKUsFA3uuuZW7BdigxxyO1CtADIoR3gtFLapogsguchMQvRM1ObchnNvf-qc5SCQ4S6lel_4M5fprbDWg9bHG-uAydMr=s1024"",""caption"":null,""width"":1072,""height"":1920}]"
ChIJU-O3uzE_2C0REKDxNJDUNL8,Pantai Pasir Putih Tlangoh,Ci9DQUlRQUNvZENodHljRjlvT25wU1VsWllPVmxSZVhodWVHeGxObEJtYlVzNWVrRRAB,https://www.google.com/maps/reviews/data=!4m8!14m7!1m6!2m5!1sCi9DQUlRQUNvZENodHljRjlvT25wU1VsWllPVmxSZVhodWVHeGxObEJtYlVzNWVrRRAB!2m1!1s0x0:0xbf34d49034f1a010!3m1!1s2@1:CAIQACodChtycF9oOnpSUlZYOVlReXhueGxlNlBmbUs5ekE%7C0cap8nDc2eY%7C?hl=id,Baba Satria,106183052577020932325,https://www.google.com/maps/contrib/106183052577020932325?hl=id,5,"Ini hidden gem sih. Lama perjalanan 2,5 jam dihitung sejak exit Suramadu. Rute perjalanan cukup menyenangkan, pas masih ada matahari. Pas sudah malam, sepanjang perjalanan lebih banyak area tanpa PJU. Kalo ga sama warlok, mending jam 4 sore udah otw balik Sby.

Pasir putih halus, ramah dikaki. Buat main pasir oke. Buat grounding badan lebih oke. Ombak ga terlalu besar. Buat mandi masih aman.

Minus? Fasilitas pendukung kurang terawat. Termasuk kamar bilas yg seadanya. Warung-warung juga terlihat ga terawat. Mungkin karena kondisi pantai yang sepi, jadi konsumen nya sedikit. Masih ada yg buang sampah sembarangan.",2 bulan lalu,2025-08-12T14:40:51,,,,59,8,1,,,[],"[{""id"":""CIABIhAKnmHw4-cwWFdwia_NO4eC"",""url"":""https://lh3.googleusercontent.com/geougc-cs/AB3l90CjhPARNRAqJlIF_rXW5oKEgc9D7I50_jq-cvNxFNvObPY7XQD_czhIYM_uDn6jaguZ5STcYydjoQSMfC1VAEGIu7Yuu8FHvOtI8pl8IpQK01zD6t-O1OFi2_ebcHjYlF4P0dfEAWUKby_o=s1024"",""caption"":null,""width"":3072,""height"":4080},{""id"":""CIABIhDKGjcrR2WhUXU7sOC9g9Ai"",""url"":""https://lh3.googleusercontent.com/geougc-cs/AB3l90Bclcl1XKQf1BK6pngFyPJmW14sbWRcMCnxI8AKRpkpfLjVRsZInwwj0vGplzJrV4QJy2rWD7XGIxTbdQj3Wi9a1x_4_Igd-GJTDZPGkLbMALjCpQAl2P77jvVxInzWIt0n5dA5f2THnWhI=s1024"",""caption"":null,""width"":4080,""height"":3072},{""id"":""CIABIhCJwEHHHiG82CkGD0yOxEnB"",""url"":""https://lh3.googleusercontent.com/geougc-cs/AB3l90CDO9CsdSpJp_uLeTESB9onIRORiFdW-rZMov79b77-EqWRLvBvfu5gAsKp1w_GAq4zIPseX_uLws8KJMybZjBtsyxQC6Mi-hySNW88GEJ2v29hBf9xA4S9zhNGyP59WgD55GXT=s1024"",""caption"":null,""width"":4080,""height"":3072}]"
ChIJU-O3uzE_2C0REKDxNJDUNL8,Pantai Pasir Putih Tlangoh,Ci9DQUlRQUNvZENodHljRjlvT2pWT1ptdHdYMUZxTldoM1JrMXNUSFJFUVU5WE5FRRAB,https://www.google.com/maps/reviews/data=!4m8!14m7!1m6!2m5!1sCi9DQUlRQUNvZENodHljRjlvT2pWT1ptdHdYMUZxTldoM1JrMXNUSFJFUVU5WE5FRRAB!2m1!1s0x0:0xbf34d49034f1a010!3m1!1s2@1:CAIQACodChtycF9oOjVOZmtwX1FqNWh3Rk1sTHREQU9XNEE%7C0cdwz1-LuJl%7C?hl=id,Aditya Reagan,104564705282715211208,https://www.google.com/maps/contrib/104564705282715211208?hl=id,5,"Wisata pantai yg lumayan dekat dr surabaya, hamparan pasir luas pantai nya juga lumayan bersih toilet tersedia dgn byr 2rb
Cukup menyenangkan terutama buat anak2
Happy holiday",sebulan lalu,2025-08-22T02:02:42,,,,123,304,1,,,[],"[{""id"":""CIABIhA1BLeKmZ2qLx7zB4IFmR5N"",""url"":""https://lh3.googleusercontent.com/geougc-cs/AB3l90DTuNqtfTqNeeFMPVQjFG3dVbhBQY__tS9OYk7h9nKtG21hk8NxHt6ZLVjdk1pZi2qZlfpYCE_7Zx0EjldxVEuEwy66ezjDjysHTF8LtyLeA05JH2GUOvgL_pJgxN4St7oXkkDd-AiTwLU=s1024"",""caption"":null,""width"":3060,""height"":4080},{""id"":""CIABIhDKc8O-8sFG-8IonJobAnXj"",""url"":""https://lh3.googleusercontent.com/geougc-cs/AB3l90C7ynD_bj4Ejj9tqlJCQSbhNW9W_iHSyF8u7KPw_a4SQw3T4xfy6DyKjETak3QGAsDIdSAx5721FubwaUyfXlh3HWrRuLzYh0_jLOAB7AxcuUv73oCx9Zgxl9o-qhX02ZuG8WVzTt3ZfOep=s1024"",""caption"":null,""width"":3060,""height"":4080},{""id"":""CIABIhBibc2lFsS1syPmz9qcxlJM"",""url"":""https://lh3.googleusercontent.com/geougc-cs/AB3l90An69FM5bDNRKFBI17TH2WhBzjj_lWCOGWjkwCHm9sMAqtbubRxjid9FXKT6TaRM04CY82v3SlZbIt2QUvIh1ErmPS5ekqCFHzLPTyHJ0-sQtXJ-Pbggp3pIF1L1lhGp3gnLYwy9EYq2sDk=s1024"",""caption"":null,""width"":3060,""height"":4080},{""id"":""CIABIhAxEp0dqSeBpwpPx3ytZlBO"",""url"":""https://lh3.googleusercontent.com/geougc-cs/AB3l90BdflD-Q4qht0q4psvUB7zzKJ-C_wMT2xWQAFlmz88Cr5TNQbHN3BLTDkyVWl1ed6ieu_xGZthNn_bEwuktyl650siOeIHoPr_8c_UFq3gROh77Bysvsi_kmqGc6dvWMawg1vFppFJP1kzl=s1024"",""caption"":null,""width"":3060,""height"":4080}]"
ChIJU-O3uzE_2C0REKDxNJDUNL8,Pantai Pasir Putih Tlangoh,Ci9DQUlRQUNvZENodHljRjlvT20xRmRITkJkRmQ2YTJKdGVGSmxkVnBDVW05bGNsRRAB,https://www.google.com/maps/reviews/data=!4m8!14m7!1m6!2m5!1sCi9DQUlRQUNvZENodHljRjlvT20xRmRITkJkRmQ2YTJKdGVGSmxkVnBDVW05bGNsRRAB!2m1!1s0x0:0xbf34d49034f1a010!3m1!1s2@1:CAIQACodChtycF9oOm1FdHNBdFd6a2JteFJldVpCUm9lclE%7C0cVifKgCJpJ%7C?hl=id,Franciska Sukmadewi Megawati,110779909832070397482,https://www.google.com/maps/contrib/110779909832070397482?hl=id,5,"Baguss dan masih sepi, kemarin mampir sini pas ada kerjaan di surabya tp harap jm 16 sore bagi yg luar kota sdh pulang ya supaya aman di perjalanan.
Jaga kebersihan pantai ya, kmrn liat bnyk yg buang sampah sembarangan",2 bulan lalu,2025-07-25T02:24:21,,,,10,13,1,,,[],"[{""id"":""CIABIhABPbGwg0Xxr7GNisGUUdYX"",""url"":""https://lh3.googleusercontent.com/geougc-cs/AB3l90B2gTUEHSZyWtjzpDnCH8KfDif8oXgLdvp9Y2-5JQB94RQx-P7R1-02CPDfVU_mSPMKt1JB7J0Ss-9HcrK6QWLd6G0t9s9nUlGQbAO1CNBzFwAdX3poSlKEPb1hiphTYjvHy6RxPNvge3Sf=s1024"",""caption"":null,""width"":3024,""height"":4032},{""id"":""CIABIhC4maNWv2lKON2lXlST6XTH"",""url"":""https://lh3.googleusercontent.com/geougc-cs/AB3l90DtsZlV6S51NxGXVdTgR8NpdUMSaGgntMrEII41LuiBjzWCv-s8VmwWAQzYuGEAFOR62umA40jpMre7fLeq655jn-GMPHrH_RWzLOzYwB_YE8207owEKRaHmLi8DZnA0LnB8PVq2ZcIt2w5=s1024"",""caption"":null,""width"":3024,""height"":4032},{""id"":""CIABIhC38h9Xf6QMF-UFBkd8oN0X"",""url"":""https://lh3.googleusercontent.com/geougc-cs/AB3l90C07xseEZsBf_7W3J4rbBfFE3OA8OCeGS927Ii8iy2KlvTf-6aTw50uJ_dif2I_vyDlk2mBPbVxK3e-iw-U83KXuKB7wwnVOOokDMQ7e1yTyPm7uRWbSJF0HToB9MdQyM5HGFC8x0Hpnp0P=s1024"",""caption"":null,""width"":3024,""height"":4032}]"
ChIJU-O3uzE_2C0REKDxNJDUNL8,Pantai Pasir Putih Tlangoh,ChdDSUhNMG9nS0VJQ0FnTURBLWN6SjVBRRAB,https://www.google.com/maps/reviews/data=!4m8!14m7!1m6!2m5!1sChdDSUhNMG9nS0VJQ0FnTURBLWN6SjVBRRAB!2m1!1s0x0:0xbf34d49034f1a010!3m1!1s2@1:CIHM0ogKEICAgMDA-czJ5AE%7CCgwIn5mnvQYQ2I-IzwI%7C?hl=id,Reva Trisma,114371609793117107130,https://www.google.com/maps/contrib/114371609793117107130?hl=id,5,"Pantai dengan sunrise tercantik di Bangkalan. Dijamin bikin gagal move on. Perpaduan warna laut tosca dengan langit biru dan pasir putih. Air laut yang tenang ditambah minim batu karang bikin nyaman berenang. Cocok untuk camping, bisa buat api unggun. Hanya saja minim pohon jadi saat siang panas.

Akses menuju pantai sangat mudah, bisa dilalui Bus Pariwisata. Htm murah, hanya 5k. Parkir motor juga 5k. Toilet sangatt bersih dan terawat. Tersedia penjual sabun dan shampo.

Banyak warung penjual makanan, jadi gaperlu takut kelaparan.

RECOMMENDED ",8 bulan lalu,2025-02-10T09:53:35,,,,21,42,1,,,[],"[{""id"":""CIHM0ogKEICAgMDA-czJjAE"",""url"":""https://lh3.googleusercontent.com/geougc-cs/AB3l90BPYzp1oVvcQ9uEA4Mi1T5N81v3vUPcHPaViQeCYYaj4TVW4hshxF7nPDo10XB0ySU21XaR2Cmefi44oibbGz9ggy9PK7Gk4QCTFCjbYAnC99PmqyXypOTgFUfnobZk-Gv8yrjvLA=s1024"",""caption"":null,""width"":1080,""height"":1920},{""id"":""CIHM0ogKEICAgMDA-czJVA"",""url"":""https://lh3.googleusercontent.com/geougc-cs/AB3l90BME1QollsJkB621--Ts37onsECvRaczaaPj0XKytQs790IOtLLTIM1IqdMeyXbu_yJOsH4LQ47xDfjIl4hq6ER85x_Ce6RDNN5hfoln5-FS-kehI9PUzovJCHGdueUEDiFc0I=s1024"",""caption"":null,""width"":716,""height"":372},{""id"":""CIHM0ogKEICAgMDA-czJ1AE"",""url"":""https://lh3.googleusercontent.com/geougc-cs/AB3l90C85hRYEMQ0_ygUgqjkIwjqEsUTFj4d0T6gmejHfonwotS0HJiqMsEg_hLibPvqWS5yPTgN4663W8q4YJwcioqNxPL30-6A4fagbyPuGFEdd4g3goCmsZbuQbgFRsutSVRsyTcJ4Q=s1024"",""caption"":null,""width"":4208,""height"":2366},{""id"":""CIHM0ogKEICAgMDA-czJNA"",""url"":""https://lh3.googleusercontent.com/geougc-cs/AB3l90DU1JeXKzyIdl4KF3LEh9ELKg7hOexsUVfDrWauOo4WDxoqyeDdLdLx6UUjuJRwvPQHtW60rk8KjxltUITnYF06LUEDbGzd0WtXHputSApbXt1egVZ7gfKhEc8B8xBmANYX9qM=s1024"",""caption"":null,""width"":4000,""height"":5328},{""id"":""CIHM0ogKEICAgMDA-czJtAE"",""url"":""https://lh3.googleusercontent.com/geougc-cs/AB3l90DU5FVGeG_58hh_D2prbp2KA8aS5_vLsunt-kB55cdEGiUg_0KFSpcG7F2BMq8heAx-2bikXM7SnTEdRZ8RlItLSeVxqo-Fi6buUEGg9f3tNsE3JPNlwC8SegZz56SPg50rdwe1=s1024"",""caption"":null,""width"":5328,""height"":4000},{""id"":""CIHM0ogKEICAgMDA-czJdA"",""url"":""https://lh3.googleusercontent.com/geougc-cs/AB3l90CcSUhGjW_eXYogOQr6ezAOXGm8r51M1PQ1KvL2q-CmgP8NSKRsrfIFZ7dE5XRoMWNQ229HQ6E83Zs7P8QU_E1Nz9QSrW_ZEz5UHLi1cu-XrfL7UCOkecF18Yq10WFzS2ZjwgNg=s1024"",""caption"":null,""width"":2340,""height"":4160},{""id"":""CIHM0ogKEICAgMDA-czJ9AE"",""url"":""https://lh3.googleusercontent.com/geougc-cs/AB3l90Ai95tdh4sdcLz457qTNAMQJEYA4qftKEiCah5WMksKbZh539tcIsAu3CJjlpyu5OIv5rHSWs4eIyixJh6R4elpED6D4tYsNNBrhV4Z-AC4TZ7TRsuQzHNoPjIWH6sfCHYl81c=s1024"",""caption"":null,""width"":4160,""height"":2340},{""id"":""CIHM0ogKEICAgMDA-czJDA"",""url"":""https://lh3.googleusercontent.com/geougc-cs/AB3l90BJe8pzjs3SoUQMdPINOluO2eX5bm2GTZPi14In6KXfsIuU6Fxwt-Bb2Hcevd3fnSwNCYz-inoVgDAXMheNVF_PlJanHT6qEvLv83Le5V-hSOw05TM0RaQgHxjDrm6c6oZ4CVDX=s1024"",""caption"":null,""width"":2340,""height"":4160}]"
ChIJU-O3uzE_2C0REKDxNJDUNL8,Pantai Pasir Putih Tlangoh,Ci9DQUlRQUNvZENodHljRjlvT2t0Tk5sSmtYM001VkVSWE1teFpTMGxaVjA4MVRWRRAB,https://www.google.com/maps/reviews/data=!4m8!14m7!1m6!2m5!1sCi9DQUlRQUNvZENodHljRjlvT2t0Tk5sSmtYM001VkVSWE1teFpTMGxaVjA4MVRWRRAB!2m1!1s0x0:0xbf34d49034f1a010!3m1!1s2@1:CAIQACodChtycF9oOktNNlJkX3M5VERXMmxZS0lZV081TVE%7C0ceLMgbFj0G%7C?hl=id,dewi shanti,103815717160420177449,https://www.google.com/maps/contrib/103815717160420177449?hl=id,5,"HP ketinggalan di warung pinggir pantai, pas diambil salut jujur ibu pemilik warung, HP selamat diamankan",sebulan lalu,2025-08-23T06:55:40,,,,174,208,1,,,[],"[{""id"":""CIABIhAEE4w-1Hd68JasLxbVddNv"",""url"":""https://lh3.googleusercontent.com/geougc-cs/AB3l90A3zd34QQ1nAR7K2hdHAdy5M5FpQfAmiK9m98pseEUnugl2QWUUTCzMLxZzoLIuEG6KonqrQ6k50GM-C6apPUlSNdSDeJUw1SESLU358YBwbkyrltcjHXbFkg0y9Qo1Xx4h9N9sE65o-SU=s1024"",""caption"":null,""width"":4080,""height"":2296},{""id"":""CIABIhALmXNPl1HZJzcEQXoC2SmS"",""url"":""https://lh3.googleusercontent.com/geougc-cs/AB3l90Azo4cor2zkHGixLBWL7tBZIL9V9fDUANFB0GyMdfw32ZQdLgt4fnSBXtBJIhQo0QLLwjEKgHpx9GTzUQl9yOo1NlY7qXNJII3V9Y16p1pYVG6LxSCr9LP3pgSnviraDk9XNZigKTkfQ6cX=s1024"",""caption"":null,""width"":4080,""height"":2296},{""id"":""CIABIhAnhiRr9gSQHN3PutQ5BqWY"",""url"":""https://lh3.googleusercontent.com/geougc-cs/AB3l90Cdso2AS_SD_33ciwarHOeks3KpQXj9EBWH_uYd6S_u_Pcp-mBhUfEm5WxPWihz2jwUt7ez0_O1UYMCyxeZuEVCw-Gvlt_rP3mmoCInXHMIXyL2SRL-0-x52SSANzZFW6MKy0chfq7bRVxt=s1024"",""caption"":null,""width"":4080,""height"":2296},{""id"":""CIABIhAKNf0K0W7V9m4aU54VFr5d"",""url"":""https://lh3.googleusercontent.com/geougc-cs/AB3l90CoGWOE4zgFThGem5hTuDQUzIUIejc9HpjgwIQm_lncMZU--3iqZOx_1lNMQ7qVFe_rwYQU7KM7eP--7otRyQMA9WEw3YHxYMCtpbM_nUjD7Y9FJOIG65kdYeadpBBwSY5D8X65VkZJ1P5c=s1024"",""caption"":null,""width"":4080,""height"":2296},{""id"":""CIABIhBtbW_rt6I72cLCaYFMAg2y"",""url"":""https://lh3.googleusercontent.com/geougc-cs/AB3l90AnS-gEiNolhCWnZb4xNZ_eNbByZ5K86I59hoxnCmJFXwD3BCsaYy1qXaSMWllHusRxCPvAzh1EcJL8mf2kIsCJ0FQbAg6Z3aI8vZRlM7Ym0tSUaU9K5py-ZR4_U0XDzhen4FT36NOiqOVc=s1024"",""caption"":null,""width"":4080,""height"":2296},{""id"":""CIABIhCgFLaNW9b3Kg1SlzxgloEd"",""url"":""https://lh3.googleusercontent.com/geougc-cs/AB3l90DoGCCgfjH0_gDOzhP2Jn4b5mPaM34LFHG455Zsdkm_ubDvBLCw7EnafPEUNBeNwftJIg6-8PtgpXtUcz12hOHzL9ehT1G1OL0b6fyMGYlGTC9-ylZWUV4KVTiCrWiqvBCuksKqNxWtTddg=s1024"",""caption"":null,""width"":4080,""height"":2296},{""id"":""CIABIhBLFjmHCMWgVuYWBCP_DGvl"",""url"":""https://lh3.googleusercontent.com/geougc-cs/AB3l90CQ_VVjGS3WV0ePRd2FQ42XOZgxneNS9x8v54gJKqu35mjKchQ4SV12jYFnMPj3oX51-Jf0N4Rq1YOuymwLBSSOyqR2iwKa2RSMy_Gz2ykBI2_tWuXI_ZQxwbgNB_un7kGqWDX7a0csIhp4=s1024"",""caption"":null,""width"":4080,""height"":2296},{""id"":""CIABIhBIKChhZwPtjYDLLauUFWSX"",""url"":""https://lh3.googleusercontent.com/geougc-cs/AB3l90C2AVqiKhD2j4wyhY3Y186qhK6HnJFWaw40oQZV-HPLtFu-wcH6Fw9EWBo_SD9I0aEcFJFPtV2SmmvYo-cAPPzWf_zfA5FwvxM6zfqL9BGkj3_0q96kAdzW981chH4aTo6tO2c2b8U5ht0x=s1024"",""caption"":null,""width"":4080,""height"":2296},{""id"":""CIABIhBWSwA2mtl-v4ekQjYqQw4-"",""url"":""https://lh3.googleusercontent.com/geougc-cs/AB3l90BaSs1EafdrvD05dUkBZQtEvyFKLM0jOHALDJVCpTBBcdUDoxSg4D7w4ouS6zwoK1EZLlHaZe5axi_Fbo9KQAbznHNk6mJoQqy2B2OUAWp0qiUcQy7EjAGpNviqiO1NdkUUSd6cLGKXP29I=s1024"",""caption"":null,""width"":4080,""height"":2296},{""id"":""CIABIhDZF6WeWqoarqZYyqJcTKyE"",""url"":""https://lh3.googleusercontent.com/geougc-cs/AB3l90BbrGIZ3BEV_L7tcM2ZKpHywKKxngznPgZNW0zYFM7_BMWvd6kTcXp4FXAb-VhBri_FbrcOtBdx2m9hPEkzbh1cXUpqL1mgtySPW1W0T8cKAMpRxDdF8glnmeCPIs92z_8zUwbE-m8MzWg=s1024"",""caption"":null,""width"":4080,""height"":2296},{""id"":""CIABIhBDNPLEYDFL0kU0xrQ23eXT"",""url"":""https://lh3.googleusercontent.com/geougc-cs/AB3l90AuyL7VAmb5whVK_WFII_sa5C2a0TLSJoaJAu8y07Q1oQtf4K2hPSBlOyE-EK_BAYGHsaeQBjuDua2EfO3ToXDF96y_7GLLt5k7pmnC3lRUPOb0IAW8pN34rZ3Z2G9SjD76UA-POBZ4te4l=s1024"",""caption"":null,""width"":4080,""height"":2296},{""id"":""CIABIhBHMvpT4LHcWys14Ik_QTfx"",""url"":""https://lh3.googleusercontent.com/geougc-cs/AB3l90B_hBJ1JGILTMceZ44Vap8iAp3uHzNzbz6TmTMAvKNV86zsfrlYxIb_sgosI0gZ6EbTjCm7j1_SmMorLiW3AByH7Fztj-HzFVeQhJEQKTuyB75MMjHN_tg3d0jD8x6ZxlySErCOuBudPkav=s1024"",""caption"":null,""width"":4080,""height"":2296},{""id"":""CIABIhBbmkbeEfthI1ZOPgv_ow9z"",""url"":""https://lh3.googleusercontent.com/geougc-cs/AB3l90CsKaqhO1JT0ru8OKnWcdTpKCn_8zcWFBNGE1w8iNXoAGo3GTKSJrdW6xphC-qqHZ3Jsbmp7KBw47cnk439mdGxn5rL4A4PNWoyBKs5cLVUkdkITq_58cF3NmKYNGLART_sXpctstxEFXI=s1024"",""caption"":null,""width"":4080,""height"":2296}]"
ChIJ5UToebYP2C0RLXlddt9a60w,Pantai Gebang,Ci9DQUlRQUNvZENodHljRjlvT2tNNVJXZFJOR3RhYlRoVExVTnhlbW94YTJOcWNrRRAB,https://www.google.com/maps/reviews/data=!4m8!14m7!1m6!2m5!1sCi9DQUlRQUNvZENodHljRjlvT2tNNVJXZFJOR3RhYlRoVExVTnhlbW94YTJOcWNrRRAB!2m1!1s0x0:0x4ceb5adf765d792d!3m1!1s2@1:CAIQACodChtycF9oOkM5RWdRNGtabThTLUNxemoxa2NqckE%7C0cpoD90Us7Z%7C?hl=id,Meilliani Precillia,105831125020029282823,https://www.google.com/maps/contrib/105831125020029282823?hl=id,4,"Dkt dr kotaa...
bagus tempatnya tapi kepagian yg kesana kmrn airnya lagi surut... tapi pas jam siang airnya pasang lagi. .
Cuman sayang toiletnya masih dalam pembangunan blm di buka..
Ada toilet mushola juga..
Banyak warung jajan2 minuman segar ice cream gorengan chiki2 juga ..
Tempatnya luas sekali..
Parkir tersediaaa..
Baguss sihh tempatnyaa..
Tapi panasnya poll..
Wajib tau kesini ke pantai ini..
Kayaya klo airnya pasang bisa naek perahu ...
Bisa beli kerang segar juga disana
Karna org lokalnya sendiri selain nelayan mereka cari kerang2..",3 minggu lalu,2025-09-27T01:53:14,,,,41,48,1,,,[],"[{""id"":""CIABIhAf1yTFC2etVHntko9pnwCt"",""url"":""https://lh3.googleusercontent.com/geougc-cs/AB3l90DvJ-iNfIzDPw3A2MaEOxgxWRHmYRDbUx8L7WygwErKRpBSIE19qzpDfvS349hM6Pv5GuYFkyreVg6XeY-6OjCc_ZlSC4pskpLzKjMD5u_81T-KszrIIB88xZf3q-3yCqvprPNVOesrQDII=s1024"",""caption"":null,""width"":1080,""height"":1920},{""id"":""CIABIhBvHl4mPyIktE6oqxux4FIy"",""url"":""https://lh3.googleusercontent.com/geougc-cs/AB3l90BE9tz_gQQYL_MYjBlVVVIQRCjpKWWz4MEx7ykoLdSqGaJzsQxdXstKZYEwZpcNxtuoZ4tNtDkXGwD-6UkTWxpy7fceP9GYQiXkmaI_Hanr77joKEOdvOhAmbaSpe-YuoUbPCAb9wkuNVk=s1024"",""caption"":null,""width"":2252,""height"":4000},{""id"":""CIABIhALIF42V2D3-Q7pCr78mE8a"",""url"":""https://lh3.googleusercontent.com/geougc-cs/AB3l90CI1YSvcafOP3N9bFuv2DHKmQi2Dndg0GzxGxxzZuGvDaiKukdoPK2EPdZHrUoFVfiV8DIK6D_hjvIEN5sMUhJqrHYF4TbyanWljKacwECo1WSNWp3qZqEQPVXbbwBUBnICU50sQX-4ExM=s1024"",""caption"":null,""width"":1072,""height"":1920}]"
ChIJ5UToebYP2C0RLXlddt9a60w,Pantai Gebang,ChZDSUhNMG9nS0VLeWpfdkM2cTl2dFlREAE,https://www.google.com/maps/reviews/data=!4m8!14m7!1m6!2m5!1sChZDSUhNMG9nS0VLeWpfdkM2cTl2dFlREAE!2m1!1s0x0:0x4ceb5adf765d792d!3m1!1s2@1:CIHM0ogKEKyj_vC6q9vtYQ%7CCgwIidD8wQYQuIXhsgE%7C?hl=id,Fanu Fn,112339720298559841026,https://www.google.com/maps/contrib/112339720298559841026?hl=id,5,Yuk kunjungin pantai gebeng (tasek) yg terbaru dengan panorama sunset yg g kalah view nya...,4 bulan lalu,2025-06-03T16:51:21,,,,2,20,1,,,[],"[{""id"":""CIHM0ogKEIiyh667hovg2gE"",""url"":""https://lh3.googleusercontent.com/geougc-cs/AB3l90CRt7hI_jBs9Q0zjj9tb1KAvpwnrKOWO6CAb2b9pmNW0PEcMmXdKfNvqDskPZP4UgtK1E48ILZxl4UFSNS3n6OvRd62uyEpU9C0GD_MZRhM925jrxNw4IvjSgF7uU9nC0zHcgNQ=s1024"",""caption"":null,""width"":720,""height"":1280},{""id"":""CIHM0ogKEIuovt_PwPzjVg"",""url"":""https://lh3.googleusercontent.com/geougc-cs/AB3l90ANI1FsH5WLwOBb0SJLOiSrXq8hcbraTBWIIHsg-XtOyzp_GtnyjbZjUeeMFs2D6Nhz-XVcsvpoFV9YU0WJoRJh9eO_QqTkdo76ixUJPBaIFlfZrwPDKLlpiMRhzVb9T2mDOCuT=s1024"",""caption"":null,""width"":720,""height"":1280}]"
ChIJ5UToebYP2C0RLXlddt9a60w,Pantai Gebang,Ci9DQUlRQUNvZENodHljRjlvT205SWR6bGthRlZ2YnpRdE1VSlpXSE5QZW5SWVIwRRAB,https://www.google.com/maps/reviews/data=!4m8!14m7!1m6!2m5!1sCi9DQUlRQUNvZENodHljRjlvT205SWR6bGthRlZ2YnpRdE1VSlpXSE5QZW5SWVIwRRAB!2m1!1s0x0:0x4ceb5adf765d792d!3m1!1s2@1:CAIQACodChtycF9oOm9IdzlkaFVvbzQtMUJZWHNPenRYR0E%7C0cQvvlQRM9v%7C?hl=id,Dewi Heriana,113035645371160349900,https://www.google.com/maps/contrib/113035645371160349900?hl=id,5,"sunsettnya candu ga pernah gagal
dibuat nyore syahdu tenang
pokoknya wortit",3 bulan lalu,2025-07-10T13:24:01,,,,2,7,,,,"[{""name"":""Waktu kunjungan"",""value"":""Hari biasa""},{""name"":""Waktu antrean"",""value"":""Tanpa mengantre""}]","[{""id"":""CIABIhDoJHGaFppik1SzONuBHS84"",""url"":""https://lh3.googleusercontent.com/geougc-cs/AB3l90B8jVI6VNCMRIL6IMgsvx1f4pXYOnEdeyPoJsFb54AcTK1K1UPu9aN50Ke_A2pwzZcIJWD-waHMBNxcxq3DmT7EFWa6bjzarabL-i3E8mcmjqOCbbJIcsGmkHL3-jiu5glcY-uUELdRZycc=s1024"",""caption"":null,""width"":480,""height"":848}]"
ChIJ5UToebYP2C0RLXlddt9a60w,Pantai Gebang,ChdDSUhNMG9nS0VJQ0FnSUR5Z2Z1TnBnRRAB,https://www.google.com/maps/reviews/data=!4m8!14m7!1m6!2m5!1sChdDSUhNMG9nS0VJQ0FnSUR5Z2Z1TnBnRRAB!2m1!1s0x0:0x4ceb5adf765d792d!3m1!1s2@1:CIHM0ogKEICAgIDygfuNpgE%7CCgwI9ICfggYQ-MKt-AI%7C?hl=id,Nyta Narda Wijaya,118407661223684914257,https://www.google.com/maps/contrib/118407661223684914257?hl=id,3,"Ini mah bukat tempat wisata ,jangan di kategorikan tempat wisata jika memang bukan wisata , tempat nya terpencil untuk arah di pantai ini masuk gang gang kecil ,untuk mobil untuk arah kesini mah benr bener tidak bisa masuk sehingga harus jalan kaki untuk menuju pantai , tempat nya sangat kotor sekali , banyak timbunan sampah dan rantai rantai pohon ,tempat ini di lingkup i rumah warga , banyak orang sana yg tongkrongan di dudukan badukan pantai , saya harap warga sekitar sadar dengan lingkungan nya ,semoga kedepan area pantai bisa lebih bersih terima kasih",4 tahun lalu,2021-03-09T18:34:05,,,,274,8552,1,,,[],"[{""id"":""CIHM0ogKEICAgIDygceIDA"",""url"":""https://lh3.googleusercontent.com/geougc-cs/AB3l90CkgNsGngDuWDEe9Yuoab1ZhSVDsL3xg8FDXsoHMUAGD-i9AIeHFA-V-KtbfJKTmOJjXRcxZEWJKM2_9Sp858JnJgySJ8tjLnbmv2zv9ex859SwcXfvEZxeWiXShJlPTS7VAvI0=s1024"",""caption"":null,""width"":3472,""height"":4624},{""id"":""CIHM0ogKEICAgIDygceIjAE"",""url"":""https://lh3.googleusercontent.com/geougc-cs/AB3l90AidQqgLWH2xKYtbqsYJ5CCUhEskqpRLyLmqilDc4UWKMf6oax7SGLB-M_BObGjyGuQdYN0KAqeFzYfgLH19MX2a1eSzZjqLGYSocpNR6xEB_rwjtqJaAhtzWwX8ifAy70Rc9d9=s1024"",""caption"":null,""width"":3472,""height"":4624},{""id"":""CIHM0ogKEICAgIDygceITA"",""url"":""https://lh3.googleusercontent.com/geougc-cs/AB3l90CoqvkQVk0mpt0ivFnCacOzIzTHZph25cT3BDct4qP0YvjVTpQcAlthsTYv16P42Fijt3wRj5kjabG_0TQbK4hXdnWNdpw2Pb8T1cIT8biPuPc8bhcGPvUmrs7OcXyM84YoW1Y=s1024"",""caption"":null,""width"":3472,""height"":4624},{""id"":""CIHM0ogKEICAgIDygceIzAE"",""url"":""https://lh3.googleusercontent.com/geougc-cs/AB3l90DFTHGdku3ALqr_7Db1em99WT4y2bWFB1JAdLZUab1mpbiK_nCOTseUY7InKOqjhnr0nuugyI1cwni2calfXvwTMTvU7DNlLir5pFg3-bb9MGouO-Fyw_nO6ElrgO6kWPxGH4bd6w=s1024"",""caption"":null,""width"":3472,""height"":4624},{""id"":""CIHM0ogKEICAgIDygceILA"",""url"":""https://lh3.googleusercontent.com/geougc-cs/AB3l90CU5ffT5ou1Rhi_qyOxTY3CIKqc80oORX_mgUECXcb-QlROeJWzYsWFJ1rSJcKlHmgGKpcy1iX2cHvzRQ1S5A-ULBnV71yC9CsTYN544xwvR2-afUd8ffvjlo9bQUWXxV_62X4U=s1024"",""caption"":null,""width"":3472,""height"":4624},{""id"":""CIHM0ogKEICAgIDygceIrAE"",""url"":""https://lh3.googleusercontent.com/geougc-cs/AB3l90DI0bgGCk9yH_m0M4F7Qy3Xr0V5mzAmkzurSZUdEjiBvuUDM5kmhasYVdIrBBJAYlBUrGu5izIdBmrJMIPMtNEAQJzm6TUzlw0WN0V8a2cVVVGFGmbZnNmyv8S-ZInu1dEVg4a_uA=s1024"",""caption"":null,""width"":3472,""height"":4624},{""id"":""CIHM0ogKEICAgIDygceIbA"",""url"":""https://lh3.googleusercontent.com/geougc-cs/AB3l90D-Q4tvtZeCCBzO_Z8GaIJhHwXUkL6xOSqpNsPU1Wxrkgt3AUnLxQlGXkRuCAcabpoKckAIDRnFL7pQ0qae1dQFMZ7ZjqETUiPn4-il2NqnBfbiGLrKxGtiGD7NlE3EtjmaTWE=s1024"",""caption"":null,""width"":3472,""height"":4624},{""id"":""CIHM0ogKEICAgIDygceI7AE"",""url"":""https://lh3.googleusercontent.com/geougc-cs/AB3l90DSinoUtSk-x0yTiKdiYKBtlWBqrH50hE04l76RbLcIoQMi13dXBoqSwZIYIJMtvFAzJ1g3VKCUbBZhCEj7TyG_WXJT08rd4JfgXA8OFoPLhNdXU5ghiu84l89OgXLRhWzIl-9aDw=s1024"",""caption"":null,""width"":3472,""height"":4624},{""id"":""CIHM0ogKEICAgIDygceIHA"",""url"":""https://lh3.googleusercontent.com/geougc-cs/AB3l90BoYSdLla-4SXhTT6FB227BMIDwwXFiz9LDO6UdlMKxe-pSr4UYK1kVp7tPHhfCr4bGS77Otl82EAHia2FqyGRXh_vXdMU7oJzoBtdrJx2ZB1XPFmc6zKemOkXL5cvUUQoJCaek=s1024"",""caption"":null,""width"":3472,""height"":4624},{""id"":""CIHM0ogKEICAgIDygceInAE"",""url"":""https://lh3.googleusercontent.com/geougc-cs/AB3l90Dbh_TyP7qVaGUscQfrnHpTJh6IK6BI6MrB63v5IPwC1ZfH_BGcoKBDiVwbJb3lvQOWuESGptd48meb00cumm_XhjcCLAIAFuhuT2_JENcl02aykVcR4H6n1UcsE-Mc_woL0Ej4vQ=s1024"",""caption"":null,""width"":3472,""height"":4624},{""id"":""CIHM0ogKEICAgIDygceIXA"",""url"":""https://lh3.googleusercontent.com/geougc-cs/AB3l90AFeuTYtX5TjEJ3G-q5qpvss9FMsO9zjCh-j__cCoL3NK3XFOb2_XGAACqsR8MzinUzm5LYlGLXsaIemdZzdOk5mKwl0bNYK7CKsQD63u1hr-Bto_Z6xKv0OqDKjkMmHMYnwLZ1=s1024"",""caption"":null,""width"":3472,""height"":4624},{""id"":""CIHM0ogKEICAgIDygceI3AE"",""url"":""https://lh3.googleusercontent.com/geougc-cs/AB3l90CIJ75u7idLu5MqLJU4fUQsN2rRaf8oR7geblzUHasQ8x39_flhkbPmuFQReXsk6IICWIIhjlK01dRkUUytxW_jneWvTjJwQX_uooop3k0TE2M8Syq4OM_m0f9OQjHc-HyNvb3CTg=s1024"",""caption"":null,""width"":3472,""height"":4624},{""id"":""CIHM0ogKEICAgIDygceIPA"",""url"":""https://lh3.googleusercontent.com/geougc-cs/AB3l90AM8F-MdBFb5Hu3bbM7pYqN7HI6m8Uxmjy6XaeIqcdRNf8xSY62l56By9l0XS47FW-k9fsHsV2NVwyoTVj6hy5W-UO6hWMhSs1phTAF5GUlHuQUq30i8slQC-ooScKL-SFN3xgo=s1024"",""caption"":null,""width"":3472,""height"":4624},{""id"":""CIHM0ogKEICAgIDygceIvAE"",""url"":""https://lh3.googleusercontent.com/geougc-cs/AB3l90C1sN-PtCWQCv1FUBtGu3wkPRGBgKhLuGf_aptXMt0p8_qSg_IkCFHV7LdhLgWBiVUhxEFdPVTg4Ety85gHqBlbi-3MMHkFcsbcy8sny29qeooRdIQEkmn8fPkQp-sfHontV-oWCQ=s1024"",""caption"":null,""width"":3472,""height"":4624},{""id"":""CIHM0ogKEICAgIDygceIfA"",""url"":""https://lh3.googleusercontent.com/geougc-cs/AB3l90BCWWVvmXf51pzEDq6DkoSxzbthZaRUhKXZdvC0RDB74E4SIvUKTD7rE7vrXtMZYAKYmlJqAgvByF2dhtHSZLFjn_6ouQmH2r4Ak3hfwgb3KgK9fyA7ARP2IHv39dMIhnhJ29qw=s1024"",""caption"":null,""width"":3472,""height"":4624}]"
ChIJ5UToebYP2C0RLXlddt9a60w,Pantai Gebang,Ci9DQUlRQUNvZENodHljRjlvT201ZlRtVlljVkpmZVdSNWEzZEhiRVZqVUdJeFNtYxAB,https://www.google.com/maps/reviews/data=!4m8!14m7!1m6!2m5!1sCi9DQUlRQUNvZENodHljRjlvT201ZlRtVlljVkpmZVdSNWEzZEhiRVZqVUdJeFNtYxAB!2m1!1s0x0:0x4ceb5adf765d792d!3m1!1s2@1:CAIQACodChtycF9oOm5fTmVYcVJfeWR5a3dHbEVjUGIxSmc%7C0cegf5ZbDPt%7C?hl=id,Don Jimmy,111872588001936681908,https://www.google.com/maps/contrib/111872588001936681908?hl=id,3,Kurang bersih dan tertata,sebulan lalu,2025-08-24T08:18:14,,,,95,63,1,,,"[{""name"":""Waktu kunjungan"",""value"":""Akhir pekan""},{""name"":""Waktu antrean"",""value"":""Tanpa mengantre""},{""name"":""Sebaiknya buat reservasi"",""value"":""Tidak""}]","[{""id"":""CIABIhBZMp3mZxnaNaw_ALqsj7HF"",""url"":""https://lh3.googleusercontent.com/geougc-cs/AB3l90DGppINE6d9Gmf5Gb0eJMcioBRORbrNaUU0SS840yzCghh2mNiioLcZHUBbCbc-MSOqo38Q2KWOEJb7ALMO1urJDi9PCt9sVLcXY1DvNbeWliOTGkibhsgoWUveBl1PKfr10x2O6Ky6JvU=s1024"",""caption"":null,""width"":1440,""height"":1920}]"
ChIJ5UToebYP2C0RLXlddt9a60w,Pantai Gebang,Ci9DQUlRQUNvZENodHljRjlvT2tsQ1kzUnRiRU5sV1VkTVNqa3hZbkZEVGpWR2NrRRAB,https://www.google.com/maps/reviews/data=!4m8!14m7!1m6!2m5!1sCi9DQUlRQUNvZENodHljRjlvT2tsQ1kzUnRiRU5sV1VkTVNqa3hZbkZEVGpWR2NrRRAB!2m1!1s0x0:0x4ceb5adf765d792d!3m1!1s2@1:CAIQACodChtycF9oOklCY3RtbENlWUdMSjkxYnFDTjVGckE%7C0cS2tTphFlm%7C?hl=id,Imam Supii,114127876872464046821,https://www.google.com/maps/contrib/114127876872464046821?hl=id,5,"Pantainya bersih ,nyaman bt tempat rekreasi ,untuk akxes jl supaya di lebarkan",3 bulan lalu,2025-07-13T23:16:46,,,,6,0,,,,"[{""name"":""Waktu kunjungan"",""value"":""Akhir pekan""}]",[]
ChIJ5UToebYP2C0RLXlddt9a60w,Pantai Gebang,ChZDSUhNMG9nS0VJQ0FnSUQtN3ZMakxnEAE,https://www.google.com/maps/reviews/data=!4m8!14m7!1m6!2m5!1sChZDSUhNMG9nS0VJQ0FnSUQtN3ZMakxnEAE!2m1!1s0x0:0x4ceb5adf765d792d!3m1!1s2@1:CIHM0ogKEICAgID-7vLjLg%7CCgwI-Y_fpQYQoIukjAI%7C?hl=id,kezhia arini,110661177243941869403,https://www.google.com/maps/contrib/110661177243941869403?hl=id,5,"Ini bukan tempat wisata ya,ini hanya pantai yg oke klo pemandangannya sore dan pagi hari..banyak nelayan beraktivitas,
Klo jajan,ada rujak,bakso
Banyak anak2 kecil kampung gebang main",Diedit 2 tahun lalu,2022-11-30T09:39:56,,,,77,50,1,,,"[{""name"":""Sebaiknya buat reservasi"",""value"":""Tidak""}]","[{""id"":""CIHM0ogKEICAgIDJia3JvAE"",""url"":""https://lh3.googleusercontent.com/geougc-cs/AB3l90C68rMiTtAaiCjw9rXZv1dfJb_nondqENyZpDOlE8Wu9lfY5yPX5gW_0nPBSjA-w-WdlAaLUh4vePtzGoKe-b-UpnYURkGSAp1DkAirHJUJifkK76-x9r200RmEJNWjxD2mKIOE8g=s1024"",""caption"":null,""width"":3048,""height"":4064},{""id"":""CIHM0ogKEICAgIDJia3JfA"",""url"":""https://lh3.googleusercontent.com/geougc-cs/AB3l90AMdF_KUlwZghiLwrN1ubBdXlKt9-IAYeMWk6ssPMUiLhw2Jk7iYtMibZS2lsN5x15I_-2hoCwGjWYW5EqlbbFDHZudruQlha31AqcLraV5GStdAE-IqDrkWt0pRAICiYXO00vg=s1024"",""caption"":null,""width"":720,""height"":1280}]"
ChIJ5UToebYP2C0RLXlddt9a60w,Pantai Gebang,Ci9DQUlRQUNvZENodHljRjlvT2tSYVpFbExaVGxoZURGZk9VMXhjV2hRVEhVd01VRRAB,https://www.google.com/maps/reviews/data=!4m8!14m7!1m6!2m5!1sCi9DQUlRQUNvZENodHljRjlvT2tSYVpFbExaVGxoZURGZk9VMXhjV2hRVEhVd01VRRAB!2m1!1s0x0:0x4ceb5adf765d792d!3m1!1s2@1:CAIQACodChtycF9oOkRaZElLZTlheDFfOU1xcWhQTHUwMUE%7C0cYpmU2wTWB%7C?hl=id,Sipaul kulub,114776764345329264656,https://www.google.com/maps/contrib/114776764345329264656?hl=id,4,"Pantai nya lumayan cuma lewatnya jalan kampung, utk di lewati mobil susah.",2 bulan lalu,2025-08-03T12:57:03,,,,117,43,1,,,[],[]
ChIJK0Vb8FMH2C0RXFuaYdeY9-A,Wisata Pantai Martajasah,Ci9DQUlRQUNvZENodHljRjlvT25WSmVqSkZUSEk1YlY5elJ6aGFZMHgxU21Gc1gzYxAB,https://www.google.com/maps/reviews/data=!4m8!14m7!1m6!2m5!1sCi9DQUlRQUNvZENodHljRjlvT25WSmVqSkZUSEk1YlY5elJ6aGFZMHgxU21Gc1gzYxAB!2m1!1s0x0:0xe0f798d7619a5b5c!3m1!1s2@1:CAIQACodChtycF9oOnVJejJFTHI5bV9zRzhaY0x1SmFsX3c%7C0cPRuhDbTNC%7C?hl=id,Bari Nur Warizi,103083435618955531680,https://www.google.com/maps/contrib/103083435618955531680?hl=id,3,"Pantainya tidak berpasir, tempat bambu magrovenya sudah agak rapuh. Untuk mancing sih okelah. Ada kawanan monyet juga di hutan magrovenya.",3 bulan lalu,2025-07-06T01:17:33,,,,3,11,,,,"[{""name"":""Waktu kunjungan"",""value"":""Akhir pekan""},{""name"":""Waktu antrean"",""value"":""Tanpa mengantre""},{""name"":""Sebaiknya buat reservasi"",""value"":""Tidak""}]","[{""id"":""CIABIhD7l0j7SGkf7Be9LUOQMKmM"",""url"":""https://lh3.googleusercontent.com/geougc-cs/AB3l90Cru_FOzCjcZP94detryxRx25QKdEj-KDAMu2j3_GGDJVZtcaD7Lsz4dYOqALd6ojFl3-7PhtxMi6-hQeATHlcfGmwFgqvHSbPq_s7ymGy2sBnuAz74Us2frcKFsY3k2VHe36Ng6MdSNpVg=s1024"",""caption"":null,""width"":3456,""height"":4608},{""id"":""CIABIhDP9_ZxgRt4ru-zNIp5JSOG"",""url"":""https://lh3.googleusercontent.com/geougc-cs/AB3l90Bb6OrTNjYogFnh3OhbLcHTJQuderey1bT1OyFjR7pgezS-N-R3GS3Zcy-iq0Voc1UiRGu8S7ttx5bcE-GYbyN_Trplqng-eFcTlwowFqU-jRzmAXJZ5-6G6mqEa77aSZdRo9zLPVivWFw=s1024"",""caption"":null,""width"":4608,""height"":3456}]"
ChIJK0Vb8FMH2C0RXFuaYdeY9-A,Wisata Pantai Martajasah,ChdDSUhNMG9nS0VJQ0FnTUNJcmUtNWxBRRAB,https://www.google.com/maps/reviews/data=!4m8!14m7!1m6!2m5!1sChdDSUhNMG9nS0VJQ0FnTUNJcmUtNWxBRRAB!2m1!1s0x0:0xe0f798d7619a5b5c!3m1!1s2@1:CIHM0ogKEICAgMCIre-5lAE%7CCgwIv9W8vwYQ0K7z7AE%7C?hl=id,Jing Fee,101261505661507991991,https://www.google.com/maps/contrib/101261505661507991991?hl=id,2,"Tidak ada pantai berpasir, hanya spot mancing dan hutan bakau. Jembatan bambu di hutan bakaunya banyak yg sudah rapuh, rusak, sebaiknya segera diperbaiki sebelum menimbulkan korban.",6 bulan lalu,2025-04-04T00:41:35,,,,31,64,1,,,"[{""name"":""Waktu kunjungan"",""value"":""Akhir pekan""},{""name"":""Waktu antrean"",""value"":""Tanpa mengantre""},{""name"":""Sebaiknya buat reservasi"",""value"":""Tidak""}]","[{""id"":""CIHM0ogKEICAgMCIre-5NA"",""url"":""https://lh3.googleusercontent.com/geougc-cs/AB3l90CDKIkqaWLeh6xMjzMTl_gGwlIAP61jtu9EwIhDoAah9GXtaPUCv_8fMwpRXNWMRHvboTqupGxj8IWmO0PL0w6MRRa80qXwbpvQ3OUrlkl44s-44XhUw9sOOckgK7saOZ2_SVQ=s1024"",""caption"":null,""width"":1080,""height"":1920},{""id"":""CIHM0ogKEICAgMCIre-5tAE"",""url"":""https://lh3.googleusercontent.com/geougc-cs/AB3l90AKPTKHMCvZ7jUerfl8dH_wkFe__ludx4SVRg3B7EdM-2yI0hoveBQtcoEuJ9nkOuHbskFHqB2hIHDoSDXqP9W87OketW9AZ5GIKlt3mNncq-EyyY7HuXJYSoIN6Zdnx9CRBWVb=s1024"",""caption"":null,""width"":1080,""height"":1920},{""id"":""CIHM0ogKEICAgMCIre-5dA"",""url"":""https://lh3.googleusercontent.com/geougc-cs/AB3l90Ch4e3XpHZ2y_mxQfzy-2Q-tR7pJNHGSTgoQKctzCNX9LP4IHpVDdLOMeqPgGhEW-7eMG0BTlvbYEdIbYZ6UAjiSWFHfxfFYd0gFiJhBk2mmRoLqeolZpECRmprzrf7U_ZwMfbo=s1024"",""caption"":null,""width"":1832,""height"":4080},{""id"":""CIHM0ogKEICAgMCIre-59AE"",""url"":""https://lh3.googleusercontent.com/geougc-cs/AB3l90CRV5bmH8ho73JSjWh3G0pRddzSE9GqcZEEISHOR686hHi6CYXwb0AAPf5SM_xcWezkX-OmZNCYUFzghOshkhpSHs8bd0GxG5y2mEd9gwxJ66dRUX_HRb_s8jELrvpKx1_FvmQcuQ=s1024"",""caption"":null,""width"":1080,""height"":1920}]"
ChIJK0Vb8FMH2C0RXFuaYdeY9-A,Wisata Pantai Martajasah,ChZDSUhNMG9nS0VJQ0FnTUNJMl9UVGV3EAE,https://www.google.com/maps/reviews/data=!4m8!14m7!1m6!2m5!1sChZDSUhNMG9nS0VJQ0FnTUNJMl9UVGV3EAE!2m1!1s0x0:0xe0f798d7619a5b5c!3m1!1s2@1:CIHM0ogKEICAgMCI2_TTew%7CCgsIoK3BvwYQuOexSA%7C?hl=id,Adham Yudhistira,105234972104036864502,https://www.google.com/maps/contrib/105234972104036864502?hl=id,3,"Satu satunya atraksi yang menarik adalah exploring hutan mangrove.
Pantai nya tidak berpasir, lebih banyak yang mancing. Area kotor banyak sampah.",6 bulan lalu,2025-04-04T22:01:04,,,,255,1576,1,,,[],"[{""id"":""CIHM0ogKEICAgMCI2_TThwE"",""url"":""https://lh3.googleusercontent.com/geougc-cs/AB3l90DTMVCT7MTndREI0AbybB-SalN3SKcEYzWn7yGw4YLePD0WQWEXcssrWIMZKbYTV4pKJjz-roqNH-B4PZmiQgX0k09wef0csJ-OsHkTWQv0b5p-aM38wyvXnXKzC7qBBf5LKtYrJQ=s1024"",""caption"":null,""width"":1836,""height"":3264},{""id"":""CIHM0ogKEICAgMCI2_TTRw"",""url"":""https://lh3.googleusercontent.com/geougc-cs/AB3l90CVLtwKfERDU1fVV6pf6eW1v50GRQFfX6Ok18_HF0gnIrRizv7t4hYO7Ra1LA8eSvTM1ew1YGTajUnq8DSMDvkFJu0u5D5edMyaZgzgtEPFdiNe8CR0uN9XziobIVHwrcY3QIgt=s1024"",""caption"":null,""width"":1836,""height"":3264},{""id"":""CIHM0ogKEICAgMCI2_TTxwE"",""url"":""https://lh3.googleusercontent.com/geougc-cs/AB3l90AIpFqhFVEVG1y-4C7WrsNmpG3c1E-EVMEU-8jNPIVBYuFeey9r7MVDB4KTMq8WGVeDv1aiGOHcNLIFEB6OaQb3hOR13pNvX6kFXZDJ0fAxUZUG4v78xRPcyr2sv3nfGl447SgNlA=s1024"",""caption"":null,""width"":1836,""height"":3264},{""id"":""CIHM0ogKEICAgMCI2_TTJw"",""url"":""https://lh3.googleusercontent.com/geougc-cs/AB3l90AyiDPaIXFxKupuOMY3JnRAk3_YTosTS1-AUy-8cu04ceyzomD8chb61zG3EF9LJ8uHkT9QOYqjDbvxKPWitqzU96KKVNR-petiu0-_lWnck7IPWPjQ_92ahODhW2OMb8YuVvwP=s1024"",""caption"":null,""width"":1836,""height"":3264},{""id"":""CIHM0ogKEICAgMCI2_TTpwE"",""url"":""https://lh3.googleusercontent.com/geougc-cs/AB3l90B4QrvSs89hokj9ZGtDPtReApop4QKYhZFuZqsbRsGzfhsJHv-M-q7EaFkxntoA3xnNBHlgwicCGmIzrcL2nghZC9cohwGyr8PenOxfxEncdhrmqWtR8KBNKWOeyf3xHSPzzIph=s1024"",""caption"":null,""width"":1836,""height"":3264},{""id"":""CIHM0ogKEICAgMCI2_TTZw"",""url"":""https://lh3.googleusercontent.com/geougc-cs/AB3l90C8A0EVZ00rRMnIA5J5WM63rtbH5XTBL4ugZTsWNIm5M3igXe3oBuf_hr2uqxyqR0VglNw3tM926VcmTnq36d3X65mfzPmVXHQJarsiSn644Vc3p5byvsTFlvY99LfCIj5ZKWlA=s1024"",""caption"":null,""width"":1836,""height"":3264},{""id"":""CIHM0ogKEICAgMCI2_TT5wE"",""url"":""https://lh3.googleusercontent.com/geougc-cs/AB3l90Dy4QMLXWuDBPR7mnKXJQg12rA2WI_UQZDCAd8fJ_GxY30V_BiBqH2bJF2qVWY8IlByhppLSmTHMA3brLSRQmB_uMotCl1XQOTIc1rWNf_eOghsvgCfl3nhEc_z2L-LkPX3ppQazA=s1024"",""caption"":null,""width"":1836,""height"":3264},{""id"":""CIHM0ogKEICAgMCI2_TTFw"",""url"":""https://lh3.googleusercontent.com/geougc-cs/AB3l90DyUiH3kDNednphjHcM6v_V2h9DbJwhhxQKHS_LLg7kxDSMmt_9zZnhSs93Lh3XVKANY4v5Yb5x5F8ZjgDZopJphdj4xeV1WYQthi5FOWfLjIjWxcnAnK1AUkfQuNhJGkNw1qu3=s1024"",""caption"":null,""width"":1836,""height"":3264},{""id"":""CIHM0ogKEICAgMCI2_TTlwE"",""url"":""https://lh3.googleusercontent.com/geougc-cs/AB3l90Cj_Nwa2xgNnbXYXEw_jNUukZC2_3XCkcdbnITEKfOA0wPMzdp_i2Tan8uy-ECLVRrN5tRntQYbvPmEAnNlngarGN5TDmI3RT1Fx3B-lkMRgCEmiqbXX2kh3Z90r-RifaqXXZtmpg=s1024"",""caption"":null,""width"":1836,""height"":3264},{""id"":""CIHM0ogKEICAgMCI2_TTVw"",""url"":""https://lh3.googleusercontent.com/geougc-cs/AB3l90C3vY0SfYBwW1GnEpx1MZjxEFWxT1GZN3KexDGFO9wTvj0DE0M8NbeGGrMbaCvJB10_JBIWa_0Q2tJkvFm0B18Yp2pvp4r5p5iTFtRB59WkHc99BMMybRTfc45Z2DgAMfBIJNJ5=s1024"",""caption"":null,""width"":1836,""height"":3264}]"
ChIJK0Vb8FMH2C0RXFuaYdeY9-A,Wisata Pantai Martajasah,ChZDSUhNMG9nS0VJQ0FnSUQxenREcGZREAE,https://www.google.com/maps/reviews/data=!4m8!14m7!1m6!2m5!1sChZDSUhNMG9nS0VJQ0FnSUQxenREcGZREAE!2m1!1s0x0:0xe0f798d7619a5b5c!3m1!1s2@1:CIHM0ogKEICAgID1ztDpfQ%7CCgsIzcrorAYQgK6-Ag%7C?hl=id,galih akademik,116127931907664604283,https://www.google.com/maps/contrib/116127931907664604283?hl=id,5,Pantai Martajasah tidak jauh dari pusat kota Bangkalan Madura. Sejalur dengan arah menuju makam Mbah Cholil. Dari pusat kota Bangkalan sekitar 10 menit. Pantai ini menyuguhkan pemandangan menyilakan dari tanahnya yang putih dari kapur. Dilengkapi dengan mainan anak dan warung menjadikan pengelola pantai dari warga sekitar terus berupaya mengembangkan. HTM cuma 5 ribu begitu masuk pantai Anda juga bisa menikmati wisata mangrove. Susuri japur jembatan bambu untuk melihat hutan mangrove yang banyak monyetnya. Ada juga resto dan hotel di dalam kawasan pantai. Hanya saja jangan berharap menikmati bibir pantai dengan pasir membentang karena pantai ini memiliki bibir pantai yang curam 2-3 meter ke permukaan air. Selain itu juga banyak hutan bakau dan rawa. Disampingnya merupakan muara sungai yang masih digunakan lalu lalang perahu nelayan. #literasyikgalih #kilasdokumenter @galih.wib,setahun lalu,2024-01-07T04:15:09,,,,375,1591,1,,,"[{""name"":""Waktu kunjungan"",""value"":""Akhir pekan""},{""name"":""Waktu antrean"",""value"":""Tanpa mengantre""},{""name"":""Sebaiknya buat reservasi"",""value"":""Tidak""}]","[{""id"":""CIHM0ogKEICAgID1ztDpgwE"",""url"":""https://lh3.googleusercontent.com/geougc-cs/AB3l90BbGroaqz5nCuTW10OiuNUk30TdEpqElmJWEStFUQk4RNH6sPgnLpr9On_1xtGeqN01mf1KJC98UNCwLGxMauDF_cnlNObOmJBTR38z_ckkmII95oIoGBybTxh1bXThehaEEIz0PQ=s1024"",""caption"":null,""width"":3024,""height"":4032},{""id"":""CIHM0ogKEICAgID1ztDpQw"",""url"":""https://lh3.googleusercontent.com/geougc-cs/AB3l90AqArkk7fD8uyDk5sg2dqdDzovHwBBKdeIT00TTQLQ6dWNK2zGNu4j_np_aJPL4aSFS7M_1JZ9sGK6kmgdh9PkxsGg8bEmySvrZ4hwKdifmYhPESt27nnw3oKLoi6ku6bmk5NmV=s1024"",""caption"":null,""width"":1080,""height"":1920},{""id"":""CIHM0ogKEICAgID1ztDpwwE"",""url"":""https://lh3.googleusercontent.com/geougc-cs/AB3l90DSaZkdcXM4hJPVdKGZ6U0qb2KAO4dZusVimYotwLSSkse3nxlVso6PSIkaV1rG5vWPCeLOBZKNod8JbjRTsde9MsZ1NqKZ6_Oait3oWFPhPrAaA3bFfAMiiK4SN7OnvUDprk_H=s1024"",""caption"":null,""width"":3024,""height"":4032},{""id"":""CIHM0ogKEICAgID1ztDpIw"",""url"":""https://lh3.googleusercontent.com/geougc-cs/AB3l90DseqAaJxQUQ1vzStF5a9Ab59qcpgakXYF1gb2JlkKw6kYwhVJsQymoT4DgsnuVsdd31pCSVwFXDazcR8CbEDGYtEPXs5UNafP9oIBl3_A4aU6eKaj5bRR_qeur3ctXr1dQlDY=s1024"",""caption"":null,""width"":3024,""height"":4032},{""id"":""CIHM0ogKEICAgID1ztDpowE"",""url"":""https://lh3.googleusercontent.com/geougc-cs/AB3l90AbTjoG1No7F2oXO6iBIxx9vkrM9jNlKXVCHOo8XUOFzhLg0j98CCGZUEwEwd2d1n7dtiGpvWBsUWsKLW7-0nVTrJ89aTJTZEd4fuTEVseJbH1v1JBEz_gndvyvntVs-WG2e5zNHg=s1024"",""caption"":null,""width"":3024,""height"":4032},{""id"":""CIHM0ogKEICAgID1ztDpYw"",""url"":""https://lh3.googleusercontent.com/geougc-cs/AB3l90C1kmxgjUfBJcbevslQd8Jbulk2pKLbDMNwiSRsBcTylmousIXTiL07b-tW4KoPFs4XdeLiNc7s4jDcP0yAImZnqIUvtjJ4eZ-KwsMen9efvm0bRppQFbI6HRuPFaVkCDkFLe6W=s1024"",""caption"":null,""width"":1080,""height"":1920},{""id"":""CIHM0ogKEICAgID1ztDp4wE"",""url"":""https://lh3.googleusercontent.com/geougc-cs/AB3l90D3GY8y1BjD5vJWMWiK24F2FhH2sLxDUrATNRDI8bBTlwyaypRKUve-LmNbqO4ubvF2Pvwxwp0vvGKnf7TduIBjEou6Za5x2desHKdx8Whzxc6PIfz-JGtAEfgpOhsbsw07o7xzHA=s1024"",""caption"":null,""width"":3024,""height"":4032},{""id"":""CIHM0ogKEICAgID1ztDpEw"",""url"":""https://lh3.googleusercontent.com/geougc-cs/AB3l90BkYd3vnk9_s1WsJVyDT3JGJJvYNmNEkddEW6s06nLyldVciHT770vH2k0MYLdqkiPhpUbhfZ_-TJBsbFMT_33DPYpWnbxPgHP_Un1a3INe4q6IGY2yTMqJLYjQ1k-0WTn3UKHl=s1024"",""caption"":null,""width"":3024,""height"":4032}]"
ChIJK0Vb8FMH2C0RXFuaYdeY9-A,Wisata Pantai Martajasah,ChZDSUhNMG9nS0VJQ0FnSURfZ09YRmZBEAE,https://www.google.com/maps/reviews/data=!4m8!14m7!1m6!2m5!1sChZDSUhNMG9nS0VJQ0FnSURfZ09YRmZBEAE!2m1!1s0x0:0xe0f798d7619a5b5c!3m1!1s2@1:CIHM0ogKEICAgID_gOXFfA%7CCgsIuaa5vAYQ2KWVag%7C?hl=id,Nurul Eliyanti,112090126437896664414,https://www.google.com/maps/contrib/112090126437896664414?hl=id,5,Tempat yang biasanya dibuat nongki cantik sama keluarga. Viewnya bagus terutama pas sore hari. Biasanya ada monyet yang nemenin nongki nya. Untuk htm terbilang murce sih karena ya bisa dibuat untuk dana perawatan juga. Mainannya mungkin bisa diperbaiki yang rusak2 biar enak dan lebih safety untuk anak kecil,9 bulan lalu,2025-01-20T13:44:25,,,,114,233,1,,,"[{""name"":""Waktu kunjungan"",""value"":""Akhir pekan""},{""name"":""Waktu antrean"",""value"":""Tanpa mengantre""},{""name"":""Sebaiknya buat reservasi"",""value"":""Tidak""}]","[{""id"":""CIHM0ogKEICAgID_gOWLsgE"",""url"":""https://lh3.googleusercontent.com/geougc-cs/AB3l90Bqy4VODBwypAeAwqLxZmXI0rbU5GNsbxelBEpWUmcaVqSW3T566GP_rYZWllx7F8lDueJnq4jtl6FD1nuje8MO_M6qqFLSTNJjUK1fd8e0k3CRpQnyLgsMsxAMu2KHBchzt-AilA=s1024"",""caption"":null,""width"":4160,""height"":3119},{""id"":""CIHM0ogKEICAgID_gOWLcg"",""url"":""https://lh3.googleusercontent.com/geougc-cs/AB3l90C9gtYhCejc5syHM308ZpRo8KjJruU9B38zGRtmPaMq59KCVnTagCvLx7DAeNgPFkyqe5iRuW16MYRCfDuFc63KBAJOG7AKdjzPW77RKu4xaMaBM0yRAswA30J2gQvJRB0RgX65=s1024"",""caption"":null,""width"":2080,""height"":4608},{""id"":""CIHM0ogKEICAgID_gOWL8gE"",""url"":""https://lh3.googleusercontent.com/geougc-cs/AB3l90AgAg_BZGGEXij3Y60CZJyRJicbt8o7KEUWoE14X5aLvVMReq-mtwrenw-ymv5N-dPFdCEh5KOgUGNu0wcWHYve71b-cFIURE_UbCknFg41JL4JUizlkz9mKaEcZo1q0Ss0hc99=s1024"",""caption"":null,""width"":1154,""height"":1600}]"
ChIJK0Vb8FMH2C0RXFuaYdeY9-A,Wisata Pantai Martajasah,ChZDSUhNMG9nS0VJQ0FnSUREeGRXbEl3EAE,https://www.google.com/maps/reviews/data=!4m8!14m7!1m6!2m5!1sChZDSUhNMG9nS0VJQ0FnSUREeGRXbEl3EAE!2m1!1s0x0:0xe0f798d7619a5b5c!3m1!1s2@1:CIHM0ogKEICAgIDDxdWlIw%7CCgwIzbzisAYQoOug0wM%7C?hl=id,Fitri Yani,111736085536386204733,https://www.google.com/maps/contrib/111736085536386204733?hl=id,5,"Asik pantai nya tapi terganggu dengan pemandangan sampah karna ulah si tangan pemalas yang enggan buang sampah pada tempat nya. HTM cuma 2rb murah banget, naik perahu pun bisa dewasa 15k anak2 10k. Banyak jajanan dan rumah makan. Mantul dah. Oiya ada wisata mangrove juga",setahun lalu,2024-04-12T02:37:01,,,,6,14,,,,[],"[{""id"":""CIHM0ogKEICAgIDDxdWl4wE"",""url"":""https://lh3.googleusercontent.com/geougc-cs/AB3l90ARutwDmp5LISJnau3Pfubt1ct534ZPEjXOti7xQPN2RCq1EWiKo40jPloAxB-VYQ8kBFxB4rKNAqrhkYn9QW-1o6zlbY225Oh8v-mBjkTmY7hUQHhrEaijStI7cFO8TvNATfXP=s1024"",""caption"":null,""width"":720,""height"":1280},{""id"":""CIHM0ogKEICAgIDDxdWlEw"",""url"":""https://lh3.googleusercontent.com/geougc-cs/AB3l90AoiANhamia5jouzp4RT5Ic1IonBHuhdXRrinFPBYgxeGHMO0zCO6r8RK6XfiBE9kPyquyINjYJY2VOq8_EqlKLv9srLsnX_epQtohWH_M2jcPMBEkSdtrmljFoR1UHeYKaKdM=s1024"",""caption"":null,""width"":720,""height"":1280},{""id"":""CIHM0ogKEICAgIDDxdWlkwE"",""url"":""https://lh3.googleusercontent.com/geougc-cs/AB3l90Bu5h_Bt0QbzIToW_h9I6JFv9Upx2A0aQa73Q7qC67GdMW56fev7-hq6QZPfXc9cuvYOF2-merEjRkn3T8X9Fu8R-tj3U41bak5459USCY7bf_Gxd-MUqux-Ezr2cV7yoe-eR7zzg=s1024"",""caption"":null,""width"":720,""height"":1280}]"
ChIJK0Vb8FMH2C0RXFuaYdeY9-A,Wisata Pantai Martajasah,ChdDSUhNMG9nS0VJQ0FnSUNYNzhTUHhBRRAB,https://www.google.com/maps/reviews/data=!4m8!14m7!1m6!2m5!1sChdDSUhNMG9nS0VJQ0FnSUNYNzhTUHhBRRAB!2m1!1s0x0:0xe0f798d7619a5b5c!3m1!1s2@1:CIHM0ogKEICAgICX78SPxAE%7CCgwI3_fcuAYQiJLKugE%7C?hl=id,Ebes,114792746483209689658,https://www.google.com/maps/contrib/114792746483209689658?hl=id,1,"Pas kesana weekday, cm ada 2 warung yg buka, g jual degan
Nyalain lagu kenceng2 banget banget sound horeg.
Pas bawa tamu turis kroasia sampe bilang ""ini tempat kami tidak suka""
Pdhl mereka jarang2 ngomong kalo gak suka palingan mentok ""its okay""

Pas masuk mangrove beruntung nemu monyet dan mereka sedikit happy karna di negara kroasia tidak ada monyet",11 bulan lalu,2024-10-22T05:45:03,,,,17,7,1,,,"[{""name"":""Waktu kunjungan"",""value"":""Hari biasa""},{""name"":""Waktu antrean"",""value"":""Tanpa mengantre""},{""name"":""Sebaiknya buat reservasi"",""value"":""Tidak""}]","[{""id"":""CIHM0ogKEICAgICX78SPZA"",""url"":""https://lh3.googleusercontent.com/geougc-cs/AB3l90BUvLlPbvU6cN2p8Yb-xhmEsXKYCDLlusEfrU5zwtqUo1gxVc7TOImjaiRU5luImAb6NWEMQ7IfVkPdqtRIIDITQGqt-fxQwms8EqVLytEJi0cPcbaHdWk5cOIIcYSoaas8_5la=s1024"",""caption"":null,""width"":2268,""height"":4032}]"
ChIJK0Vb8FMH2C0RXFuaYdeY9-A,Wisata Pantai Martajasah,ChdDSUhNMG9nS0VJQ0FnSUNMd2NhNDBRRRAB,https://www.google.com/maps/reviews/data=!4m8!14m7!1m6!2m5!1sChdDSUhNMG9nS0VJQ0FnSUNMd2NhNDBRRRAB!2m1!1s0x0:0xe0f798d7619a5b5c!3m1!1s2@1:CIHM0ogKEICAgICLwca40QE%7CCgwIz6zNswYQ6ISklQM%7C?hl=id,Naraaa,109219329083963198793,https://www.google.com/maps/contrib/109219329083963198793?hl=id,4,"Pantai baru yang cukup bagus, cocok di jadikan destinasi untuk liburan bersama keluarga maupun dengan teman, namun sayang masih ada sampah yang dibuang sembarangan dibeberapa bagian.",setahun lalu,2024-06-19T22:06:07,,,,38,40,1,,,"[{""name"":""Waktu kunjungan"",""value"":""Akhir pekan""},{""name"":""Waktu antrean"",""value"":""Tanpa mengantre""},{""name"":""Sebaiknya buat reservasi"",""value"":""Tidak""}]","[{""id"":""CIHM0ogKEICAgICLwca4cQ"",""url"":""https://lh3.googleusercontent.com/geougc-cs/AB3l90DJ4w_n_XnYW2EMDjaT4aKItX5lxjfSqBMjFhSLrTfDMnvJC67-mo2BBZdq8E9-ieBWmqO7KQZO4X5ESSgkQD69cmQZj1CaliSDs2P8NyYrJmvd3QU3ItvhHn7CmqqnMkpZ-pg=s1024"",""caption"":null,""width"":1952,""height"":4160},{""id"":""CIHM0ogKEICAgICLwca48QE"",""url"":""https://lh3.googleusercontent.com/geougc-cs/AB3l90BlsnCG4jJBKqEuxG-BZl6DzD-6kafnIpmD5QL5OBsfTq_gAXiTYDXjmOR0KY1t9e15SqMNx_IwEICQbbmD0oZMsFtTfQi2MFgO3gxlNRqwTblnuYVhztE3guWTzAMiePBOqhAtPw=s1024"",""caption"":null,""width"":1952,""height"":4160}]"
ChIJfWw-78sD2C0R8gpRc-uC0zw,Pantai batu malang,ChdDSUhNMG9nS0VJQ0FnSUNfMklHeHJBRRAB,https://www.google.com/maps/reviews/data=!4m8!14m7!1m6!2m5!1sChdDSUhNMG9nS0VJQ0FnSUNfMklHeHJBRRAB!2m1!1s0x0:0x3cd382eb73510af2!3m1!1s2@1:CIHM0ogKEICAgIC_2IGxrAE%7CCgsI6sGPvAYQ8I7XLA%7C?hl=id,Eddy Sutanto,110258170043158943048,https://www.google.com/maps/contrib/110258170043158943048?hl=id,4,"Sebenarnya ini Pantai bagus sih. Airnya lumayan jernih, cuman yg bikin sayang banyak sampah berserakan di Sekitanya. Bahkan td malah ada bapak2 minum air mineral di warung ,terus botol bekasnya dilempar saja di pantai. Astaga apa orang sana memang kalau buang sampah suka sembarangan yah.
Masuk gratis yah cuman bayar parkir saja, motor= 5k / Mobil = 10k",9 bulan lalu,2025-01-12T15:34:02,,,,109,299,1,,,[],"[{""id"":""CIHM0ogKEICAgIC_2IGxHA"",""url"":""https://lh3.googleusercontent.com/geougc-cs/AB3l90AKo69bnTC9BHoFAlQfumgVQSRM3bwBs6PsEfd1HPJr3yCVr_xrI0naEUH7NHGtHLBjbiBJyKZy_ghtI832OTHvzgUK3O-IAa4nIXZIPmtkDjLqKRV7VCj6xyggUoJ4ak5_ouM=s1024"",""caption"":null,""width"":1920,""height"":1080},{""id"":""CIHM0ogKEICAgIC_2IGxnAE"",""url"":""https://lh3.googleusercontent.com/geougc-cs/AB3l90Bn75IuPXKpjyF90B720MTGqCncmKiKqKpIU0WRpvknjvxweTV4-2MOK8VIAiONttQgtBWnJq1wEWp3ykD_ZllGA52kI65Ohkv4kKE-aIHhqoVZmGvbIhJjBGFXRj8gPM93O5dy=s1024"",""caption"":null,""width"":4080,""height"":1836},{""id"":""CIHM0ogKEICAgIC_2IGxXA"",""url"":""https://lh3.googleusercontent.com/geougc-cs/AB3l90ARjFT1Ur5uNq7PSsGVqTo8Z4kemcCoR9Ij0am0KBtP9LgWg8ZKOMreZq5v3NQicJUzW-AcfYhLspln_Y6vY1LGx1dmhNvFZqZai0oDonhNL4aHx35ShD8Pxy3CkGjoplWJ2jo=s1024"",""caption"":null,""width"":4000,""height"":1800},{""id"":""CIHM0ogKEICAgIC_2IGx3AE"",""url"":""https://lh3.googleusercontent.com/geougc-cs/AB3l90B-zkkP3fJ5RhH5_s1vCU66T6oT6uW1vVH0C0Xj9A8P7Ib93fTJSh0OL7KbV5JsJvPzrkWoSMkmuq2xQ-qw5jb28VRdMB9-yFcMZ0scfGZ7yycygbwJNKEu73su3_oNFuxPzOr-qQ=s1024"",""caption"":null,""width"":1920,""height"":1080}]"
ChIJfWw-78sD2C0R8gpRc-uC0zw,Pantai batu malang,ChdDSUhNMG9nS0VJQ0FnSUREdzlqaGlRRRAB,https://www.google.com/maps/reviews/data=!4m8!14m7!1m6!2m5!1sChdDSUhNMG9nS0VJQ0FnSUREdzlqaGlRRRAB!2m1!1s0x0:0x3cd382eb73510af2!3m1!1s2@1:CIHM0ogKEICAgIDDw9jhiQE%7CCgwI55zqsAYQ0MCAvQE%7C?hl=id,Ovan Rangga,115214777372052636978,https://www.google.com/maps/contrib/115214777372052636978?hl=id,4,"Pantai ini cukup nyaman untuk dikunjungi. Ada juga beberapa fasilitas yang menunjang pantai ini, seperti warkop, parkiran, toilet, dan beberapa tempat untuk bersantai.

Untuk mengakses pantai ini cukup mudah. Jalan masuk berada di tepi jalan raya, namun jalannya menurun, karena pantai berada di bawah jalan raya. Jalan menuju pantai juga cukup bagus Dan tidak terlalu miring.

Setalah menuruni jalan, ada dua lahan parkir yang cukup luas dan teduh. Di depan bangunan ada parkir untuk motor, sedangkan untuk mobil berada di samping, di lahan yang kosong. Biaya parkir disini untuk motor hanya Rp5000 saja, dan tempat parkir selalu dijaga dengan baik (selalu ada penjaga yang standby di jalan masuk).

Di pantai ini ada warkop, tipikal warkop warkop pada umumnya. Disini juga ada tempat untuk nongkrong, baik di tepi warkop atau di tepi laut. Selain itu, ada juga warung lain yang menjual makanan dan minuman ringan.

Pemandangan pantai ini cukup indah. Dari pantai ini dapat terlihat Jembatan Suramadu dan juga gedung-gedung pencakar langit di Surabaya.

Pengunjung bisa sekedar bersantai menikmati keindahan pantai. Selain itu, pengunjung juga bisa mencari kerang, bahkan bermain air.

Toilet disini juga cukup nyaman. Namun harus lebih hemat karena keran airnya berada di luar (disalurkan melalui keran) sehingga jika habis tidak bisa dinyalakan.

Di sebelah timur dari pantai ini juga terdapat punden yang nampaknya dikeramatkan oleh warga sekitar.

Kekurangan dari tempat ini sama seperti pantai lainnya, yaitu banyak sampahnya. Alangkah baiknya jika pengelola menyediakan beberapa tempat sampah, karena saat saya ke sana, saya agak kesulitan mencari tempat sampah. Dan juga dimohon kesadaran dari para pengunjung untuk minimal tidak buang sampah sembarang. Lebih baik lagi jika membantu membersihkan beberapa sampah.",setahun lalu,2024-04-13T13:42:36,,,,71,513,1,,,"[{""name"":""Waktu kunjungan"",""value"":""Hari libur nasional""},{""name"":""Waktu antrean"",""value"":""Tanpa mengantre""},{""name"":""Sebaiknya buat reservasi"",""value"":""Ya""}]","[{""id"":""CIHM0ogKEICAgIDDw9jhKQ"",""url"":""https://lh3.googleusercontent.com/geougc-cs/AB3l90C7eUClOtJYSUTJ4Q2xZeA3SDNINJp-fTg7bwkes2d-m5ehMMTaMh2-5G4rPR_KaUeO2boUseYQHu28ADE6VkKW-g6aU_1ni2_Nt2MBS_ns5w6pj1DdkOYZ0rzw3QLP-6TRNslb=s1024"",""caption"":null,""width"":3120,""height"":4160},{""id"":""CIHM0ogKEICAgIDDw9jhqQE"",""url"":""https://lh3.googleusercontent.com/geougc-cs/AB3l90BkVko_kUazUXlQjtSqDgPJfJOisM7JGMiAUuQ0Njg6k9rPYe4vw__znV2alGvS_ZTIRMZ3VjHCybz_l1Yyqext-YkiJCm1WmZDgMe7M1NtuI4MC0BZu7utRCxpt3YAhZnh1H2t_Q=s1024"",""caption"":null,""width"":3120,""height"":4160},{""id"":""CIHM0ogKEICAgIDDw9jhaQ"",""url"":""https://lh3.googleusercontent.com/geougc-cs/AB3l90CuxGvFVXNOmB6U5ina3Xo1XEPjnVMJ2sYG7TvQxLuFFiq6E3UM4etKu-s5pIT2svmLStvkCixCqFSYZYW8kNjUc3Q0a0YrEb1__OhSeupK1iiPyyfVauOqfwlgLxdmk8gLm8W6=s1024"",""caption"":null,""width"":3120,""height"":4160},{""id"":""CIHM0ogKEICAgIDDw9jh6QE"",""url"":""https://lh3.googleusercontent.com/geougc-cs/AB3l90DTzR7BCzW_gAXV6wS8HknhkUuaeXmdM2Mg-gxVjJKkkWmWjUfCtZsDeh5jZGLUKN3IxFi7EJUPNh6_tcqSpRKp0vxt56p6uoy0EM86-_6BkSwmS3XFXLDYYc0TaxQD9_hiXRdUgQ=s1024"",""caption"":null,""width"":3120,""height"":4160},{""id"":""CIHM0ogKEICAgIDDw9jhGQ"",""url"":""https://lh3.googleusercontent.com/geougc-cs/AB3l90B1eO8XUppn5uHPC5VIUSVKxLuhBCxHbpU-MDy6DUWosJLV9_0-kpmKqkFXYQZv3QVLVvzWxbQWGtZlUYWw8stVyoxiRIDteo1pEGr_I5jZpOFKagNRRqM_JOpkkffBxADz9Qla=s1024"",""caption"":null,""width"":3120,""height"":4160},{""id"":""CIHM0ogKEICAgIDDw9jhmQE"",""url"":""https://lh3.googleusercontent.com/geougc-cs/AB3l90D7nNQ011nsfd-U5TvkTdY336TKNFZn5SOaAGFkwDTAFxoeY8d_jvKAIvlICD1KtE4aserjSgssjTn9OSzTZ-_j1jfOif85y1mVtZpKKUkMJvwq0_aE9hKSr4eEz0qbAh5jXJDEGg=s1024"",""caption"":null,""width"":3120,""height"":4160},{""id"":""CIHM0ogKEICAgIDDw9jhWQ"",""url"":""https://lh3.googleusercontent.com/geougc-cs/AB3l90AROYzOf5HGKJezCuL-izHW9mFTazfwYnVIsjJxp6fCrkpyc8cn1Xc-XIg8nzBYixIif_rr3Yom63_BrxMXC26ob_oghjIU_ES-v57ar8Bbc3u7hgSbE_aevkuLRfE31-KNAOU=s1024"",""caption"":null,""width"":3120,""height"":4160},{""id"":""CIHM0ogKEICAgIDDw9jh2QE"",""url"":""https://lh3.googleusercontent.com/geougc-cs/AB3l90BRNGlPSaAJ12ghGQ-PMpA7b1bUHRdCwFfP8AKten50_i-Jd753QUeTYwN87BItNXZomrThlJz9gKLiU1FY4-KmvHIdw8b6pDd1zvhxcq4wXD43e7Gj1CFCdVawny8SFrfzapqW8w=s1024"",""caption"":null,""width"":3120,""height"":4160},{""id"":""CIHM0ogKEICAgIDDw9jhOQ"",""url"":""https://lh3.googleusercontent.com/geougc-cs/AB3l90Bc2sM1OJ4XH9bvvmbiNc-N_PKHSyqD9YzEX5tuBpcUbxki3QsZMuB9ipm4QhOKucYKl3aW2AW6cRw1abMRteNSupjm-GoZXrvBCnz6MWPnm5kG9qqfNAWvaMzrjSTFIKF-16c_=s1024"",""caption"":null,""width"":3120,""height"":4160},{""id"":""CIHM0ogKEICAgIDDw9jhuQE"",""url"":""https://lh3.googleusercontent.com/geougc-cs/AB3l90CBfFrACeefTjsomKmgPmZnqooa_ahnxSfYN78Ja37Da6JRhgzh8cGjcw39STyHLn69TxJF-AVISEI8fv3OhN8egOxR2vth-MWZLWBmwSLh09JxyzyyTMLSiq5Q5OUizrjHHg8W9Q=s1024"",""caption"":null,""width"":3120,""height"":4160},{""id"":""CIHM0ogKEICAgIDDw9jheQ"",""url"":""https://lh3.googleusercontent.com/geougc-cs/AB3l90DK_gEt1_jc10jsZSiQ7eNDOckCaOdenTenq8z0j7aogcUJ0mqtnao0oUI5O6jDPobI69hTGI3r7mGWgcLfAtfZpcwuXM-rALJCPJcWiz-DHcrv-PzheVwpGZJ-FSicxiZPF47C=s1024"",""caption"":null,""width"":3120,""height"":4160},{""id"":""CIHM0ogKEICAgIDDw9jh-QE"",""url"":""https://lh3.googleusercontent.com/geougc-cs/AB3l90CL24TurQ6HtH_52V3uAF8Xh9aaGJ2EJwXJ5xjLz_hs0RTazw-_FtizIuZjHldYeszyGvB1Hz81Z5gnkLFQQUu-w9igEIGGgA3H3t0-DXf-HjjV9Wm1aHisyDZUf76jqi7aapyiow=s1024"",""caption"":null,""width"":3120,""height"":4160},{""id"":""CIHM0ogKEICAgIDDw9jhBQ"",""url"":""https://lh3.googleusercontent.com/geougc-cs/AB3l90BMPBOHj4HgmQLA7p2dxIfFg8qdgAoOJN_M2lDPgAoaG5hyC2kBR5Wun6HgXmF4QFV3cr3WEacXoe4b8y_mwEYOlgqNSZr8COihxQP_SPCTa7H8PlkgT_m3KNi1OPFz-9-FFgY=s1024"",""caption"":null,""width"":3120,""height"":4160},{""id"":""CIHM0ogKEICAgIDDw9jhhQE"",""url"":""https://lh3.googleusercontent.com/geougc-cs/AB3l90ALo19v7DXWCCukDauSrfPUEyL-RwOnubjus_K3R46lnxdUBq8PGs9iWmiHJjx2_fPVcr0ddULDFBv0iCdBERskzVRtkrEN7Litb15fsKJDbeWcBQ5AOAxKMq6KQLPQxlvyEAAv=s1024"",""caption"":null,""width"":3120,""height"":4160},{""id"":""CIHM0ogKEICAgIDDw9jhRQ"",""url"":""https://lh3.googleusercontent.com/geougc-cs/AB3l90DnlM6UlXeen0N9bDqf5A1EoqO43RmDFzueA_8x4u3Zw7a6nlODePReNLhoLGd070SKcHODO2Vj7COnSetq2Tm4wkE2tLyHwOq8Z_GUtwzGuaMacggwqL8EMdvagY78i8pyILFz=s1024"",""caption"":null,""width"":3120,""height"":4160},{""id"":""CIHM0ogKEICAgIDDw9jhxQE"",""url"":""https://lh3.googleusercontent.com/geougc-cs/AB3l90BS3Nw8-SgX_z_S_h8QxGrqcTiTrOth_tKrcTbVLrTJt8hsJLdjgt4FaocP25G1rdtpOBhgC2HvJSWEbOG6VFCGCsnNzZVdM-fiHEStt4LT3KsXtWxHhmbGtH4xDWb6e4fvtBmLMA=s1024"",""caption"":null,""width"":3120,""height"":4160}]"
ChIJfWw-78sD2C0R8gpRc-uC0zw,Pantai batu malang,ChRDSUhNMG9nS0VJQ0FnSURENFk5dBAB,https://www.google.com/maps/reviews/data=!4m8!14m7!1m6!2m5!1sChRDSUhNMG9nS0VJQ0FnSURENFk5dBAB!2m1!1s0x0:0x3cd382eb73510af2!3m1!1s2@1:CIHM0ogKEICAgIDD4Y9t%7CCgsIyKLbsAYQwI7aEQ%7C?hl=id,Dimas Nugroho,114279010093879580936,https://www.google.com/maps/contrib/114279010093879580936?hl=id,3,"Pantainya kotor, banyak sampah berserakan. Dulu sempat ada pembersihan dari anak kuliah, sebelum itu jauh lebih kotor. Tolong pengunjung dan pengelola turut andil menjaga kebersihan, pengelola juga tolong sediakan tempat sampah. Biaya parkir juga terhitung lumayan, tapi dijaga dengan aman",setahun lalu,2024-04-10T17:50:00,,,,28,41,1,,,"[{""name"":""Waktu kunjungan"",""value"":""Hari biasa""}]","[{""id"":""CIHM0ogKEICAgIDD4Y_twAE"",""url"":""https://lh3.googleusercontent.com/geougc-cs/AB3l90ADfhQRXMg5p-NI_SlSlZBPcqO1rVoGiiQguhjU0DfZcdzHOqR9fFq-2QGO7YYKQDy1gH46OvVVvH6HNkAOdp2PNjdWCzVmyHGpouK3pcC0T8H6NaAQeldAZtkZOQaz4UxSiz9oGg=s1024"",""caption"":null,""width"":3000,""height"":4000},{""id"":""CIHM0ogKEICAgIDD4Y_tIA"",""url"":""https://lh3.googleusercontent.com/geougc-cs/AB3l90DbYHNeA2DnLXF0g3zW1US7-raDMxH5SgXjpnPjeb4q21t9HsFQ3nJKI-vBMh7Rxr72K15oL01-7nkshdX13_JarKmjIR5O7ngM-IpiyfOMVr_HQXfcdOPVT-Yyo1Sc1d6gU4Qy=s1024"",""caption"":null,""width"":3000,""height"":4000}]"
ChIJfWw-78sD2C0R8gpRc-uC0zw,Pantai batu malang,ChZDSUhNMG9nS0VJQ0FnSUR1aVpTWENnEAE,https://www.google.com/maps/reviews/data=!4m8!14m7!1m6!2m5!1sChZDSUhNMG9nS0VJQ0FnSUR1aVpTWENnEAE!2m1!1s0x0:0x3cd382eb73510af2!3m1!1s2@1:CIHM0ogKEICAgIDuiZSXCg%7CCgwIss6TmAYQoKnf9QE%7C?hl=id,Shantica Arum Ramadhani,104365011616820666791,https://www.google.com/maps/contrib/104365011616820666791?hl=id,4,"Pantainya kotor, sampahnya numpuk, dan banyak sampah bekas botol kaca. Aksesnya mudah, deket sama Surabaya. Meski gangnya agak esktrem turunannya. Parkir luas, bayar 5rb buat motor.",3 tahun lalu,2022-08-23T14:40:25,,,,222,1428,1,,,"[{""name"":""Waktu kunjungan"",""value"":""Akhir pekan""},{""name"":""Waktu antrean"",""value"":""Tanpa mengantre""},{""name"":""Sebaiknya buat reservasi"",""value"":""Tidak""}]","[{""id"":""CIHM0ogKEICAgIDuidSn4AE"",""url"":""https://lh3.googleusercontent.com/geougc-cs/AB3l90BBgNsysbrrjCqLBBcCqVwndh0vNBya36HnkOdMVXoawNBaYnXbNi-WYwbqbkQcpohMW8hQXUxhMaFWw14z2BEKj1f7bYew62fEMLojbujtaG2vgIdsq6bWs3fYJh7I0QMhPgdtZg=s1024"",""caption"":null,""width"":2604,""height"":4624},{""id"":""CIHM0ogKEICAgIDuidSnEA"",""url"":""https://lh3.googleusercontent.com/geougc-cs/AB3l90AO1CDknTQaQKCIPUtjYya3uPAH_PM7gaaqtDWRuJ5LvQi9_AMJrFEFzIuGBV5CcxDDLhU1WxmdAhWlTCsvXGKtJOGdQX3vaDV-Vw7lfElxlwuH_NSxfK-9lTOcK2-mq2OuPCU=s1024"",""caption"":null,""width"":2604,""height"":4624},{""id"":""CIHM0ogKEICAgIDuidSnkAE"",""url"":""https://lh3.googleusercontent.com/geougc-cs/AB3l90CqzSQVvZOYnxD1fulme_8P3XnGlwTa8HvTTvAWcQMmhJ6__mg_gUgvumVIzDDEVA1q7tZICuk2sdR5QkBgpX2D7ckPk-mIfCT3Hi7VhqNb79ER71H0-lKC9e6WChSlyYOhUnhrBA=s1024"",""caption"":null,""width"":2604,""height"":4624},{""id"":""CIHM0ogKEICAgIDuidSnUA"",""url"":""https://lh3.googleusercontent.com/geougc-cs/AB3l90D14CpmMl392c9F1bhxuxVtwKPaDCa5ca1PPX0QAgKu6zpFW5lfOsIDmrV9FL7DRVI-pTRjkp706FAX4UtrCT9ZT1qbvveijv00j8n8aMNeXCjj0Nz_JViqzSBrT67h46fVmhdi=s1024"",""caption"":null,""width"":2604,""height"":4624},{""id"":""CIHM0ogKEICAgIDuidSn0AE"",""url"":""https://lh3.googleusercontent.com/geougc-cs/AB3l90BsOMMXaYhcipSi_1Mf7SgoYhHkIdCcNCoaJlBtjJ8HyCRINVpw67EbJBbeQumizrOEmfydu34Ab0iW1W7flcpzodxFg84dPugY-WVVhmP27rIzz9YJjQDRJSqlJrdDw9FVm3q7cw=s1024"",""caption"":null,""width"":2604,""height"":4624}]"
ChIJfWw-78sD2C0R8gpRc-uC0zw,Pantai batu malang,ChZDSUhNMG9nS0VJQ0FnSUNab2RXWVN3EAE,https://www.google.com/maps/reviews/data=!4m8!14m7!1m6!2m5!1sChZDSUhNMG9nS0VJQ0FnSUNab2RXWVN3EAE!2m1!1s0x0:0x3cd382eb73510af2!3m1!1s2@1:CIHM0ogKEICAgICZodWYSw%7CCgwIo63_pwYQyOe18wI%7C?hl=id,moch septian muizuddin,117218059264617440182,https://www.google.com/maps/contrib/117218059264617440182?hl=id,5,"Plus +
View nya bagus (laut dan sunset)
Angin nya sejuk
Jarak lokasi dan parkir dekat
Bisa main air
Bisa ikut mencari kerang dengan warga sekitar
Bisa berinteraksi dengan warga lokal

Minus - (harapan)
Tolong sampah nya secara rutin di bersihkan
Tolong suplai air buat toilet di tambah
Tolong di sediakan tempat sholat",2 tahun lalu,2023-09-12T03:06:55,,,,6,14,,,,"[{""name"":""Waktu kunjungan"",""value"":""Akhir pekan""},{""name"":""Waktu antrean"",""value"":""Tanpa mengantre""},{""name"":""Sebaiknya buat reservasi"",""value"":""Tidak""}]","[{""id"":""CIHM0ogKEICAgICZobWBag"",""url"":""https://lh3.googleusercontent.com/geougc-cs/AB3l90BHQtSvQFzBE4gQ-EYWUBPHEqjCLvvhdHVVwuqS-0IW1FPNHhcf1TTj3OylhW7SshpZQ_Z2QR1A9TdGGkHh36T3W6Ma2c9mIXgCvrzMttVnQYQ5-6gn0p792Y5M1LdxG-oL34XV=s1024"",""caption"":null,""width"":693,""height"":1339},{""id"":""CIHM0ogKEICAgICZobWB6gE"",""url"":""https://lh3.googleusercontent.com/geougc-cs/AB3l90BtJqonjKZgSUELfX68VpG3DcOGw7sUTk2nd210I2WbzvNv4VGVTlbOyfdRD3d6wrt54SI2okIdL-WNLorxxq071v0nB_yxhnWNmhxtRFzR9FQPTwntHkt2SMNMsgBNyXcGJJq2lw=s1024"",""caption"":null,""width"":863,""height"":1323},{""id"":""CIHM0ogKEICAgICZobWBGg"",""url"":""https://lh3.googleusercontent.com/geougc-cs/AB3l90AAUlRtYIKXqAKpLV5h-iHcsY64gfhXO3OC5cSi-HRQc38A0WP1s06zhSv27ICK-dPaG9nNi4PQkdYbZbjqch5iFg5-xiMM55DmZ3op2FIRAQHoPjOsa5uJVkkESCiJPyQFhb66=s1024"",""caption"":null,""width"":821,""height"":1327}]"
ChIJfWw-78sD2C0R8gpRc-uC0zw,Pantai batu malang,ChZDSUhNMG9nS0VJS0l4TmJIcDdlNUJBEAE,https://www.google.com/maps/reviews/data=!4m8!14m7!1m6!2m5!1sChZDSUhNMG9nS0VJS0l4TmJIcDdlNUJBEAE!2m1!1s0x0:0x3cd382eb73510af2!3m1!1s2@1:CIHM0ogKEIKIxNbHp7e5BA%7CCgwIkIjOwQYQ0JbNqAE%7C?hl=id,lexia liana,117658239203021718889,https://www.google.com/maps/contrib/117658239203021718889?hl=id,2,"em pntainya yh biasa aja bnyak smpahnya mlh an kurangnya kbersihan,dan yh orng parkirnya agak gmna yh",4 bulan lalu,2025-05-25T20:56:48,,,,2,0,,,,[],[]
ChIJfWw-78sD2C0R8gpRc-uC0zw,Pantai batu malang,ChdDSUhNMG9nS0VJQ0FnSUNodHVTRGdRRRAB,https://www.google.com/maps/reviews/data=!4m8!14m7!1m6!2m5!1sChdDSUhNMG9nS0VJQ0FnSUNodHVTRGdRRRAB!2m1!1s0x0:0x3cd382eb73510af2!3m1!1s2@1:CIHM0ogKEICAgIChtuSDgQE%7CCgwIotqjnwYQiNjq6gI%7C?hl=id,Nur Maulidatul Jannah,113050203331863030042,https://www.google.com/maps/contrib/113050203331863030042?hl=id,5,"Pantai bersih, sepi dan nyaman sekali buat nenangin diri.. pemandangan juga sangat indah, bakal jadi spot favorit karena dekat dari Surabaya..",2 tahun lalu,2023-02-12T13:44:02,,,,2,1,,,,"[{""name"":""Waktu kunjungan"",""value"":""Akhir pekan""},{""name"":""Waktu antrean"",""value"":""Tanpa mengantre""},{""name"":""Sebaiknya buat reservasi"",""value"":""Tidak""}]","[{""id"":""CIHM0ogKEICAgIChtuSDIQ"",""url"":""https://lh3.googleusercontent.com/geougc-cs/AB3l90Br9twBYznc2QbJdcQUEAfBpKkJJKa3bRH-TvobhDXhiCLjHm3u3SFqEx774h8kUhWnir5XO2WlTTVbViwx0Keoe2OSgZwx0i0Dnn66oGtCG7ISaeZMpRYEZgX0_i731XX4_uh4=s1024"",""caption"":null,""width"":3264,""height"":2448},{""id"":""CIHM0ogKEICAgIChtuSDoQE"",""url"":""https://lh3.googleusercontent.com/geougc-cs/AB3l90DJs3k0FcQPNTRc5QAm0avw76VOvMh2xJsXMXtEp5ZYgiEHhJwbNFNFqNGaNEhyH10IXKMf9MYfACDV2vFb0ZrCe4lHZ3YCK6lEfgKml-HLNVt-l13E3_YrMEWpo7yodZlbNrc2mg=s1024"",""caption"":null,""width"":720,""height"":1280}]"
ChIJfWw-78sD2C0R8gpRc-uC0zw,Pantai batu malang,ChZDSUhNMG9nS0VJQ0FnSUNEZ3J6Mlh3EAE,https://www.google.com/maps/reviews/data=!4m8!14m7!1m6!2m5!1sChZDSUhNMG9nS0VJQ0FnSUNEZ3J6Mlh3EAE!2m1!1s0x0:0x3cd382eb73510af2!3m1!1s2@1:CIHM0ogKEICAgICDgrz2Xw%7CCgsIhe-HsAYQiLuENA%7C?hl=id,Kita Dolan,110330604652223842540,https://www.google.com/maps/contrib/110330604652223842540?hl=id,5,"Pantai Bagus Bisa buat Berenang, Main kapal kapalan dan bisa juga buat tidak di minum ",setahun lalu,2024-03-25T22:15:33,,,,48,205,1,,,"[{""name"":""Waktu kunjungan"",""value"":""Hari biasa""},{""name"":""Waktu antrean"",""value"":""1 jam+""}]","[{""id"":""CIHM0ogKEICAgICDgrz2vwE"",""url"":""https://lh3.googleusercontent.com/geougc-cs/AB3l90DJ8rRK8NIoTdoMaOhDn1ogxL0x11ywo6rwTTBoLtwQ8d39svSpxkOQhojDsg5tMRXXehaQN5cGKghQaon6j1BlmEninIhuaGQVHUi5vWBhL3VbXuL_cbUQJRAQ_SP_bIt9J2t0=s1024"",""caption"":null,""width"":1920,""height"":1080},{""id"":""CIHM0ogKEICAgICDgrz2fw"",""url"":""https://lh3.googleusercontent.com/geougc-cs/AB3l90B214kfZ1ANvrby-ZgqQDkfeZpRXBXSXxmlzCQxMiZ7IqunYj1i5hf8GJDY8-QTQ64mTtru3V-8gJdJKjSkQMVCNjMdurGfTGgFJSVkb-s_EgJdpnymREGr2eg0B5ohsExc8EE=s1024"",""caption"":null,""width"":1920,""height"":1080},{""id"":""CIHM0ogKEICAgICDgrz2_wE"",""url"":""https://lh3.googleusercontent.com/geougc-cs/AB3l90A8E-86tO8EyxvlU93q_-OM07l2DgD28SfIToLQuSpI2jMUAjqXifp7dl-opgeFGgfQ89593J3UXLVh5FVoTj4k_VGXzfCptBeajW38QbRUZOwHbObqRgWe3ZB0BXq68qB476GHwA=s1024"",""caption"":null,""width"":1920,""height"":1080}]"
ChIJd_C14Po_2C0RVu161faQYn0,Siring Kemuning Beach,ChdDSUhNMG9nS0VJQ0FnSUQwcEwzZmhnRRAB,https://www.google.com/maps/reviews/data=!4m8!14m7!1m6!2m5!1sChdDSUhNMG9nS0VJQ0FnSUQwcEwzZmhnRRAB!2m1!1s0x0:0x7d6290f6d57aed56!3m1!1s2@1:CIHM0ogKEICAgID0pL3fhgE%7CCgwI557B7QUQqJCD_AI%7C?hl=id,PJ Curious,103873727445094449221,https://www.google.com/maps/contrib/103873727445094449221?hl=id,5,"Pantainya bersih, pasirnya putih
Kesana waktu weekdays, jadi mungkin lagi engga ada yang jaga alias free.. 
Serius bagus banget, tergolong luas.. mungkin kalau semisal dibangun resort terus ada kuda yang bisa ditunggang keliling pantai, ada layang-layang yang bisa dimainkan, ditata lagi lah ceritanya, mungkin bakal jadi salah satu objek wisata unggulan madura 

Pokoknya sangat disarankan kesana",5 tahun lalu,2019-10-23T13:02:31,,,,71,269,1,,,[],"[{""id"":""CIHM0ogKEICAgID0-6n-bw"",""url"":""https://lh3.googleusercontent.com/geougc-cs/AB3l90A1Ee9_Q3RuNTFshoANzy3jM4wxGAuEkDBM3TAWeu7nLhxTxYkc6TnLr7fOc82VYiIrc4H2jiYTIV6omWSZmhJJKRWY8BZSgTA4Cok_q4K_0gbb7rubivESkHm2yBOsKXU5nCU=s1024"",""caption"":null,""width"":4160,""height"":3120},{""id"":""CIHM0ogKEICAgID0-5nFJQ"",""url"":""https://lh3.googleusercontent.com/geougc-cs/AB3l90CLtKtEszn52p2CIAaPiKd_3qsTFXk2DUx7Fr41-un_UjQo_y8TlwD7567Iz8hilgx0wBlrqHFHofuTjSSRZB8-pQ6mLSBRnZULDzH3-anc0PCotv7_dV40UaUJop1ouyqsJ77U=s1024"",""caption"":null,""width"":3120,""height"":4160},{""id"":""CIHM0ogKEICAgID0-5nFuQE"",""url"":""https://lh3.googleusercontent.com/geougc-cs/AB3l90B8-Rlf5TsddXkIR8L7auQIC24ScREpXPBC3k_UXFV9Do8-zHy21onJsvcUepoiZtJ81QeivsbyY-ZsCIadWpS11_zvYTzVwSL4FVjxeN6a-X_Dmn8We17NU_B8CAZ7cr6b7Y8yjg=s1024"",""caption"":null,""width"":3120,""height"":4160},{""id"":""CIHM0ogKEICAgID0-5nFag"",""url"":""https://lh3.googleusercontent.com/geougc-cs/AB3l90DsowCCP63s5B28jlXzLNqk5Sva7YgF3H8ROWk3J-pcdz-CW99x9ddkp6o_l-YFH7v4yQ7lkZiqXjXewSFgy-8-ZIWpAluTo9hmZd7M-2RbhOl_-FiglXEGwhfo60fTPm-NQ8e-=s1024"",""caption"":null,""width"":3120,""height"":4160},{""id"":""CIHM0ogKEICAgID0-5nFKg"",""url"":""https://lh3.googleusercontent.com/geougc-cs/AB3l90DmX_Ez2Lfi9bDf8m5BbKFM7Diydqk03yatGFBLenncTbwr0Xg0c01NWjwVwugF5eByIeVnHqIklGqtJl8Up9GB1cX3t9N37iWMUWHEPQKSc7F4Jrv10R0kOF2CSTsNKt3x4biZ=s1024"",""caption"":null,""width"":4160,""height"":3120},{""id"":""CIHM0ogKEICAgID0-6mBOA"",""url"":""https://lh3.googleusercontent.com/geougc-cs/AB3l90Bh2Q_1rxd6Qv4sEsgsLLZhxu2phpcAoPJzpH1hCfNTSzim5WujGkPLmtzUZcXJ-oOV7JXSzG-AKD7SDrnQbOQ3qLNZfEGxhXNyW4RFdwBc-BuKvfxaMwSm22ttgzaqc4EYSu5-=s1024"",""caption"":null,""width"":4160,""height"":3120},{""id"":""CIHM0ogKEICAgID0-5nFrgE"",""url"":""https://lh3.googleusercontent.com/geougc-cs/AB3l90Bi45jGzVv1LF48oHHgsINAhYiGzh7WFdIBOeZCBdglCcuZNpg7XhGi7etYklfRkeuMLAEy2GQvJluSBXviQMF_awZBYSTTFlq0l13-ciqizlu-HWr9lmukWUtwMgSxDpbsTd7G=s1024"",""caption"":null,""width"":3120,""height"":4160},{""id"":""CIHM0ogKEICAgID0-5nFPg"",""url"":""https://lh3.googleusercontent.com/geougc-cs/AB3l90A_mbnVx0XGveoJwQiwsoy-SxbFBkX7ABtstMEgZERJdA7LIbaEtU3O6y3cY1QfghTUSJnuNj3QPktNAx_PzaNyofxyJ_X1n4rmvzNYgJIXE7UfvPZFyBknS9WLSm6Onna8BgU=s1024"",""caption"":null,""width"":3120,""height"":4160},{""id"":""CIHM0ogKEICAgID0-5nFRQ"",""url"":""https://lh3.googleusercontent.com/geougc-cs/AB3l90Do0nM3F6IhhgkI-g58sX_wyRRHQeaJ_1e0PBjXzVyphQ45jD8Mc5xpWajCYPoIXCT79t7KKCCCquwOzYVfs-AQaJ762EJfkN9a9nX3dkwPszrzYfx8YuqgISgw9Vonkx8fTR9l=s1024"",""caption"":null,""width"":4160,""height"":3120},{""id"":""CIHM0ogKEICAgID0-5nFfg"",""url"":""https://lh3.googleusercontent.com/geougc-cs/AB3l90Cxwa62P6QZx6dw2aTt8YjwQT1D4OZkKEgAsq82XMKVBWdRZ1eco9fmwL1lQQmw-IG7YK-y19OaNCwtokdXAyus4z6SKCfIGGW4-mXj5btpHPywysmsixvroIroD021MecVpRKu=s1024"",""caption"":null,""width"":3120,""height"":4160}]"
ChIJd_C14Po_2C0RVu161faQYn0,Siring Kemuning Beach,ChZDSUhNMG9nS0VJQ0FnSURJNm91NGJ3EAE,https://www.google.com/maps/reviews/data=!4m8!14m7!1m6!2m5!1sChZDSUhNMG9nS0VJQ0FnSURJNm91NGJ3EAE!2m1!1s0x0:0x7d6290f6d57aed56!3m1!1s2@1:CIHM0ogKEICAgIDI6ou4bw%7CCgsI1Pqn4QUQtvnSNg%7C?hl=id,Bang Tora,104560533629424209683,https://www.google.com/maps/contrib/104560533629424209683?hl=id,3,"Sesuai namanya, Pantai Siring Kemuning, pasir pantai ini berwarna kekuningan. Pantai ini bisa dibilang adalah ""Pantai Kuta"" nya Madura. Menurut cerita warga sekitar, dulu sekitar tahun 1955, pantai ini sangat hits oleh wisatawan asing yang datang ke pantai ini. Kebanyakan wisatawan tersebut adalah wisman dari Australia yang ingin santai di pasir, berjemur dan keramahtamahan. Namun sekarang pantai ini sepi pengunjung karena fasilitasnya yang mulai tidak terawat, banyak sampah, serta penambangan pasir secara masif dan besar-besaran sehingga berdampak pada lingkungan pantai. Oh ya, tiket masuk pantai ini cukup murah, hanya Rp 3000/orang.",6 tahun lalu,2018-12-31T10:15:19,,,,185,928,1,,,[],[]
ChIJd_C14Po_2C0RVu161faQYn0,Siring Kemuning Beach,ChdDSUhNMG9nS0VJQ0FnSURVX1lfYnFnRRAB,https://www.google.com/maps/reviews/data=!4m8!14m7!1m6!2m5!1sChdDSUhNMG9nS0VJQ0FnSURVX1lfYnFnRRAB!2m1!1s0x0:0x7d6290f6d57aed56!3m1!1s2@1:CIHM0ogKEICAgIDU_Y_bqgE%7CCgwIquCx6wUQ0ILQwgI%7C?hl=id,holil dekor,112127768240934506615,https://www.google.com/maps/contrib/112127768240934506615?hl=id,5,Majeeiz dekorasi pantai siring kemuning,6 tahun lalu,2019-09-02T01:28:10,,,,3,17,,,,[],"[{""id"":""CIHM0ogKEICAgIDU_Y__Ug"",""url"":""https://lh3.googleusercontent.com/geougc-cs/AB3l90CbAF-rqPBLY7ZR37Xb1Km1Qn3Erj1c4v3vOuH5lF7TA1-J4QcyCDnUl4sDJBznbzi4QX0RBS6yEa2A5TEtssIIhBYbcvYKQRVJyVx5Itrth4dtIa_jU0p5jLieZnMx2QcDNEGC=s1024"",""caption"":null,""width"":1500,""height"":1500},{""id"":""CIHM0ogKEICAgIDU_c-QjgE"",""url"":""https://lh3.googleusercontent.com/geougc-cs/AB3l90CK3snWvDspsRzZwsIPCNhKoKLraH1t_HrzI5wrvegQbYampczQPcrad78U1pHZcmBxuJFNFdYIb-HAMZKYFOamy0Eiuaw91os3RagRqccPZ8o7VjAwJudGV2AOmQfPX_yiGJX2aw=s1024"",""caption"":null,""width"":605,""height"":1280},{""id"":""CIHM0ogKEICAgIDU_c_YKQ"",""url"":""https://lh3.googleusercontent.com/geougc-cs/AB3l90A1o2z5aGttz8AuRhQN90e4xEHAnptICmVbikz_oWizuteZ6Rl1Qdgaz5JjqrHvikMk-vZXlhT9xbZ3mk3KIY7mBYfxbMtHrXvqixOBJTkUzkK8w_DlYOLW6_xfKEWyuZ_Pw49Z=s1024"",""caption"":null,""width"":3106,""height"":4096},{""id"":""CIHM0ogKEICAgIDU_c_4wgE"",""url"":""https://lh3.googleusercontent.com/geougc-cs/AB3l90BYtV-J95_4AT6uDfjHTmV0-8UtZVy-Cj2cFDVTlDlvDDTRGbl9aY_pB5T2rObxdfv3GS8ioDAXMWGS9rxoCasXa6Psnd-oaA-NRcbp0j6kpMpLuxQZocmtB8hdwiMQ2cuLLg_nJw=s1024"",""caption"":null,""width"":2448,""height"":3264},{""id"":""CIHM0ogKEICAgIDU_c-E0AE"",""url"":""https://lh3.googleusercontent.com/geougc-cs/AB3l90D9-RUNY0sEwjdRH91K-8bb_IdeKgAF5cRD3BiDeOjJQSLwhpue6ZV38OPR4h9BWP6spJIuQgaePyC8_Oyh2pa2nPHoDbCXGrNaKM1-xyFbYCb2IJbzNN5xpTwrqYo6XuP5pHVdjg=s1024"",""caption"":null,""width"":2448,""height"":3264},{""id"":""CIHM0ogKEICAgIDU_c_IiAE"",""url"":""https://lh3.googleusercontent.com/geougc-cs/AB3l90BWTVrmBvaXS97cmeJS6NUckx4aWANK9ELgATEWMqFafOYjOq4a167MdCEumwJDrTDtoa5f3vX-7QNENL6PZ-vDFDCqQERN7y3z58XcxF23HwCQREH8jyqY_MARRVeToA5xlgTmqg=s1024"",""caption"":null,""width"":767,""height"":1270},{""id"":""CIHM0ogKEICAgIDU_c_I6AE"",""url"":""https://lh3.googleusercontent.com/geougc-cs/AB3l90Ayh1H3chUvgPkZWMzZDngfuxKmYZ-YEsj5ARgW4VgZmosiKWplG0wbWIsqwEs7gn9923cA7tsVBkZKXCkPdEu0ajGemYYATPPU9aaChIjNmA4ykD__4KVdWt5_4xbzg9kA3Wag6A=s1024"",""caption"":null,""width"":2448,""height"":3264},{""id"":""CIHM0ogKEICAgIDU_c_U7AE"",""url"":""https://lh3.googleusercontent.com/geougc-cs/AB3l90APwOEnS6wOXsJvVNYkZC04OkOUKrJCLcs2YDlRtjg4uTI_2s1Be65FlSPKP-AoUGdzDzoN2EQO6G_uX4lFuPNO7ILPPU3nbaGNaFNJyf6QdEX2Wpqw83m-LQRtS2C83H1DAOmqPA=s1024"",""caption"":null,""width"":462,""height"":986},{""id"":""CIHM0ogKEICAgIDU_c_SjQE"",""url"":""https://lh3.googleusercontent.com/geougc-cs/AB3l90AkcJzfK7ph9-SyOXZ5lTC_hy7uJbX9y6dImAzvPS2-LHDY9LvSOsjovnx5kC-HV5XDos9DFxib_6y3R6A8Pj56GlTruVmXHO34onzwVxots9LTLXZlzC0BMX4TURywvEBT-QLl8g=s1024"",""caption"":null,""width"":2448,""height"":3264},{""id"":""CIHM0ogKEICAgIDU_c-c9wE"",""url"":""https://lh3.googleusercontent.com/geougc-cs/AB3l90CiSYhuJqsqKhQijyNCPtdHbBlIftNyeCGtcbjiPXjigXcn6GwlmF_UYHGPS86ZqgOCgnXaqX-Je-OwMKVa0FwsTZzS6OU6Y6qxx0ni5r497aGjr3b3qHg7VK7fPbJoVAe5gwNIwg=s1024"",""caption"":null,""width"":1458,""height"":2592},{""id"":""CIHM0ogKEICAgIDU_c_SnwE"",""url"":""https://lh3.googleusercontent.com/geougc-cs/AB3l90CTwCbhHncGojen4KzRwL74fmstr0IHTRSSk_dPq6yabph3WFVzIyk5mRU3-vPQijmj4Vjly5o5ushnhU9VUYTwULT4aQQBxd6MMk-c46PgQbZJJHY-jOeGINvgijk68BQfmzKWrw=s1024"",""caption"":null,""width"":2448,""height"":3264},{""id"":""CIHM0ogKEICAgIDU_c_FswE"",""url"":""https://lh3.googleusercontent.com/geougc-cs/AB3l90Df3ucpestGjApvzhSm9TOliAS7c1Gisutdny522CdOuvW-kgAIG7wW5qB0ZpPCx9UY_eTfxUs3MCJrRqnx7uGMrhoE7gC2hrOmRTKjZBQykPQPOwRHjNUXLXYsb4Lg3mkLSCXAzg=s1024"",""caption"":null,""width"":1458,""height"":2592},{""id"":""CIHM0ogKEICAgIDU_c_lDg"",""url"":""https://lh3.googleusercontent.com/geougc-cs/AB3l90DgWafRxRZ5574JroSWRyUbPoNqifVC5muyR5j0cvtEpaRk4S6uE1VDwCRNdFo8Mhw325dGDt8OJCYDMXCW2G2TOo3UxXNrfDvlYo9V5qZ6Lj9PhGUBWFalubdV4NFq7u-XHoEl=s1024"",""caption"":null,""width"":2448,""height"":3264},{""id"":""CIHM0ogKEICAgIDU_c-lnQE"",""url"":""https://lh3.googleusercontent.com/geougc-cs/AB3l90A5hy0v1EqFS3lnWXnjf-F8RLlexWJQ_EpwtWY8qkqncfVVS35G2X2gFDaI_XhACRGnsFf2Ch9iFiHP5U0-MN_1PB6eMzzdBvyxEdlcd1iHRba7BCJBMIYMjG9YFHQYFdLWYlDtcA=s1024"",""caption"":null,""width"":2448,""height"":3264},{""id"":""CIHM0ogKEICAgIDU_c-NwQE"",""url"":""https://lh3.googleusercontent.com/geougc-cs/AB3l90CEi1T3P0hXgIJ03QKQnjL5bZF7EUytjkMcTRee9dogEKxeZ6KXBB2CJ1HpkbYDe_jxutSeXCh0YHWxM-tHDlprz_OCAQWR6s7bXHiozgd4NIaIGU7QwAdROCkYEisp0D9gFkHqNQ=s1024"",""caption"":null,""width"":2448,""height"":3264},{""id"":""CIHM0ogKEICAgIDU_c_dNQ"",""url"":""https://lh3.googleusercontent.com/geougc-cs/AB3l90Bp_qOWR03agffJnbhmAKoDR26_hVBLDUyNAL-SceM1GaE5_t-ROo4iVX0cb7kRosgFm38T6u8ksiyHd-IzdMfBbJaZ87NE8SjoKOqoRDT-3uh2vkTm5vGO1NdqRkxypMiT7h9w=s1024"",""caption"":null,""width"":2448,""height"":3264},{""id"":""CIHM0ogKEICAgIDU_c_DvgE"",""url"":""https://lh3.googleusercontent.com/geougc-cs/AB3l90DpeLu1y_f-UAW1Xv1_h3t9rW67SuZ4DEgYx_pD515glEOq-UtgxKJzVvV5VXxZ-oBQQLNnC2joQhiX7TVeQW9KpXZc9HHDtD2ZmXFBrThNUmy858cnz7w4zF-ofof_vWbRQLnbmQ=s1024"",""caption"":null,""width"":2448,""height"":3264}]"
ChIJd_C14Po_2C0RVu161faQYn0,Siring Kemuning Beach,ChdDSUhNMG9nS0VJQ0FnSURjcU9yWG1nRRAB,https://www.google.com/maps/reviews/data=!4m8!14m7!1m6!2m5!1sChdDSUhNMG9nS0VJQ0FnSURjcU9yWG1nRRAB!2m1!1s0x0:0x7d6290f6d57aed56!3m1!1s2@1:CIHM0ogKEICAgIDcqOrXmgE%7CCgsI2r6Q9gUQ4LitAw%7C?hl=id,Ivan Kirill,110095906894753253356,https://www.google.com/maps/contrib/110095906894753253356?hl=id,5,"Air laut akan tetap biru dan asin, sama seperti cintaku padamu ...",5 tahun lalu,2020-05-19T18:03:06,,,,1,1,,,,[],"[{""id"":""CIHM0ogKEICAgIDcqJq64gE"",""url"":""https://lh3.googleusercontent.com/geougc-cs/AB3l90C_3UXu1YfZD86aClJVdeWfXzqtLwofca2CXmw7ulw0_fv1wXj8r6FdBRTFv0GujZgyifhmhHJWm_n6vPOBAqPG_K4tExzO1KhfksA7oe8NHyrV-DptRN46r9CugnT-Vbie9Uzo=s1024"",""caption"":null,""width"":1080,""height"":1440}]"
ChIJd_C14Po_2C0RVu161faQYn0,Siring Kemuning Beach,ChZDSUhNMG9nS0VJQ0FnSURicGRHVGV3EAE,https://www.google.com/maps/reviews/data=!4m8!14m7!1m6!2m5!1sChZDSUhNMG9nS0VJQ0FnSURicGRHVGV3EAE!2m1!1s0x0:0x7d6290f6d57aed56!3m1!1s2@1:CIHM0ogKEICAgIDbpdGTew%7CCgsIk__NtQYQgNDqNQ%7C?hl=id,Erza Andrean,107477302460261821641,https://www.google.com/maps/contrib/107477302460261821641?hl=id,5,Sangat keren,setahun lalu,2024-08-07T14:07:15,,,,8,23,1,,,"[{""name"":""Waktu kunjungan"",""value"":""Akhir pekan""},{""name"":""Waktu antrean"",""value"":""Tanpa mengantre""},{""name"":""Sebaiknya buat reservasi"",""value"":""Tidak""}]","[{""id"":""CIHM0ogKEICAgIDbpdGTxwE"",""url"":""https://lh3.googleusercontent.com/geougc-cs/AB3l90Bvz0Dx8ut1PCOUXdbiakmGR-RJXAqKMjBdKr4N5KSRzrwn4m0IpEwSGBZeMCsXt2Bkv340tBlgigidAeJwobdfjmtCXLQdPGdZkNIyz_12Yp6zFWv8MEk4i2832_wvXxx4PKAt=s1024"",""caption"":null,""width"":3120,""height"":3120}]"
ChIJd_C14Po_2C0RVu161faQYn0,Siring Kemuning Beach,ChdDSUhNMG9nS0VJQ0FnSUNNLUlTTWtnRRAB,https://www.google.com/maps/reviews/data=!4m8!14m7!1m6!2m5!1sChdDSUhNMG9nS0VJQ0FnSUNNLUlTTWtnRRAB!2m1!1s0x0:0x7d6290f6d57aed56!3m1!1s2@1:CIHM0ogKEICAgICM-ISMkgE%7CCgwIhvHP7gUQiL37kQM%7C?hl=id,Bilqis_Khanza Channel,111192565610064671479,https://www.google.com/maps/contrib/111192565610064671479?hl=id,4,"Pantainya bagus, tp kurang terawat",5 tahun lalu,2019-11-19T14:13:26,,,,31,0,1,,,[],[]
ChIJd_C14Po_2C0RVu161faQYn0,Siring Kemuning Beach,ChdDSUhNMG9nS0VJQ0FnSUMwcFppZHVRRRAB,https://www.google.com/maps/reviews/data=!4m8!14m7!1m6!2m5!1sChdDSUhNMG9nS0VJQ0FnSUMwcFppZHVRRRAB!2m1!1s0x0:0x7d6290f6d57aed56!3m1!1s2@1:CIHM0ogKEICAgIC0pZiduQE%7CCgwIjIXc7AUQsLKp4gI%7C?hl=id,Saiful Bahri,107742965771559245697,https://www.google.com/maps/contrib/107742965771559245697?hl=id,5,"Cocok untuk wisata keluarga,teman,sahabat, & calon istri",6 tahun lalu,2019-10-04T08:27:56,,,,4,5,,,,[],[]
ChIJd_C14Po_2C0RVu161faQYn0,Siring Kemuning Beach,ChdDSUhNMG9nS0VJQ0FnSUM2allQYnVRRRAB,https://www.google.com/maps/reviews/data=!4m8!14m7!1m6!2m5!1sChdDSUhNMG9nS0VJQ0FnSUM2allQYnVRRRAB!2m1!1s0x0:0x7d6290f6d57aed56!3m1!1s2@1:CIHM0ogKEICAgIC6jYPbuQE%7CCgwI043siQYQ8KWBzgI%7C?hl=id,Robert Graha,115319673267573123635,https://www.google.com/maps/contrib/115319673267573123635?hl=id,5,Bagus..selalu terus di majukan wisatanya,4 tahun lalu,2021-09-10T07:18:43,,,,183,496,1,,,[],[]
ChIJwchCtNEH2C0RGwO4Wz4eNxc,Pesisir Gilipari Ujungpiring,ChdDSUhNMG9nS0VJQ0FnSUQtaVlHa21BRRAB,https://www.google.com/maps/reviews/data=!4m8!14m7!1m6!2m5!1sChdDSUhNMG9nS0VJQ0FnSUQtaVlHa21BRRAB!2m1!1s0x0:0x17371e3e5bb8031b!3m1!1s2@1:CIHM0ogKEICAgID-iYGkmAE%7CCgwI-riqnAYQkNn1sAM%7C?hl=id,Maria Farida,118208411061456657510,https://www.google.com/maps/contrib/118208411061456657510?hl=id,4,"Salah satu pesisir pantai di Bangkalan yang masih terjaga kealamiannya, masih dipenuhi dengan tumbuhan bakau. Area pesisir mayoritas berlumpur.

Terdapat jembatan tambatan perahu dari beton yang bisa dilalui dengan berjalan kaki sampai ke ujungnya, dan di ujungnya tersedia tangga menurun sampai ke dasar air.

Pemandangannya sangat indah di pagi hari ketika matahari terbit dan beranjak naik.

Jalan menuju lokasi dari jalan raya sudah bagus, bisa dilalui motor dan mobil.",2 tahun lalu,2022-12-03T00:42:05,Terima Kasih Atas Ulasan dan Kunjungannya ,2 tahun lalu,2022-12-03T01:06:18,194,556,1,,,"[{""name"":""Waktu kunjungan"",""value"":""Akhir pekan""},{""name"":""Waktu antrean"",""value"":""Tanpa mengantre""},{""name"":""Sebaiknya buat reservasi"",""value"":""Tidak""}]","[{""id"":""CIHM0ogKEICAgID-icHl6wE"",""url"":""https://lh3.googleusercontent.com/geougc-cs/AB3l90BMn2cTE0ZmfTDlI__cXX3wF0wZoRzXzAwSjccB8z_iK3MzlBTeczvQaVubvmYu6BibLbosn44mVdnaZNKUlBDb9lfeLiY5vkEBf1RoEK3S3jDO1cD_zDDTBCqhSHnKzKEsS2zNOQ=s1024"",""caption"":null,""width"":720,""height"":1280},{""id"":""CIHM0ogKEICAgID-icHlSw"",""url"":""https://lh3.googleusercontent.com/geougc-cs/AB3l90Cq6GuJbQXW8M37X8t2i8koXFpXamqOAeHAVzDSVr-HmGiPROXuUSWXfuPI82qsO9U7Inj5qVHL3P00ALcQ3JdxmJUHLmvJGrHWE7qV7RWRJlruYL5_vCROoxU7Bq6blBdqzQfY=s1024"",""caption"":null,""width"":3120,""height"":4160},{""id"":""CIHM0ogKEICAgID-icHlywE"",""url"":""https://lh3.googleusercontent.com/geougc-cs/AB3l90BN1Va30sPlDF18004VlYgkIfe1xuBX_OsbATBu7Kk2P_8zmPwh7v7lAG5GFeT4lqITwE4SD3U4MKhz_uo7j3X2CXkuUr8ASKS5axtU-0U6rdUVZU2TcP3IHzdwL819XDHV-mOBpw=s1024"",""caption"":null,""width"":3120,""height"":4160},{""id"":""CIHM0ogKEICAgID-icHlKw"",""url"":""https://lh3.googleusercontent.com/geougc-cs/AB3l90D561BpiDXl2yyhPPM78rCk-futiNan9Ble_jdWfqRd4Q8V2oaOlfp5rviLKIZgoyBt-V8DMqzWTl1L32IRy5LFGw6cYr0_7WX33PdbF5jjCRsrmo7MySlALLmNmow49UtS8tVn=s1024"",""caption"":null,""width"":3120,""height"":4160},{""id"":""CIHM0ogKEICAgID-icHlqwE"",""url"":""https://lh3.googleusercontent.com/geougc-cs/AB3l90D-E1alPAiEi8IDStFLrPnYEgwGaqAZ0uaYOCjkC7J_wRFNWmJfoBylrzTsiYlmeer3w1edF9hbUM5lxswEj5KT-0kJECgHPg0cSOzICpngyW0WI38zXvDwqrAMLBrNPA=s1024"",""caption"":null,""width"":3120,""height"":4160},{""id"":""CIHM0ogKEICAgID-icHlaw"",""url"":""https://lh3.googleusercontent.com/geougc-cs/AB3l90DkaDUw6nVgABFn4BnV3vz1cz_O1zkCtzeij0KFcmRMSVPpOnyzALlcLTzPk1iNaTjNZWlqGfKqBOKItIjVJlOBL1BCOk5up7TNzj5y2I4yw4i4ckt4aw2V_nIjxykwlxl26ek2=s1024"",""caption"":null,""width"":3120,""height"":4160}]"
ChIJwchCtNEH2C0RGwO4Wz4eNxc,Pesisir Gilipari Ujungpiring,ChZDSUhNMG9nS0VJQ0FnSURIMjQyNVZBEAE,https://www.google.com/maps/reviews/data=!4m8!14m7!1m6!2m5!1sChZDSUhNMG9nS0VJQ0FnSURIMjQyNVZBEAE!2m1!1s0x0:0x17371e3e5bb8031b!3m1!1s2@1:CIHM0ogKEICAgIDH2425VA%7CCgwI48q0twYQ4Lu9ngM%7C?hl=id,irawan widi,117027463760521743781,https://www.google.com/maps/contrib/117027463760521743781?hl=id,5,"disini aja yg sewain prahu untuk ke karang jamuang gk?
kalo ada tolong dishare dong",setahun lalu,2024-09-20T07:33:55,,,,3,5,,,,"[{""name"":""Waktu kunjungan"",""value"":""Akhir pekan""},{""name"":""Waktu antrean"",""value"":""Tanpa mengantre""},{""name"":""Sebaiknya buat reservasi"",""value"":""Tidak""}]",[]
ChIJwchCtNEH2C0RGwO4Wz4eNxc,Pesisir Gilipari Ujungpiring,ChZDSUhNMG9nS0VJQ0FnSUNHMG9qVUhBEAE,https://www.google.com/maps/reviews/data=!4m8!14m7!1m6!2m5!1sChZDSUhNMG9nS0VJQ0FnSUNHMG9qVUhBEAE!2m1!1s0x0:0x17371e3e5bb8031b!3m1!1s2@1:CIHM0ogKEICAgICG0ojUHA%7CCgwIyovYiwYQgOmYkwE%7C?hl=id,doni ismanto,115496323709209024392,https://www.google.com/maps/contrib/115496323709209024392?hl=id,5,"Bersih, sayang batunya tajam tajam kalau mau main air harus pakai alas kaki",3 tahun lalu,2021-10-25T01:15:21,,,,9,76,1,,,[],"[{""id"":""CIHM0ogKEICAgICG0ojvHQ"",""url"":""https://lh3.googleusercontent.com/geougc-cs/AB3l90C16v3Mi66X_zOgLGXFqRw7dr9OHNADy1eadA_z-TuaUijjUf77B6ZSQZd9u0pcz8fh-MWx-H7YwNqEc1nsD9xrClFAd3vyrXaxpdJj6i6VHaxxiMNRAHel0q701iIoGJf0NeaR=s1024"",""caption"":null,""width"":1840,""height"":4000},{""id"":""CIHM0ogKEICAgICG0ojvnQE"",""url"":""https://lh3.googleusercontent.com/geougc-cs/AB3l90A0xpdbb4jwXYNCe98hGL_aiMTUHHEeGuCaK2eWuLCci8YMUzlDo0uRN25c8MjmYjHZlm_YDcSLoZ2kKn2Uj8QuoS60nEBSG77WpTJifQVSFg7WyeVndaidalpVwuJ2GU-COI1C6A=s1024"",""caption"":null,""width"":1840,""height"":4000},{""id"":""CIHM0ogKEICAgICG0ojvXQ"",""url"":""https://lh3.googleusercontent.com/geougc-cs/AB3l90B3mf4bHHtLm7Cln3cZApJmOkuujvwvJQp_r_6cO2Sd9hCYNZH8kfwDPTKx8Tiv_aWh3dMYPW5-lBEnb7xEAcsK9jy7-RgrcsR6hzmqoiQeLyaKccA2vSShWo6vTS1vGRV2EbYo=s1024"",""caption"":null,""width"":1840,""height"":4000},{""id"":""CIHM0ogKEICAgICG0ojv3QE"",""url"":""https://lh3.googleusercontent.com/geougc-cs/AB3l90DhvAskKfObs211hK8s1vEmtVe8qd6YpdMVJXVMSDSHZNNmuYVOORAoNJuVaByeN1ypWdyqxNXumNLWxSh1SnXRC0aamhsI-EBgasAGfEEqLYM-PjfxJjSuIeRJrn9OsHOwTlsTuQ=s1024"",""caption"":null,""width"":1506,""height"":3264},{""id"":""CIHM0ogKEICAgICG0ojvPQ"",""url"":""https://lh3.googleusercontent.com/geougc-cs/AB3l90BmvdzkEATgOEtrhAcsbIIwyRz10nlLmZ6tNHzUFJlwwkAhJHvH59n1_0oo8SZwuqC3EVXgUX96Q-4NymYOy-sz5xbH3aLrAlchublloz__MDL5HHxjcEOxiFvQ_Tpqtcxo40Fr=s1024"",""caption"":null,""width"":1840,""height"":4000}]"
ChIJwchCtNEH2C0RGwO4Wz4eNxc,Pesisir Gilipari Ujungpiring,ChdDSUhNMG9nS0VJQ0FnSURXeUpEX2pnRRAB,https://www.google.com/maps/reviews/data=!4m8!14m7!1m6!2m5!1sChdDSUhNMG9nS0VJQ0FnSURXeUpEX2pnRRAB!2m1!1s0x0:0x17371e3e5bb8031b!3m1!1s2@1:CIHM0ogKEICAgIDWyJD_jgE%7CCgwI_sq4kQYQyLj41wE%7C?hl=id,Achmad Darwis,105877638524784876488,https://www.google.com/maps/contrib/105877638524784876488?hl=id,4,Pemandangan pantai yg bagus buat selvi ataupun buat bersepeda karena udaranya yg sejuk dan segar.,3 tahun lalu,2022-03-13T17:10:22,,,,54,96,1,,,[],[]
ChIJwchCtNEH2C0RGwO4Wz4eNxc,Pesisir Gilipari Ujungpiring,ChZDSUhNMG9nS0VJQ0FnSURDeGN2YUx3EAE,https://www.google.com/maps/reviews/data=!4m8!14m7!1m6!2m5!1sChZDSUhNMG9nS0VJQ0FnSURDeGN2YUx3EAE!2m1!1s0x0:0x17371e3e5bb8031b!3m1!1s2@1:CIHM0ogKEICAgIDCxcvaLw%7CCgwIhYrn-wUQuIm5qwM%7C?hl=id,FathiaFattah 27,107404229619677347813,https://www.google.com/maps/contrib/107404229619677347813?hl=id,5,Cocok.buat wisata keluarga,5 tahun lalu,2020-10-04T12:50:13,,,,6,4,,,,[],"[{""id"":""CIHM0ogKEICAgIDCxcva7wE"",""url"":""https://lh3.googleusercontent.com/geougc-cs/AB3l90C99bGg0xhcb-me4uWgS3zkeMWXztQ9KiqIeXMng_3HakplXPb6G1rLZf3cOmBtdqtk3XWSkYALO8ptDhHnrsOpQqTE6JlgbrrQa0ku0Zf90gpU0vsf7fbAVAOIfU48dyjNWbkARA=s1024"",""caption"":null,""width"":1856,""height"":4000}]"
ChIJwchCtNEH2C0RGwO4Wz4eNxc,Pesisir Gilipari Ujungpiring,ChZDSUhNMG9nS0VJQ0FnSURQcnJpdE9BEAE,https://www.google.com/maps/reviews/data=!4m8!14m7!1m6!2m5!1sChZDSUhNMG9nS0VJQ0FnSURQcnJpdE9BEAE!2m1!1s0x0:0x17371e3e5bb8031b!3m1!1s2@1:CIHM0ogKEICAgIDPrritOA%7CCgwImZ62ugYQuMGguwM%7C?hl=id,ml bot,113427620485567915916,https://www.google.com/maps/contrib/113427620485567915916?hl=id,5,Bagus tempat wisata,10 bulan lalu,2024-12-02T10:42:33,,,,3,3,,,,"[{""name"":""Waktu kunjungan"",""value"":""Akhir pekan""},{""name"":""Waktu antrean"",""value"":""Tanpa mengantre""},{""name"":""Sebaiknya buat reservasi"",""value"":""Tidak""}]",[]
ChIJwchCtNEH2C0RGwO4Wz4eNxc,Pesisir Gilipari Ujungpiring,ChZDSUhNMG9nS0VJQ0FnSUN1aU0taklnEAE,https://www.google.com/maps/reviews/data=!4m8!14m7!1m6!2m5!1sChZDSUhNMG9nS0VJQ0FnSUN1aU0taklnEAE!2m1!1s0x0:0x17371e3e5bb8031b!3m1!1s2@1:CIHM0ogKEICAgICuiM-jIg%7CCgwI55nilgYQ8I-vzwI%7C?hl=id,Eddy Moeljono,109952003927302111801,https://www.google.com/maps/contrib/109952003927302111801?hl=id,5,Indah,Diedit 3 tahun lalu,2022-07-19T18:06:35,,,,52,26,1,,,[],"[{""id"":""CIHM0ogKEICAgICuiM-jYg"",""url"":""https://lh3.googleusercontent.com/geougc-cs/AB3l90ByndihdWYnErLBZodCd7bk1VrcloXw-MzQBHvsYgpaXHXrNzYo-NCCABPjxy0u5pjyt00dIj1tapjg2olSdwSTvVCSQgvHjLngNF5hlJbWCYpKU7XlzzgL0nCJNAgPDw2BwyrD=s1024"",""caption"":null,""width"":5664,""height"":2752}]"
ChIJwchCtNEH2C0RGwO4Wz4eNxc,Pesisir Gilipari Ujungpiring,ChdDSUhNMG9nS0VJQ0FnSUNhdEtId2xnRRAB,https://www.google.com/maps/reviews/data=!4m8!14m7!1m6!2m5!1sChdDSUhNMG9nS0VJQ0FnSUNhdEtId2xnRRAB!2m1!1s0x0:0x17371e3e5bb8031b!3m1!1s2@1:CIHM0ogKEICAgICatKHwlgE%7CCgwIxtHuhwYQ4Kme1AM%7C?hl=id,Andre Susanto,105730169349288750977,https://www.google.com/maps/contrib/105730169349288750977?hl=id,5,Asik buat check point gowes,4 tahun lalu,2021-07-24T05:44:38,,,,68,128,1,,,[],[]
ChIJXe0BZvM52C0RdetiPMMGcg8,De Lobuq Beach,ChZDSUhNMG9nS0VJQ0FnSUM0OVpER2J3EAE,https://www.google.com/maps/reviews/data=!4m8!14m7!1m6!2m5!1sChZDSUhNMG9nS0VJQ0FnSUM0OVpER2J3EAE!2m1!1s0x0:0xf7206c33c62eb75!3m1!1s2@1:CIHM0ogKEICAgIC49ZDGbw%7CCgwIgIL95wUQuLzRzQE%7C?hl=id,Atiek Fendi,113154625048819906196,https://www.google.com/maps/contrib/113154625048819906196?hl=id,5,Amazing ,6 tahun lalu,2019-06-11T05:48:38,,,,6,14,,Luar biasa ,,[],[]
ChIJXe0BZvM52C0RdetiPMMGcg8,De Lobuq Beach,ChZDSUhNMG9nS0VJQ0FnSUM3LXFMa1RREAE,https://www.google.com/maps/reviews/data=!4m8!14m7!1m6!2m5!1sChZDSUhNMG9nS0VJQ0FnSUM3LXFMa1RREAE!2m1!1s0x0:0xf7206c33c62eb75!3m1!1s2@1:CIHM0ogKEICAgIC7-qLkTQ%7CCgwItJb2tQYQgM_JywE%7C?hl=id,Mohammad Nodi,101389059150201914431,https://www.google.com/maps/contrib/101389059150201914431?hl=id,5,,setahun lalu,2024-08-15T04:59:32,,,,1,4,,,,"[{""name"":""Waktu kunjungan"",""value"":""Hari biasa""},{""name"":""Waktu antrean"",""value"":""Tanpa mengantre""},{""name"":""Sebaiknya buat reservasi"",""value"":""Tidak""}]",[]
ChIJXe0BZvM52C0RdetiPMMGcg8,De Lobuq Beach,ChZDSUhNMG9nS0VJQ0FnTURJOFBuM1B3EAE,https://www.google.com/maps/reviews/data=!4m8!14m7!1m6!2m5!1sChZDSUhNMG9nS0VJQ0FnTURJOFBuM1B3EAE!2m1!1s0x0:0xf7206c33c62eb75!3m1!1s2@1:CIHM0ogKEICAgMDI8Pn3Pw%7CCgwIsfnJvwYQ4I2P8AE%7C?hl=id,Lobuk Beach,110834326368915654962,https://www.google.com/maps/contrib/110834326368915654962?hl=id,1,,6 bulan lalu,2025-04-06T13:08:01,,,,0,2,,,,[],[]
ChIJXe0BZvM52C0RdetiPMMGcg8,De Lobuq Beach,ChZDSUhNMG9nS0VJQ0FnSURPM2VMNFhBEAE,https://www.google.com/maps/reviews/data=!4m8!14m7!1m6!2m5!1sChZDSUhNMG9nS0VJQ0FnSURPM2VMNFhBEAE!2m1!1s0x0:0xf7206c33c62eb75!3m1!1s2@1:CIHM0ogKEICAgIDO3eL4XA%7CCgsI-fSzlgYQuK2qNQ%7C?hl=id,Muhammad Nur,111174493448451718155,https://www.google.com/maps/contrib/111174493448451718155?hl=id,5,,3 tahun lalu,2022-07-12T04:37:13,,,,14,287,1,,,[],[]
ChIJXe0BZvM52C0RdetiPMMGcg8,De Lobuq Beach,ChZDSUhNMG9nS0VJQ0FnSUNHaE9IemZnEAE,https://www.google.com/maps/reviews/data=!4m8!14m7!1m6!2m5!1sChZDSUhNMG9nS0VJQ0FnSUNHaE9IemZnEAE!2m1!1s0x0:0xf7206c33c62eb75!3m1!1s2@1:CIHM0ogKEICAgICGhOHzfg%7CCgwInN-_iwYQ2Mn4wgE%7C?hl=id,Sakura,109865915534792851937,https://www.google.com/maps/contrib/109865915534792851937?hl=id,4,,4 tahun lalu,2021-10-20T10:29:48,,,,28,147,1,,,[],[]
ChIJFaoYW1UD2C0R30uQ_sot0XY,Kutai Sukbar,Ci9DQUlRQUNvZENodHljRjlvT25jM1JYaE1hMlZTTkVaU1YxVnRhMkpsTFVOSE5YYxAB,https://www.google.com/maps/reviews/data=!4m8!14m7!1m6!2m5!1sCi9DQUlRQUNvZENodHljRjlvT25jM1JYaE1hMlZTTkVaU1YxVnRhMkpsTFVOSE5YYxAB!2m1!1s0x0:0x76d12dcafe904bdf!3m1!1s2@1:CAIQACodChtycF9oOnc3RXhMa2VSNEZSV1Vta2JlLUNHNXc%7C0cvUTb77RnX%7C?hl=id,Erry Afiliandi,116186672645035025415,https://www.google.com/maps/contrib/116186672645035025415?hl=id,4,"Buat santai saat malam asyiiik ini tempatnya, tapi jangan lupa pakai jaket agar tidak masuk angin. Bagi kawula muda cocok ini.",6 hari lalu,2025-10-14T07:11:35,,,,102,39,1,,,[],[]
ChIJFaoYW1UD2C0R30uQ_sot0XY,Kutai Sukbar,ChdDSUhNMG9nS0VJQ0FnSUNyN3QtVDdBRRAB,https://www.google.com/maps/reviews/data=!4m8!14m7!1m6!2m5!1sChdDSUhNMG9nS0VJQ0FnSUNyN3QtVDdBRRAB!2m1!1s0x0:0x76d12dcafe904bdf!3m1!1s2@1:CIHM0ogKEICAgICr7t-T7AE%7CCgwIsoeqtAYQuMHD3AI%7C?hl=id,Risdiana Dwiwindarti,108221494729399788125,https://www.google.com/maps/contrib/108221494729399788125?hl=id,2,"Untuk piknik org sekitar okeylah,kolamnya unt anak2,makannya sosis,mie instan,jahe,kopi,teh,burger mini,masuk 5rb,kalau luar kota bagusnya siang ke sore bisa lihat pemandangan laut.sayang yg buang sampah ke Laut,jadi mengotori lautnya",setahun lalu,2024-07-07T12:01:54,,,,131,91,1,,,"[{""name"":""Waktu kunjungan"",""value"":""Akhir pekan""},{""name"":""Waktu antrean"",""value"":""Tanpa mengantre""},{""name"":""Sebaiknya buat reservasi"",""value"":""Tidak""}]","[{""id"":""CIHM0ogKEICAgICr7t-TXA"",""url"":""https://lh3.googleusercontent.com/geougc-cs/AB3l90DI2mTi_KGutEgtTUquWqL7N6ePNmRih2quvQ__SIRa3e3pDwGJ6ABpDyndyRypouoTqINfGn23onIuh3t1ZP2bqbaq61kRKlXuVykNRlS0W7oEO-pYDnnCdHEJ8sML55k41VqL=s1024"",""caption"":null,""width"":3088,""height"":3088}]"
ChIJFaoYW1UD2C0R30uQ_sot0XY,Kutai Sukbar,ChdDSUhNMG9nS0VJQ0FnSURDeFlhMDhBRRAB,https://www.google.com/maps/reviews/data=!4m8!14m7!1m6!2m5!1sChdDSUhNMG9nS0VJQ0FnSURDeFlhMDhBRRAB!2m1!1s0x0:0x76d12dcafe904bdf!3m1!1s2@1:CIHM0ogKEICAgIDCxYa08AE%7CCgsIv7Tm-wUQ8PTjcA%7C?hl=id,Silvia Biliana,112731949727270387280,https://www.google.com/maps/contrib/112731949727270387280?hl=id,3,Mending kita ketempat lain dr pada ketempat  ke kutai sukbar.  Saya nyingkir nyari tempat lain ... jd ada gang yang menuju spot yang sama... jauh dr kerumuman dan ramainya anak anak muda. Jauh dr panas dan lumayan adem .. jd aku masuk dr gang kecil sebelah markas tni al. Yang biasa dipakai buat nelayan melaut. Sumpah adeeemmmm gak bau amis laut. Tapi lumayan banyak sampah batok kelapa. Nama daerahnya sukolilo.,5 tahun lalu,2020-10-04T09:41:05,,,,137,1587,1,,,[],"[{""id"":""CIHM0ogKEICAgIDCxcb3_wE"",""url"":""https://lh3.googleusercontent.com/geougc-cs/AB3l90C81A84NLrjjSR2ElZ_HiFu77JDnq2IfNTRg-t8Eec_yId2jd1YHSoh8KUQR54c3vcHWyWqlRv4ElLqpzaUzpprQbGh4W4itjUemfaS5yj56363nb_IXxkyk3VEpUjjhaRTC2C6RA=s1024"",""caption"":null,""width"":4000,""height"":2250},{""id"":""CIHM0ogKEICAgIDCxcYP"",""url"":""https://lh3.googleusercontent.com/geougc-cs/AB3l90AOZyUM3XhThMjUGGLnwn2lQnuRpRrjSs3yfeN_ZAzMw4zULrXnoFGGScxM_pP-wECUnYfuj1KkqSq4yi7JObFXqL-awFmNAo-m6J7ATDtoG1qpkhcd6ddI3Itsk5cjVGvsiQ=s1024"",""caption"":null,""width"":4000,""height"":2250},{""id"":""CIHM0ogKEICAgIDCxcaPgAE"",""url"":""https://lh3.googleusercontent.com/geougc-cs/AB3l90BxnWdMSliCubjLIIIAUncQNZTJreZLe2FTSIpw1d3ZovjjAJkHeMOCfMFrT2nXVOl8UfdnHyxlIXgpTrpcmKI2M47QWnpsJSCWfTRnjduSl-YKhOncf5xEc6MBi4orFHtWLlUA=s1024"",""caption"":null,""width"":4000,""height"":2250},{""id"":""CIHM0ogKEICAgIDCxcaPQA"",""url"":""https://lh3.googleusercontent.com/geougc-cs/AB3l90Arr5g-NJJizWJsGk3pfzmenpmXVeyhwlB2orDzbaPeHTJElgDviZt16NsyHDB0C6D9gAIay07Hvb96Fw24iUIcYGNKE94lnSqnx5Tfi0eUBpJCU6bdoSVdNoMaNnBZHncyrJMQ=s1024"",""caption"":null,""width"":4000,""height"":2250},{""id"":""CIHM0ogKEICAgIDCxcaPwAE"",""url"":""https://lh3.googleusercontent.com/geougc-cs/AB3l90BPfQtfbbO2Q-sCpNBSa6AeQpbtUls-jVRKYZJ7tRCUX38qi67e1vqTuGaPcpIIyBM1gN-QjWu_3jMYhkyRnEREThca9Klmglp9s8y5_UGj2qmtZcjJAfh5hEcaoKAY2arKnPaxMQ=s1024"",""caption"":null,""width"":4000,""height"":2250},{""id"":""CIHM0ogKEICAgIDCxcaPIA"",""url"":""https://lh3.googleusercontent.com/geougc-cs/AB3l90B3_G13nEDI-VajzG-_1hmJzGFvNTtMjfgxQ4ehxXaa-_5MhBjWgFcp5j12T-zkRpfzha7vyP5DA526DlI6M_ZWf1nVfwbt-AMRDnbIaJkcFDcgBgytzQEmOmcuWcvHHtUpVNYY=s1024"",""caption"":null,""width"":4000,""height"":2250},{""id"":""CIHM0ogKEICAgIDCxcaPoAE"",""url"":""https://lh3.googleusercontent.com/geougc-cs/AB3l90ASMCLGBLl5LsuJkv1du5h7_6GzSzT4NbewHYEgWR2eJSenePHRRAa7LZkWBaEc0KGmfFGpS9rgry-Cks6ETsFxsuPaiqZncXetyocm2roBYDjnJME6GGYJT_7qXCBDEiPBR3LKLg=s1024"",""caption"":null,""width"":4000,""height"":2250},{""id"":""CIHM0ogKEICAgIDCxcaPYA"",""url"":""https://lh3.googleusercontent.com/geougc-cs/AB3l90BKY8L6JNXIR7b-6prv-r2K80O3Mi-XwkF7xIena6p_g5DSq6LHcNA3FZ4GcmoQAhujsFTJHG5d2Yz8Kw7FRNKx7vaWv7McTcAyxCnu9YiSJ5WAvep-oQp_gff5bg7hKU2lEdW3=s1024"",""caption"":null,""width"":4000,""height"":2250},{""id"":""CIHM0ogKEICAgIDCxcaP4AE"",""url"":""https://lh3.googleusercontent.com/geougc-cs/AB3l90A5vQp_GqnmO4ZPKZ_6mR2uwaM6nizvISMHJcH3Lz6nsnn22bk-4SIN7ZRU0a6pzr6YB-3AWwgUnYF_SwyNTG4VZCOQo4FxxeutPoiPY_nlFh4Huwpd2VFVeaMaK2_rWQOFYDNDpA=s1024"",""caption"":null,""width"":4000,""height"":2250},{""id"":""CIHM0ogKEICAgIDCxcaPEA"",""url"":""https://lh3.googleusercontent.com/geougc-cs/AB3l90AVY-xBqlVw5Xh5R5XcGfsHVp3xxGe65xDAnfuPmOP7Mk6vyzdNeoeO4_AJfi6nZ1A7bd43cZgr7R1NI2RByhDzYGt4xi4GIPzKnp0a8_dThgyUfGjtT-KnaavHxhXRAZRZu3GL=s1024"",""caption"":null,""width"":4000,""height"":2250},{""id"":""CIHM0ogKEICAgIDCxcbpcg"",""url"":""https://lh3.googleusercontent.com/geougc-cs/AB3l90Ah3W2NtqK7UeoqTJeDQfzEWzj6y0WtNO13vVYmX_fPRzT0zDSxT5JVdNvODXRGcPYAqGypBkDG_8FaY--YeSL2AWaTJ6bGf3DKtvrzSMkqa5bjrthnj5n7EsDZcrSRxXGvZVk=s1024"",""caption"":null,""width"":4000,""height"":2250}]"
ChIJFaoYW1UD2C0R30uQ_sot0XY,Kutai Sukbar,ChZDSUhNMG9nS0VJQ0FnSURTMXE2eFZBEAE,https://www.google.com/maps/reviews/data=!4m8!14m7!1m6!2m5!1sChZDSUhNMG9nS0VJQ0FnSURTMXE2eFZBEAE!2m1!1s0x0:0x76d12dcafe904bdf!3m1!1s2@1:CIHM0ogKEICAgIDS1q6xVA%7CCgsI2sGS_wUQ4LyXeQ%7C?hl=id,Ronny Gj,102850529713313161939,https://www.google.com/maps/contrib/102850529713313161939?hl=id,4,Keren tempatnya terutama di sore hari menjelang matahari terbenam mendekati Jembatan Suramadu sebagai Baground utamanya.... makanan dan minumannya juga relatif murah.,4 tahun lalu,2020-12-24T14:03:54,,,,4,69,1,,,[],"[{""id"":""CIHM0ogKEICAgIDS1p6YnAE"",""url"":""https://lh3.googleusercontent.com/geougc-cs/AB3l90BR0VIOZ6X7AJmo7bPAVMLY3XF-FBEaNFOxs0Aq2QWQ2zk13Y864P_zdm_4M3ztFd3GGyPgJ__Eu0LLzETa89S5MEKnPgRReHANovl4VRh2uFYYBJEIMvKjoFbrMR4OGhgqSw8JjQ=s1024"",""caption"":null,""width"":4160,""height"":1952},{""id"":""CIHM0ogKEICAgIDS1p6YXA"",""url"":""https://lh3.googleusercontent.com/geougc-cs/AB3l90BRTM7zokTsdMwLn0L0pCo0EYMwQVrfqRGA3sUR7GKJGm_vgB8KnK2OWpIPDKnYxKXbtJ_0PwRTA6TBsxDQ-4k96-gu6xCacxY24sSc2YfXdvOd8BjsZtsmjojwGUD0sOgk0Nfw=s1024"",""caption"":null,""width"":1952,""height"":4160},{""id"":""CIHM0ogKEICAgIDS1p6Y3AE"",""url"":""https://lh3.googleusercontent.com/geougc-cs/AB3l90BBbqV4Qy5gazyxBCCpOUmnfcptth9xfukNEoWmxUAXqfa8wSnxZDTB-TxMcNOPBn-tDgDylWFj0EG-5SSevvvtw0PyqB4GPJoMo-XL5JtS1QvDr9epoKQZ1-GcXLDuN4fFSOfG=s1024"",""caption"":null,""width"":4160,""height"":1952},{""id"":""CIHM0ogKEICAgIDS1p6YPA"",""url"":""https://lh3.googleusercontent.com/geougc-cs/AB3l90DJrBboE7fFBGviWXB_epAf6OX-itBwEljAleOndZBW9857JpcnaKpUlr4W8yIaS3QAEsG63wYpdz0Mk9yb7gprNtc5hXGZGJcUxV0vtt_6nhb6UwapjgaBaKD9zVOuTGe2-u0M=s1024"",""caption"":null,""width"":4160,""height"":1952},{""id"":""CIHM0ogKEICAgIDS1p6YvAE"",""url"":""https://lh3.googleusercontent.com/geougc-cs/AB3l90A_bptOdSxQW9Ia9UZYeKBCtBpi9Y04_lcEyzhVYGeURMpqDNxqAX5HOFuiXGUyfQWA1x0q6AM3ojdFFxnIZMyjpz3h7W0MeC5l5k5FhR7zWdo6ZqEwyZ9A3WhrENV-V_rP08-6=s1024"",""caption"":null,""width"":4160,""height"":1952},{""id"":""CIHM0ogKEICAgIDS1p6YfA"",""url"":""https://lh3.googleusercontent.com/geougc-cs/AB3l90DJr1V_r8MVCARGoNa0HE7MuEhf-Pfx-HeB8joEgM7bmciP4E0qqsPdFuEUfZ_sXct0s7xQsxJDaBKRf4qteuBi7eWRfcUdtRCq1WwvB0mzNqfonQLJBMfORQ4wvg2Kl2kx_VSg=s1024"",""caption"":null,""width"":4160,""height"":1952},{""id"":""CIHM0ogKEICAgIDS1p6Y_AE"",""url"":""https://lh3.googleusercontent.com/geougc-cs/AB3l90BXZOyzJrcxLA4OYIpIwaYavfJlnOOvttm3TKEPkPdyIrM_8iWqzwY7mcqgUXDok9S7L0MDA317rd8sl66nDnMJSSP7I5HIRtH_CAxUYUmPNXE60B9carbLrHyLFbusPQnHaUi-5Q=s1024"",""caption"":null,""width"":1952,""height"":4160},{""id"":""CIHM0ogKEICAgIDS1p6YAg"",""url"":""https://lh3.googleusercontent.com/geougc-cs/AB3l90BEFiVxUeJtHOhmFXwWz1KpuI3zCCoEszrkfOPLKfcyWjh_VNDenlyyW97_fSvJ9YBtdIy_L28h2iKfBng2CHRmA-IApAZL1rYiN5G6S8TXTm_TdtCYUAUFiC6CQGOuwWf4eP-C=s1024"",""caption"":null,""width"":1952,""height"":4160},{""id"":""CIHM0ogKEICAgIDS1p6YggE"",""url"":""https://lh3.googleusercontent.com/geougc-cs/AB3l90AepeXt_MTvi6GQ9zI3gBZUKXjgFdBJxFfcHgNqciVCRlnZ_cF04aoOlQglCJNDtDklM8CoLMZmCtvHYQBUPw1CyhYLJr6UQOiF3r6Kd_CC1l7KKDkf94JHrnL3X2O5QKqo1wHiMA=s1024"",""caption"":null,""width"":1952,""height"":4160},{""id"":""CIHM0ogKEICAgIDS1p6YQg"",""url"":""https://lh3.googleusercontent.com/geougc-cs/AB3l90BgHE2pbzHhoVzOOaNeMlmCkd0lm1Za_gfeW9xk1cweLcrFt1P4p5mMporD6pOC_PIU2Q_smsZTeY0qlGuTMBxNyhFX0QsIQ7DYTuh7_8fjQno9cR4EGBRDeym44fE5Vxi-izE=s1024"",""caption"":null,""width"":1952,""height"":4160},{""id"":""CIHM0ogKEICAgIDS1p6YwgE"",""url"":""https://lh3.googleusercontent.com/geougc-cs/AB3l90APQyqe6ofXncm0k5_eiNui_aGBwBihs19NRq6vtJeAckygSIsTQWqXzQYscICX7g3vFNUHWM1V-wK1v4_boolkdhzdBjus0tXXzoAAFhLGzd2jhqFlzPDaLUlTbG4D1UpZxbkoDA=s1024"",""caption"":null,""width"":4160,""height"":1952},{""id"":""CIHM0ogKEICAgIDS1p6YIg"",""url"":""https://lh3.googleusercontent.com/geougc-cs/AB3l90CWr7-23SHM6Gdrw546s310TMe2Ekq1vk_SQe-AZrGxp_0sg7diTH7K-Heq40wbYEC976kydnqMvk4Eg4zcdv9fTT1Pl7dzdkOuio-C4HpPWola346cBlJXl9rvsHNTFT853vtC=s1024"",""caption"":null,""width"":4160,""height"":1952},{""id"":""CIHM0ogKEICAgIDS1p6YogE"",""url"":""https://lh3.googleusercontent.com/geougc-cs/AB3l90CoU31NCK114QrvoKx3V_DEHUrqgpMH3LT7T6svbJ06yio9h2tH5igOYN3fcyp8B8_Y1j7cnvYA5QaSODEmzrHE2jZKjEKbOYzyG1fArA6i8XwNaV_8enSP9bJ_25dz1td39uOGaw=s1024"",""caption"":null,""width"":1952,""height"":4160},{""id"":""CIHM0ogKEICAgIDS1p6YYg"",""url"":""https://lh3.googleusercontent.com/geougc-cs/AB3l90C-p4-qSKyYMzKSAvnL4xexjcv6bZMvfQGk-CQfWysOOTUHG7Y3_z_ZLvHeVDYn3uh5OOt5KBe7oUgE1jj6Mz2US8cTn4vyXVGPvQOb8JENzfjNoRF1rFX6KQMrUT88EDMl1nym=s1024"",""caption"":null,""width"":4160,""height"":1952},{""id"":""CIHM0ogKEICAgIDS1p6Y4gE"",""url"":""https://lh3.googleusercontent.com/geougc-cs/AB3l90A0P9ThhkXJdFVBi8v_ifaoHRFeNNMekopybzDK6cnJaClq58UjJtw2nu_Du9laYlN-W2z5e8oRNviS1LM2A2mpdCGiCUMrjRNPCp8Re8NkI5CH6TOC6W6gmbd2Z6Tm9GPY9-zOAQ=s1024"",""caption"":null,""width"":4160,""height"":1952},{""id"":""CIHM0ogKEICAgIDS1p6YEg"",""url"":""https://lh3.googleusercontent.com/geougc-cs/AB3l90Atun8R4yh_adZ0FzbDmmxhK7BuSITFu1f8uQsNPLkRqKwHu7Sqvao6IP0bC5oQ2GV9wpzq-_ee5NSg_B6EAFrT7O6PlhjnWdhw4mxE5ZAXT1wRXXXyIP-XPkHH3uSaLbgNgTGE=s1024"",""caption"":null,""width"":2322,""height"":4128},{""id"":""CIHM0ogKEICAgIDS1p6YkgE"",""url"":""https://lh3.googleusercontent.com/geougc-cs/AB3l90BNgHmRRQ_lh9N-8fPqk8IHtRE3l7INwRtHzNGnNf0JCKY64I-YZi5JlgUAFqPDZ-gDjMX8K6TGoFP880IMY3ERDQjJFm3xofRYHoGJSUqvdRMqgJXpMxkLg8IB2zTsjyfzVoM_qA=s1024"",""caption"":null,""width"":4128,""height"":2322},{""id"":""CIHM0ogKEICAgIDS1p6YUg"",""url"":""https://lh3.googleusercontent.com/geougc-cs/AB3l90Cw3CoNJJQ86-wlVwPuvRKPxaMhP0c-5ikfvsV_SAgQuUN-tsoNFqqG6Le0Q0X_tAuW10ruKhL9Zj_6b-_8y5aKvB9s4E6QX2JioHdDvqzYK6lmwDocAR1-9Z9q812XjBGCUIOL=s1024"",""caption"":null,""width"":4128,""height"":2322},{""id"":""CIHM0ogKEICAgIDS1p6Y0gE"",""url"":""https://lh3.googleusercontent.com/geougc-cs/AB3l90BgC5E085NECo7yHA6x5huSp8UerHT4yhUqVJbZD0bP1kKw4yQK4KrE35IQ_H8497DEfIZ6LaXtheRRxPYqnSgjgATCMif9KOBGSKiEk853BlTJX7IX0usOwyx9jPo9BpbOE8tS0g=s1024"",""caption"":null,""width"":4128,""height"":2322},{""id"":""CIHM0ogKEICAgIDS1p6YMg"",""url"":""https://lh3.googleusercontent.com/geougc-cs/AB3l90C51gtOft4SzrmJZZxt-2HT24VgQahjXYNF2IVwpa4oKKGF5JuuB3LxexDcv6z75fB3I_WmZ27AKtILAkHeBPDWOm48DrWSWyISCy8xC2xqCum9Dhdn824oNr830OieEo2NH9Y3=s1024"",""caption"":null,""width"":4128,""height"":2322},{""id"":""CIHM0ogKEICAgIDS1p6YsgE"",""url"":""https://lh3.googleusercontent.com/geougc-cs/AB3l90AEUuUJGNQIbVIXyb6WdFjsRC4Uq-kjZqsWWoecFNH1-vZaOMi6qQxevUg1g3LFMwbv_F6jVBuZj_v82urAGsvdju-UbqF-l6lB85o0zToqikShtaOE_J5AVMYWd1_Ptal3Cw65Pg=s1024"",""caption"":null,""width"":2322,""height"":4128},{""id"":""CIHM0ogKEICAgIDS1p6Ycg"",""url"":""https://lh3.googleusercontent.com/geougc-cs/AB3l90CEx2h6n0vtmATPFQtQJHU2mUzq8lB-XVyKPnXpWeNa3_rVucfJLr0Wqf1xhko3oHqcOcnTuIDvG09USS9-3IM4TL8tJK-kxWLKiB2qki1oAteVYRyqYGa3FYIacKWwOi-5T3CF=s1024"",""caption"":null,""width"":2322,""height"":4128},{""id"":""CIHM0ogKEICAgIDS1p6Y8gE"",""url"":""https://lh3.googleusercontent.com/geougc-cs/AB3l90Br75Tq-vXe7JHmh2abwjF_Ryd1KvRWuGCFnab16V25E2yOYt--LULKjOVm7JR9kcm4zWhR2auIHni1Bq77lvg2xOaF3gQuhPP67bjs4NfXgjZJDujxLKA0lK0QB-02_dA0JKbtKw=s1024"",""caption"":null,""width"":4128,""height"":2322}]"
ChIJFaoYW1UD2C0R30uQ_sot0XY,Kutai Sukbar,ChdDSUhNMG9nS0VJQ0FnSUNxbk16RjVRRRAB,https://www.google.com/maps/reviews/data=!4m8!14m7!1m6!2m5!1sChdDSUhNMG9nS0VJQ0FnSUNxbk16RjVRRRAB!2m1!1s0x0:0x76d12dcafe904bdf!3m1!1s2@1:CIHM0ogKEICAgICqnMzF5QE%7CCgwIjYXNhQYQoK_kxgI%7C?hl=id,Fara Dfara,113734624747202594487,https://www.google.com/maps/contrib/113734624747202594487?hl=id,3,Belum dikembangkan maximal. Utk menuju kesini melalui gang kampung kecil yg menjorok ke kampung nelayan dgn jalan setapak. Ada yg jual snack makanan ringan tp baru buka menjelang sore hari. Buka dr jam 7 pagi sampai jam 7 malam. Utk pengunjung dr arah Surabaya yg melalui jembatan suramadu setelah suramadu terlalui pilih akses jalan paling kiri dan hati hati bila menggunakan mobil terlebih mobil besar akan ada tikungan tajam menjelang jembatan penyeberangan diatas jalanan suramadu Bangkalan.,4 tahun lalu,2021-05-30T07:45:17,,,,205,1026,1,,,[],"[{""id"":""CIHM0ogKEICAgICqnMzFVQ"",""url"":""https://lh3.googleusercontent.com/geougc-cs/AB3l90D4bsQJsoVx9FeAdbR84VTkSEyF5Xz01zFkpNyXwWjmt_7VzSfksHngtYnH6sBm6HwpDI7V2YXW5fNTIctkYfbHzw7dljY8MuT95CAunNqM2hHlbquo-ig5ojlVxCxEZNGMPo-B=s1024"",""caption"":null,""width"":960,""height"":1280},{""id"":""CIHM0ogKEICAgICqnMzF1QE"",""url"":""https://lh3.googleusercontent.com/geougc-cs/AB3l90Ab75DSUws0uxeMW7ABM2QOpHq4EmMxQrKSMSnx4XWOVsmN5jpF5bcGAqO6i3glhYNk1eWK3wt4WHfwRwiBmKPzsmQrvRb6XLDIO6jx7NXhBZHneuwQOFlap0w1X8Q48xRcDvXDLA=s1024"",""caption"":null,""width"":1280,""height"":961},{""id"":""CIHM0ogKEICAgICqnMzFtQE"",""url"":""https://lh3.googleusercontent.com/geougc-cs/AB3l90Dx44YmMC1WGp7DTghwkIocFavRVkF6ZcpkFAKDH8ZMaigy2y1vNqGFKWDP1ZffSj_hVDn46lKHjJBc-KCWbaq8e-XYDkF2_jTvk0lgCyG44OdEnkuO6Ygi945BLkt6Uvyn2YEHJw=s1024"",""caption"":null,""width"":960,""height"":1280},{""id"":""CIHM0ogKEICAgICqnMzFdQ"",""url"":""https://lh3.googleusercontent.com/geougc-cs/AB3l90BvhCCTG3oF72C-ByuDICSbfjQjrU0eQ_PdKMn7epgiSGfH1o1JUFWQjKidY04RvnbnJaWf0dsRJt1nS4IEyp2FwXdBuGp6SfNYOVW1yvhkA2NavkiVNzH1PbPwom8hdSa22sqi=s1024"",""caption"":null,""width"":1160,""height"":872}]"
ChIJFaoYW1UD2C0R30uQ_sot0XY,Kutai Sukbar,ChZDSUhNMG9nS0VJQ0FnSUNtbU5pNVlnEAE,https://www.google.com/maps/reviews/data=!4m8!14m7!1m6!2m5!1sChZDSUhNMG9nS0VJQ0FnSUNtbU5pNVlnEAE!2m1!1s0x0:0x76d12dcafe904bdf!3m1!1s2@1:CIHM0ogKEICAgICmmNi5Yg%7CCgwI3_fxjQYQgP61gQM%7C?hl=id,Morris Ginting G-MAIL,105967236984579829996,https://www.google.com/maps/contrib/105967236984579829996?hl=id,5,"Ini baru spot foto bagus. Sebenarnya ini adalah dermaga nelayan, ttp viewnya bagus sekali.
Parkir utk saat ini msh motor saja. Ada pak Slamet (seorang pengatur lalu lintas lokal) yg bisa dimintain bantuan utk jagain motor. Bayar seikhlasnya. Bisa parkir di pos ronda tepi jalan besar (ada tulisan parkir kutai sukbar) atau bisa didepan nasi goreng.

Sewaktu di spot fotonya (yg berjalan di gang menyusuri rmh2 warga) kami tdk dimintai retribusi. Semoga seterusnya. Tetapi utk menunjukkan penghargaan kami membeli kopi (5rb) dan stik kentang (10rb)+saus+mayonaise. Dan tyt enak juga. Mrk pandai memasaknya.

Semoga spot2 seperti ini dilestarikan dan tdk menjadi terlalu komersil. Terimakasih.",3 tahun lalu,2021-12-17T11:52:09,,,,245,227,1,,,[],"[{""id"":""CIHM0ogKEICAgICmmMTEhgE"",""url"":""https://lh3.googleusercontent.com/geougc-cs/AB3l90B6OgyMpG56Oi6pfigmNILhfshgV5vs6QFtrMhxuW0AwJDCNiRBpN5DZxa9YlmSBrNADqXLnqww7ojluJm5H4waXgnd7Uw9XZ8CFhAOtlKUBUyNEKwhxj9Ya-sDBHhdNERZDGk=s1024"",""caption"":null,""width"":4000,""height"":3000},{""id"":""CIHM0ogKEICAgICmmMTERg"",""url"":""https://lh3.googleusercontent.com/geougc-cs/AB3l90Dt7efP5cvBu9Tfvyt7GKDJGBc4A-9abdRX9O97ou1Xq6Xo7s119fIdL-0gjBqAzCOH8CCa7krdHft-oQy0xnG4ad3LgGboB-A-BZ75TZwWmq7FOgmVtOfHtUhzKFz-R7CtLl-U=s1024"",""caption"":null,""width"":4000,""height"":3000},{""id"":""CIHM0ogKEICAgICmmMTExgE"",""url"":""https://lh3.googleusercontent.com/geougc-cs/AB3l90C8Tl6jZdseUpdwk3e29yohV5FPqHpPWHhGVx_LuRiDHSLcn2vAL86YRAc9unXp1sDDY8osmB5Yq6V2R6MSkAgo7KTIQ0kIrEG1pNfpr7Im0bZ5-iJiTHq1iS2NFh2VtHU19QCu=s1024"",""caption"":null,""width"":4000,""height"":3000},{""id"":""CIHM0ogKEICAgICmmMTEJg"",""url"":""https://lh3.googleusercontent.com/geougc-cs/AB3l90CjThMDEU-UZ7mtTyKb3EAvvZQ2WPCkEmkHnca2DxbwWIqd_dPgYMz91q7FzPNDdb8ePOiclrNefwZ-hkqCDGAPYSZ0q2eHeZGG_jcXNf7vriJIHV4IlHqZCGZZhmVFIaKodmU=s1024"",""caption"":null,""width"":4224,""height"":3136}]"
ChIJFaoYW1UD2C0R30uQ_sot0XY,Kutai Sukbar,ChdDSUhNMG9nS0VJQ0FnSUN5M0t1bXRBRRAB,https://www.google.com/maps/reviews/data=!4m8!14m7!1m6!2m5!1sChdDSUhNMG9nS0VJQ0FnSUN5M0t1bXRBRRAB!2m1!1s0x0:0x76d12dcafe904bdf!3m1!1s2@1:CIHM0ogKEICAgICy3KumtAE%7CCgwI0eKwgAYQ-O2XxgE%7C?hl=id,Dyah Is,111127287088832777526,https://www.google.com/maps/contrib/111127287088832777526?hl=id,5,"Pantainya bagus banget. Pemandangannya indah.. tampak jempatan suramadu. Cozy banget buat makan, silaturrahmi, atau sekedar santai melepas penat. Menu andalannya ayam geprek. Tapi juga ada menu lain kayak ikan asam manis, udang, dll. Minumnya aneka jus.. harga nya murah meriah gambreng. Dijamin ga bikin kantong bolong. Rasanya Mantab banget gaes.. kalian mesti cobain & ajakin teman, keluarga, serta sanak saudara. Recommended site for vacation.",4 tahun lalu,2021-01-23T14:19:09,,,,83,16,1,,,[],"[{""id"":""CIHM0ogKEICAgICy3OudtQE"",""url"":""https://lh3.googleusercontent.com/geougc-cs/AB3l90BdZgTLu7XyJpkjcJa8ng8l0c8rxkLnujUb4CfFBmzLYMLrqfkDn-Lbfk1w_mCVo1Z0675G5szMqnFI2EEMrTonofQgBR7giJFRyG2CwtUJnjf6oug65r3auBpIiEVcVXVFfuCJ=s1024"",""caption"":""Kutai sukbar"",""width"":1079,""height"":810},{""id"":""CIHM0ogKEICAgICy3OuddQ"",""url"":""https://lh3.googleusercontent.com/geougc-cs/AB3l90AMUTQIiRIwm7OUm1RVkB_6hKUFo-Dng3czV17zHbqMSROnk_pWQgh9D8H_Og2-tDjSetNvS0w9hJVMGC2kcI6PbEoZhjCdiiBhL1sT6rRmimw0DTLyfUBF9I3mYiEhxJstVzyS=s1024"",""caption"":""Ayam geprek kutai sukbar"",""width"":1079,""height"":810}]"
ChIJFaoYW1UD2C0R30uQ_sot0XY,Kutai Sukbar,ChZDSUhNMG9nS0VJQ0FnSUNpMnV5S1pBEAE,https://www.google.com/maps/reviews/data=!4m8!14m7!1m6!2m5!1sChZDSUhNMG9nS0VJQ0FnSUNpMnV5S1pBEAE!2m1!1s0x0:0x76d12dcafe904bdf!3m1!1s2@1:CIHM0ogKEICAgICi2uyKZA%7CCgsIiJHs_AUQuI-VaQ%7C?hl=id,Muslimah Sila,104869307046840211696,https://www.google.com/maps/contrib/104869307046840211696?hl=id,1,tempat biasa aja ga sesuai ekspektasi.. sama kayak di pantai kenjeran.. mending dikenjeran masih ada pusat perbelanjaan mau beli makan ga susah.. disana ga kayak kafe lebih ke warteg tapi tempatnya deket bibir pantai itu aja sih beda nya no rekomend.. yg belum kesini dan penasran mending ga usah drpd smpai terus nyesel.. hiks,4 tahun lalu,2020-10-29T18:19:50,,,,100,275,1,,,[],"[{""id"":""CIHM0ogKEICAgICi2pza9wE"",""url"":""https://lh3.googleusercontent.com/geougc-cs/AB3l90AHsQFsrytOa02b7tyuZ8Ua3kOXZvgIp3oTKKqrwaw3Qfv83K9-tbMRrXVHNQAnzLuMPlpOXTVxkmO5wEFhamRLUFPMVUle6jHwj5QSxfkXZ7OvrqVXk9bX1hQ0G5pT6QXRKXze9A=s1024"",""caption"":null,""width"":3120,""height"":4160},{""id"":""CIHM0ogKEICAgICi2pzaDw"",""url"":""https://lh3.googleusercontent.com/geougc-cs/AB3l90AkOLWM0YNIH8lbu7fz8k3KqYsPSGY8CGEM2VLqYbSQhVimwqpuckBejwnjgsQ7VtMXaBtG-1GSDSTmS2JBTJB87EUnHwQQdRy-oyKMhu1T2PJC2_Z93QG3fGj4GNxBSxED_eu7=s1024"",""caption"":null,""width"":3120,""height"":4160},{""id"":""CIHM0ogKEICAgICi2pzajwE"",""url"":""https://lh3.googleusercontent.com/geougc-cs/AB3l90BPtoVauav38sYsQdqi6PdH1fqXojqRNLz4gG9pV_vBpWbvb5PDoVc6iDSv8OghgqxM3UEqXvn90KgLtW7RYJulw8DKAN0GExDcVBTSm3XYdLIPuv7me2inlhCwTIY56kq4qeLp=s1024"",""caption"":null,""width"":3120,""height"":4160},{""id"":""CIHM0ogKEICAgICi2pzaTw"",""url"":""https://lh3.googleusercontent.com/geougc-cs/AB3l90CBpCekvWJlrDZJIsPJe1z0KDbJRyt7LausnWvbyLGZ7jWpM7aAKsoI4i_nb8eEdUDDFZ6_ocoGUf1RgEhxRpyTzcMuNL8YcCis9Y7rPt1jwS9YA2nc345rmexDnHK1UH1G3p_q=s1024"",""caption"":null,""width"":4160,""height"":3120}]"
ChIJ-887R5wP2C0R_gizOVEtEeg,Pantai pandela,ChdDSUhNMG9nS0VJQ0FnSUNOelBhbV9RRRAB,https://www.google.com/maps/reviews/data=!4m8!14m7!1m6!2m5!1sChdDSUhNMG9nS0VJQ0FnSUNOelBhbV9RRRAB!2m1!1s0x0:0xe8112d5139b308fe!3m1!1s2@1:CIHM0ogKEICAgICNzPam_QE%7CCgwIiseFrQYQyKmloQE%7C?hl=id,galih akademik,116127931907664604283,https://www.google.com/maps/contrib/116127931907664604283?hl=id,5,"Pantai Desa Lajing (Pandela) di desa Lajing kecamatan Arosbaya kabupaten Bangkalan, destinasi besutan desa yang baru ditata. Terletak 5 km dari makan mbah cholil ke arah arosbaya. Tidak ada HTM, Anda cukup berbelok setelah jembatan, masuk pinggir sungai dengan jalan yang agak tidak baik-baik saja. Pantai ini berpasir putih sayangnya bibir pantai terlalu sempit. Seblahnya adalh hutan bakau dan mangrove. Ada toilet dan 1 warung. Kesini kaya pantai private karena pasti sepi. #literasyikgalih #kilasdokumenter @galih.wib",setahun lalu,2024-01-12T16:06:34,,,,375,1591,1,,,[],"[{""id"":""CIHM0ogKEICAgICNzPamQw"",""url"":""https://lh3.googleusercontent.com/geougc-cs/AB3l90D3fKuUkPx3tNF4yAgwt01cAJtIKaFW3xVWlXnqN3BYkZh74GOFtl8CKojSG_LElbWP7RLfY_PcxnG5cymcH6TBaJIq2UhlKrjRZbrBpmk8KYUV8kqP7qJFZHL-b9y44HrgIyQ5=s1024"",""caption"":null,""width"":4032,""height"":3024},{""id"":""CIHM0ogKEICAgICNzPamwwE"",""url"":""https://lh3.googleusercontent.com/geougc-cs/AB3l90A_oVj9F1C-NsjRLYQJvRQCm5FG62ITiYnlBbc4bNtkjLAxzwpeDZ5FgXivFqdvtqh6Pv4NqvuPWwj6gigUi-0PuPDl0U-6bEUxSyTqGaz0MIuPutDrXolEz90CceouekuLRs-Hfg=s1024"",""caption"":null,""width"":4032,""height"":3024},{""id"":""CIHM0ogKEICAgICNzPamIw"",""url"":""https://lh3.googleusercontent.com/geougc-cs/AB3l90Bkc5kilVjwV9syOVm9H0IFqXR1gDLasPtOCc2aJRync0GAym2xaGnaVtL7B2fH3ybWlltiKt7M-_B6qXvn9uTW31tmX8wHgNqZYO9evT0UAj_2FkX1CMgGsHT9OE5RGOwYnatp=s1024"",""caption"":null,""width"":4032,""height"":3024},{""id"":""CIHM0ogKEICAgICNzPamowE"",""url"":""https://lh3.googleusercontent.com/geougc-cs/AB3l90CButTjq89CvLut7ydmnuGIcehaZ1-L00qBeL-GkStpOXLk9tmKCLTtQREnUR824XiWH5A1hrImj2Fi_aJ6yL7Yghi8t0dsZWFwu8hVv5-OQn16BCgdNrVjH4yJtXp8QPQ7pdhGkQ=s1024"",""caption"":null,""width"":4032,""height"":3024}]"
ChIJ-887R5wP2C0R_gizOVEtEeg,Pantai pandela,ChdDSUhNMG9nS0VJQ0FnSUNtNU5uRDNRRRAB,https://www.google.com/maps/reviews/data=!4m8!14m7!1m6!2m5!1sChdDSUhNMG9nS0VJQ0FnSUNtNU5uRDNRRRAB!2m1!1s0x0:0xe8112d5139b308fe!3m1!1s2@1:CIHM0ogKEICAgICm5NnD3QE%7CCgsI1c37jQYQqKLoCw%7C?hl=id,Riky Saputra,114368432316218367493,https://www.google.com/maps/contrib/114368432316218367493?hl=id,4,"Pantainya bagus, cuma pas saya main kesana airnya surut :'(",3 tahun lalu,2021-12-19T08:01:25,,,,73,294,1,,,[],"[{""id"":""CIHM0ogKEICAgICm5NnDfQ"",""url"":""https://lh3.googleusercontent.com/geougc-cs/AB3l90CYMzW7CZptIntY8cZydP3RP7hyINyI7sO-OSU41lgjAyC52M24AemrtaFIMKYvMgIbbdhJDstA54WV2HwtFUMhg18RE8z9CyzV7eeyb3ga5MXdhyqFRDRlv2dwT-01rzopnHE=s1024"",""caption"":null,""width"":4000,""height"":1800},{""id"":""CIHM0ogKEICAgICm5NnD_QE"",""url"":""https://lh3.googleusercontent.com/geougc-cs/AB3l90BhYknDe3jmviU9nXIXFkzXhekozNglfUSSwp5CZA40f8fdOwkvVTiVka5dvCKdo-lC2E_a5gzg5VEhfldUQuH6n3yV9t4PyqSX34c5uQxdyKuxJSf_bNHhWkiJqCeBtuKAE4RYHA=s1024"",""caption"":null,""width"":4000,""height"":1800},{""id"":""CIHM0ogKEICAgICm5NnDAw"",""url"":""https://lh3.googleusercontent.com/geougc-cs/AB3l90BCOih2Z-NPiKKU1PwiPuvxwsRQiVFEYCqEIW7taPfICi9wjYiWsEv7RPH1LKakwMLv5QJBZiOlwcXr04BC8lw9y_8C2JJVxa60RuAtawdaH_UL9sCWj9kVwjIiq0brnZB30m0I=s1024"",""caption"":null,""width"":4000,""height"":1800},{""id"":""CIHM0ogKEICAgICm5NnDgwE"",""url"":""https://lh3.googleusercontent.com/geougc-cs/AB3l90CIGaWsS0O0tCy_fhAdXV1D55gZhmIdUPzTNzAKwc9tJoXgvWvxlK3zIjmKBUmLH5PsmJjhNR9dLSerOygYi5Mk4evvkkQHIez2OediifohU6ZqojucZYS79vPrdepzFQceNIK6=s1024"",""caption"":null,""width"":4000,""height"":1800},{""id"":""CIHM0ogKEICAgICm5NnDQw"",""url"":""https://lh3.googleusercontent.com/geougc-cs/AB3l90BKq9XcmbuJbWi5RwpBAJ8wzwUGWJoqWgy_mh-7EumfuoH1StHDLyOSHSSPRc0ffBauYIKRAjf5vacEerej6pI0ghfM99m-Xy4a3wjkxxAilsrZrLYOcVsyWHKf-lSH5mcHaRlz=s1024"",""caption"":null,""width"":4000,""height"":1800},{""id"":""CIHM0ogKEICAgICm5NnDwwE"",""url"":""https://lh3.googleusercontent.com/geougc-cs/AB3l90B9U4TF4jCe8OG6S2038Ts3d9wqumYDhGqFdDdhTSkJfvTpukUUKqpCCCG_xy1EJpkVc7CvE3TKAhcyDpXLlcNBOrexpV9s-7bokXoGJFHciR1W1ikoTMIRfD8EdwunD0i-kQECLA=s1024"",""caption"":null,""width"":4000,""height"":1800},{""id"":""CIHM0ogKEICAgICm5NnDIw"",""url"":""https://lh3.googleusercontent.com/geougc-cs/AB3l90BgMMt8dCBMpGnxR9jMyRFJ-b_PLGYz-5ZsTKmBXEcPrVjP5PGVpN8pInsvchPSVnbBt66yNLHst_bW8Ilv6HB7rDw05oJDUq-IdJ77f48xNAffA7aCuIjcHaO5uDg49bAFX8oJ=s1024"",""caption"":null,""width"":5360,""height"":1840}]"
ChIJ-887R5wP2C0R_gizOVEtEeg,Pantai pandela,ChZDSUhNMG9nS0VJQ0FnSURSdDU3V1Z3EAE,https://www.google.com/maps/reviews/data=!4m8!14m7!1m6!2m5!1sChZDSUhNMG9nS0VJQ0FnSURSdDU3V1Z3EAE!2m1!1s0x0:0xe8112d5139b308fe!3m1!1s2@1:CIHM0ogKEICAgIDRt57WVw%7CCgwIhpvXogYQoJq9ggI%7C?hl=id,Marhamah 1,114571926160025742504,https://www.google.com/maps/contrib/114571926160025742504?hl=id,4,"Bagus sunsetnya, kalau siang panas sekali
Ada penjual makanan ringan, disarankan membawa alas duduk biar enak",2 tahun lalu,2023-05-06T03:46:14,,,,2,4,,,,"[{""name"":""Waktu kunjungan"",""value"":""Hari libur nasional""},{""name"":""Waktu antrean"",""value"":""Tanpa mengantre""},{""name"":""Sebaiknya buat reservasi"",""value"":""Tidak""}]","[{""id"":""CIHM0ogKEICAgIDRt57WtwE"",""url"":""https://lh3.googleusercontent.com/geougc-cs/AB3l90D-T-oAJaZuIUcAJYc8qx1dyB8osxBfX27dzuj5BDR385C0thO9GXuFML974IrFhDM9rcmnCiWPz6PYl_s6xqyDm4KRzAEZbFRJ1ImdtAkfGmpAnXPqerDFBXhE8FuLYNkqv4hT=s1024"",""caption"":null,""width"":2250,""height"":4000},{""id"":""CIHM0ogKEICAgIDRt57Wdw"",""url"":""https://lh3.googleusercontent.com/geougc-cs/AB3l90B2Cnls5KE6HPtHZ5ddIclqKw2Qr9zbFuVXVcg13lA8BLfgx3RLYBZ0gQFJoEV2enuE0FIour3WUh4D1NZH3vfd5OD8zTczJV5lqXyWb-g06Ce2u1_MmNhzYU-THoES8sojYw7u=s1024"",""caption"":null,""width"":2250,""height"":4000},{""id"":""CIHM0ogKEICAgIDRt57W9wE"",""url"":""https://lh3.googleusercontent.com/geougc-cs/AB3l90DizseOkaY4nHLb-e8WFE3VWQOQiFjM5fZjuceBte_eLOvjPz5kMo9awkUNhs53QZcZZvFI5pErLaYApOs8ZzrmMo6nhWrljYJPt9FIrvDgsH8g1CcTt3_dwO-wiZUadBRJL3aHmQ=s1024"",""caption"":null,""width"":4000,""height"":2250},{""id"":""CIHM0ogKEICAgIDRt57WDw"",""url"":""https://lh3.googleusercontent.com/geougc-cs/AB3l90BwTrR9pjJoGpsauLzKjdZMvp9K2yQn05pswjYb0msLbcZZ1_uq6KaUehtDEB_Q0-JutN_UdZoqMtgrbF-uJNLfmbmdamgNO78sqSKnuKRKr3o2jjJ_-_ZvitXs5olAL45DwOYV=s1024"",""caption"":null,""width"":4000,""height"":2250}]"
ChIJ-887R5wP2C0R_gizOVEtEeg,Pantai pandela,ChdDSUhNMG9nS0VJQ0FnSURPa2ZHVHhRRRAB,https://www.google.com/maps/reviews/data=!4m8!14m7!1m6!2m5!1sChdDSUhNMG9nS0VJQ0FnSURPa2ZHVHhRRRAB!2m1!1s0x0:0xe8112d5139b308fe!3m1!1s2@1:CIHM0ogKEICAgIDOkfGTxQE%7CCgwI8eyblgYQsLCz1AE%7C?hl=id,Mama Asyam,101420415149127607016,https://www.google.com/maps/contrib/101420415149127607016?hl=id,5,"Pantainya bagus, hny saja bibir pantainya sempit. Meski begitu pantai nya indah.. cuma kalo ke sini jgn lupa pake krim sunprotector krn disini cuacanya sangat hot  jalan menuju pantai ini bs blom ber aspal.",3 tahun lalu,2022-07-07T15:05:16,,,,90,512,1,,,"[{""name"":""Waktu kunjungan"",""value"":""Akhir pekan""},{""name"":""Waktu antrean"",""value"":""Tanpa mengantre""},{""name"":""Sebaiknya buat reservasi"",""value"":""Tidak""}]","[{""id"":""CIHM0ogKEICAgIDOkYnRSA"",""url"":""https://lh3.googleusercontent.com/geougc-cs/AB3l90BVPeyYdKipdTNEDbOL4gOsJci9sxYC2W9E1vI_LSxJXmPdA5-i2NNxFfdztjMZ724SDr9gB69BS2HskjjhtfzCbCzN_9-Itysa2orihyp51fAS2JFwVnJN6bPyFLhKrNiEpGfE=s1024"",""caption"":null,""width"":3120,""height"":4160}]"
ChIJ-887R5wP2C0R_gizOVEtEeg,Pantai pandela,ChZDSUhNMG9nS0VJQ0FnSUNqckpibFVREAE,https://www.google.com/maps/reviews/data=!4m8!14m7!1m6!2m5!1sChZDSUhNMG9nS0VJQ0FnSUNqckpibFVREAE!2m1!1s0x0:0xe8112d5139b308fe!3m1!1s2@1:CIHM0ogKEICAgICjrJblUQ%7CCgsIyfmEsQYQ4MqgLw%7C?hl=id,Fiki,103413339653006823340,https://www.google.com/maps/contrib/103413339653006823340?hl=id,4,Tempat ini bagus untuk hunting sunset. Namun sepertinya sudah tidak difungsikan sebagai pantai untuk bermain ataupun berenang.,setahun lalu,2024-04-18T15:31:21,,,,150,2207,1,,,[],"[{""id"":""CIHM0ogKEICAgICjrJblsQE"",""url"":""https://lh3.googleusercontent.com/geougc-cs/AB3l90AxnkIsP9gdci6yYCa3KBmD-XoPWnBtwDksRn3Xo-To9a0caeC23ITA5ZmzQFTQB4cegL4QQVvA_4Ms4j7ZBHDd55MFQ_ShvF3F0ypepD3GMF_FQMtUeT6k5onhucfqYICePHzq=s1024"",""caption"":null,""width"":4032,""height"":2268}]"
ChIJ-887R5wP2C0R_gizOVEtEeg,Pantai pandela,ChdDSUhNMG9nS0VJQ0FnSUNEMUtURHpRRRAB,https://www.google.com/maps/reviews/data=!4m8!14m7!1m6!2m5!1sChdDSUhNMG9nS0VJQ0FnSUNEMUtURHpRRRAB!2m1!1s0x0:0xe8112d5139b308fe!3m1!1s2@1:CIHM0ogKEICAgICD1KTDzQE%7CCgwI2LKCsAYQ8Pm5tQE%7C?hl=id,abhiseka datezanitra,109083278229395920486,https://www.google.com/maps/contrib/109083278229395920486?hl=id,4,"baguss, paling deket dari surabaya dan lumayan agak bersih. such a good memory hehe <3",setahun lalu,2024-03-24T21:19:34,,,,13,31,1,,,"[{""name"":""Waktu kunjungan"",""value"":""Hari biasa""},{""name"":""Waktu antrean"",""value"":""1 jam+""}]","[{""id"":""CIHM0ogKEICAgICD1JTBxAE"",""url"":""https://lh3.googleusercontent.com/geougc-cs/AB3l90BTsduU_m2maROvzDfgk8v-XrHn9e-kMyr-l_rHTLS_HXtJ-yjDqRvjRvGpbvVFz228JHqrV7CZitTd9klD9J345EYKIDQkWr8OT8zMDJZFbubn_w3kosmoA8w_CGTGExeWSvG3_A=s1024"",""caption"":null,""width"":1536,""height"":2048},{""id"":""CIHM0ogKEICAgICD1JTBJA"",""url"":""https://lh3.googleusercontent.com/geougc-cs/AB3l90AilTE8udOnvuH87mwWE3zNgMCFqj0Bf4WaHqJmf4WI_OaNfRjvB2TkJ6hcPldjFJVxKjOLgdMK9JfVl1UCMBKTSZRmuto-vpOP9nqyyPNBKLXt4tFO2AWFnoxqRkhUnpAXjBqy=s1024"",""caption"":null,""width"":1840,""height"":2763},{""id"":""CIHM0ogKEICAgICD1JTBpAE"",""url"":""https://lh3.googleusercontent.com/geougc-cs/AB3l90A93AGC_uMnBTKt7a23c8XJlrQqrTQyQTPzbYZicS5vnerWiICsv-GkJCfSTuRbR04cVaqCPS4gmGgOb6NLnvvRS9IJfD5THdIi69vLkJ0jv0bh1EB8iH30x8kIYd0Egt5w9cc6=s1024"",""caption"":null,""width"":3024,""height"":4032}]"
ChIJ-887R5wP2C0R_gizOVEtEeg,Pantai pandela,ChZDSUhNMG9nS0VJQ0FnSUNtNll5X1lBEAE,https://www.google.com/maps/reviews/data=!4m8!14m7!1m6!2m5!1sChZDSUhNMG9nS0VJQ0FnSUNtNll5X1lBEAE!2m1!1s0x0:0xe8112d5139b308fe!3m1!1s2@1:CIHM0ogKEICAgICm6Yy_YA%7CCgsI_ZrGjgYQ-Mr-cA%7C?hl=id,Ade Puspita Sari,114184892676111491772,https://www.google.com/maps/contrib/114184892676111491772?hl=id,2,"Akses jalan masih batu Padas terjal, tidak ada penjual makanan dekat pantai ataupun wahana air, garis pantai ga terlalu lebar, tapi untuk ke pantai ini free alias gratis karena memang belum di kelola sebagai tempat wisata",3 tahun lalu,2022-01-02T11:33:06,,,,348,1855,1,,,[],"[{""id"":""CIHM0ogKEICAgICm6czg_gE"",""url"":""https://lh3.googleusercontent.com/geougc-cs/AB3l90AjFjRdb3Jso2UXTuXr8ormtelCazFuMK5ssd8RY9IupftfORg5JX9kuBmvxiwg0EAHl4oBSAWQLOcdtBwyakp2Koicen2hZluCzg1zSUlqWNlKA__Qo_YpY3JaUXlsBD4JDD4Krg=s1024"",""caption"":null,""width"":3120,""height"":4160},{""id"":""CIHM0ogKEICAgICm6czgAQ"",""url"":""https://lh3.googleusercontent.com/geougc-cs/AB3l90A-OyKH4P8mQh-vzuinvWOm661FFOBqFKIXLdHSeg-E7MfwLnd97f-d2867IX1rEGGtuh5XTnNqdHHK2JcKwSgP4M72z29D4W62Zrq0haxQ6A6vSH8Bo7ihdTgFeV8k0Cikx5OV=s1024"",""caption"":null,""width"":3120,""height"":4160},{""id"":""CIHM0ogKEICAgICm6czggQE"",""url"":""https://lh3.googleusercontent.com/geougc-cs/AB3l90Coci_HpRUgfTWOd9ZsmR_Delu8P92S0yP5Nl0A_PtPH8VmgVPwwC3vGu_sNeR0mIxvFCEzBE6VeQCr9nmBvCw6WBJEOkrzkezh_46MMAHoC9iD9-oabBmDax1R0j4VGSJN88xOjA=s1024"",""caption"":null,""width"":3120,""height"":4160}]"
ChIJ-887R5wP2C0R_gizOVEtEeg,Pantai pandela,ChZDSUhNMG9nS0VJQ0FnSUNtcFpLME9nEAE,https://www.google.com/maps/reviews/data=!4m8!14m7!1m6!2m5!1sChZDSUhNMG9nS0VJQ0FnSUNtcFpLME9nEAE!2m1!1s0x0:0xe8112d5139b308fe!3m1!1s2@1:CIHM0ogKEICAgICmpZK0Og%7CCgwI35PPjgYQ6OLyvAE%7C?hl=id,Yusrianto Sholeh,114289963282830084054,https://www.google.com/maps/contrib/114289963282830084054?hl=id,1,"Kotor,.
Tembok pembatas rusak kena abrasi. G ad taman2 bermain untk anak kecil. Perlu dEvaluasi lagi",3 tahun lalu,2022-01-04T04:15:27,,,,131,183,1,,,[],"[{""id"":""CIHM0ogKEICAgICmpZKC4QE"",""url"":""https://lh3.googleusercontent.com/geougc-cs/AB3l90BtycbWuHq71v3ipzsnxpEykX78MoZSuSzo48leKwdJqmxbezycWxkazQlTTJsfTzHjqEiD_wSmC-1GOKxmJKglJf5jGEu0DjtkNCYtmwAsZ9qufblnpADJsoMlt-traptypq3TOg=s1024"",""caption"":null,""width"":2250,""height"":4000},{""id"":""CIHM0ogKEICAgICmpZKCEQ"",""url"":""https://lh3.googleusercontent.com/geougc-cs/AB3l90DPUbsrFohJplh3Kq4Ghuzq8iPNuGskJxmmylNphN_dtMfX6-c3xd5g1-bShKFaukX6RX-KPumNIygBImxdSyBSZOJSPmwkhvKG36Rd7udt5i-yxhb24QeCIQImatDK8RCl9IGi=s1024"",""caption"":null,""width"":2250,""height"":4000}]"
ChIJsz4TFToD2C0RARlvgdn6f_g,Dermaga Rindu,ChdDSUhNMG9nS0VMU0x4SjNBdk9ENDF3RRAB,https://www.google.com/maps/reviews/data=!4m8!14m7!1m6!2m5!1sChdDSUhNMG9nS0VMU0x4SjNBdk9ENDF3RRAB!2m1!1s0x0:0xf87ffad9816f1901!3m1!1s2@1:CIHM0ogKELSLxJ3AvOD41wE%7CCgsIpaLXwQYQkIqqPw%7C?hl=id,Abiyyu Raihan Putra Wikanto,103918007955862950628,https://www.google.com/maps/contrib/103918007955862950628?hl=id,4,"Wisata Pesisir Laut yang dekat dengan Suramadu 

Atraksi dari tempat ini adalah struktur yang mirip dermaga di atas air yang menghadap jembatan suramadu serta gedung kapal yang tinggi. Lumayan untuk berehat dan menikmati suasana pesisir yang jarang ditemui di perkotaan. Anda bisa berfoto dengan properti foto menghadap Jembatan Suramadu atau bisa juga di atas gedung kapal yang tinggi.

Disini disediakan makanan dan minuman (karena memang aslinya adalah rumah makan). Harga untuk nugget adalah 13K dan Es Mango Yakult adalah 17K. Rasa Esnya sedikit kemanisan. Tersedia mushola bagi yang ingin shalat. Bagi pengguna motor dikenakan tarif parkir 5000 dan ada juru parkirnya.

Sayangnya jalan mulai dari gerbang kampung menuju ke tempat ini sangat rusak. Saya juga menyarankan bagi anda yang ingin untuk balik ke Surabaya menggunakan jalan di kiri SETELAH jembatan overpass dekat pesisir.

Jika anda menggunakan yang jalan yang menuju arah tanean maka anda harus menyebrang dari jalur pelan ke jalur cepat lalu berputar dimana kecepatannya bisa melebihi 80+ km/j!!. NB : Tips ini untuk motor, untuk mobil saya kurang tahu.",4 bulan lalu,2025-05-27T13:21:18,,,,564,2247,1,,,"[{""name"":""Waktu kunjungan"",""value"":""Hari biasa""}]","[{""id"":""CIHM0ogKEOOOxsWj9ezCzgE"",""url"":""https://lh3.googleusercontent.com/geougc-cs/AB3l90DpiamBDYX5w8vJgcam5u13w1i-hiElMW50TkWDwMe2P_5uF8h9XecwtOlB9fDOcCmfNcElaUKhV9ueBXcTyYO94I9QvLETe0HPkLeHqi3sc4Fn0g5U42aLz7M396emb1EeGSF1Qg=s1024"",""caption"":""Gerbang masuk, tempat pemesanan, dan mushola dilihat dari atas gedung kapal."",""width"":3060,""height"":4080},{""id"":""CIHM0ogKENv8v_7525XkrwE"",""url"":""https://lh3.googleusercontent.com/geougc-cs/AB3l90CLdO_DLLb_P_3Xld3JxZgvvxl1FScwkH-UPKVQkwsB3f_QySUaeTTO9B6u_bM3BGmGQ0jG9igsF7cQMmHubVGfc-jvjUIe2pa8yA968C2zXkelxtwKAIzlaVn9cJAP0mQ8sIUkkg=s1024"",""caption"":""Menu dan harga makanannya."",""width"":4080,""height"":3060},{""id"":""CIHM0ogKEM_euvnXk5_DWA"",""url"":""https://lh3.googleusercontent.com/geougc-cs/AB3l90CbgO1WYuUYED2ApgYf8HhL_Eb75E8T3yX7Yv4MCH_hjuBLCQ3-IikI4dgfB7Sqq80X6-f83Wp5uLCUVhvQyetyrUp_uEGV4zjWEzrFYUs14lsLIreD90NKGrBcTgXybFFvbr4=s1024"",""caption"":""Nugget dan Mango Yakult. Untuk nuggetnya tidak terlalu besar dan es mango yakultnya sedikit kemanisan."",""width"":4080,""height"":3060},{""id"":""CIHM0ogKEIXRuu2azML1JA"",""url"":""https://lh3.googleusercontent.com/geougc-cs/AB3l90BU-873c6CFY8tJSX7O9v7ZtvgAkOeg8YjCfUS_8G4fDqMKLSvw2-q3b9YQgBXdiLWCl96VW3TMnQ7GvZIdjtH1kDndT9sGaRasdDZONEzeLb17KgtgsAc7-mF1dz6v6zpCLNo=s1024"",""caption"":""Nampak restoran menghadap ke jembatan suramadu. Di depan sana anda bisa berfoto dengan properti foto yang ada atau juga bisa berfoto tanpanya "",""width"":2448,""height"":3264},{""id"":""CIHM0ogKEMWmzpnr1ob5KQ"",""url"":""https://lh3.googleusercontent.com/geougc-cs/AB3l90BAmQLo-zMzDUu2NsqZB270b8cD-ee0Zrj900gm5JK-Dadc91JWinPMRxF6aHsGsC8UfifimPzlS2bPthdmNuUFgJm32g3PzefYP_DLRuwtCDMY22QS3s7GrvQ--tlSamtUDYcn=s1024"",""caption"":""Nampak isi dermaga rindu. Perlu diketahui lambung kapal sepertinya adalah dapur dan ruang makannya di lantai 2 dan 3-nya."",""width"":3264,""height"":2448},{""id"":""CIHM0ogKEIawxeS3sobTIg"",""url"":""https://lh3.googleusercontent.com/geougc-cs/AB3l90B6ALqgMerrGIQ0olKwZ3P_inv7E1MT-ZsJBk_p3hbgZISZWLXaKWI1Y0YHWHLcAw_KMsGyYB3EQ8tsIKRHRrqvyFmS2UlwAF78_FaLP4zqgi0y7uDuo_4FT7HV6y5KBlzzXPB3=s1024"",""caption"":""Nampak lantai 2 dari gedung kapal. Dari sini anda bisa melihat jembatan suramadu dengan jelas maupun berfoto dengan \""setir\"" kapal. Ada juga meja makan."",""width"":2448,""height"":3264},{""id"":""CIHM0ogKEIKIt9aums2JEA"",""url"":""https://lh3.googleusercontent.com/geougc-cs/AB3l90AfOey0Zcl3SEZ4OXqjZc2SX_6r7IM3xobR2y5PM8tyNN65PvZEfzOVrPMsLSll30A4AdrHzcC5-cU1BEtfSFXSWy8oe343SRCbrQBWQz_Vg34EMKO6DPjnKnTwdnuZ4JTCWEw=s1024"",""caption"":""Lantai 2 dari kapal."",""width"":3264,""height"":2448},{""id"":""CIHM0ogKELyTitPIspqM1QE"",""url"":""https://lh3.googleusercontent.com/geougc-cs/AB3l90DQyRPzPbgMmzL-yhh4TCLUNNjn7t8R7J_-MpD5er2sOrrMON3CQ7O5Yn9p0vAPir61IvdmnPqTtGv8DC9g8p_b1lAXOl1J6v-JSd7ZjjrAXufjrEDTmLzbSLeZz78tN7K0aXEmFQ=s1024"",""caption"":""Mushola di gerbangnya."",""width"":2448,""height"":3264}]"
ChIJsz4TFToD2C0RARlvgdn6f_g,Dermaga Rindu,ChZDSUhNMG9nS0VONlE0dUxvXzVuVWFnEAE,https://www.google.com/maps/reviews/data=!4m8!14m7!1m6!2m5!1sChZDSUhNMG9nS0VONlE0dUxvXzVuVWFnEAE!2m1!1s0x0:0xf87ffad9816f1901!3m1!1s2@1:CIHM0ogKEN6Q4uLo_5nUag%7CCgwI7L7VwQYQiJLRiAM%7C?hl=id,Adhi Syailendra,115457958846806149296,https://www.google.com/maps/contrib/115457958846806149296?hl=id,5,"Datang Sore Hari, Tempatnya Tenang Sejuk Damai Dengan View Surabaya dan Jembatan Suramadu ...",4 bulan lalu,2025-05-27T06:45:00,,,,14,60,1,,,[],"[{""id"":""CIHM0ogKEICeiP-L5sSfnAE"",""url"":""https://lh3.googleusercontent.com/geougc-cs/AB3l90AjsfN531hIdHtLVVNDWyyftFdH3ne77lXPgXSdOxwNyfkeg9zw8UcrWU3czAguYXankgjb9ibnsDoB5319Ie29A6KIYoT3_B0sErRlEvAR-X_fXJEisl3CmbseXJbHAaFuu9Ybdw=s1024"",""caption"":null,""width"":1080,""height"":1920},{""id"":""CIHM0ogKEJnJ9Lbz9qq8twE"",""url"":""https://lh3.googleusercontent.com/geougc-cs/AB3l90A6Xslaa3iyP9ne5F2JKtGmLu4RTH3HkA63cyRe1VRicwV3Qt7ls7o7EHo3mh2v6vHCYYC-3PiIKAE-A5LWh-001mAczqWidCBbK2Q-GJTMnMhsdI5vzZSZUFeHurimi0JRCrLpnw=s1024"",""caption"":null,""width"":3000,""height"":4000},{""id"":""CIHM0ogKEJzOrKnrkfrHnAE"",""url"":""https://lh3.googleusercontent.com/geougc-cs/AB3l90BdyND94HNwc-ayK7gBVTssdLsoe-c0MIXwL1hoSYvAfBDVHefabe4x0jweR9KPVzPI595ToGvQcg0ExiUGIMTIkKmv9IQXq9-UNplafQudZ9EeDlmAUdRe_rOche8xbJ7Ysgjd2A=s1024"",""caption"":null,""width"":1200,""height"":1600},{""id"":""CIHM0ogKEPHpl6-vrZjsmQE"",""url"":""https://lh3.googleusercontent.com/geougc-cs/AB3l90DOcaAE6GskM1HJxYX_1BZphBW15e1r-g0RnLqWQTMNcVFJctcWChPEYEZgJHmIAouMfV6w7OzbeanGFVwrYM9q0cE0Wmh2SwKB8dBx7osOwl2g8XThBxAgVM48nSeIj-f3lVuVjw=s1024"",""caption"":null,""width"":1200,""height"":1600},{""id"":""CIHM0ogKEICf5ICIpZOwZg"",""url"":""https://lh3.googleusercontent.com/geougc-cs/AB3l90AULnaeXcBvfw3d7x61WDN25SkAm4MuWAZjQLwiM8cwxH8Y8h7DPyWE2Noz0-JV1y6A4bmkYJ1hYgvxz5I-su181TUMwzLAGSOAQaYWsb5IkX9orPyGumu0I__ohFQ6_d007GY=s1024"",""caption"":null,""width"":3000,""height"":4000},{""id"":""CIHM0ogKEJfV04jH89fVCw"",""url"":""https://lh3.googleusercontent.com/geougc-cs/AB3l90BSX_lRxTwfVIpnALwu-HzFRznZW2NeZiCsXA_K9w87hJonisg8N48MGXUGLJkQZ_t3-gAyEn65GQbSDfOcfVMQkYHPGTVZ1DgPjNZ5WPgOPI8RWgHX0PTe96NmXNrQqE8uA0UF=s1024"",""caption"":null,""width"":3000,""height"":4000},{""id"":""CIHM0ogKELPc9t2V7dXLoAE"",""url"":""https://lh3.googleusercontent.com/geougc-cs/AB3l90D5EFmbRH7Hj0wLChijgaoptn4KN02UFl79DktrS6guniai4v69sgMHW0CWCJtXGcE1KnCgN0xpGY81QWKX482B6FdDthAcP2fNumWzpyfFofHfWQy8Fh_TKXPuX1mdN9kxuIdPoQ=s1024"",""caption"":null,""width"":3000,""height"":4000},{""id"":""CIHM0ogKENqwhu3-v7eeRg"",""url"":""https://lh3.googleusercontent.com/geougc-cs/AB3l90ADTh0pzvXE7-93_NcQEGdhzJgi9gO7wARDWtSrDxZlXqF7qNLcWGY2vL6EJ1enI9hrLTnbJeb-trTXDOmc72o4ap7K-xpSe3p5r9KewscAQCk2-uIzmtsUEQbf2BV1BbKtOLE=s1024"",""caption"":null,""width"":3000,""height"":4000},{""id"":""CIHM0ogKEPaN6fmu0uWWMw"",""url"":""https://lh3.googleusercontent.com/geougc-cs/AB3l90BmmDh1WmE16wu29HAdhkKFfZgCoHNS1BfBJbEoOTCVg6pUWRgMXLDI35l2ZsIZi8M-hFgqE42UrcvTBtTOud9rGcvWgLjROSIJXW3VgNJKqbytsyj3-eg7SLzrBRFhJV6It9Ca=s1024"",""caption"":null,""width"":3000,""height"":4000},{""id"":""CIHM0ogKEJO_g-7k0KT9GQ"",""url"":""https://lh3.googleusercontent.com/geougc-cs/AB3l90D5ZdO_oCEUutrsCjaKfoaVvemd5c_MpYxRPlJmIhBDd-IRtHGoftr4BFjFJPo2JfNuEAlWrntPBXrt4gdHJPLMi9YZIieCcdYjqa4DNVnSANPx15Jwor1hAUeO2nb5kdT4Wyae=s1024"",""caption"":null,""width"":4608,""height"":3456},{""id"":""CIHM0ogKEPnR6MXe9YPoeg"",""url"":""https://lh3.googleusercontent.com/geougc-cs/AB3l90DhHQPZIaZumxNSx-UqBN3gAz8wH_bKPU5QYebxkq1GQkb3VstE8sZR75WQmXmn58JAcaXknUpYjbisT4q4XpU8DZtJArZjA5tcHNbk7JvaZJ-75OjlnHsYhyrrTDmd9iXcaeft=s1024"",""caption"":null,""width"":4608,""height"":3456},{""id"":""CIHM0ogKEMTEs-ib7N_7sQE"",""url"":""https://lh3.googleusercontent.com/geougc-cs/AB3l90CdaLS4lnbeLVlHYCYcW-4oFHiFWO9EUK_IzUZ0XlF22kHTHNxKYwhXAlMllbbQKbNEvJoIIRVB8WGRIAI0mAv-xUHiG2B8b1hvgC1muratrFbFCdrzxabWN1SloSJXP-DNIVuAFw=s1024"",""caption"":null,""width"":4608,""height"":3456},{""id"":""CIHM0ogKEOWJgILoq4vF0gE"",""url"":""https://lh3.googleusercontent.com/geougc-cs/AB3l90A99sAAsz3BZkk_sabT2LufOGwEW_WHVv0dq87-G6mDIkei1k_KY7Cd9gyzpdjCWxMkprsbR-SpJgjKIFyhXTqhB46skZJpcJ-yzvoe0mWN1kcl1oNPho1WhJ1SoAxVAQxYtjjBPg=s1024"",""caption"":null,""width"":4608,""height"":3456}]"
ChIJsz4TFToD2C0RARlvgdn6f_g,Dermaga Rindu,ChZDSUhNMG9nS0VJQ0FnSURiaV9IWUJ3EAE,https://www.google.com/maps/reviews/data=!4m8!14m7!1m6!2m5!1sChZDSUhNMG9nS0VJQ0FnSURiaV9IWUJ3EAE!2m1!1s0x0:0xf87ffad9816f1901!3m1!1s2@1:CIHM0ogKEICAgIDbi_HYBw%7CCgwIsO6AtwYQ0OCpkAE%7C?hl=id,Lukman Hakim Afifurrahman,106028674539886982819,https://www.google.com/maps/contrib/106028674539886982819?hl=id,4,"Datanglah ke sini diniatkan untuk menikmati senja dengan pemandangan laut tenang yang dilatarbelakangi oleh Jembatan Nasional Suramadu, cukup memesan minuman saja dan atau snack serta membayar parkir mobil 10rb parkir motor 5rb, anda bisa mengisi perut sebelum datang ke sini agar tidak merasa merugi.

Harga menu sebenarnya tidak terlalu mahal, juga tidak bisa dibilang murah, 10-20rb untuk minuman & snack, jauh lebih murah dari tempat sebelah (Kafe Pantai Rindu, yg mengharuskan 1 orang 1 menu seharga 25rb-an jika tidak pesan harus beli tiket masuk 10rb). Di sini tidak semahal itu, dan tidak ada tiket masuk jika tidak memesan menu, tetapi yang menjadi sorotan adalah kualitas produk yang disajikan sangat tidak sesuai dengan harganya dan banyak menu tidak tersedia.

Lokasi terlihat seperti kurang perawatan, kebersihannya juga kurang, tetapi secara struktural masih sangat kuat dan bisa dinikmati bersama keluarga dengan pengawasan terhadap anak-anak karena ada beberapa bagian yang kurang safety.

Sebagai penutup, kembali ke paragraf pertama, maka itulah yang kita cari dari tempat ini ",Diedit setahun lalu,2024-08-09T11:10:17,,,,288,1481,1,,,"[{""name"":""Waktu kunjungan"",""value"":""Hari biasa""},{""name"":""Waktu antrean"",""value"":""Tanpa mengantre""},{""name"":""Sebaiknya buat reservasi"",""value"":""Tidak""}]","[{""id"":""CIHM0ogKEICAgIDbi_HYxwE"",""url"":""https://lh3.googleusercontent.com/geougc-cs/AB3l90CB-7nxmvCi_QbQA0bRhXkXIs4C0vMNiAwegXE6XH7vh0DxIs4ZuTHDJ0FxjrNMixyrvwVNpGKFc1PAf3bjGDiN4M_Q2mw7xaFb1t2o7EFuN1KOFHFEfEpYH-AcpAqkbVsG-O2Qag=s1024"",""caption"":null,""width"":3956,""height"":2967},{""id"":""CIHM0ogKEICAgIDbi_HYJw"",""url"":""https://lh3.googleusercontent.com/geougc-cs/AB3l90AucPrHO9vSeqHX_5susq6VEBjKDUpi4GP-QU6l9xykb4U8ivx7xQq_g3kWczGhbLb1cFOJA9OYz0m5k2KvjtbvPddjx_oE47oMaUHjaDsuoSgNtRNgRDagsJkzxs4ScpeCTAp6=s1024"",""caption"":null,""width"":3357,""height"":2517},{""id"":""CIHM0ogKEICAgIDbi_HYpwE"",""url"":""https://lh3.googleusercontent.com/geougc-cs/AB3l90CHyTooTtA3coe31H7ztyaXMXKbIpPSGgYvx_rIrEaRpUcvxUTCdfPOlv4hx8Lsm6U-liBQEfcjcMBUEpgcT7TKPAtvr6b4bm_DcCSDWiw_FAxisefxLIO9Ch5plZvHfg6scdA1=s1024"",""caption"":null,""width"":4032,""height"":3024},{""id"":""CIHM0ogKEICAgIDbi_HYZw"",""url"":""https://lh3.googleusercontent.com/geougc-cs/AB3l90CGkN6P_MYUEL7bzM6JdSg4-pTijmWizWW1U2nXfYPT0gi3nPkOnKUQAkEOO32gl-bpVAKTombwz19RCySQikZIwZT3uE8Y7pWfMEg3T48Y1Ow1QTARAGCeNNh1WmcS4XCD6RM=s1024"",""caption"":null,""width"":4032,""height"":3024}]"
ChIJsz4TFToD2C0RARlvgdn6f_g,Dermaga Rindu,ChZDSUhNMG9nS0VJQ0FnSUNxN3ByTkdnEAE,https://www.google.com/maps/reviews/data=!4m8!14m7!1m6!2m5!1sChZDSUhNMG9nS0VJQ0FnSUNxN3ByTkdnEAE!2m1!1s0x0:0xf87ffad9816f1901!3m1!1s2@1:CIHM0ogKEICAgICq7prNGg%7CCgwIqIWytwYQgLbi-gI%7C?hl=id,Nuha Story,109703921983229232911,https://www.google.com/maps/contrib/109703921983229232911?hl=id,3,"Sebenarnya bagus dan sangat realite untuk dikunjungi, nyaman adem, dan jauh dari suara kendaraan. Tapi sayang sekarang sudah banyak yang gulung tikar, sebab kanh parkir yang mahal dan varian semua menu kurang ada pembaruan serta rasa yang tak sesuai dengan harga. Eman sekali!",Diedit setahun lalu,2021-06-07T12:36:39,,,,118,363,1,,,"[{""name"":""Waktu kunjungan"",""value"":""Hari biasa""},{""name"":""Waktu antrean"",""value"":""Tanpa mengantre""},{""name"":""Sebaiknya buat reservasi"",""value"":""Tidak""}]","[{""id"":""CIHM0ogKEICAgIDH85HDwgE"",""url"":""https://lh3.googleusercontent.com/geougc-cs/AB3l90B5ROa8Zt4rjbrBrQ4SXEVVunFWQmQD_tucVmdxit6_ucJRobFk6m-pDy_nfsSIC89JI0KUhBHDE_8Ss2X-7Imo1gSLxodPJHqDOoqK22YGTyvQm6jPpfCHtLsDclgXxIhkMqKAZg=s1024"",""caption"":null,""width"":1840,""height"":4000},{""id"":""CIHM0ogKEICAgIDH85HDIg"",""url"":""https://lh3.googleusercontent.com/geougc-cs/AB3l90AYmEKl6BO8ROVEM5mrgsqheK9FdEGN02Xsxc0WmltgdEdpnzZneghWATz05-JNGpr_dJ94kxfAsb_SYWEb0wSP7CqcZwllTFahsVXlKhsYcNcmzlq1xg7o4B4IuORzuhFRkmw=s1024"",""caption"":null,""width"":720,""height"":1280},{""id"":""CIHM0ogKEICAgIDH85HDogE"",""url"":""https://lh3.googleusercontent.com/geougc-cs/AB3l90B3n5snkhR-oLMdwbFPpAQ5swF-QHEDxn45z_NMS2i36vMX5VldFwmOpr6lq2xpCQkQJBQNe-HSaX36nItDM1v4V5G96Uv4DpAKRu9pA7lS9WFAT-bkl3kQCj6MQE7RGXs_XAWQ_w=s1024"",""caption"":null,""width"":720,""height"":1280},{""id"":""CIHM0ogKEICAgIDH85HDYg"",""url"":""https://lh3.googleusercontent.com/geougc-cs/AB3l90ClA6WGwITpaH4-Zh98y5j0Z9J7YxzyUkm_z09gXDOUESbJDq-wa2SWSVaQmbEl3LgrNx8hHCrQlywlrjpg8JWzmw-2M1fPFpqttlutz_F8UDL5jrub_nyx06wnHKDBpz_ACDmk=s1024"",""caption"":null,""width"":1840,""height"":4000},{""id"":""CIHM0ogKEICAgIDH85HD4gE"",""url"":""https://lh3.googleusercontent.com/geougc-cs/AB3l90Bakb_y0tZu1fGD1A1xRfgdPOy4VgFWl-Spd_QUu3zsADcBqciiof6G-YgFaBUH0n6DHaJp1J81TjONMeiYmnGCUOS2kiT0_DDhJ0iuZugtdcf1LhKKK46WnALII65n9MPK3m70eA=s1024"",""caption"":null,""width"":2592,""height"":1944},{""id"":""CIHM0ogKEICAgIDH85HDEg"",""url"":""https://lh3.googleusercontent.com/geougc-cs/AB3l90Bfwlip-z-bm3mN7heXlG00VYpgPRdoJcumA2jd8RwTzUh_Mwnd-5yLf3VckmZPwy5OpQpDIRgKCdMnh6SXyNakewpaFYI8IWpPgD0S_sH8fQNO1X0D8Ob87vgkMJnDnNUv4hov=s1024"",""caption"":null,""width"":1840,""height"":4000},{""id"":""CIHM0ogKEICAgIDH85HDkgE"",""url"":""https://lh3.googleusercontent.com/geougc-cs/AB3l90BgopezFs0SvWum7xs0IOYhrH6dDtKHdbkoCnXPeSNvy2kpQ1cLlLPqOqpH8wy47x_YkInFUYylRcOt9Hw5r4rcEW19UGPAB8F3WDUy-33In_cE-yKHaKeAYnTNzkVXaEBBPLYteA=s1024"",""caption"":null,""width"":1840,""height"":4000},{""id"":""CIHM0ogKEICAgIDH85HDUg"",""url"":""https://lh3.googleusercontent.com/geougc-cs/AB3l90D6YpYlWdFajL9n6YBbglGk0PWYeckFNLm80meeqXuaht-FvRSR0-F4VfiYxaq8VOTb4X0dkymaVCJLF82_-DliejaGjeX4idfh2CWihH0aPd49TspSqoxuOQ1c1xvYC3lMrCYi=s1024"",""caption"":null,""width"":720,""height"":1280},{""id"":""CIHM0ogKEICAgIDH85HD0gE"",""url"":""https://lh3.googleusercontent.com/geougc-cs/AB3l90BNE3ZZQ4_5GBx_qtlxQm0tDAIob2F8P4kUDiwykydW1y4UqAYMcMUGo6V7P5ZnEs--uHulZtfq-hS2MczlR1Ykzg_xaSlkYJMkgRcyniCaGq5zJ2zhyf_Wt1NfoF8qmfWlA1Ee=s1024"",""caption"":null,""width"":720,""height"":1280}]"
ChIJsz4TFToD2C0RARlvgdn6f_g,Dermaga Rindu,ChdDSUhNMG9nS0VJQ0FnSURQMC1QQ3J3RRAB,https://www.google.com/maps/reviews/data=!4m8!14m7!1m6!2m5!1sChdDSUhNMG9nS0VJQ0FnSURQMC1QQ3J3RRAB!2m1!1s0x0:0xf87ffad9816f1901!3m1!1s2@1:CIHM0ogKEICAgIDP0-PCrwE%7CCgsIkJ_GugYQ4P3dFQ%7C?hl=id,Ria Aprilia,110197774483795531081,https://www.google.com/maps/contrib/110197774483795531081?hl=id,5,Suasana di cafe ini enak banget tenang harga makanan dan minumannya jg gk mahal sangat terjangkau... Cocok dan sangat rekomen untuk org yg pengen cari ketenangan dari kota yg macet sekedar utk santai dan tenang. Pemandangannya jg gk kalah keren,10 bulan lalu,2024-12-05T11:33:36,,,,67,34,1,,,[],"[{""id"":""CIHM0ogKEICAgIDP0-PCHw"",""url"":""https://lh3.googleusercontent.com/geougc-cs/AB3l90DiozO7JXiIUDJzDpKpFbouuId6XKFJs4wUdSAsmy45z5vDNJ4R2cZ90VpiYPK-Ax7sZ-Q-zyRe9tYv4N1etreUkt3VgURQXCanzmcB8UzAvh63EDHpRv6A6PhQaqiMUNXSoDcT=s1024"",""caption"":null,""width"":1856,""height"":4096},{""id"":""CIHM0ogKEICAgIDP0-PCnwE"",""url"":""https://lh3.googleusercontent.com/geougc-cs/AB3l90AjCEtNy7J0ERrIjRKCrzGbdQwdqnFFlrUnqJQ9uBHXf8R3mjaSildwXsqCVP2NcavGnWHwflz72svuLd2SCSluiH78lwgogYASuUExjFrSVL0lZiENEjH9tPZxeSUKZ7lzsi9cSA=s1024"",""caption"":null,""width"":1856,""height"":4096},{""id"":""CIHM0ogKEICAgIDP0-PCXw"",""url"":""https://lh3.googleusercontent.com/geougc-cs/AB3l90B80-e7X48UEPd4jvY0w4Irw7wzJYHuhGDLuLuTgSxKePABxIe8E8dtgqbRZGR7wL47wypW1osOFvVVSbcUQM3_XUxSzaEpS4oVbSJUxtKBqxGdOb63k0ycqzaKgUek28_ysncy=s1024"",""caption"":null,""width"":1856,""height"":4096}]"
ChIJsz4TFToD2C0RARlvgdn6f_g,Dermaga Rindu,Ci9DQUlRQUNvZENodHljRjlvT205c1JUQndRbE15YkU1dVJYbFNSWFo0V21nMlZWRRAB,https://www.google.com/maps/reviews/data=!4m8!14m7!1m6!2m5!1sCi9DQUlRQUNvZENodHljRjlvT205c1JUQndRbE15YkU1dVJYbFNSWFo0V21nMlZWRRAB!2m1!1s0x0:0xf87ffad9816f1901!3m1!1s2@1:CAIQACodChtycF9oOm9sRTBwQlMybE5uRXlSRXZ4Wmg2VVE%7C0ctyYYG0UQ7%7C?hl=id,Mawar Cantik,102165470481673368153,https://www.google.com/maps/contrib/102165470481673368153?hl=id,1,"Harga ny mahal bangett tapi gak sesuai ekspektasi , tempat ny juga kotor, meja ny berdebu banget banyak tikuss lagi, mana kembalian nya GK di kasih kapokk ah , gamau kesini lagi",seminggu lalu,2025-10-09T14:09:21,,,,1,0,,,,[],[]
ChIJsz4TFToD2C0RARlvgdn6f_g,Dermaga Rindu,ChdDSUhNMG9nS0VJQ0FnSURSdDdLSml3RRAB,https://www.google.com/maps/reviews/data=!4m8!14m7!1m6!2m5!1sChdDSUhNMG9nS0VJQ0FnSURSdDdLSml3RRAB!2m1!1s0x0:0xf87ffad9816f1901!3m1!1s2@1:CIHM0ogKEICAgIDRt7KJiwE%7CCgwIx_7WogYQoMn8zAE%7C?hl=id,Ahmad Yusfi Bakhtiar,109229593983987120196,https://www.google.com/maps/contrib/109229593983987120196?hl=id,3,"Untuk mencari moment bersama pasangan halal, boleh dicoba.
Terutama bagi yang suka pemandangan laut, anda akan dibuat merasakan suasana yang santai karena memang di pesisir ini anginnya tidak kencang dan lautnya tenang.

ditambah anda bisa melihat gedung - gedung pencakar langitnya surabaya.

Untuk kopi tubruk di harga 15 ribu, dan chocolatos 15rb udah cukup mahal.

Ini harusnya renov lagi, setidaknya cat dan kayu2 yg sudah rapuh diganti.",2 tahun lalu,2023-05-06T02:44:29,,,,63,143,1,,,"[{""name"":""Waktu kunjungan"",""value"":""Hari biasa""},{""name"":""Waktu antrean"",""value"":""Tanpa mengantre""}]","[{""id"":""CIHM0ogKEICAgIDRt7L7xQE"",""url"":""https://lh3.googleusercontent.com/geougc-cs/AB3l90DQEeP5JTucngkiEDoHczhlnHh1dkMPzzuqnvsOX6GXjjt2RmQ4WjrRolNLO-BR6ucrTpwg4dMzRLap0qadHav_hdfH_UH-Lkrarp7Oa_bYsQX8q08b0aKocKpb-W3f3FPx9ID69g=s1024"",""caption"":null,""width"":3000,""height"":4000},{""id"":""CIHM0ogKEICAgIDRt7L7JQ"",""url"":""https://lh3.googleusercontent.com/geougc-cs/AB3l90CmYx9kjl-NcwNcHkGPICPOg3fO_Xb-1niXLI69FYzjCDIz-DED67jpyrXYtwFsPDY1F8KtNqRZngfuMBhDiTdzueEl6QfKupiVd_Cpq5B2LFnM6xOUX2E2el_wimGRfXzHAjkx=s1024"",""caption"":null,""width"":1080,""height"":1920},{""id"":""CIHM0ogKEICAgIDRt7L7pQE"",""url"":""https://lh3.googleusercontent.com/geougc-cs/AB3l90CdBxS_ZSaZlUtXeJCw7KgAAax_7guffOLlG0oFid3WVp4_F8wpgAch7wL3rLeEWWT-RmQSFsWAZK9BiAYgfdtxK9rAxU_4eRnDj6lb6dOkLZ6YTCmwRiwRYZewB9btyPrioJxRAw=s1024"",""caption"":null,""width"":3000,""height"":4000},{""id"":""CIHM0ogKEICAgIDRt7L7ZQ"",""url"":""https://lh3.googleusercontent.com/geougc-cs/AB3l90Cf6Jdc8D_Fjssb9RRKr1yGzFGioJzc5c_M998HQbmAfV5shO79FZMbGnvBXCsWkxBn7BecTk_-H8Juls_rTr6K72B6veG-YS3mKOXpQXGO0YKvDXSr7_2Pa7xCqV78lLVKXfnO=s1024"",""caption"":null,""width"":3000,""height"":4000},{""id"":""CIHM0ogKEICAgIDRt7L75QE"",""url"":""https://lh3.googleusercontent.com/geougc-cs/AB3l90A2W_Eg0PXjw-sllzSiwG2iLGF_vjqM3W0c1tODP6LrNB62PouXjw_0blusO8BKcGD_WJjc34QSBxOasoz7dPkdgPiMSXOVmbz182lvATl6iZvcj_zFSEWkptoOSsromUvMkElX0g=s1024"",""caption"":null,""width"":3000,""height"":4000},{""id"":""CIHM0ogKEICAgIDRt7L7FQ"",""url"":""https://lh3.googleusercontent.com/geougc-cs/AB3l90ACK51yXxaLKwnEJpkDKrXYmhemWNvXF6i0xHPs-g0B4ICWeDIkIGI7jrNDadPumOibb6f2ijRtYeGsaMFEVrjLmpAxCLJHq_mN5k98RdzEjoveK7GTMHxqkOJTPIkEPv2wGL0V=s1024"",""caption"":null,""width"":2448,""height"":3264},{""id"":""CIHM0ogKEICAgIDRt7L7lQE"",""url"":""https://lh3.googleusercontent.com/geougc-cs/AB3l90C_cmNRxFQWWLEuopUcJsSekA6BWT5ZvQL-t2gjG-knmR0NZfKA6F0e7sSzPldUgjoLqIn1hp1eYBjESuRsmSEeZ5FscX89Bcl4MsXh5oYdAl-mUv9he0R6ttlmRhC6vQ6W6m1-=s1024"",""caption"":null,""width"":3000,""height"":4000},{""id"":""CIHM0ogKEICAgIDRt7L7VQ"",""url"":""https://lh3.googleusercontent.com/geougc-cs/AB3l90BrafBMPF10kX-dtzDY3FShLNjNh5wtcZ6i2aNGRa3jicwQXckJlLiz0UnJsWYQ6rCrUsasdHB1I8lVA-JajlRsKBXxqijbsNXMxXFaW7zk4ZwjBkL23n8eESNIoMR9fYLlu-M=s1024"",""caption"":null,""width"":3000,""height"":4000},{""id"":""CIHM0ogKEICAgIDRt7L71QE"",""url"":""https://lh3.googleusercontent.com/geougc-cs/AB3l90DSsILZ3KOFUzhC2P5RXCJeJCiZaYuvhQjr_05M_KEYZ-tc57syf5DzT5CGXdFzydHz_BhoFEJVOK9G2uUgObohEoCFv3WAMDQ6locKCCIikR3W8k8Q6U3at6WxJkwHaYWIuPBw=s1024"",""caption"":null,""width"":3000,""height"":4000},{""id"":""CIHM0ogKEICAgIDRt7L7NQ"",""url"":""https://lh3.googleusercontent.com/geougc-cs/AB3l90C2AGf1LofvWceoacS1t4mxB2T4v1oF3El4Th1SEWXoXi93wimyo9KdSV3JvYXH-BVr1vVfVWtv6Wg8k3AzV-5sfNBoB8EgDOAC93wLWv8QnmK1873eTuoWhDa3oy5f1dl9p0xa=s1024"",""caption"":null,""width"":2448,""height"":3264},{""id"":""CIHM0ogKEICAgIDRt7L7tQE"",""url"":""https://lh3.googleusercontent.com/geougc-cs/AB3l90DhuXoYIYc9tNufuYvBfWvfx0ITvOVhcsc_aOz1FlG_W3HBia2s5P9MDgMa0MBQzXELK9FeOc8ZNWP25Q5hhxQiH7GMhsZU-EmN9gpWTgAAFkgfUks7--t2Hq01rLv3JcM0qHKnSg=s1024"",""caption"":null,""width"":2448,""height"":3264},{""id"":""CIHM0ogKEICAgIDRt7L7dQ"",""url"":""https://lh3.googleusercontent.com/geougc-cs/AB3l90B4fnlir_U2htVfXtA5GqDh0QaA4U-aYmqEcYsEn6Wead2zG4tft1LX-F0BTBRgY4sNVNb2i-3NoTGgQ65yHHyt3K7RXSpZODVvAEvd-dI4SYfixq3i0siyDXu8rHKtYzV2M-h9=s1024"",""caption"":null,""width"":2448,""height"":3264}]"
ChIJsz4TFToD2C0RARlvgdn6f_g,Dermaga Rindu,ChZDSUhNMG9nS0VJQ0FnSURtMDlIaFdnEAE,https://www.google.com/maps/reviews/data=!4m8!14m7!1m6!2m5!1sChZDSUhNMG9nS0VJQ0FnSURtMDlIaFdnEAE!2m1!1s0x0:0xf87ffad9816f1901!3m1!1s2@1:CIHM0ogKEICAgIDm09HhWg%7CCgwIjvOJkAYQoPHgvQM%7C?hl=id,Chintya Dinni,117510178940447148129,https://www.google.com/maps/contrib/117510178940447148129?hl=id,5,"Bagus.. Ngga ramai, tenang, suasana pantai bangkalan madura. Tempat parkir lumayan luas. Tp akses kesana agak sulit kyk nhelewatin hutan atau apa itu yg jalannya kecil dan berupa tanah belum di aspal. Cafe pinggir psntai yg recomended buat yg mau cari suasana baru..

Pelayanan oke banget.. Kita pesan di awal br masuk ke tempat cafenya

Makanannya juga lumayan oke untuk sekedar cemil2",3 tahun lalu,2022-02-08T14:08:32,,,,104,167,1,,,[],"[{""id"":""CIHM0ogKEICAgIDm09GP6QE"",""url"":""https://lh3.googleusercontent.com/geougc-cs/AB3l90DdEu4sBTKBMWvgfEhi2bdiVve7bo-mtmiHqM-zha90D5JgQhw27dayMtI5NrFRAKwncs2wMvkv0-xuXaBvLyYn25GGkFYyggkXb2RkscDOltiQjINRbdYxsSLvSv1MgR7kniN4PQ=s1024"",""caption"":null,""width"":3120,""height"":4160},{""id"":""CIHM0ogKEICAgIDm09GPGQ"",""url"":""https://lh3.googleusercontent.com/geougc-cs/AB3l90CQV-2r2hXzlnPEawX58YjAmGcblgh5zw6M-CZw5K5FPF88xes6oznSvnQNMcRPQztBqAIcx0hGYchxzq2rHa-R8zXLtn1DC-cKPjUvKK2AAd7Wk0Z1F2cOr9qTT6R8ED8s9k3I=s1024"",""caption"":null,""width"":4160,""height"":3120},{""id"":""CIHM0ogKEICAgIDm09GPmQE"",""url"":""https://lh3.googleusercontent.com/geougc-cs/AB3l90BBgxGnyf4Z7kymx90MmSzjxBcgoi-2-_gZ1gapikqqs8KdfkE3pv1Q-Gmpw_9OSFw83TgnZuuJz0s4kN-c6CDYvF6ff_8-QfwBpypmSBnlAHyrcJhIb4LmQZpYLW2Mb29acxoYcw=s1024"",""caption"":null,""width"":3120,""height"":4160},{""id"":""CIHM0ogKEICAgIDm09GPWQ"",""url"":""https://lh3.googleusercontent.com/geougc-cs/AB3l90CuPmFl7U3YTggFXv6GvNQ7r6ixzvYlIfIEmbctTPOztN7dH_I8euR1A9KtVYcFDPJuSnmRwPC-TGp0sjThgeACtakZKXfV6IB-b4jv4LoSidvnuk_OcnlbprTAy4OqJtOUXNks=s1024"",""caption"":null,""width"":3120,""height"":4160}]"
ChIJ-ZhJ6VEG2C0RUbuouwLtOMk,Mercusuar Bangkalan,ChZDSUhNMG9nS0VJQ0FnTUR3eDRhNE5REAE,https://www.google.com/maps/reviews/data=!4m8!14m7!1m6!2m5!1sChZDSUhNMG9nS0VJQ0FnTUR3eDRhNE5REAE!2m1!1s0x0:0xc938ed02bba8bb51!3m1!1s2@1:CIHM0ogKEICAgMDwx4a4NQ%7CCgwIxqWbvwYQyN2siAI%7C?hl=id,Achmadda Najdan (Alaikassalam),110457698402599077452,https://www.google.com/maps/contrib/110457698402599077452?hl=id,5,"Situs peninggalan dari zaman sahulu, yang sekarang menjadi peninggalan bersejarah untuk generasi penerus bangsa. Sebagai salah satu tanda bahwa kejayaan bidang maritim NKRI sudah tercipta semenjak dahulu, dengan adanya suar menandakan adanya transportasi laut yang cukup ramai diwaktu itu bahkan sampai sekarang.",6 bulan lalu,2025-03-28T16:48:06,,,,70,148,1,,,"[{""name"":""Waktu kunjungan"",""value"":""Hari biasa""},{""name"":""Waktu antrean"",""value"":""Tanpa mengantre""},{""name"":""Sebaiknya buat reservasi"",""value"":""Tidak""}]","[{""id"":""CIHM0ogKEICAgMDwx4a49QE"",""url"":""https://lh3.googleusercontent.com/geougc-cs/AB3l90CA1ugv-KlLhj6JWRjN60rzLOPYqFCO6bDWMGwBzstqzvZpMyJXqB2K6L0OauxOwf_GwviFPACZ4qWGW10uZfnt9LtUyeIKA7GOVdPj_KMu9IiBJQRWE9YSP4E2yh3FNavTMOuGWw=s1024"",""caption"":null,""width"":2294,""height"":4080},{""id"":""CIHM0ogKEICAgMDwx4a4DQ"",""url"":""https://lh3.googleusercontent.com/geougc-cs/AB3l90BCkTkGs1SbBhRcbosVJs4BG0XXps4nvRdOU04SNURDynOhc9cgUl9ePQljYefeLMMwC4WkXQvwuYCjpmJqjN2QG6PlO-VO2mnHxqeNJzuCY1kwV3kwArEq3ckEUftNJ2rFrJim=s1024"",""caption"":null,""width"":1836,""height"":3264},{""id"":""CIHM0ogKEICAgMDwx4a4jQE"",""url"":""https://lh3.googleusercontent.com/geougc-cs/AB3l90BMRM5VDdaBQGf0CCHoVohdRMf-b3qzf1i1iOVkgaFePKxj3gfBUEkfFZv0NGBSNnVlljB-xoB5Wt-gXXPEt6--CbTtyTeMYQj9vfzZTWFaxoodzoezl_TR9kUVOXoRe4D_mG72dQ=s1024"",""caption"":null,""width"":2294,""height"":4080}]"
ChIJ-ZhJ6VEG2C0RUbuouwLtOMk,Mercusuar Bangkalan,ChdDSUhNMG9nS0VJQ0FnSUR2dWMyRDhBRRAB,https://www.google.com/maps/reviews/data=!4m8!14m7!1m6!2m5!1sChdDSUhNMG9nS0VJQ0FnSUR2dWMyRDhBRRAB!2m1!1s0x0:0xc938ed02bba8bb51!3m1!1s2@1:CIHM0ogKEICAgIDvuc2D8AE%7CCgsIiPCduwYQ6NGpdQ%7C?hl=id,Rob,113693273296915008774,https://www.google.com/maps/contrib/113693273296915008774?hl=id,5,"Mercusuar ini harus dilestarikan, karena bangunan bersejarah ini merupakan aset peninggalan kolonial. Meskipun fungsi utamanya tidak berjalan lagi seperti dulu, namun ini bukti saksi bahwa Bangkalan merupakan lokasi yang penting pada masa itu. Ayo warga Bangkalan peduli pada sejarahnya.
Masuknya gratis, namun sayang sekarang dikunci dan hanya orang tertentu yang dapat masuk dan naik hingga ke atas.",9 bulan lalu,2024-12-22T02:23:04,,,,865,1399,1,,,"[{""name"":""Waktu kunjungan"",""value"":""Akhir pekan""},{""name"":""Waktu antrean"",""value"":""Tanpa mengantre""},{""name"":""Sebaiknya buat reservasi"",""value"":""Tidak""}]","[{""id"":""CIHM0ogKEICAgIDvuc2DSA"",""url"":""https://lh3.googleusercontent.com/geougc-cs/AB3l90C35eBOQ8OM6sXtYZp2EzqIXyVHMtrZjj4ZTDxGrkSgoPXchT1pMERWwsirzmEt-IjCEHzJE2hOVVY2_f-F_liCVvDkcBcSQdRx5C4HkZs-6X9ZsJuTxx4X14zyZqrm9Tm62OkO=s1024"",""caption"":null,""width"":3024,""height"":4032},{""id"":""CIHM0ogKEICAgIDvuc2DyAE"",""url"":""https://lh3.googleusercontent.com/geougc-cs/AB3l90BJO4za1hnAXa-Puu9-u8RSLtBlr4zUe7BE4V6AGij6mVpOV539T2ZA7lkkO2Tt1gbITriQUyouO6UwaOMDRjSbOSSfcR70B59gyTR5KUIsD7DvfCdnJ2ZHn0DbkMlw3JqzGKqmWg=s1024"",""caption"":null,""width"":3024,""height"":4032},{""id"":""CIHM0ogKEICAgIDvuc2DKA"",""url"":""https://lh3.googleusercontent.com/geougc-cs/AB3l90D6k3B1af5wXd2nRnZ6scns_JRieq_zWuLAUE-dS4bZ2g3puTfmYPq4rD3VK31W6NqnCk_0hvekDw0LjAqrAqt9kn-5FWzQ_Vy7P9FY7d_dCLNQ8vIfCvZiLm_ejHy4D9f8SsI=s1024"",""caption"":null,""width"":3880,""height"":5184},{""id"":""CIHM0ogKEICAgIDvuc2DqAE"",""url"":""https://lh3.googleusercontent.com/geougc-cs/AB3l90AzTSFDm2R5zpXnSxUvwYfWUmhLKasXNGiFly1lc2WDHbVBfE-__wsxUiTWWDVSkkUAvx1uA3lcC0kqafX275_wRSE_31i5jNt_5pq_Raxm-7DZc7RIRkICnrRGbiypZVAXxXuSRQ=s1024"",""caption"":null,""width"":3880,""height"":5184},{""id"":""CIHM0ogKEICAgIDvuc2DaA"",""url"":""https://lh3.googleusercontent.com/geougc-cs/AB3l90BOctN_IT6HyGOnl0WIHwC9P1Er7X0RfhhG0_mxFrJQGUzmSI2Dz-1yTfDm9MsMHp9ICkXWp-jFrDgicZTrcxnBl-UsF1zIk4oOQBNbW42yDRo-dCiHs5Y8SBJhaOL3As7dCAdZ=s1024"",""caption"":null,""width"":3024,""height"":4032},{""id"":""CIHM0ogKEICAgIDvuc2D6AE"",""url"":""https://lh3.googleusercontent.com/geougc-cs/AB3l90BHnyi762Plnw7TNnEljVucBQi2brEMTHQQEf2a4aXHmt9ds0eakD9f_jaWyiD0-9VkJddbvp-RUaLOaAhipLKvi8YWqChDnfktzWktVRHFTv07K8YdayoAS2WuZaOvErkZ_mgV8g=s1024"",""caption"":null,""width"":3024,""height"":4032},{""id"":""CIHM0ogKEICAgIDvuc2DGA"",""url"":""https://lh3.googleusercontent.com/geougc-cs/AB3l90CUWgGUZdtYxYN2OXvm3YthWYaxymXj1DoCw4fK3i013zSn1uc7V7wxyHHc5Brt0RHbstVBeF43UGBEglZKLgWOSWZ5CYvoxJptxCzeb-Ljt1wus4HETjQqf-6Hle2iEUhX9Zc=s1024"",""caption"":null,""width"":3880,""height"":5184}]"
ChIJ-ZhJ6VEG2C0RUbuouwLtOMk,Mercusuar Bangkalan,ChZDSUhNMG9nS0VJQ0FnSUNPdF9TQ0VBEAE,https://www.google.com/maps/reviews/data=!4m8!14m7!1m6!2m5!1sChZDSUhNMG9nS0VJQ0FnSUNPdF9TQ0VBEAE!2m1!1s0x0:0xc938ed02bba8bb51!3m1!1s2@1:CIHM0ogKEICAgICOt_SCEA%7CCgsIze3LlQYQuMa3IA%7C?hl=id,Ahmad Zaini,103238094199390698635,https://www.google.com/maps/contrib/103238094199390698635?hl=id,4,"Sbnernya klw akses jalan cukup bagus, tidak terlalu lama nyampe sana dari makam syaikhona Holil. Tempatnya ada di dalam seperti benteng gitu. Pas di sana tdk ada orang. Mungkin ada perbaikan dan sudah Maghrib. Pemandangan jalan sebelum lokasi bagus banget. Mungkin bisa berangkat sebelum ashar biar dapat view bagus",3 tahun lalu,2022-06-22T11:02:25,,,,279,1028,1,,,[],"[{""id"":""CIHM0ogKEICAgICOt_TKFQ"",""url"":""https://lh3.googleusercontent.com/geougc-cs/AB3l90AobHN6mhw-G-kOJAgd7O6Gedx98ayGzlbNdzrQ1gpyNlH8LVkfszF0qbo3V0Bb5621MIJYin1QAWLAuejRqN2umZfe8BViseEZRbcCizZXIuouBIFc3JgYub9M7ojFFf-JRZ8=s1024"",""caption"":null,""width"":1808,""height"":4000},{""id"":""CIHM0ogKEICAgICOt_TKlQE"",""url"":""https://lh3.googleusercontent.com/geougc-cs/AB3l90BeU27qzrCIQjZTD0JDpMx1zu3Nk4Y5mvtRrlKWpOgdAalbFtCMEinHOvF_sQNfqxqozPrCMpdxNx_RGBmtJ7xUWjB8_1Th7fiIOTd4TpjRB0pLJIBTIpBwHSJqeu5nuNR_o2cVSg=s1024"",""caption"":null,""width"":1808,""height"":4000},{""id"":""CIHM0ogKEICAgICOt_TKVQ"",""url"":""https://lh3.googleusercontent.com/geougc-cs/AB3l90Ckn94h5ae1d37RKLaOQXmCDvOrVFTMmDTX1pOl7E2MmoOtN6QYm86U8a28QAMI4itLNa8klnZzdM7D8QSqA73AMHVvz1pRfM7S8pZQnpoTIcDIAk3bAldCZURMBPKWGtyxetYf=s1024"",""caption"":null,""width"":1808,""height"":4000},{""id"":""CIHM0ogKEICAgICOt_TK1QE"",""url"":""https://lh3.googleusercontent.com/geougc-cs/AB3l90B8KAmUV8Do8pG_MFm8hKj6FcQ6W9hkx1CotazJ_kLlH49aIpM9Cn4J_Xb6o_nE5ZVS0EGAvLW_2QdztVrIOIz_lXpqwmpM20NgZC5swMyq0gF4hugI3Tt59MGywBruWF633gqOmQ=s1024"",""caption"":null,""width"":1808,""height"":4000},{""id"":""CIHM0ogKEICAgICOt_TKNQ"",""url"":""https://lh3.googleusercontent.com/geougc-cs/AB3l90AvegLc34eIBW6P_ocQ135BHKUIp-NW9I4VIJK0VbqjhNDIyJb6E-eQei5o8-fiF8w8F1ywPisiXPsTqVo5d0oDiZzR4QKzwDbmxp0JOAe0X6t3UiAKtpAXiZeaYztG2UgF9Mw=s1024"",""caption"":null,""width"":1808,""height"":4000}]"
ChIJ-ZhJ6VEG2C0RUbuouwLtOMk,Mercusuar Bangkalan,ChZDSUhNMG9nS0VJQ0FnSUNtNmF6VFZ3EAE,https://www.google.com/maps/reviews/data=!4m8!14m7!1m6!2m5!1sChZDSUhNMG9nS0VJQ0FnSUNtNmF6VFZ3EAE!2m1!1s0x0:0xc938ed02bba8bb51!3m1!1s2@1:CIHM0ogKEICAgICm6azTVw%7CCgsIxZ3GjgYQsOTeNQ%7C?hl=id,Ade Puspita Sari,114184892676111491772,https://www.google.com/maps/contrib/114184892676111491772?hl=id,3,"Akses jalan ke mercusuar lumayan mulus jarang yang berlubang, tempat parkir juga lumayan luas, sayangnya mercusuar saat ini sedang tutup dikarenakan ada anak tangga yang rusak dan masih dalam tahap maintenance. Ada penjual Jajan di sana Pastikan bawa uang cash dan besin terisi full soalnya dari kota ke lokasi lumayan jauh dan jarang menemukan pom bensin.",3 tahun lalu,2022-01-02T11:38:07,,,,348,1855,1,,,[],"[{""id"":""CIHM0ogKEICAgICm6ezA8gE"",""url"":""https://lh3.googleusercontent.com/geougc-cs/AB3l90AsXuxziSvSyX3TgYZ1n9_mHQCw_cMRtrUtyzrs_JuoB7MAnscMAXgmmW2tAOpVKmzuGEjjbLtFTNRPcFOwFUXI7x3lNeVgyN5MUc1s9qXwdTgtpUgotv30rNSymGvE335qhf0tNA=s1024"",""caption"":null,""width"":3120,""height"":4160},{""id"":""CIHM0ogKEICAgICm6ezACg"",""url"":""https://lh3.googleusercontent.com/geougc-cs/AB3l90C7TRjaEoQrfhOGZDENvaNa0cLyGhiuxRoXXzUoxNVM6AnKWogECr7gzb4dJZfSbccKb6Bptq1IBKO-K9SDBGnY1WbX6HvxEG5MzAboFLRSfCghTZCdKzB53vVeg4ZomnDCtdoC=s1024"",""caption"":null,""width"":3120,""height"":4160},{""id"":""CIHM0ogKEICAgICm6ezAigE"",""url"":""https://lh3.googleusercontent.com/geougc-cs/AB3l90AuUCGTZUItVLbHXPKllKMOoJT4MqwWCBSdssID1e11pzA6KlOmyFcqZ5IbD7yCA0CaFeOHCIutwNpaaxmYxAorBhqsyF2_c8YE5uxCozNdwtlAQm9Zk-uoLGyHIT1xrkJ1S59KGw=s1024"",""caption"":null,""width"":3120,""height"":4160},{""id"":""CIHM0ogKEICAgICm6ezASg"",""url"":""https://lh3.googleusercontent.com/geougc-cs/AB3l90BydeHTBVThgz0s1dPR1BdfMSjLk7AEK2rmITLQxjdKE5c-ii_z2_WOdpkxwNbwATYG9vOO5KquzThy44-kgcE2_0pzMkQSc9jdfB1oDfJFe_kQ8682aWSSvpT6YRSzGCmJLmW-=s1024"",""caption"":null,""width"":3120,""height"":4160},{""id"":""CIHM0ogKEICAgICm6ezAygE"",""url"":""https://lh3.googleusercontent.com/geougc-cs/AB3l90C3pVB7sU3ExkcibjmO03qs9uoB9NWYx8TqAJ2ZswNYxz0oEkmyCIX1GdG24SmLpXIgkA_IvkyioXMUUmoC0PE13Cg8aJMWkgX3UTT4rWigaamtf_jrYVdYQw0Z6nR2A_e1UK5g4g=s1024"",""caption"":null,""width"":3120,""height"":4160},{""id"":""CIHM0ogKEICAgICm6ezAKg"",""url"":""https://lh3.googleusercontent.com/geougc-cs/AB3l90BTGJIbkUAdWfLe8NB0umert6cV_asTFQhlIN6hOADVYvLexpsKG8itPp0pjMafR54FpOg4PA9byxa9Yw7jyLVDfUHoGwRpDfwsmaSlHdZyTYpC5HvwQ6OJHLtYk1gAtuc1fYE=s1024"",""caption"":null,""width"":3120,""height"":4160},{""id"":""CIHM0ogKEICAgICm6ezAqgE"",""url"":""https://lh3.googleusercontent.com/geougc-cs/AB3l90BpiCLB473htPidnJXXZXP6J2FHPmteLXc4yG2y3EZrMGocMFBzizdNpXi1wvTYFH91AH-0_97tRazU1Nhha1b7OyHO2AE7O8iBkdHSiAfDqYCHXtFh-7cqHMBTRpLukFFz5Fpu0w=s1024"",""caption"":null,""width"":3120,""height"":4160},{""id"":""CIHM0ogKEICAgICm6ezAag"",""url"":""https://lh3.googleusercontent.com/geougc-cs/AB3l90Dq5PkHqXwU2RDzb6x0qz4qjRCmDQtE6tSF_jEbnCMb5KgHqv9Fz-uR62HDfoh7getjJnOU0CmXt5W13osLGYAbOYUav6h7-DT_NXHoy9U-ISRRMmeEHWjX1HqIgBDNJPTNqgOg=s1024"",""caption"":null,""width"":3120,""height"":4160},{""id"":""CIHM0ogKEICAgICm6ezA6gE"",""url"":""https://lh3.googleusercontent.com/geougc-cs/AB3l90BqinE6XLCdyYD-X0AmGT3vYklpzOy98n8FIrUoglnFHnqNuUEC6QQL8wNY7RTsL7Otq5lsm1JzCbYQ1Pi0kn3VWH8Mg7NI6sHOfz1IoKplWu0l0aTaT-M3H5LYpFzMe3HAywVHdA=s1024"",""caption"":null,""width"":3120,""height"":4160},{""id"":""CIHM0ogKEICAgICm6ezAGg"",""url"":""https://lh3.googleusercontent.com/geougc-cs/AB3l90A2L7LZqOINxp152cj2amZR_LSNBq_zijHJ428Ud9aPeO82ZC8Ic0ROdwYwz59osEvQ8qwCq0AfTJXHtAE8oA2qVIFwBYfFRxbzUjKgxbNgx2o8262N1a4TZewX9JZiFwnuGLC-=s1024"",""caption"":null,""width"":3120,""height"":4160},{""id"":""CIHM0ogKEICAgICm6ezAmgE"",""url"":""https://lh3.googleusercontent.com/geougc-cs/AB3l90CXOr-NfvCJ3xxA_oViGSIyrN6tNBhd3V9nmIFPXWY8ARn1rfcEi9EnO6etnFpTIPFMkNB7-vVLm728ViiRqnoDtx3juQimaBzAOW3urUg62qC86yyojiqm5bu7ATYvZW1lin1M=s1024"",""caption"":null,""width"":3120,""height"":4160},{""id"":""CIHM0ogKEICAgICm6ezAWg"",""url"":""https://lh3.googleusercontent.com/geougc-cs/AB3l90AI-igPwIEAA65Y3VfG45RF_40ZaoYZNesWNG_Ichot6sNuSznzmvgcqKPTGHgmaQw-9GFEBU5QGnKbgqAINt4Hv6SZyBUPOTK_J85Z7wr6Jf3e6LZMMd1gZOYrJ_NAvfh9-2QV=s1024"",""caption"":null,""width"":3120,""height"":4160},{""id"":""CIHM0ogKEICAgICm6ezA2gE"",""url"":""https://lh3.googleusercontent.com/geougc-cs/AB3l90BCLlm598b6KRryALbLcFVs8_DjOk-1zm4hizhn9vDFV3MIjCr0d5__z2MJZH8szR_rHuV5J9Ppb4pfh7AeMzsyIRInOgpSJBLyP1PLUrHjA9Of6otB74ah_19WSvWZrI5Dqsc6yw=s1024"",""caption"":null,""width"":3120,""height"":4160}]"
ChIJ-ZhJ6VEG2C0RUbuouwLtOMk,Mercusuar Bangkalan,ChZDSUhNMG9nS0VJQ0FnTURJbnViUFBnEAE,https://www.google.com/maps/reviews/data=!4m8!14m7!1m6!2m5!1sChZDSUhNMG9nS0VJQ0FnTURJbnViUFBnEAE!2m1!1s0x0:0xc938ed02bba8bb51!3m1!1s2@1:CIHM0ogKEICAgMDInubPPg%7CCgsIwe7cvwYQ4K_3FQ%7C?hl=id,IU Rahyyyu,107512780032471091924,https://www.google.com/maps/contrib/107512780032471091924?hl=id,4,"Tidak boleh naik ke atas ..

Hnya boleh masuk ke mercusuar dilantai dasar saja",6 bulan lalu,2025-04-10T03:13:05,,,,2,16,,,,[],"[{""id"":""CIHM0ogKEICAgMDInubP_gE"",""url"":""https://lh3.googleusercontent.com/geougc-cs/AB3l90A-XZGCLI7xKYKE6xQo3FaJOChKWpacvirO5jNG1uuqjWDmVctN_I_m8jCQy8n93NFsHHBipLqY2v6IfMTcLwrXOAEytZOU1Z645SDr0PSpdsiKExDLtA-QC37lVIG1s2do9adH=s1024"",""caption"":null,""width"":3480,""height"":1128},{""id"":""CIHM0ogKEICAgMDInubPAQ"",""url"":""https://lh3.googleusercontent.com/geougc-cs/AB3l90AuAHpp9Tw2ugjh5Sit3_AlWXN4V02UdejMU1mebMg9EdnWvq6IRTNujNkUutM8fl6ZYGS0OwizXI8KaOxsU2onRvLtTx-nMcmb5QQw2BpXIXw_FpExLhh_nkvs_QqYumtB16To=s1024"",""caption"":null,""width"":1118,""height"":1690}]"
ChIJ-ZhJ6VEG2C0RUbuouwLtOMk,Mercusuar Bangkalan,Ci9DQUlRQUNvZENodHljRjlvT2kxQmRteHVORkJSV0VSdlZrY3dTMHMwVURkNFoyYxAB,https://www.google.com/maps/reviews/data=!4m8!14m7!1m6!2m5!1sCi9DQUlRQUNvZENodHljRjlvT2kxQmRteHVORkJSV0VSdlZrY3dTMHMwVURkNFoyYxAB!2m1!1s0x0:0xc938ed02bba8bb51!3m1!1s2@1:CAIQACodChtycF9oOi1BdmxuNFBRWERvVkcwS0s0UDd4Z2c%7C0caZ9b6vtpG%7C?hl=id,Adis Rhm,114885343760578567627,https://www.google.com/maps/contrib/114885343760578567627?hl=id,5,Parkir. Gratis. Ada warung di depan mercusuar. View laut lepas.,2 bulan lalu,2025-08-11T19:21:11,,,,50,63,1,,,[],"[{""id"":""CIABIhCMpxnUn2zKGMWOCxCLtvtd"",""url"":""https://lh3.googleusercontent.com/geougc-cs/AB3l90BQ0aRgvCv63UsZy50TZsgUT2-OsQR0HT_sfeZ9eTfvCQUhN8GiEBS4x2w-F1oWFaW6ipYrk5EhVOEKMXOt-c5XOl2RBGo94Ad-EoPNvvQdb7KBc8QRDpOTeOiwdIjHV-EsDKBJR70RdWYV=s1024"",""caption"":null,""width"":2144,""height"":3152}]"
ChIJ-ZhJ6VEG2C0RUbuouwLtOMk,Mercusuar Bangkalan,ChdDSUhNMG9nS0VJQ0FnSUNtb3ZPWTFBRRAB,https://www.google.com/maps/reviews/data=!4m8!14m7!1m6!2m5!1sChdDSUhNMG9nS0VJQ0FnSUNtb3ZPWTFBRRAB!2m1!1s0x0:0xc938ed02bba8bb51!3m1!1s2@1:CIHM0ogKEICAgICmovOY1AE%7CCgwIj5KOjgYQ6LCW_AE%7C?hl=id,Evv2,115952666077982486789,https://www.google.com/maps/contrib/115952666077982486789?hl=id,5,"Akses masuk mercusuar sudah ditutup. Tapi tetap banyak pengunjungnya. Di sebelah mercusuar ada tanah lapang, sangat disayangkan disitu banyak sampah plastik, padahal tempatnya nyaman untuk piknik. Suasananya sunyi, adem, juga bisa lihat burung di rawa.",3 tahun lalu,2021-12-22T20:08:09,,,,228,1191,1,,,[],"[{""id"":""CIHM0ogKEICAgICmopuFrAE"",""url"":""https://lh3.googleusercontent.com/geougc-cs/AB3l90Dml2MWQOmUdBThPt0nRbtYNW5uLzD_PDitSe09pdONnZXKt7nBkgdN4PUwJmmR2rFOH54FEkNf94YJpjNt7NYeXfWsPzZfgHNfRYLjyE83-3wfjT805RorgpFFN8C-OcWRwuqQ1Q=s1024"",""caption"":null,""width"":6000,""height"":3368},{""id"":""CIHM0ogKEICAgICmopuFbA"",""url"":""https://lh3.googleusercontent.com/geougc-cs/AB3l90A_lALXs80XQrL7_4J9rsEe8J1E2JE6rudyBjptruXZI8csQ0W9dKn5XEabwqUkiipgrIDInRUnSeGO1T2bnfCweCHRu9-2YVFxyXHFz2IjQgzNXqs7CojQzftnO3kQqyz0J0Xw=s1024"",""caption"":null,""width"":6000,""height"":3368},{""id"":""CIHM0ogKEICAgICmopuF7AE"",""url"":""https://lh3.googleusercontent.com/geougc-cs/AB3l90DCoEiLgN2AQe6EOaE_fY6P_aA-TSEV22hQ1wZxvXZfjV-gg1h-EEF-fCHu8hvAD32hinEl1BqlqP5WCBMayeAkq-Mkhdu-RbPCeVICSErxVzD9AsZ-UuDX7v4iJs_hYVKHx5UgOw=s1024"",""caption"":null,""width"":6000,""height"":3368},{""id"":""CIHM0ogKEICAgICmopuFHA"",""url"":""https://lh3.googleusercontent.com/geougc-cs/AB3l90CwLyG-BoPo2t1M0Orzxa8tEgsjqXkbhfSB0uFHF-VSHRuZDKJQzIx7rd1Vs_2Z0RrlHQIT6VJtxttTeEm5MpqMTiWrKzO0vBxz_yvUto_pA6SumuByzRLL_AQkpyguh_4ZSdGd=s1024"",""caption"":null,""width"":6000,""height"":3368},{""id"":""CIHM0ogKEICAgICmopuFnAE"",""url"":""https://lh3.googleusercontent.com/geougc-cs/AB3l90BFZG-zvFwFsbeLhelTft_iCOzV8M29iv11lfo32Wxmy2-I4jSFTYJCH318jS5cNN8qANFAcXLljct7uKEhwR-nUsNo2qxnDDWoGltTkmas6OGj0jdkhwrqVJ3hWzMuTLR7Gq35Cg=s1024"",""caption"":null,""width"":6000,""height"":3368},{""id"":""CIHM0ogKEICAgICmopuFXA"",""url"":""https://lh3.googleusercontent.com/geougc-cs/AB3l90CojgDf5msfzLvYyoVOxgS0hme4iqWhrbH_PYDgTp4imf6Xt06zcyf6O1KQ08jRFtActnR6BAZLi9G-hdZRenweNCGkMrn2DahtTsSFIAM4GS9QKFEuFgutSQnE6C1RqUGpmuCv=s1024"",""caption"":null,""width"":6000,""height"":3368},{""id"":""CIHM0ogKEICAgICmopuF3AE"",""url"":""https://lh3.googleusercontent.com/geougc-cs/AB3l90BJLY7R_lEwAoS2kj8Wp3XhE8v2NBjX5bzVVSKu5CvoY5ErVLDw1wtFuiM2LCBTRwAIs3lVz3rn3hsvqbgsvJOaUQqaMI6q2I-WJN8eTBQK1tL6mQIq_ETf4cPKcFnAzhTOknTM=s1024"",""caption"":null,""width"":6000,""height"":3368},{""id"":""CIHM0ogKEICAgICmopuFPA"",""url"":""https://lh3.googleusercontent.com/geougc-cs/AB3l90CXJn70DKuDyW28E7UxeYiwXa6HFgo8su5leBSj_0Xlj5HEBgWiR_oG_yzzDdoyKSR0stt2iwEAo3twsFJOkcRwCUV1gGKxfHgH-T5wTxH-cEC1BgEbXSgJ-vUMpbp8ugtnbvPd=s1024"",""caption"":null,""width"":6000,""height"":3368},{""id"":""CIHM0ogKEICAgICmopuFvAE"",""url"":""https://lh3.googleusercontent.com/geougc-cs/AB3l90CSBO7mawR3UDWNJVKC9S4Feh6kQsAgOUThcCyo2jSKqFeqcSawf3Amh4MHl16O5tkeYxNDIDikkcNKkn8SfGyA2Hy8Bq_Cs9NZYYNlhf_SVAcFUbLxiLI3w6DGPBvxcmeIoleYWg=s1024"",""caption"":null,""width"":6000,""height"":3368},{""id"":""CIHM0ogKEICAgICmopuFfA"",""url"":""https://lh3.googleusercontent.com/geougc-cs/AB3l90BCcwRNCFtRhBK2YubFoZcCgjKSz6W-WotcqSfm9qh5oLaNE5RdiGvV90WkRNkC8wX9a7yKnwzspvZ_7p93HM77UtdgFw-XWfbsdV_WsEYTMIE3KxC7OwgVvfoZYoikkmU6F02N=s1024"",""caption"":null,""width"":3368,""height"":6000},{""id"":""CIHM0ogKEICAgICmopuF_AE"",""url"":""https://lh3.googleusercontent.com/geougc-cs/AB3l90A8YxY-OiKj3Fz4Qd2MnyP1sIjid284b3keekXvuUEg4QPUdU38IBUFFfIdX4X9rz515v_8A8gZSo8ZBKHrU7RcYJEVCRJ-t-VkX5H56-4ZR9TgqYgEhUKkSrVBeAdchJc8EAYF=s1024"",""caption"":null,""width"":3368,""height"":6000},{""id"":""CIHM0ogKEICAgICmopuFAg"",""url"":""https://lh3.googleusercontent.com/geougc-cs/AB3l90DjajnqflXUxKbz8zGnU0jrqtVNPDy_Aryy7YiAay1jAwExr7yXvoiabBvq8vkjcfcBCO5_P4R-J5kTVcHuYKxx3aPDBcmUHT5EjUuXXr_JpSCQ8IK04t90rE0hZ-55h4M4Qac=s1024"",""caption"":null,""width"":3368,""height"":6000},{""id"":""CIHM0ogKEICAgICmopuFggE"",""url"":""https://lh3.googleusercontent.com/geougc-cs/AB3l90Bk-eCB4oOP6rvPuT_YksememVTu7-Trh1K3ZuJ_dWOfXIPcyBnMBScAmgWBY4RpCtesRrAW6Y8KIPD1YjG0J6Qtur_DJl960hZszjqqdHswLy9KT1LlgLlFoEGEtOB07XJNkk13Q=s1024"",""caption"":null,""width"":3368,""height"":6000},{""id"":""CIHM0ogKEICAgICmopuFQg"",""url"":""https://lh3.googleusercontent.com/geougc-cs/AB3l90DCypXYHWrQSkZlrrF4i_Yd18ew7V0uzSfoemQp7Z0SSKrKwzaGvPLAppBlhOaYDBMbtej1LaWDCd9t2WdpGiiLbV1iHJvEiCor2tC8btgaPdiH-DXD0RpwiexnQVYPGNrs_R46=s1024"",""caption"":null,""width"":3368,""height"":6000}]"
ChIJ-ZhJ6VEG2C0RUbuouwLtOMk,Mercusuar Bangkalan,ChZDSUhNMG9nS0VJQ0FnSUR1Z1pxQVhREAE,https://www.google.com/maps/reviews/data=!4m8!14m7!1m6!2m5!1sChZDSUhNMG9nS0VJQ0FnSUR1Z1pxQVhREAE!2m1!1s0x0:0xc938ed02bba8bb51!3m1!1s2@1:CIHM0ogKEICAgIDugZqAXQ%7CCgwIn-SomAYQ2JfZvgM%7C?hl=id,Hasby Asshiddiqi,104399137394092329336,https://www.google.com/maps/contrib/104399137394092329336?hl=id,5,"Over all bagus. Toh ini kan masuk kategori bangunan bersejarah, bukan tempat entertainment. Untuk akses jalan lumayan bagus. Di area sekitar juga terdapat penjual makanan.
Cocok lah untuk sekedar holiday sembari berburu foto selfie yang apik di sini.",Diedit 3 tahun lalu,2022-08-22T08:56:18,,,,24,181,1,,,[],"[{""id"":""CIHM0ogKEICAgIDugZrkEg"",""url"":""https://lh3.googleusercontent.com/geougc-cs/AB3l90DA2LCWBYKAwsR5m-E-Zm_rNhzI7yHWGNxllHn_QQwJ7LutSaEDqfnx5PFOs95M0IgodfbSmRl76pAx8O-B22Krsz3BmEkZ-Q-TNjvUeUKqnncspmeTyhz3XjLfs0zdmo_Gol8=s1024"",""caption"":null,""width"":6120,""height"":8160},{""id"":""CIHM0ogKEICAgIDugZrkkgE"",""url"":""https://lh3.googleusercontent.com/geougc-cs/AB3l90BRtXYGRvQhP0wGK9wAL2jMVehOFByaGRu8814rq22rsWq82zdapML0wHwzh_PuoHROXrHL7MWMYFDl1n42mo7mkfkQsmnDXFjlxP4Xux587yjqvW-M6RUh-RQ8ZVMxa9NQtqyG5w=s1024"",""caption"":null,""width"":6120,""height"":8160},{""id"":""CIHM0ogKEICAgIDugZrkUg"",""url"":""https://lh3.googleusercontent.com/geougc-cs/AB3l90COUHdCiB6XSZdHaxO3MgJDCZaXSGCjHnBLKwa1EIVR0X9PCtilxoSH8KoDRjDEDJPkN355V04k2-9xJKXKhtoX1LYNXVO4jFPcbjWROsVRxOHo_pnMKoSODetf-vQLwfPj3Amd=s1024"",""caption"":null,""width"":6120,""height"":8160},{""id"":""CIHM0ogKEICAgIDugZrk0gE"",""url"":""https://lh3.googleusercontent.com/geougc-cs/AB3l90BcG28rN2y1a4iRv0XxPQDvZry6QOLfLjfjtmpTfScjHUZPxmYWpmWSLTOAC4okW5RpEK27EK7gYwWrsMUvrbkXmTHvaetI4b5n3yRYObehD0pLxodtFD0ygCn6_Qz3dJWf3C8j6Q=s1024"",""caption"":null,""width"":8160,""height"":6120}]"
ChIJFxo8JgAd2C0R_aPR_uC4egE,Wisata Tebul Bahari,ChZDSUhNMG9nS0VJQ0FnTURJMHBxUlBBEAE,https://www.google.com/maps/reviews/data=!4m8!14m7!1m6!2m5!1sChZDSUhNMG9nS0VJQ0FnTURJMHBxUlBBEAE!2m1!1s0x0:0x17ab8e0fed1a3fd!3m1!1s2@1:CIHM0ogKEICAgMDI0pqRPA%7CCgwIk9zUvwYQ-ISY-wE%7C?hl=id,Mohammad Qowaidul Umam,107864953595292046939,https://www.google.com/maps/contrib/107864953595292046939?hl=id,5,"Suasana bagus, cocok buat kumpul-kumpul lama.

Makanan dan minuman bisa beli di dalam.

Worth the price.",6 bulan lalu,2025-04-08T14:09:23,,,,6,4,,,,"[{""name"":""Waktu kunjungan"",""value"":""Hari biasa""},{""name"":""Waktu antrean"",""value"":""Tanpa mengantre""},{""name"":""Sebaiknya buat reservasi"",""value"":""Tidak""}]","[{""id"":""CIHM0ogKEICAgMDI0pqR_AE"",""url"":""https://lh3.googleusercontent.com/geougc-cs/AB3l90CsIyH8NzThV4pfD0sqhvqylb8SpezDii0zmZS53WH8jFAeUlpeMwrAXUD8IYxMm9QVhZb464eoc_nz9QkisZRhmrWBpDZQOtyf2jm4k3QT94-pqcaLSmn8iDfVBVhLzozhI2Oprg=s1024"",""caption"":null,""width"":4080,""height"":2296},{""id"":""CIHM0ogKEICAgMDI0pqRAg"",""url"":""https://lh3.googleusercontent.com/geougc-cs/AB3l90DB73LKJHKA4cFjCdskDS5xzLtJhbHQBj5fo1wSJ_Y8nuXth90SrzQ4bHbx0ynVE31fv3mRpaU0z4wrm6Pu8mpriI6U3nPaZBLwUuRKC-uaWDIWFtee_oyNqbIkGis7vi1vcIM=s1024"",""caption"":null,""width"":2296,""height"":4080},{""id"":""CIHM0ogKEICAgMDI0pqRggE"",""url"":""https://lh3.googleusercontent.com/geougc-cs/AB3l90Bs6dBzA0TJUxIrYT0FvYf1tzWSU9IQxkxq27Z5B4FG7MwyK4Qd_cuC3jSzBHiSPeKhY3bci8onkNnufMlgwVKbiOaWY9QwTYfF8pjHkXsY6F5hd_zePbefk2oGUrryVcUEs7Q0vw=s1024"",""caption"":null,""width"":1080,""height"":1920}]"
ChIJFxo8JgAd2C0R_aPR_uC4egE,Wisata Tebul Bahari,ChZDSUhNMG9nS0VJQ0FnTURnel92QlRBEAE,https://www.google.com/maps/reviews/data=!4m8!14m7!1m6!2m5!1sChZDSUhNMG9nS0VJQ0FnTURnel92QlRBEAE!2m1!1s0x0:0x17ab8e0fed1a3fd!3m1!1s2@1:CIHM0ogKEICAgMDgz_vBTA%7CCgwIuoKHvgYQiO2DigM%7C?hl=id,Luqman Ateng,108125633511485083809,https://www.google.com/maps/contrib/108125633511485083809?hl=id,5,"Wisata tebul bahari sangat bagus,tempat cukup menarik tapi harga sangat relatif murah,wisata nuansa lombok,semoga kedepannya semakin berkembang untuk menarik para wisatawan good job!",7 bulan lalu,2025-02-28T13:59:22,,,,5,5,,,,"[{""name"":""Waktu kunjungan"",""value"":""Hari biasa""},{""name"":""Waktu antrean"",""value"":""Tanpa mengantre""},{""name"":""Sebaiknya buat reservasi"",""value"":""Tidak""}]",[]
ChIJFxo8JgAd2C0R_aPR_uC4egE,Wisata Tebul Bahari,ChZDSUhNMG9nS0VMWHU1b1h4OTdiSlJBEAE,https://www.google.com/maps/reviews/data=!4m8!14m7!1m6!2m5!1sChZDSUhNMG9nS0VMWHU1b1h4OTdiSlJBEAE!2m1!1s0x0:0x17ab8e0fed1a3fd!3m1!1s2@1:CIHM0ogKELXu5oXx97bJRA%7CCgsI66PWwQYQ6MOpPw%7C?hl=id,Ilildelofa Idol.v,117420794751012506566,https://www.google.com/maps/contrib/117420794751012506566?hl=id,4,Memuaskan,4 bulan lalu,2025-05-27T10:20:27,,,,2,2,,,,[],[]
ChIJFxo8JgAd2C0R_aPR_uC4egE,Wisata Tebul Bahari,ChZDSUhNMG9nS0VJQ0FnTURvX2NPb1R3EAE,https://www.google.com/maps/reviews/data=!4m8!14m7!1m6!2m5!1sChZDSUhNMG9nS0VJQ0FnTURvX2NPb1R3EAE!2m1!1s0x0:0x17ab8e0fed1a3fd!3m1!1s2@1:CIHM0ogKEICAgMDo_cOoTw%7CCgwI2_W7wAYQ2OXl4QE%7C?hl=id,Ratna Yulianingrum,106846981869181649758,https://www.google.com/maps/contrib/106846981869181649758?hl=id,5,,5 bulan lalu,2025-04-28T03:49:47,,,,12,209,1,,,[],"[{""id"":""CIHM0ogKEICAgMDo_cOoXw"",""url"":""https://lh3.googleusercontent.com/geougc-cs/AB3l90BznMrLeGYowhtiikRn9TxhZph-6xHB0uNwA4D1pjvPj7cCwAFsOxmotHt_UjKrkCB7I6f9VRTPxB1G1qnYWYaSnJjARR-6b1NsUy_l-ciJsiRK26h0kthxH3aWHcRz-tNcKlyp=s1024"",""caption"":null,""width"":1080,""height"":1920},{""id"":""CIHM0ogKEICAgMDo_cOoLw"",""url"":""https://lh3.googleusercontent.com/geougc-cs/AB3l90Dno4skGb2PD81zfn6xvnYjEqm6F308ejghChVoS8Ub-DGBvVP_tEbIvABstWy3VvIEYPGn4urQBG48g5wGkcHRu7jHkvEeJvAVi4lPyeoCN8MQTz7o2FFScBN0winMq8b6vBrD=s1024"",""caption"":null,""width"":1800,""height"":3200},{""id"":""CIHM0ogKEICAgMDo_cOorwE"",""url"":""https://lh3.googleusercontent.com/geougc-cs/AB3l90CLyihl6n7c3ARvxnn_J2buP4Vn7kV0vmRoD4ISBu9e8LeER2dyxapZmhtXaS2xpHHPsW5zC_8g6nXacs6Ju-BCH5wI67si5paa90XW1LVJUeTISjN7TPOVt6TMriZZY3D1dmEMGw=s1024"",""caption"":null,""width"":1800,""height"":3200},{""id"":""CIHM0ogKEICAgMDo_cOobw"",""url"":""https://lh3.googleusercontent.com/geougc-cs/AB3l90CN_h0XXxFyCiSSKjrN6ra76fYi8-I2sNzPAdDl9u1gfQTCudBFnjANrZ6iqzRdwneHEOQiZFNPUzSCErC7JeeGkMRzHX2QrSqB9QJjjdua6cizhntE4ga7UfmB5euWHqw4DDBl=s1024"",""caption"":null,""width"":2592,""height"":4608},{""id"":""CIHM0ogKEICAgMDo_cOo7wE"",""url"":""https://lh3.googleusercontent.com/geougc-cs/AB3l90AOmceFHAa2UFy8LDIRauZErof9t162JmnAsSkGqSQuCMHFT8H8zgwsYWUh99VywnhJ8iAR8xj3BQBQ-5O-AD8HYgJ_Hr54wOLmD3PEUO7MXLQIm8RQD_SFAgq0Y5EoonGaIGjMUg=s1024"",""caption"":null,""width"":2592,""height"":4608},{""id"":""CIHM0ogKEICAgMDo_cOoHw"",""url"":""https://lh3.googleusercontent.com/geougc-cs/AB3l90BkQjDjRvdsYyty601odWBcDPEIujdw3UAaFILXBeBXUiFxRmtMgF8nXTcgi_CTSEhhyFh59B2r0x3qyV4sc4IDf_Ohdw7zrP_cu7lv6QUz7voBkAHlS0sjFuyUSyp5Kflv0rM_=s1024"",""caption"":null,""width"":2592,""height"":4608},{""id"":""CIHM0ogKEICAgMDo_cOonwE"",""url"":""https://lh3.googleusercontent.com/geougc-cs/AB3l90Cf2gGNCCFlwSjNdLtwHvveAo7olVajmNDNqIHzp6TMb_3FVOiwP9xZwIiWGGSpXmpWN-zWY68EDPR1R1XlZd-nP5KrMHzQgzB61X7OnxzNkm804JucF-6bRH60JJLPuwGTpIBw=s1024"",""caption"":null,""width"":3200,""height"":1800},{""id"":""CIHM0ogKEICAgMDo_cOo3wE"",""url"":""https://lh3.googleusercontent.com/geougc-cs/AB3l90CvqKVaxFtfh3iZ859VzV24ObCaIT_tj2k85A6Z-70IseDdJPHAAV9IUL1IsQtgqY673IsLcL3ky6G1IKq1y1LIY6wRu3r6fwnZ0CMDrozUI1y-o48bApeo3lKaEg-WU7smObkgIw=s1024"",""caption"":null,""width"":2592,""height"":4608},{""id"":""CIHM0ogKEICAgMDo_cOoPw"",""url"":""https://lh3.googleusercontent.com/geougc-cs/AB3l90AF1FcJ3NtU1Id6JNPbese0qFxXMXbRjx8HByTca6YgtHoxOZO71tHKwfsZgGScP6t-fs1g7IU7-iPWcKgU-Jn6W9yf1HfkJrQtyTfBmDFPqpKIjjYzXLmTH2UJeUKu6aOCJONj=s1024"",""caption"":null,""width"":4608,""height"":2592}]"
ChIJFxo8JgAd2C0R_aPR_uC4egE,Wisata Tebul Bahari,Ci9DQUlRQUNvZENodHljRjlvT2xGbFkzYzFUVk5EVjBKVldITXdaRFZ5YzFNMVRrRRAB,https://www.google.com/maps/reviews/data=!4m8!14m7!1m6!2m5!1sCi9DQUlRQUNvZENodHljRjlvT2xGbFkzYzFUVk5EVjBKVldITXdaRFZ5YzFNMVRrRRAB!2m1!1s0x0:0x17ab8e0fed1a3fd!3m1!1s2@1:CAIQACodChtycF9oOlFlY3c1TVNDV0JVWHMwZDVyc1M1TkE%7C0cbeXUfGlls%7C?hl=id,Basuki Arif,104975071677157787268,https://www.google.com/maps/contrib/104975071677157787268?hl=id,5,Beautiful,2 bulan lalu,2025-08-15T03:25:19,,,,4,1,,Cantik,,"[{""name"":""Waktu kunjungan"",""value"":""Hari biasa""},{""name"":""Waktu antrean"",""value"":""10-30 mnt""}]",[]
ChIJFxo8JgAd2C0R_aPR_uC4egE,Wisata Tebul Bahari,ChdDSUhNMG9nS0VJQ0FnTURRbmNDTTdnRRAB,https://www.google.com/maps/reviews/data=!4m8!14m7!1m6!2m5!1sChdDSUhNMG9nS0VJQ0FnTURRbmNDTTdnRRAB!2m1!1s0x0:0x17ab8e0fed1a3fd!3m1!1s2@1:CIHM0ogKEICAgMDQncCM7gE%7CCgwIi__JvgYQiM3jtgI%7C?hl=id,abdi gusti,117603522265140529073,https://www.google.com/maps/contrib/117603522265140529073?hl=id,5,Top great,7 bulan lalu,2025-03-13T06:47:39,,,,1,9,,Atas bagus sekali,,[],[]
ChIJFxo8JgAd2C0R_aPR_uC4egE,Wisata Tebul Bahari,ChZDSUhNMG9nS0VJbUl2THJfa3FHMlRBEAE,https://www.google.com/maps/reviews/data=!4m8!14m7!1m6!2m5!1sChZDSUhNMG9nS0VJbUl2THJfa3FHMlRBEAE!2m1!1s0x0:0x17ab8e0fed1a3fd!3m1!1s2@1:CIHM0ogKEImIvLr_kqG2TA%7CCgwIze_2wAYQ0PCCsQM%7C?hl=id,mai saroh,106080281343082222534,https://www.google.com/maps/contrib/106080281343082222534?hl=id,5,,5 bulan lalu,2025-05-09T08:07:41,,,,2,47,1,,,[],"[{""id"":""CIHM0ogKEPjBseKCxrbFLQ"",""url"":""https://lh3.googleusercontent.com/geougc-cs/AB3l90An5KYSOhrzivMG3n4u1wi1HoI52lRT9q7HkMmj_5cUpl4SF4hAJ-DjXt-f65ad5vm4IpmhuH-m4KXSZUz8pV323MKhOOzV-kpiszx1x3DDyTpTBbre9GwW098ETPm1XWXSL-LB=s1024"",""caption"":null,""width"":1440,""height"":1920}]"
ChIJFxo8JgAd2C0R_aPR_uC4egE,Wisata Tebul Bahari,Ci9DQUlRQUNvZENodHljRjlvT21aSlpVTjBZVGxLUlVsNlRtcHhaVE10ZFdGYU5XYxAB,https://www.google.com/maps/reviews/data=!4m8!14m7!1m6!2m5!1sCi9DQUlRQUNvZENodHljRjlvT21aSlpVTjBZVGxLUlVsNlRtcHhaVE10ZFdGYU5XYxAB!2m1!1s0x0:0x17ab8e0fed1a3fd!3m1!1s2@1:CAIQACodChtycF9oOmZJZUN0YTlKRUl6TmpxZTMtdWFaNWc%7C0cH0Gpq_TNG%7C?hl=id,Raina Ren,112685598830004682330,https://www.google.com/maps/contrib/112685598830004682330?hl=id,5,,4 bulan lalu,2025-06-10T11:18:13,,,,0,2,,,,[],"[{""id"":""CIABIhD5ycLJCvh73HEI9dJSLEQd"",""url"":""https://lh3.googleusercontent.com/geougc-cs/AB3l90BBoU_oDoeWO5zYISV9_gACRm7p7trSe-Bf4km_Uu9QoAWNd-QFunNwwEn-d3ziBwy_vsuDN4-PKY8m9qKGJGuni9E04MtUcn600e7uxOOPHJ-izwncnkda-R5gX9TaF0N6MBa79sw5dX0=s1024"",""caption"":null,""width"":1840,""height"":3264},{""id"":""CIABIhBbKeQzcugqmE1DNQOwNnHn"",""url"":""https://lh3.googleusercontent.com/geougc-cs/AB3l90DFhdF1lX0fMPR-aVJW_zqU7ZSo9yOy0L4U7IThD1apnwhEzZPMxggcA_j5wGA6Cj5W-oTBvjyPbvTFOIF9hwjK8BeY0OcVPWXizUQdgipIi2Pd06W8TIQK6t-XPgOhrDTdQcjfNz_JccM=s1024"",""caption"":null,""width"":1840,""height"":3264}]"
ChIJuUN5cFID2C0ReAeppcgQTS0,DERMAGA RASA,ChdDSUhNMG9nS0VJQ0FnSUNlanNibnl3RRAB,https://www.google.com/maps/reviews/data=!4m8!14m7!1m6!2m5!1sChdDSUhNMG9nS0VJQ0FnSUNlanNibnl3RRAB!2m1!1s0x0:0x2d4d10c8a5a90778!3m1!1s2@1:CIHM0ogKEICAgICejsbnywE%7CCgsIw7CEmQYQ0P3BaQ%7C?hl=id,Dimas Candra Surya,113319185200186770683,https://www.google.com/maps/contrib/113319185200186770683?hl=id,4,"cafe dengan view pantai dan jembatan suramadu yang ciamik. menunya ada beragam dan rasanya cukup enak. untuk harga menurut saya agak sedikit mahal. sedikit saran dari saya, kebersihannya mohon ditingkatkan, durasi menyiapkan pesanannya bisa lebih dipercepat, sebab harus menunggu 15 menit lebih untuk prepare menu yang cukup sederhana dan saat pengunjung di cafenya sepi.",3 tahun lalu,2022-09-13T23:54:43,,,,338,707,1,,,[],"[{""id"":""CIHM0ogKEICAgICejsbnaw"",""url"":""https://lh3.googleusercontent.com/geougc-cs/AB3l90Bgy8bQDUBTOuzR2MhTM1aaM9niMwXVOfjlO5b_g43H0ki7g-5wzjQSzZ5Ujvc88UgSzl-ZBYGLLouwJlEvvKZucHM9c6b4nuy0IyMRt-CJOdyaOLPMfcAc4RK7HhoD8IgXljOP=s1024"",""caption"":null,""width"":2268,""height"":4032},{""id"":""CIHM0ogKEICAgICejsbn6wE"",""url"":""https://lh3.googleusercontent.com/geougc-cs/AB3l90BpDScLgDfbItlLqfTR8OYyn53L9uQLbaTfbIbNhw_oKedP5rEnGOjb1BGODzU3CVD9HlJInu5iSfkMCe2d8UEUSNjN5utqh3Y0zPG7kjO9XtVYDfJcXishvS9CIZ-KMsQ4I9mlzw=s1024"",""caption"":null,""width"":2268,""height"":4032},{""id"":""CIHM0ogKEICAgICejsbnGw"",""url"":""https://lh3.googleusercontent.com/geougc-cs/AB3l90A-PINIew9BIZKuFXhRT3vODDWBolDkUzSTPy5IF6zd8N41No6Z1MOCHE5GbhuCqpAvTiVvSfaGGfQ6acS768IXw_aY-6ae3b8oBv7qoRx-EDn4nng-jmJ5EiIeLN6AQcVbb8Zp=s1024"",""caption"":null,""width"":2268,""height"":4032},{""id"":""CIHM0ogKEICAgICejsbnmwE"",""url"":""https://lh3.googleusercontent.com/geougc-cs/AB3l90BNfa0PDpV047VT7fqV-CZrvfJXGMZ3QfNKcYJxyKrY0kcYhiv145yRQuN2oNRtbkQ3UA9jNNZuDkupcmqOiztCH_V5ncsG4S9lrvob4SKDSzNq76nfZLGp2eCVOe7QczPy5tw6dg=s1024"",""caption"":null,""width"":2268,""height"":4032},{""id"":""CIHM0ogKEICAgICejsbnWw"",""url"":""https://lh3.googleusercontent.com/geougc-cs/AB3l90CS95Umfw43Sin2PzYkLYewt-IeEApaS3RFokzz-C3CsMD_YStwkcEYEgc1SF5YUp0CsB6nCMvoWRbAPCOav1j9MTlB19-KLqH-5TvVLru7ZUj38__7ERS0I4-7nXr1KHiD7nUg=s1024"",""caption"":null,""width"":2268,""height"":4032},{""id"":""CIHM0ogKEICAgICejsbn2wE"",""url"":""https://lh3.googleusercontent.com/geougc-cs/AB3l90DkoWE8H-dKD6W0xC66r3Mk_G0J1BsDa5Dn512YQr3Ul9gbxpbiOFeyP7cIQDxj_T6PjkOSdBAlscqiCHOBkTvk-ORmtoQG6kD5fxE8htgiM0WvyoLPEv3YH7mlGM3Ga9EOwXv5yA=s1024"",""caption"":null,""width"":4032,""height"":2268}]"
ChIJuUN5cFID2C0ReAeppcgQTS0,DERMAGA RASA,ChdDSUhNMG9nS0VJQ0FnSUNtaTY3amd3RRAB,https://www.google.com/maps/reviews/data=!4m8!14m7!1m6!2m5!1sChdDSUhNMG9nS0VJQ0FnSUNtaTY3amd3RRAB!2m1!1s0x0:0x2d4d10c8a5a90778!3m1!1s2@1:CIHM0ogKEICAgICmi67jgwE%7CCgwIweTqjgYQ6Pe-yAI%7C?hl=id,Willy Sadikin,111885511785303470213,https://www.google.com/maps/contrib/111885511785303470213?hl=id,5,"My family and I were able to find this place with the help of Google Maps.

Dari Surabaya, jika turun dari jembatan Suramadu usahakan mengambil jalur paling kiri, agar tidak kelewatan.
Akses menuju ketempat ini, kondisi jalannya agak kurang bagus ketika mendekati lokasi wisata tsb.
Memasuki tempat ini tidak perlu membayar karcis masuk, hanya diwajibkan membeli makanan yang dibeli saat memasuki pintu masuk dermaga, sesuai jumlah pengunjungnya, jika ada 2 orang, harus beli 2 menu, jika ada 3 orang harus beli 3 menu, dst.
Ada live musicnya.
Tempatnya bagus buat yang ingin mengabadikan gambar bersama teman maupun keluarga, dengan pemandangan pantai selat Madura & jembatan Suramadu, instagramable banget kalo istilahnya jaman now.
Bersebelahan dengan Dermaga Rindu.
Jika ingin ketoilet (gratis ketika saya kesana), kita bisa keperkampungan warga yang ada disekitar dermaga.",3 tahun lalu,2022-01-09T09:45:11,,,,118,383,1,,,[],"[{""id"":""CIHM0ogKEICAgICmi4GwrQE"",""url"":""https://lh3.googleusercontent.com/geougc-cs/AB3l90BaqvkUqudQ5bgEBkQ8FtuKZI00FZYj54-0UbdQxXX6dEbMxUjfqoPEdslpyAVQWbag-wAU312FEJpY9XlEv7ic_6kHP5YBaT7ViQNtCopNp7ttfZvA5b0zljYDDiZyo26qMsyI=s1024"",""caption"":null,""width"":4128,""height"":2322},{""id"":""CIHM0ogKEICAgICmi4GwbQ"",""url"":""https://lh3.googleusercontent.com/geougc-cs/AB3l90C50-LxrACnXMuekH9zuDbact1DcBQ7Icidc6HY95ZRTLwoePWFM0h6jfkEXaLqmj8SsiVXUOTcE7rI4r2OmpoioZ4_6V30Wni3URG6z3AKjjtk4pF6ATfyCn0r1mkCkp_h4ig4=s1024"",""caption"":null,""width"":4128,""height"":2322},{""id"":""CIHM0ogKEICAgICmi4Gw7QE"",""url"":""https://lh3.googleusercontent.com/geougc-cs/AB3l90C7Ry0bOBoPecv7bBiJ4johPD_1oU2Za7WMCr3VXBwToc4P9Rs4LyzgbOguBm8ni56se4V3BCtu8eAMcw9ooW37jzamzZcb5Ip9aGBGDoAIyq88T9DkH6X_bYrd-Ca6FLAZ7UOVVQ=s1024"",""caption"":null,""width"":4128,""height"":2322},{""id"":""CIHM0ogKEICAgICmi4GwHQ"",""url"":""https://lh3.googleusercontent.com/geougc-cs/AB3l90BmZnyRvVu5gFvq4wOwV-gqrnYZuFzAIo1TUFH93wORgSBpKO9mmQFChH76QhH8dhO4BZQnTXPy01VNvA920gGHugBB7uPq1WFQ6iRh6Xr2A0yOZh2lczJQd55miqYEdiyLTfH4=s1024"",""caption"":null,""width"":2322,""height"":4128},{""id"":""CIHM0ogKEICAgICmi4GwnQE"",""url"":""https://lh3.googleusercontent.com/geougc-cs/AB3l90DCoq-Y3n2kxmKuvPnMY8cgGvpeUvzkziIyuN528f0cs7btJhbzCoUC8ABd8Ye75FADW2B5Fo6aMLDbw6WuWHww5fx-lLDwc2BJPI1gNLd_rJSLBatM98TLI-vCeNe8McM4LkUx4Q=s1024"",""caption"":null,""width"":4128,""height"":2322}]"
ChIJuUN5cFID2C0ReAeppcgQTS0,DERMAGA RASA,ChZDSUhNMG9nS0VJQ0FnSUNHc1lYUkt3EAE,https://www.google.com/maps/reviews/data=!4m8!14m7!1m6!2m5!1sChZDSUhNMG9nS0VJQ0FnSUNHc1lYUkt3EAE!2m1!1s0x0:0x2d4d10c8a5a90778!3m1!1s2@1:CIHM0ogKEICAgICGsYXRKw%7CCgwI5bqAjAYQ0KjlngE%7C?hl=id,gintoki 88,113927745939861339078,https://www.google.com/maps/contrib/113927745939861339078?hl=id,5,"Baguuuuss.. tp jangan kesini pas weekend.. rameee pol susah buat foto.. untuk minuman makanan B aja.. kalo malem, angin lautnya lumayan dingin",3 tahun lalu,2021-11-01T17:01:25,,,,60,202,1,,,[],"[{""id"":""CIHM0ogKEICAgICGsYXR6wE"",""url"":""https://lh3.googleusercontent.com/geougc-cs/AB3l90B9hr7LpFJWWZ9tYdb6KD3lQ8BVQS1xoNInjGMWugTNRVbyUiQ4YVLOi8ZCE1hrEui-Ivm88dc0AAyTntV1tRcLdONFK7Q-74sp9p6qaiBPUVevS7DVskayLQqNuW23uIr5tITddw=s1024"",""caption"":null,""width"":2604,""height"":4624},{""id"":""CIHM0ogKEICAgICGsYXRGw"",""url"":""https://lh3.googleusercontent.com/geougc-cs/AB3l90DXPVFlT3mbylp2AMVVGs88mUUeESGOoi4jcNZdZelVLAnIQ9h2aqcrAo6LC-Km42dhdPnSHuYK5vMpGF8O_upCnfDdQ4yYI_fBVlH9yOqXBvPF2Rs2UuEn0KXkAYBhMItVrJM=s1024"",""caption"":null,""width"":2604,""height"":4624},{""id"":""CIHM0ogKEICAgICGsYXRmwE"",""url"":""https://lh3.googleusercontent.com/geougc-cs/AB3l90BkBXyCDtreEeLpFeX64wuiO5MrVY-zI4fmvsL_aIqy1TnxT8OaQEUinO7Fd5ctyCUyqJ1oenieYR3VpHwgTiQnfpLbdFnCubFrtsjgoUuSUyd0mZALaIcdtJRlpO7oYtFIC3-vTg=s1024"",""caption"":null,""width"":2604,""height"":4624}]"
ChIJuUN5cFID2C0ReAeppcgQTS0,DERMAGA RASA,ChdDSUhNMG9nS0VJQ0FnSUMxaXV1Smd3RRAB,https://www.google.com/maps/reviews/data=!4m8!14m7!1m6!2m5!1sChdDSUhNMG9nS0VJQ0FnSUMxaXV1Smd3RRAB!2m1!1s0x0:0x2d4d10c8a5a90778!3m1!1s2@1:CIHM0ogKEICAgIC1iuuJgwE%7CCgwIkfyvrAYQuJHAjwI%7C?hl=id,ipyncD,107275376717762298639,https://www.google.com/maps/contrib/107275376717762298639?hl=id,3,"Best viewed, tapi kebersihannya di jaga juga yaaa",setahun lalu,2023-12-27T10:36:01,,,,54,74,1,,,"[{""name"":""Waktu antrean"",""value"":""Tanpa mengantre""},{""name"":""Sebaiknya buat reservasi"",""value"":""Tidak""}]","[{""id"":""CIHM0ogKEICAgIC1iuuJIw"",""url"":""https://lh3.googleusercontent.com/geougc-cs/AB3l90CzsbPs1QxBbrqWi2smJm4LBIYO5KlPrKCGYIh5QqOXj2N5RputI1o_OAc8JCMnoHdb319xyssF03_e2HdKIQbkA85PE43is4laxuArSzYqUZ0J2C9Vs5QHeo6kzldbstR3GL1W=s1024"",""caption"":null,""width"":1800,""height"":4000},{""id"":""CIHM0ogKEICAgIC1iuuJowE"",""url"":""https://lh3.googleusercontent.com/geougc-cs/AB3l90DDDNNtH9caZiQ62mU2cA39BBWPOJcbWIPWF6QdHLRjU7mF1G1hglgEDJkNH5RV3s4uUUYN5mdPBLAR2FG92YmbJ2JzZCItviHw7mphWXBPV-om9IyRHirzU5zIHxpWuYhvYDXwhA=s1024"",""caption"":null,""width"":1800,""height"":4000}]"
ChIJuUN5cFID2C0ReAeppcgQTS0,DERMAGA RASA,ChdDSUhNMG9nS0VJQ0FnSUQyckpMcjdRRRAB,https://www.google.com/maps/reviews/data=!4m8!14m7!1m6!2m5!1sChdDSUhNMG9nS0VJQ0FnSUQyckpMcjdRRRAB!2m1!1s0x0:0x2d4d10c8a5a90778!3m1!1s2@1:CIHM0ogKEICAgID2rJLr7QE%7CCgsI2PPekwYQ6P31Ow%7C?hl=id,Achmad Muzaqq,105117715527371280911,https://www.google.com/maps/contrib/105117715527371280911?hl=id,2,Tempatnya lumayan cuma makanan dan minuman agak mahal. Hampir menyamai di KFC dan MacD. Kalau untuk sekali coba ...ya..okelah... Tapi tidak untuk selanjutnya,3 tahun lalu,2022-05-08T12:38:48,trimakasi kak.... semoga sehat selalu kakak dan keluarga.....semoga dilancar rejeki kaka bs balik ksni lg,3 tahun lalu,2022-05-08T12:58:37,1,0,,,,[],[]
ChIJuUN5cFID2C0ReAeppcgQTS0,DERMAGA RASA,ChZDSUhNMG9nS0VJQ0FnSUQ2eU1XY0l3EAE,https://www.google.com/maps/reviews/data=!4m8!14m7!1m6!2m5!1sChZDSUhNMG9nS0VJQ0FnSUQ2eU1XY0l3EAE!2m1!1s0x0:0x2d4d10c8a5a90778!3m1!1s2@1:CIHM0ogKEICAgID6yMWcIw%7CCgwI16GcigYQqNyU4wE%7C?hl=id,mud Jayadi,116446079190618409877,https://www.google.com/maps/contrib/116446079190618409877?hl=id,4,"Suka dengan tempatnya, makanan murah, pemandangan bagus, ada live music",4 tahun lalu,2021-09-19T10:28:39,makasi mas,3 tahun lalu,2021-10-27T04:54:23,544,2446,1,,,[],[]
ChIJuUN5cFID2C0ReAeppcgQTS0,DERMAGA RASA,ChdDSUhNMG9nS0VJQ0FnSURKdTdxMDRRRRAB,https://www.google.com/maps/reviews/data=!4m8!14m7!1m6!2m5!1sChdDSUhNMG9nS0VJQ0FnSURKdTdxMDRRRRAB!2m1!1s0x0:0x2d4d10c8a5a90778!3m1!1s2@1:CIHM0ogKEICAgIDJu7q04QE%7CCgwIzJb1pQYQkP3AlAM%7C?hl=id,Hendy Sulayman,116773663044600232181,https://www.google.com/maps/contrib/116773663044600232181?hl=id,5,Teramat sangat dengan kopi hangat,2 tahun lalu,2023-07-23T15:44:13,,,,10,71,1,,,"[{""name"":""Waktu kunjungan"",""value"":""Akhir pekan""},{""name"":""Waktu antrean"",""value"":""Tanpa mengantre""},{""name"":""Sebaiknya buat reservasi"",""value"":""Tidak""}]","[{""id"":""CIHM0ogKEICAgIDJu_qVMw"",""url"":""https://lh3.googleusercontent.com/geougc-cs/AB3l90CMqNqttwGY36PrLhdjNQF-nXl7TJL2iPnRbKXvOCmP0k8Drd7GXW7tkPcnEUfDZUWvZ2ceBO76cI_prxANtQQEty97p_Qin997nr5-0LQeb0eU7AHpUSz0pXZAPayAsgx5XkY=s1024"",""caption"":null,""width"":3468,""height"":4624},{""id"":""CIHM0ogKEICAgIDJu_qVswE"",""url"":""https://lh3.googleusercontent.com/geougc-cs/AB3l90CIpmstc8HCN1NyPREdfU2XbCEbLq_wKlCaU7WLnxV3t7ve6z0TgAwxgszvwkEOufaI1nJAEKggosiGgXhpYH3N8TmK3Pf-VUH4gFaqXNJNXj9Rs3m6HY0SXmpkmiUW6Hn0NJ5X=s1024"",""caption"":null,""width"":3468,""height"":4624},{""id"":""CIHM0ogKEICAgIDJu_qVcw"",""url"":""https://lh3.googleusercontent.com/geougc-cs/AB3l90DiaO2kuiJ7G4hGN2wE1cpLcQT_wlihSHvpe_thlDxJsc1wCu0xilauZuJqD5rb_6Mb-Nv2GeE6kR2qRhDdX8U2RG3oFY3r237FAw3g3SfDfnZD9jyrLvTLa_96DV8z4CLEjoyQ=s1024"",""caption"":null,""width"":4624,""height"":3468},{""id"":""CIHM0ogKEICAgIDJu_qV8wE"",""url"":""https://lh3.googleusercontent.com/geougc-cs/AB3l90BbMPip1aJKmEs_8HLx7xLbfG6AzrBEWlH5DkvZr1x-k7jFDoPdCzwz-J6fpHtC5gjg-duVUj4L-d7iZZ7JlQsykIOY5vqDuYMtgzfrqBLq9IGC0av-4M5VgcoIMTVzTMbXjmluww=s1024"",""caption"":null,""width"":3468,""height"":4624},{""id"":""CIHM0ogKEICAgIDJu_qVCw"",""url"":""https://lh3.googleusercontent.com/geougc-cs/AB3l90Bgyie7G7LacHT-1WwFPYTjf0O9L7dwzIsdiXRhbFinfy_5gD5WaW16nqTONj0aFjc2r-o7EfoWAxT00A-yZ-MJst6opk9DaC1QFk4rhIXcO3fDVY_S2eE3gAflOM14RSvmiJap=s1024"",""caption"":null,""width"":4624,""height"":3468},{""id"":""CIHM0ogKEICAgIDJu_qViwE"",""url"":""https://lh3.googleusercontent.com/geougc-cs/AB3l90DCwb2EzVyFxP9iSOxD6VrY5gjCd6TCcZ5F19em7aeVt15K6Tmek4xpiTUzrJnoybbtk88PG2hz-iZ0XSHf9cYZRPfc31bT9DRLN5blRDtPK2oKdP_bSnZaInBHW-Mzz6RHi7sf=s1024"",""caption"":null,""width"":4624,""height"":3468}]"
ChIJuUN5cFID2C0ReAeppcgQTS0,DERMAGA RASA,ChdDSUhNMG9nS0VJQ0FnSUNtOGRyOWp3RRAB,https://www.google.com/maps/reviews/data=!4m8!14m7!1m6!2m5!1sChdDSUhNMG9nS0VJQ0FnSUNtOGRyOWp3RRAB!2m1!1s0x0:0x2d4d10c8a5a90778!3m1!1s2@1:CIHM0ogKEICAgICm8dr9jwE%7CCgwIxp3AjgYQ4KnyvgE%7C?hl=id,Putra Sas,101760812704722064904,https://www.google.com/maps/contrib/101760812704722064904?hl=id,2,Pelayanan kurang baik dalam memesan hidangan dan meja kotor,3 tahun lalu,2022-01-01T08:18:03,,,,6,1,,,,[],"[{""id"":""CIHM0ogKEICAgICm8brKnAE"",""url"":""https://lh3.googleusercontent.com/geougc-cs/AB3l90DgNuznrwt1x29YMhidSPNQ5PGsGVcWDYw12BmEIWsowJZcnBvLhReuHC9Os1GuB97ja8OkbhFAXMcFOJeFdsiP2N92yoDrGlyHsHkFjyBZ9xL0ruDs-_9pf_NhcjRLmMRxjiQx=s1024"",""caption"":null,""width"":1920,""height"":1080}]"
ChIJEcFHRgA52C0R2iO4X6zKvIo,LOBUKBEACH,ChZDSUhNMG9nS0VJQ0FnTURnX3BHdkJnEAE,https://www.google.com/maps/reviews/data=!4m8!14m7!1m6!2m5!1sChZDSUhNMG9nS0VJQ0FnTURnX3BHdkJnEAE!2m1!1s0x0:0x8abccaac5fb823da!3m1!1s2@1:CIHM0ogKEICAgMDg_pGvBg%7CCgwItOf0vQYQkNG8vAE%7C?hl=id,M FAHMI MUNAWAR,109098781759481678241,https://www.google.com/maps/contrib/109098781759481678241?hl=id,5,"Pantai baru di tanjung bumi yang pasirnya masih tergolong bersih, dan bisa leluasa untuk anak anak main pasirnya,

Untuk persewaan atv motor dan ban itu masih tergolong standart dan worth it untuk nyewa, dan tukang sewanya juga ramah memberitahunya atau memandunya, harga orang jualannya juga murah murah meskipun disitu tergolong tempat wisata

Harga tiket masuknya juga murah, sangat ramahh di kantong dan recomended buat liburan bareng pasangan dan keluarga.

Saran saya agara tetep dijaga dan dirawat dari kebersihan pasir atau lautnya dan pelayanan oleh orang orang yang bekerja disana.",7 bulan lalu,2025-02-25T03:06:28,Terimakasih atas kunjunagn nya kk,7 bulan lalu,2025-03-07T14:18:27,151,626,1,,,"[{""name"":""Waktu kunjungan"",""value"":""Akhir pekan""},{""name"":""Waktu antrean"",""value"":""Tanpa mengantre""},{""name"":""Sebaiknya buat reservasi"",""value"":""Tidak""}]","[{""id"":""CIHM0ogKEICAgMDg_pGvxgE"",""url"":""https://lh3.googleusercontent.com/geougc-cs/AB3l90DPU9BThTC7jrBXy6Gu1fD4JwCyOXXw0PR-JWENT0fxVENW8B-CATLMuQUUlcPLzyG3Ij_2LaHFAZiDuGsJX-JAS7fXXDy5Z1uAtQwtslbLaUSn2r3EKoJu0aLAcIAv-lRJZbIMdQ=s1024"",""caption"":null,""width"":720,""height"":1280},{""id"":""CIHM0ogKEICAgMDg_pGvJg"",""url"":""https://lh3.googleusercontent.com/geougc-cs/AB3l90AVdQoFoXABPhkLrfmfuSIaSkbhFR6ZG4Ssk2oFHTi5NZAKTfu7lIIO3SueHdyRxnArUZECyjXy1UHM_s7YdwFVmQXFgqsJkmuuxF44xJSu3SnXVhBlhVddMhnGdyVSeri1WQ=s1024"",""caption"":null,""width"":720,""height"":1280},{""id"":""CIHM0ogKEICAgMDg_pGvpgE"",""url"":""https://lh3.googleusercontent.com/geougc-cs/AB3l90Dsv4-GSmI3JRGVZlH3hekJQCzlBILexW35w0b-_xdBoXXikQJdItszh2JK5AGcpzHL0LI9UHs_fuZzSAwCz_aiL2V5KjLjm4OVPaHx8LTAe2QN3cZttJG1FeKeoGPKIeQVRumpIA=s1024"",""caption"":null,""width"":720,""height"":1280},{""id"":""CIHM0ogKEICAgMDg_pGvZg"",""url"":""https://lh3.googleusercontent.com/geougc-cs/AB3l90AObIgFntJ5KKVfqoB64O5pAIvk-hvATQEqPxwDe_oSxZRfnWZ1AqxL8mfjXv0nkCmKiTUayZ6hSQBJpc8475JGCYXMlcFxlOcSXZh0tE06r6ctb8DTyJef3DjqH0fZTiNsmKcN=s1024"",""caption"":null,""width"":720,""height"":1280},{""id"":""CIHM0ogKEICAgMDg_pGv5gE"",""url"":""https://lh3.googleusercontent.com/geougc-cs/AB3l90B91KOx9D_QBspEzW-rWmgaADhqHm7bTdTQC3kK8Q-uqlUFCi5lSvvEOspnmxnkdY4aAScGRGOuf4rueNWrdLKzDUB8mSMVqndoSC1IJnVHf1W8G_SHTgNmSaLO06ghNezn8-vDZg=s1024"",""caption"":null,""width"":720,""height"":1280},{""id"":""CIHM0ogKEICAgMDg_pGvFg"",""url"":""https://lh3.googleusercontent.com/geougc-cs/AB3l90B7tSYbUAPXj_7xl3F_C_fe0boKF0Bv6iu_wclPIT4jIOakTQIGdG9ZzKhOOLF9Nr3_Pqns4k7ZLaoUzQqWQGhffs-P-_7jF35ILa6abmFVA5HWzDJwvKxHtG8f9KT6Bg5qpmpI=s1024"",""caption"":null,""width"":720,""height"":1280},{""id"":""CIHM0ogKEICAgMDg_pGvlgE"",""url"":""https://lh3.googleusercontent.com/geougc-cs/AB3l90ApeDbMv8DpdSkFr__mpO-Dm4aoHYs0sEYurKeAffYv4kn4zyAyaKDO_jd2Z_B1CnIABjpMtWCVZ4yh8BGUC5mF6qRnbMIlb17f-eNyBngs6oGoc4vx5U1yh8A2bEaSD200fnuWew=s1024"",""caption"":null,""width"":720,""height"":1280},{""id"":""CIHM0ogKEICAgMDg_pGvVg"",""url"":""https://lh3.googleusercontent.com/geougc-cs/AB3l90AJXsnyVudYM6xQVaRrdEAu84HIBtwAcJhxqZDZW_t0Kn9J7MoHxty-IY4TMuEH8oSh1578lRG2DOeF_gwn_Ue6wxT_SLPfTyxM5WvdgYk1cgJEN-q1fkjs-qyFOpV3hWUYEt2_=s1024"",""caption"":null,""width"":720,""height"":1280},{""id"":""CIHM0ogKEICAgMDg_pGv1gE"",""url"":""https://lh3.googleusercontent.com/geougc-cs/AB3l90BUS1wVQRIY3R2-4_jdVTxNcvp01WF3BLDOXBa8DAtTJe0DMkpo61loZvPfw4_Zw4rHNCU27NrqA2cjxlI7d6uAuCRiMIbQpNWFiiwgDwpm_jBX_RtJ2X3KtdN1c1sIecTOs7Dr=s1024"",""caption"":null,""width"":720,""height"":1280},{""id"":""CIHM0ogKEICAgMDg_pGvNg"",""url"":""https://lh3.googleusercontent.com/geougc-cs/AB3l90AeT5gpa3cSynZgn0DsiL_FIvEryOcml8UyKZeQaR3vNgKbRqTIa946Da6jp0J2O4OBEGJrgbYvN1RR_Q6YperPrvlq6v_nOV9vFxYW2fq1aHd5L_dh-36YUykpGb3U7NHZ_JUH=s1024"",""caption"":null,""width"":1980,""height"":3520},{""id"":""CIHM0ogKEICAgMDg_pGvtgE"",""url"":""https://lh3.googleusercontent.com/geougc-cs/AB3l90B_vgOjhkIBItLSXWfcC5YvJGbU6-3quFGDxuOcUnlMyv-fwMMy1MhW1Y82-FNfTbgQNZEGhMczDrd1MnzaZ3bSmqR7-7do8oMlrqdiNSZK3s0w9eK7g8TCZq0bu5qdbvJfXPjmWA=s1024"",""caption"":null,""width"":1980,""height"":3520},{""id"":""CIHM0ogKEICAgMDg_pGvdg"",""url"":""https://lh3.googleusercontent.com/geougc-cs/AB3l90CfgGEiW9QRboBqbBwDmGfF47d9IWf2Zcd2GYhm6ksV_bsuXv9W-6xxC92QfyyycUTcYhwYCQXY5bbQY8nMBTJOI9tnwAy4nBqDEV_FnllrInVcXYBwvwWSuopF6QuyF0CaUYRH=s1024"",""caption"":null,""width"":1980,""height"":3520},{""id"":""CIHM0ogKEICAgMDg_pGv9gE"",""url"":""https://lh3.googleusercontent.com/geougc-cs/AB3l90DfdUVjnVi6_YFiLCe5LEVReTYK8iMmKmrYq2klTGeHO86k6kqaFte4wLuMgv7vgwWmkPxXLPJmZhi4X3P6y29m_kbj3c04p5CfGz5Hf6a6CIKAw3jyywO3dvDdxHpLgFrUTTW11A=s1024"",""caption"":null,""width"":720,""height"":1280},{""id"":""CIHM0ogKEICAgMDg_pGvDg"",""url"":""https://lh3.googleusercontent.com/geougc-cs/AB3l90AvQGhAzTt0qNmG--FDKILTJtCfmcou3kzWVlw-xrK-kM2Equ2CZ977wmYeJ1e6tA9XRaFlQrUEBUNc8TzRcSmRwYsayaCtR91hMvb-ZP35njT_gm-UieWaK695CafJ3dGaEOU=s1024"",""caption"":null,""width"":1080,""height"":1920},{""id"":""CIHM0ogKEICAgMDg_pGvjgE"",""url"":""https://lh3.googleusercontent.com/geougc-cs/AB3l90AGwIhssD8U7W50MHsYe4nxosT3yKOO7YIRfJJCxWIQ4GkSYtac0YCiLSR_BLzrWBc5yppcrCtP0erLaPUAJDPL7qUv9Dl0PR2keVIBL1GI3DEoDN67furk0k9dcZcfCtsrXv0E2Q=s1024"",""caption"":null,""width"":1080,""height"":1920},{""id"":""CIHM0ogKEICAgMDg_pGvTg"",""url"":""https://lh3.googleusercontent.com/geougc-cs/AB3l90CBihK_ltq0MR2jk3c72zUvRv0oUCmbm-jxxfBc2ie1EZqlISAUjhSo2ND-1QyZyH-lzy0KcsImEuLXCEoxQUbqIgjz0EPZLgOh01-Euuo1-y23tMujPaXNgYP6BvnknZZkjvFz=s1024"",""caption"":null,""width"":1080,""height"":1920},{""id"":""CIHM0ogKEICAgMDg_pGvzgE"",""url"":""https://lh3.googleusercontent.com/geougc-cs/AB3l90BWk0uldSPrzxwYq5614O1CR9Q_xoRqCyt8QZ4BplDArlHwd1yMTnXUfzOMihSkHTOfnIN_AdaUr5DM_aC4FMCZZA0vc9L-tBOmhUOG68Ft_iVNww3A4qOTwnsMRIieA_n1ZgXlHQ=s1024"",""caption"":null,""width"":1080,""height"":1920},{""id"":""CIHM0ogKEICAgMDg_pGvLg"",""url"":""https://lh3.googleusercontent.com/geougc-cs/AB3l90CUe6usIK8fVASOPPbyWEWbTr3awGINopcH8CanK7QgofPdbLRfQhMg5A8dxUgq60RLCDmLJTUi4j8fwOQfflq3JT40LdKHggb6RxV_lq-Q-I0fb8F7dIEo9M8z_1gwD51L6ZrC=s1024"",""caption"":null,""width"":1080,""height"":1920},{""id"":""CIHM0ogKEICAgMDg_pGvrgE"",""url"":""https://lh3.googleusercontent.com/geougc-cs/AB3l90DtR35ihm9bnK8i872o0fT3N7HGOcaiMQvnKxn69Q06Gdad5FDOi5onBX5vdYH5dkXxKTCs2njpt7ihqiKXkM59L9aMBb70zxRzXXAPE--OyPNSaQ2-w-lQT99dZv4kvSLZ_U84ZA=s1024"",""caption"":null,""width"":720,""height"":1280},{""id"":""CIHM0ogKEICAgMDg_pGvbg"",""url"":""https://lh3.googleusercontent.com/geougc-cs/AB3l90ADF_rSzDDQaId7o0jrciA5WzqNUW5pd2aTu62yAVTwXDAagMpDAXX82Fc7zTl5OdHQN2N4UmbsOsxklZf8Px3wpof08ZWqpxILhQTD--xyBF0f7uVTAHiAT6kyyk_TPPq5ucA2=s1024"",""caption"":null,""width"":3024,""height"":4032},{""id"":""CIHM0ogKEICAgMDg_pGv7gE"",""url"":""https://lh3.googleusercontent.com/geougc-cs/AB3l90A2-fGHv4t8jaJ7sy00unShP27ISXkMCA_QHSjt7av8lvYZGrJ0KXLR40u0wNn09I_1c8CW3DUW2hmkcJ_g5cqTi5LSY2mx2ZzkhtZQ6Zu4g0nQekZ7jakwXOnoHe9BfqgDFmEc=s1024"",""caption"":null,""width"":3024,""height"":4032},{""id"":""CIHM0ogKEICAgMDg_pGvHg"",""url"":""https://lh3.googleusercontent.com/geougc-cs/AB3l90AlcHanEiLOJtCKAni4tAME1CAyGB2nIestItnMOhC3au-_9jP17XdNRKjaXltuTe5IV9pbaBI7mKSyhPu0sgUQaAC6igQ1uLMUmVYQd_jdXXRw43w50XWgc3QQwR6cosbawpi4=s1024"",""caption"":null,""width"":3024,""height"":4032},{""id"":""CIHM0ogKEICAgMDg_pGvngE"",""url"":""https://lh3.googleusercontent.com/geougc-cs/AB3l90D5gfajpIWzqJ1D1OTIxFVuXFdPxzGBOPI_NaEwfAXtB6MgtR6rNjmHFDwmie87QK_UoAy02E_exYkMkALLrFBX3H9WquSBo1ognni6OhKiGQDLbsHnjzkaqhKjjiQ8wbipmLTUXg=s1024"",""caption"":null,""width"":1080,""height"":1920},{""id"":""CIHM0ogKEICAgMDg_pGvXg"",""url"":""https://lh3.googleusercontent.com/geougc-cs/AB3l90CJX-2qOgV1yS3wD1SQPE-R1maFaUJo27vA8m5velPJgwGdqBDZoo4onOx5EA4KLnd1fOSW94HLhvIutTzUDFKTW91jD3zJP5JuSNCFTyQcsoiQpSLuYPIe1YCxu0e7riO0AiWI=s1024"",""caption"":null,""width"":1080,""height"":1920},{""id"":""CIHM0ogKEICAgMDg_pGv3gE"",""url"":""https://lh3.googleusercontent.com/geougc-cs/AB3l90Clx8sr-WdP1hZ5_IXEu3d27QxHhgAZ4cFIoCZX8l7JfRvacWVliNeSGJrJWIpxpVlTcCPgt3P9KfQsqVj0z08xjzOCBcK-UpjOBQ1hl3UW7B-_BfTWhExi5qJkiY7HWn33m5vX=s1024"",""caption"":null,""width"":1080,""height"":1920},{""id"":""CIHM0ogKEICAgMDg_pGvPg"",""url"":""https://lh3.googleusercontent.com/geougc-cs/AB3l90DL_Sm4e-5aM1vj4ysoYbbrvJpnCRKMdzO_8q_s01XAs_3-XOKAbT5KZS7DsM0SvW0ut-BklpUm1eOkeIFpkBGFbmTWQluCsl1jkBxudpJdw9VheFv3Qp4wn_sI76pLnxIc1NA=s1024"",""caption"":null,""width"":1080,""height"":1920},{""id"":""CIHM0ogKEICAgMDg_pGvvgE"",""url"":""https://lh3.googleusercontent.com/geougc-cs/AB3l90CRciVnbSvEf7-mg5GDvYT7RP4ZdG2PftgOnYy-074ZrTeLcJWHZe22IIXM0j2q0rBk6cxBUYT8pftGLtjBqyadNoPIllktKflxMwGBpPXj6l5OtmqtjF2Obc74In_nSCtHmF9b=s1024"",""caption"":null,""width"":1080,""height"":1920},{""id"":""CIHM0ogKEICAgMDg_pGvfg"",""url"":""https://lh3.googleusercontent.com/geougc-cs/AB3l90BgXt8Zjxo57EslIdwZ1mHRXlUYeHEn_aoZVa9YYfYuattpTytZWkuEpH4rCBjt9szMHFU3HCh9wmw-9FcRYxC96EgkPTevwFwvmePySX45ix9255RCwzpvDZd8zEj-Kv9i5ciY=s1024"",""caption"":null,""width"":720,""height"":1280},{""id"":""CIHM0ogKEICAgMDg_pGv_gE"",""url"":""https://lh3.googleusercontent.com/geougc-cs/AB3l90AYlfwE6wkf2_7S6NVzILxFKMAK4T9-p4gluXmzQHBI3TShlYEn1EdoThJhK-tOBJGZVCeM15FEM8DFRRhkV6rICn5a2xoUnXTvgxD9UA6LR1DedHRJlAlYswprARWN9eZoGCZSqA=s1024"",""caption"":null,""width"":1080,""height"":1920},{""id"":""CIHM0ogKEICAgMDg_pGvAQ"",""url"":""https://lh3.googleusercontent.com/geougc-cs/AB3l90APlBsrSsiTUL9PjFQxHi57qAKX9E2kDONxGwhUOC0BzUMM7gpY-ACxTYcNgd7ikpD-OPn_d9p4i8rq5cVG8TPi4dey6Mo4FJ5Z_L8QQFu61V4_0CgCirehiuGGOnio7yPhZkNl=s1024"",""caption"":null,""width"":1080,""height"":1920},{""id"":""CIHM0ogKEICAgMDg_pGvgQE"",""url"":""https://lh3.googleusercontent.com/geougc-cs/AB3l90AKI75yLBhNfZ72DtmcfxBf6_QbHL1ngftWaOuB7iPKJbZ-tSLAbvGb2xBkHJdvKXazpA9j4XWkmI0KD4g-Nay2M7Xg4-vCqX3SZsFNDIN-TZhfOWZSt42s5RGdYWmW5acnymxW5Q=s1024"",""caption"":null,""width"":1080,""height"":1920},{""id"":""CIHM0ogKEICAgMDg_pGvQQ"",""url"":""https://lh3.googleusercontent.com/geougc-cs/AB3l90AkkWDbp36akRLhw0BqCjgaucYvhIkuM5qH6dirnEa6KsHPpnmdrwPGDTbK1mLnNE98s-M1QH_pPEP2Jz65sXi55FFBg1dzpdkm_Z1coq7D6fvnmr6XZ_X_q6yBJXCCj5Qq_SR1=s1024"",""caption"":null,""width"":1080,""height"":1920},{""id"":""CIHM0ogKEICAgMDg_pGvwQE"",""url"":""https://lh3.googleusercontent.com/geougc-cs/AB3l90CEYowrvcki0rMWtVT3qqpDP64se5I-YTnmFH_El73ARZIZ2sYF2shVVgA1jqvq5KcvYy4TN9BeeHq9TIg-r26bb7dvcYsVDMj99DiylmbJy_aaI9SoqJErwZ_ZU_EcmeFpP6ou=s1024"",""caption"":null,""width"":1080,""height"":1920},{""id"":""CIHM0ogKEICAgMDg_pGvIQ"",""url"":""https://lh3.googleusercontent.com/geougc-cs/AB3l90C_N0K33m30j3rDyYjn1IoBGwWEyb_3s0hu7ELZWSkvP7Lm9jwffipitPlO30gNGQeC19VrFge4PMcnhKxJ9CrpYB_zDKuCaZ3mkDLArJe8_oGddH4LbeOJ_0uywF3thCr6B4us=s1024"",""caption"":null,""width"":1080,""height"":1920},{""id"":""CIHM0ogKEICAgMDg_pGvoQE"",""url"":""https://lh3.googleusercontent.com/geougc-cs/AB3l90CKhE4CllzFgT-cNZbZG9Ci1SVOH7I_oxnS4MdKbR-DEWH5TdKbcjgjZgmcpdBxAvbFqdC-gtHo4l7Nu7dChLYSNCkaNsxZudf32V6cZO7evWIIVnACEz3OVPAWsUEN5tsJX5yvcw=s1024"",""caption"":null,""width"":1080,""height"":1920},{""id"":""CIHM0ogKEICAgMDg_pGvYQ"",""url"":""https://lh3.googleusercontent.com/geougc-cs/AB3l90C5W0PvPmZsg--pSxNg8JTxqOobOQTYs2a0DgS118shAOsvwbgWcX1cG0oQYKOO_aXaoxcvzsoduZQGiob8S4mTRtGihQHQxoOjZYHLMkfOjVGPFTEmZG9mi2muMZpGIpbKrjZt=s1024"",""caption"":null,""width"":1080,""height"":1920},{""id"":""CIHM0ogKEICAgMDg_pGv4QE"",""url"":""https://lh3.googleusercontent.com/geougc-cs/AB3l90CbFhCc2bxPVfVehQ2VB0LYM0szzRmzLgOyVuOJaS5VpLLl1v1tt5IvHCnnEgPrEIJeQq1gSq7PlPgdvFCeqEdjxkQSQ6mAuFTRBLE2ISqiXp-ysLtmIxfvRCrHk5V51WHxyVkIFA=s1024"",""caption"":null,""width"":3024,""height"":4032},{""id"":""CIHM0ogKEICAgMDg_pGvEQ"",""url"":""https://lh3.googleusercontent.com/geougc-cs/AB3l90DwbbWJSmPMm50DEc7dBjHCBSIGarGQc8klRgGvpu-Pe0_2YOIlAokCNZEEyzgmPKuMtrlXNb0pX8tTTMbx_LJx23IXnGBpqAkzqqh1U8HTZwgsac-zkjCRdCY_xCmKtH2lXEs=s1024"",""caption"":null,""width"":1080,""height"":1920},{""id"":""CIHM0ogKEICAgMDg_pGvkQE"",""url"":""https://lh3.googleusercontent.com/geougc-cs/AB3l90DpcnyI4gNnybphbvOAxZ0fyuV-y1UTvFgPJ5rHVgR7_e6gqrsIjT__yD1Rd5NsioIr_76Vt8Q5O2780L8sROsaYJA6MWwbeYPyvkSuMS6hVTQ1arUf2GG1i766XqGiqj76vXbU=s1024"",""caption"":null,""width"":1080,""height"":1920},{""id"":""CIHM0ogKEICAgMDg_pGvUQ"",""url"":""https://lh3.googleusercontent.com/geougc-cs/AB3l90AWi6j0BFsdNB5CmgA-RsSJxnC2mGlCMmEZ_INN3mrypW1BOPwhyT_5m6qUpEPNMi0SElwXE1jCwNwTWevh4GCrCPABviDRgfv4E7f3ibRSTH2hkXSlvQJuO1dspyWiucCGro8O=s1024"",""caption"":null,""width"":1080,""height"":1920},{""id"":""CIHM0ogKEICAgMDg_pGv0QE"",""url"":""https://lh3.googleusercontent.com/geougc-cs/AB3l90BAwdidWOdRpJ1bRSBWDnqb8JWu2vcZhyRivfArR2rhVEumAuX5NRjMB4ii9RXzuYQtB0jGyVlw8lwN_Rzgj8X4KZe1bhUhctshgnXm2y2SUJTBalnez_DcuVC4Ed734qgN8tcOcQ=s1024"",""caption"":null,""width"":1080,""height"":1920},{""id"":""CIHM0ogKEICAgMDg_pGvMQ"",""url"":""https://lh3.googleusercontent.com/geougc-cs/AB3l90BSTjOc_FksWclzH5fFaBunYA9icl1KnjN1fYy5ZRVy6XUMCX1uD0_YM9OtvmkgWSqPfw-R2Bl1ktW0PX0v6EQga-bvZQLt4sgxrrFOX5z-L4s1DSk_mgowlutTDuG5xBBruwad=s1024"",""caption"":null,""width"":1080,""height"":1920},{""id"":""CIHM0ogKEICAgMDg_pGvsQE"",""url"":""https://lh3.googleusercontent.com/geougc-cs/AB3l90Au0WsAMSmEqcDvPEIMwayeKnuRYDKumFjXTn50JGYzWAW0o97l7y4x8O92OBL5dZVtyjGwGaMKLjKg_TRl30l004AD25BNHakTcWmorxj3uQkAl6RqoC3rPOIjK0WdCGcdN24LPg=s1024"",""caption"":null,""width"":1080,""height"":1920},{""id"":""CIHM0ogKEICAgMDg_pGvcQ"",""url"":""https://lh3.googleusercontent.com/geougc-cs/AB3l90B-sn27KtTd2dRbQMoIo4ySrRSNZiWnQLGX8vMp1zAMuxDu0tAHSXEDwKkBCOy813UDnzAnyp5l0_MRETJ9-oMtXOKL_IB7Xl0ICgy6r-CezUr7hysgH4oS1gKawhKwM8ENZANl=s1024"",""caption"":null,""width"":720,""height"":1280},{""id"":""CIHM0ogKEICAgMDg_pGv8QE"",""url"":""https://lh3.googleusercontent.com/geougc-cs/AB3l90DHrJYdUuLv7tSNEcf0RqppedKl8HNUSy4db5Yva0Y4GTrPyHnAvGhcg2u7hj6AZ4TET7hhW-11BPrV8x0I3ccEz1wiixjaaWwc5FlqlT2k82EFuJSh6s4LFluvzoMZSocuTv9Q1Q=s1024"",""caption"":null,""width"":720,""height"":1280},{""id"":""CIHM0ogKEICAgMDg_pGvCQ"",""url"":""https://lh3.googleusercontent.com/geougc-cs/AB3l90DPu3nsLzjPuOi0zqL4MobQUysb3KIJxLPUZ_GNyVqqccyYQ3S0Ig1qU3EuFhIKQpm-kJG1d9FTip5557Xq6avrXbSZmWSCzFtxwKvOxQ2fw68E-wd9QUGySz8kZK_dTakyoV0=s1024"",""caption"":null,""width"":720,""height"":1280},{""id"":""CIHM0ogKEICAgMDg_pGviQE"",""url"":""https://lh3.googleusercontent.com/geougc-cs/AB3l90B5AghmBoz9IPfCNypHN3m1nghgr4rrlN0RO22IYiW-9RqyGHKqyrZPMTd9IQB4gW4c_vBs51e67t9lIuaKrhOHINdN_HXzenIWT0WIfhp4KyJGzvumueiqvUWN2nkgV2TFJTfXxA=s1024"",""caption"":null,""width"":2268,""height"":4032},{""id"":""CIHM0ogKEICAgMDg_pGvSQ"",""url"":""https://lh3.googleusercontent.com/geougc-cs/AB3l90BcYZsIgzlAn2J6w91dF8ni3ugJjOLHgnrF5dBw-CZjNbipgwOZS8dsiScDl6gDQVSj26ssCCzBA80k0sOVtcTamp3E2KFtGwu9RggshjwNmy0e-fd4v7XKTIZR9mjAsXcs3HsK=s1024"",""caption"":null,""width"":2268,""height"":4032},{""id"":""CIHM0ogKEICAgMDg_pGvyQE"",""url"":""https://lh3.googleusercontent.com/geougc-cs/AB3l90BSEjOjOABBo-Tvhww9rIP_e_rRxuhOXhVGX3lKI6ijG_5VhvR0_uFl1Q1EoUf2OXeFtTwLlUUmetBcwFTNSQZj4tadvDno3-W4WkuzgQSP5l9a-mV5ErB6Wiqc6ruAMBiEyfnPyw=s1024"",""caption"":null,""width"":2268,""height"":4032},{""id"":""CIHM0ogKEICAgMDg_pGvKQ"",""url"":""https://lh3.googleusercontent.com/geougc-cs/AB3l90BUU7Q1GabRhSy9kgLDYynXpeWjikolj6IZHNGfcbLA80xXK1lzzdBYqW-5LXvm1ARwXfsZ1siXAeRKmwPwDnMjW6bafTnR1yd1IDkA8IBY_ZIQ_LrWNGdt52CEzOe0ei6NCD6h=s1024"",""caption"":null,""width"":3024,""height"":4032}]"
ChIJEcFHRgA52C0R2iO4X6zKvIo,LOBUKBEACH,ChdDSUhNMG9nS0VLUGU4SktFb29LOWdRRRAB,https://www.google.com/maps/reviews/data=!4m8!14m7!1m6!2m5!1sChdDSUhNMG9nS0VLUGU4SktFb29LOWdRRRAB!2m1!1s0x0:0x8abccaac5fb823da!3m1!1s2@1:CIHM0ogKEKPe8JKEooK9gQE%7CCgwIz6iZwgYQoML6iAE%7C?hl=id,EAC,111755039969582340718,https://www.google.com/maps/contrib/111755039969582340718?hl=id,5,"Pantainya lumayan bagus,wahana permainan airnya menarik dengan harga yang sangat terjangkau",4 bulan lalu,2025-06-09T03:26:07,,,,2,9,,,,[],"[{""id"":""CIHM0ogKEOmDqdeZ5cWM6QE"",""url"":""https://lh3.googleusercontent.com/geougc-cs/AB3l90C6ipy3wXqIhR5hxhJK-1L7-HZhz-4h9r46TUq-hzXpF9kjaw6KyzcAGi_LfvWm4Z76_IM5cmDNflQ7dpm9rWB9O9oBSWi7652kQXgYYSBmuh6QUUJCgnV_cPmBktCqbu_kOtoCnQ=s1024"",""caption"":null,""width"":848,""height"":480}]"
ChIJEcFHRgA52C0R2iO4X6zKvIo,LOBUKBEACH,ChdDSUhNMG9nS0VJQ0FnTURBcnU3eTZRRRAB,https://www.google.com/maps/reviews/data=!4m8!14m7!1m6!2m5!1sChdDSUhNMG9nS0VJQ0FnTURBcnU3eTZRRRAB!2m1!1s0x0:0x8abccaac5fb823da!3m1!1s2@1:CIHM0ogKEICAgMDAru7y6QE%7CCgwI5NGnvQYQ8JeO6gE%7C?hl=id,Fathur Rohman,100031610234076696690,https://www.google.com/maps/contrib/100031610234076696690?hl=id,3,Bahaya banyak motor ATV lewat dekat  pengunjung pantai..pengelola harus lebih bijaksana,Diedit 8 bulan lalu,2025-02-09T03:43:45,Makasih atas masukan nya kk.. saya minta maaf sebesar2 nya kk atas ke tidak nyaman nya kk.. ,8 bulan lalu,2025-02-14T06:58:24,2,4,,,,[],"[{""id"":""CIHM0ogKEICAgMDAru7yWQ"",""url"":""https://lh3.googleusercontent.com/geougc-cs/AB3l90DtGRWXhNzOnpngiASLkUjuLQUjRWnAQQnZgfiPN1f6hlLdyIeQeumwwFltPhUhVSTNV9EoulhP_NxLCitadTGfQCxImk7aihsk2ljZOHczHTZKKB6beJxt2VX0Yug2nCkIvTk=s1024"",""caption"":null,""width"":3000,""height"":4000},{""id"":""CIHM0ogKEICAgMDAru7y2QE"",""url"":""https://lh3.googleusercontent.com/geougc-cs/AB3l90AtM1ufvgL-fTwTDeAlw6v_QBBpJQU5PDiLmuWBg2INuhmB5LGx8yFjX-1BtkHyATT4aVjcB2-gH5ci74FKAQ1VNcm3vcMhJE_79Dv24m9AhC2cg9BPhf9sZ3wLMDgzIBXIvqzCog=s1024"",""caption"":null,""width"":3000,""height"":4000},{""id"":""CIHM0ogKEICAgMDAru7yOQ"",""url"":""https://lh3.googleusercontent.com/geougc-cs/AB3l90ARb6KqdWE773-dRqEMnT6-V6Oadbc7NtCPpg1dy2q9Y2ZltR6TF42GmE5psWcPMFmp_oemS0_6W6AeyneciztkklfoWcXD3yAwPPX65u94cKz37-WC1CpqqrdObX8zyA31rea6=s1024"",""caption"":null,""width"":3000,""height"":4000}]"
ChIJEcFHRgA52C0R2iO4X6zKvIo,LOBUKBEACH,ChZDSUhNMG9nS0VJQ0FnTURJLXY2ckN3EAE,https://www.google.com/maps/reviews/data=!4m8!14m7!1m6!2m5!1sChZDSUhNMG9nS0VJQ0FnTURJLXY2ckN3EAE!2m1!1s0x0:0x8abccaac5fb823da!3m1!1s2@1:CIHM0ogKEICAgMDI-v6rCw%7CCgwI2JTYvwYQ-JyQ-AI%7C?hl=id,JEJE 7373,102357802678926560491,https://www.google.com/maps/contrib/102357802678926560491?hl=id,3,Pantai baru yg semuanya masih minim ....semoga kedepan tambah baik..dan berkembang,6 bulan lalu,2025-04-09T05:49:12,,,,201,215,1,,,"[{""name"":""Waktu kunjungan"",""value"":""Hari libur nasional""},{""name"":""Waktu antrean"",""value"":""Tanpa mengantre""}]","[{""id"":""CIHM0ogKEICAgMDI-v7_xAE"",""url"":""https://lh3.googleusercontent.com/geougc-cs/AB3l90DochytWYm87euG9B3NBIzpcGP5V_0g_XdByYm_eWEUzZ-KSNtRnQ5sc2w1664957ElxIDAHGEh58ECZnT98RH8fs98Z6cK6codunaliKK9ruSNYmHrvzrpv6leuvm2_OnyItuM=s1024"",""caption"":null,""width"":3120,""height"":4160}]"
ChIJEcFHRgA52C0R2iO4X6zKvIo,LOBUKBEACH,ChdDSUhNMG9nS0VJQ0FnTUNZcE1uaTV3RRAB,https://www.google.com/maps/reviews/data=!4m8!14m7!1m6!2m5!1sChdDSUhNMG9nS0VJQ0FnTUNZcE1uaTV3RRAB!2m1!1s0x0:0x8abccaac5fb823da!3m1!1s2@1:CIHM0ogKEICAgMCYpMni5wE%7CCgwIut_NwAYQgInchwE%7C?hl=id,Irin Lamongan,113104075015195630840,https://www.google.com/maps/contrib/113104075015195630840?hl=id,4,"Pengalaman yang seru, selain bermain pasir dan air kita juga bisa menaiki serunya wahana banana boat.",5 bulan lalu,2025-05-01T12:57:30,,,,44,16,1,,,"[{""name"":""Waktu kunjungan"",""value"":""Hari biasa""},{""name"":""Waktu antrean"",""value"":""Tanpa mengantre""},{""name"":""Sebaiknya buat reservasi"",""value"":""Tidak""}]",[]
ChIJEcFHRgA52C0R2iO4X6zKvIo,LOBUKBEACH,Ci9DQUlRQUNvZENodHljRjlvT2pSMU1rdFlVa0ZDT0hVeVl6ZEhka3hpZVhGSFprRRAB,https://www.google.com/maps/reviews/data=!4m8!14m7!1m6!2m5!1sCi9DQUlRQUNvZENodHljRjlvT2pSMU1rdFlVa0ZDT0hVeVl6ZEhka3hpZVhGSFprRRAB!2m1!1s0x0:0x8abccaac5fb823da!3m1!1s2@1:CAIQACodChtycF9oOjR1MktYUkFCOHUyYzdHdkxieXFHZkE%7C0cjNVKbStRX%7C?hl=id,Hasan Boemi,117533025359062434379,https://www.google.com/maps/contrib/117533025359062434379?hl=id,5,Okelah,sebulan lalu,2025-09-07T13:26:45,,,,11,19,1,,,"[{""name"":""Waktu kunjungan"",""value"":""Akhir pekan""},{""name"":""Waktu antrean"",""value"":""Tanpa mengantre""},{""name"":""Sebaiknya buat reservasi"",""value"":""Tidak""}]","[{""id"":""CIABIhDoEUM8AIqqVHzGKRLldSlB"",""url"":""https://lh3.googleusercontent.com/geougc-cs/AB3l90B47cFIp9i_6qBBZCXx_gE9qggaSYxbYEWqbjEwW0Z5VXPTvH9s25HWntI-TXKrrZhI9i9tCh_Ll51H7vLRbzcTxLZIWTSUn_cVUaTN7D-fR9zLc5cKLpt7e8N88FJB_t7m0jezHOYxdpI=s1024"",""caption"":null,""width"":3072,""height"":4096}]"
ChIJEcFHRgA52C0R2iO4X6zKvIo,LOBUKBEACH,ChZDSUhNMG9nS0VJQ0FnSURmcHByQURREAE,https://www.google.com/maps/reviews/data=!4m8!14m7!1m6!2m5!1sChZDSUhNMG9nS0VJQ0FnSURmcHByQURREAE!2m1!1s0x0:0x8abccaac5fb823da!3m1!1s2@1:CIHM0ogKEICAgIDfpprADQ%7CCgwI5ovtuwYQ6JnkpwM%7C?hl=id,Erza Andrean,107477302460261821641,https://www.google.com/maps/contrib/107477302460261821641?hl=id,5,"Tempat yang yang nyaman, cocok buat santai dan liburan",9 bulan lalu,2025-01-06T02:54:30,Pasti nya donk,9 bulan lalu,2025-01-07T16:17:58,8,23,1,,,"[{""name"":""Waktu kunjungan"",""value"":""Hari libur nasional""},{""name"":""Waktu antrean"",""value"":""Tanpa mengantre""},{""name"":""Sebaiknya buat reservasi"",""value"":""Tidak""}]","[{""id"":""CIHM0ogKEICAgIDfpprAzQE"",""url"":""https://lh3.googleusercontent.com/geougc-cs/AB3l90DWq8GPhBMHXMTGNjeXOnUpCZfA7n2UhgUn2lSwtF8IHnsxyTj4Nzo7uM0wUzcN-Lj5CfNbhwC5GWRj43o5xcXecgfct0MOlC4_UOQTc3ueqHgQR_k0DgBsosi4k5tEGp9sLin6=s1024"",""caption"":null,""width"":1932,""height"":2576},{""id"":""CIHM0ogKEICAgIDfpprALQ"",""url"":""https://lh3.googleusercontent.com/geougc-cs/AB3l90BIEIvDKw1VHs7_xl2a5j7JoFzvoNz5A-xaRRkzy-6bWmWvhA99ZjRVzTVlNRYKTLsfXWdxOiOXsTZQTQeEtaWz-mUHUhGUIFcX4cKP6JfJcVFiOkPraz5VlU0tVCHBPHFJJhKX=s1024"",""caption"":null,""width"":720,""height"":1280}]"
ChIJEcFHRgA52C0R2iO4X6zKvIo,LOBUKBEACH,ChdDSUhNMG9nS0VJQ0FnSURmMXZlUXpRRRAB,https://www.google.com/maps/reviews/data=!4m8!14m7!1m6!2m5!1sChdDSUhNMG9nS0VJQ0FnSURmMXZlUXpRRRAB!2m1!1s0x0:0x8abccaac5fb823da!3m1!1s2@1:CIHM0ogKEICAgIDf1veQzQE%7CCgwIg8_uuwYQiMH41wM%7C?hl=id,Hijrah youtube channel,105132750638267498964,https://www.google.com/maps/contrib/105132750638267498964?hl=id,5,Pantai yg cantik dan alami,9 bulan lalu,2025-01-06T09:50:59,Terimakasih ,9 bulan lalu,2025-01-07T16:17:19,3,10,,,,[],"[{""id"":""CIHM0ogKEICAgIDf1veQbQ"",""url"":""https://lh3.googleusercontent.com/geougc-cs/AB3l90Dl2MFFTMDpOvlgnPUO73bEhnjCdCLTjMgccFdMPeELzkp4bRBK0pHhC4AoSDS18jqrowWv3rqeaeFM6Ds-hc6dVOvLPiFqWW8i3p8Z7VJDwUkr73W_O328iyUPEeYUlvv0erv-=s1024"",""caption"":null,""width"":1072,""height"":1920},{""id"":""CIHM0ogKEICAgIDf1veQ7QE"",""url"":""https://lh3.googleusercontent.com/geougc-cs/AB3l90BoB8Z5FRvErCiJuLsjleHJ23UA-lYCr1HRUyDlnLkKVHWG029MGycRR91Brf6KQJe6Zds6ykstFAmVYRkt1zgjHIqubpz5VqjWE2RH8iz0v2D2xefMpn4n-vDvU534gppH8zF0OA=s1024"",""caption"":null,""width"":1072,""height"":1920}]"
ChIJd4T0VXII2C0RtFTgV52TjdU,Pantai Ayang-ayang Benteng Pulau Mengare,ChZDSUhNMG9nS0VJQ0FnSURJbHFTTE53EAE,https://www.google.com/maps/reviews/data=!4m8!14m7!1m6!2m5!1sChZDSUhNMG9nS0VJQ0FnSURJbHFTTE53EAE!2m1!1s0x0:0xd58d939d57e054b4!3m1!1s2@1:CIHM0ogKEICAgIDIlqSLNw%7CCgwIrLi44QUQn9_6vgI%7C?hl=id,kharisa mahmudah,116883028812136239135,https://www.google.com/maps/contrib/116883028812136239135?hl=id,5,"Salah satu tempat wisata yang ada di kota gresik. Tepatnya di desa tanjung widoro, mengare. Lokasinya memang agak jauh dari pusat kota gresik dan bisa dijangkau dengan menggunakan motor atau mobil. Untuk bisa masuk ke tempat wisata ini, pengunjung akan dikenakan biaya sebesar Rp 35.000 (dengan rincian Rp 20.000 tiket masuk wisata dan Rp 15.000 ongkos perahu pulang pergi). Pulau ayang-ayang sendiri adalah pulau endapan. Untuk bisa mencapainya harus menggunakan perahu untuk menyebrang. Di pulau ayang-ayang sendiri terdapat hutan bakau dengan berbagai spesies, pantai, bekas peninggalan belanda, dll. Di tempat ini pengunjung bisa berenang, bermain kayak (sejenis perahu dayung) tanpa perlu membayar lagi, bersantai, menyusuri hutan bakau, dll.",6 tahun lalu,2019-01-03T14:19:37,,,,3,9,1,,,[],"[{""id"":""CIHM0ogKEICAgICEtMPdNA"",""url"":""https://lh3.googleusercontent.com/geougc-cs/AB3l90D2TiZRJN_HdjKBV5Cm5ldlJSu4tlYe1u4tZVRO8_ZK55q6xdedT0VqWcBSlxismufXMlD3jsgwjf5cSk4X3QAQgOjBLRN7790MmqzwpT0Hj7T3yYUcwr4aTqtsgX_LjQsyLuA=s1024"",""caption"":null,""width"":3088,""height"":4128},{""id"":""CIHM0ogKEICAgICEtMPd1AE"",""url"":""https://lh3.googleusercontent.com/geougc-cs/AB3l90DThFiEDjXFFerOOhg2hZGv5E_CPabTBIutI4xQNiHtj5FqUvn1DtS87BmlFZmlO4jQlYg-iPw_kcV9g1Mh10up8L6PedZL7KSnFznrx-kFGOS6jTGTaTbyxbD6CwSZRTeAdo9ZGg=s1024"",""caption"":null,""width"":4160,""height"":3120},{""id"":""CIHM0ogKEICAgICEtMPdZA"",""url"":""https://lh3.googleusercontent.com/geougc-cs/AB3l90B1_LH8J5mDrdDoNXXLukHDm2nNIzowoytIr16HisvGkEBVCPGTqOHDO2Ebuf8u-scr_kdcgpH0b8YI7vunBBnr0ouD1ClGKeg4oetpY_6N4puXbHFjt8curH3kB_10k-PnhoQv=s1024"",""caption"":null,""width"":4160,""height"":3120},{""id"":""CIHM0ogKEICAgICEtMPd9AE"",""url"":""https://lh3.googleusercontent.com/geougc-cs/AB3l90AB7YMzEE2B_d1OkSKxbgckVzTGSdQMn_vhyKCuKCZBdvsEZKnDAnEJe8Jh6jlsMg64mrwrArGB298jp7x5tMySI__lkM0g2IGdKtvgqXZZjif7YxOfxFclJZ-n8j5Ktwlweh6r=s1024"",""caption"":null,""width"":4128,""height"":3088},{""id"":""CIHM0ogKEICAgICEtMPdFA"",""url"":""https://lh3.googleusercontent.com/geougc-cs/AB3l90BInCIV8YTW7k80JpKvvdAbSsHqkx9FVvoEg8YvSBAbXlRyGUYXbVf85Cn6FMCqfNZS6zYaLAJlTmTublI5O_Z9iyt0R2Cu_DupFWRTHKF-sQmEaZ1Bwt81bKP4jhEC9J6jku0=s1024"",""caption"":null,""width"":4128,""height"":3088}]"
ChIJd4T0VXII2C0RtFTgV52TjdU,Pantai Ayang-ayang Benteng Pulau Mengare,ChZDSUhNMG9nS0VJQ0FnSURJMXRPTUdREAE,https://www.google.com/maps/reviews/data=!4m8!14m7!1m6!2m5!1sChZDSUhNMG9nS0VJQ0FnSURJMXRPTUdREAE!2m1!1s0x0:0xd58d939d57e054b4!3m1!1s2@1:CIHM0ogKEICAgIDI1tOMGQ%7CCgwIq8664QUQk6HFxgI%7C?hl=id,Chintya Dinni,117510178940447148129,https://www.google.com/maps/contrib/117510178940447148129?hl=id,5,"Bagus banget.. Masih sepi karena mungkin kurang dipublikasi.. Tenang dan nyaman.. Biaya cuma 35k include perahu untuk ke pulau tsb, main kano atau kayak dan pantai..",6 tahun lalu,2019-01-04T00:14:57,,,,104,167,1,,,[],"[{""id"":""CIHM0ogKEICAgICkp8vAtgE"",""url"":""https://lh3.googleusercontent.com/geougc-cs/AB3l90AENt3qle1nYnC3H_UVLoR9Ob7zvyhlDtXKvcREcZwpT04AXJ0moGZXmBruSdGt2zGESOvpIog9R-Qa1LpZxKXvoaxE_yL5kkzkce5pxT_YI4MJwhiJoX53fx6HQbiTKZ4nw39VCQ=s1024"",""caption"":null,""width"":4160,""height"":3120},{""id"":""CIHM0ogKEICAgICkp8vANg"",""url"":""https://lh3.googleusercontent.com/geougc-cs/AB3l90BS4lkc5po40BWj7TVNUksza-i29iVo0ctaiIK9yHoHIlWBiO1rmjTmw3g3xbY27WNR5b6nlzpClNeGicoYBLUUysVdgkcVc0w1ZKDL9oBLQ1OeH0yf9KImVCtbOozf2_drSL9u=s1024"",""caption"":null,""width"":4160,""height"":3120},{""id"":""CIHM0ogKEICAgICkp8vA9gE"",""url"":""https://lh3.googleusercontent.com/geougc-cs/AB3l90D-BZFUr2KTfzQW7wLTUzcnVP-bdvZ9Puy6xAjDj8nIddxwh789XAA_nOZmY92_ANV_ePw7uQ31svxwAR0ODsVxpcG3yhMCbUrcFd4oFtzFZJG_v8m6b8QfT70h-_7F_eRDh2g86Q=s1024"",""caption"":null,""width"":4160,""height"":3120},{""id"":""CIHM0ogKEICAgICkp8vAdg"",""url"":""https://lh3.googleusercontent.com/geougc-cs/AB3l90CnhnEcs0VqjdwpOEsizyqt1mLspOykPdHJf5ihNntBCbWfOfDsnpfihneQAF9gN16T_oYbPFV9rmTdaCD06dbPyEGJ-NS0Eh3J_SXFibELPhK4Y9oAQYxpgk6DaeTK824lChc=s1024"",""caption"":null,""width"":4160,""height"":3120}]"
ChIJd4T0VXII2C0RtFTgV52TjdU,Pantai Ayang-ayang Benteng Pulau Mengare,ChdDSUhNMG9nS0VJQ0FnSUNvbWJXbHlBRRAB,https://www.google.com/maps/reviews/data=!4m8!14m7!1m6!2m5!1sChdDSUhNMG9nS0VJQ0FnSUNvbWJXbHlBRRAB!2m1!1s0x0:0xd58d939d57e054b4!3m1!1s2@1:CIHM0ogKEICAgICombWlyAE%7CCgwI0uz-3gUQ6Nq5vwI%7C?hl=id,agus rofian,111846613312396268542,https://www.google.com/maps/contrib/111846613312396268542?hl=id,4,"Pantai bernuansa Hutan bakau untuk Edukasi dengan diselimuti pasir kerang .. cocok Buat piknik keluarga.. Fasilitas Kano Gratis, tempat Cukup bersih dan pemandu yang bersahabat",6 tahun lalu,2018-11-05T03:17:38,,,,74,59,1,,,[],"[{""id"":""CIHM0ogKEICAgIDEqrHW8QE"",""url"":""https://lh3.googleusercontent.com/geougc-cs/AB3l90CnZcyWI0W3ch4zOoS6AIi9Z0nlBjKfcZ3JngB3D0A-aHVqC1d3a1RsPSeBrrA5Bm466XZkAkIJCjgrNzw-2ZdQ7y1A4WA1efmiNDbb_xoDb7kGCiBPuriFymovAePV-J-0JU5z=s1024"",""caption"":null,""width"":4032,""height"":2268},{""id"":""CIHM0ogKEICAgIDEqrHWbg"",""url"":""https://lh3.googleusercontent.com/geougc-cs/AB3l90ACoWOqN0BlCuBs4pl0N5wSkiXx51ov0HQLfcnR_3ZZiSC_jlT2u9aEe0cEudxd-IVmv0spMWmWq-GXFW1kQNBCcgDv8pDheKae016iJ28JRk7MNd0rsSO0ICldHGgLaOLVgg=s1024"",""caption"":null,""width"":4032,""height"":2268},{""id"":""CIHM0ogKEICAgIDEqrHWzgE"",""url"":""https://lh3.googleusercontent.com/geougc-cs/AB3l90CavNeIBcV4thAZyUpkz6WgcDNYnmWoBX4VC05VAs4BUJaCM2HgLE5yoB_nE-BeAQ2oyUziO5P1p0wL7bbq7KmDIJywZ7wefg_Re0YujX9qYnEdPnVpz9lmIfs92T2_OCttb_Yi7Q=s1024"",""caption"":null,""width"":4032,""height"":2268},{""id"":""CIHM0ogKEICAgIDEqrHWLg"",""url"":""https://lh3.googleusercontent.com/geougc-cs/AB3l90AJoXEYacydwwH5W1dstGEkY7_xxz97geaGBJ7vgJym6sK0wCDKxYwgHWBLh8sV2QkjUU2y9tSDZuzxesONNN9KTJ2xVlQkuySm4EDFRAMImGxKND_fdPGfb9P2xarLn3EGPwX0=s1024"",""caption"":null,""width"":2268,""height"":4032}]"
ChIJd4T0VXII2C0RtFTgV52TjdU,Pantai Ayang-ayang Benteng Pulau Mengare,ChdDSUhNMG9nS0VJQ0FnSURncGNQMWh3RRAB,https://www.google.com/maps/reviews/data=!4m8!14m7!1m6!2m5!1sChdDSUhNMG9nS0VJQ0FnSURncGNQMWh3RRAB!2m1!1s0x0:0xd58d939d57e054b4!3m1!1s2@1:CIHM0ogKEICAgIDgpcP1hwE%7CCgwI8MLu0AUQgJrbugI%7C?hl=id,Ardhana Ricwari (Chypit),104117945038875518455,https://www.google.com/maps/contrib/104117945038875518455?hl=id,4,"Pantainya lumayan..tempatnya sejuk..banyak pohon mangrove dan di sana ada penjual makanan.. ada 2 cara menuju ke sn.. lewat darat melalui jalanan tambak.. dan lewat laut dengan naik perahu.. harga 10rb perorang.. pertama kami lewat darat..tp ga sampai tempat tujuan.. maklum..bawa anak kecil terpaksa putar balik..soalnya jlnnya kecil hanya ckp untuk motor..dan.. banyak tambak..
Lalu kami lewat laut dengan naik perahu.. pas mendekati pulau..pantainya sedang surut..jd kami harus over.. naik sampan.. meskipun begitu seru dan menyenangkan.. cocok untuk jiwa petualang..seru2an sm teman..anak..anak..
Saran saya klo mau ke sn.. bawa.. bekel nasi..supaya ga kelaparan soalnya di sn cmn jual..mie,es,bogolan,goreng tempe,dan cireng tp enak semua..ikannya terasa banget..apalgi...anget..br di angkat dr wajan...",7 tahun lalu,2017-11-27T05:11:25,,,,308,1082,1,,,[],"[{""id"":""CIHM0ogKEICAgID4wPvnDQ"",""url"":""https://lh3.googleusercontent.com/geougc-cs/AB3l90ASItuv4I-fql4OmEbRAM4yRNzqXoQJ7hdfWh53grET2nah2VQvmh388msSEnhNBRlCUX1oG7eROOmh75B0yZQnXHsoJjX2gM3KEvXdWdpQaZuRbTUnVXYeCMXXFBUqPGyZFauY=s1024"",""caption"":null,""width"":2160,""height"":2160},{""id"":""CIHM0ogKEICAgID4wIe9ygE"",""url"":""https://lh3.googleusercontent.com/geougc-cs/AB3l90B_3mrc2tBIUl0o47TDUzPj5-FNhoqiD343q7p9e5ZTRduAlmg9mKFQ3kR9eQEcSd9vfHOX_CxifClgIUIk3wx4VVsqeBDCIA_laIbT36lhyZXeTsZbLzRWDso3yAsjsioDyVV3rg=s1024"",""caption"":null,""width"":2160,""height"":2160},{""id"":""CIHM0ogKEICAgID4wIeczgE"",""url"":""https://lh3.googleusercontent.com/geougc-cs/AB3l90A93ERtdhgyrf2Dzy1MXIjphArQV9UXZGwv79DuRBxMYoFoyMu3WkMqvKH25xxpmI4NJLs0gBDPiGaAOvE4nscXm5SKLa_ov9W3fEP8uKzPRyEDkj_JmG59n6qu0I7C-sm9UfVOYA=s1024"",""caption"":null,""width"":2160,""height"":2160},{""id"":""CIHM0ogKEICAgID4wIfeaw"",""url"":""https://lh3.googleusercontent.com/geougc-cs/AB3l90ADxO8NBbaGInxtuk16-atMD1yFL2lFVp6Hyxfm8Un8YSxeJ39RvEnNmhRmmXLZZFtfT4nImz2EOgsjAurIgRsLAWEeVEtpP9WU8Z-Mmxs0-T52KBVyP_6EXp3QRgfPZVrgNuI=s1024"",""caption"":null,""width"":2160,""height"":2160},{""id"":""CIHM0ogKEICAgID4wIffYA"",""url"":""https://lh3.googleusercontent.com/geougc-cs/AB3l90Agjj-67v1FJOUdjPRApGRHM7yQWzyIxAtNiMggpVHu_BzrLXrPUdOg7Zs6fZxR8v-DsRARHeSDx3UMsc4j4YaBB6vkl3Qqg_FYv3gkHYzhfLszig9gCtOfhZzEVYTUMfRFZ1Lf=s1024"",""caption"":null,""width"":2160,""height"":2160},{""id"":""CIHM0ogKEICAgID4wIe9ngE"",""url"":""https://lh3.googleusercontent.com/geougc-cs/AB3l90BJacVn7j1PUj9qYncZfmveaFOxFj7jU0AtLVrPXRucI7IGh8FVS4eDCjYdRfaaz5Jdb24wVn7mTdigga8DxL3hh0L8RKCzKawvNMKM-lx-N9WWcqPTUxehdYOFEpwNbsETNn-aSQ=s1024"",""caption"":""Naik sampan menuju ke pantai di mengare karena pantai sedang surut"",""width"":2160,""height"":2160},{""id"":""CIHM0ogKEICAgID4wIec7gE"",""url"":""https://lh3.googleusercontent.com/geougc-cs/AB3l90DiBrK3UkZDARpkTIcGSVzNC24VqKZ_-21Qq4cwaHhlwOMrW7zvKKogdkeeLbbT6KxnH2i22XpU13Pc8MhgKBmXcjP7TjfuVnl31_t3cXz4dM9Ht5s2oduceP4HBEB42n6NNMNm=s1024"",""caption"":null,""width"":2448,""height"":3264}]"
ChIJd4T0VXII2C0RtFTgV52TjdU,Pantai Ayang-ayang Benteng Pulau Mengare,ChdDSUhNMG9nS0VJQ0FnSUNCdy1TaXhBRRAB,https://www.google.com/maps/reviews/data=!4m8!14m7!1m6!2m5!1sChdDSUhNMG9nS0VJQ0FnSUNCdy1TaXhBRRAB!2m1!1s0x0:0xd58d939d57e054b4!3m1!1s2@1:CIHM0ogKEICAgICBw-SixAE%7CCgwI1__NnQYQ6NnwkQI%7C?hl=id,Tita Hayuning,118194043487329141094,https://www.google.com/maps/contrib/118194043487329141094?hl=id,4,Pantai ayang-ayang merupakan salah satu destinasi yang di miliki oleh exotic mengare. Jika melihat Hutan mangrove ini bisa dilihat saat menaiki kapal klotok dari dermaga Mengare menuju Exotic Mengare.,2 tahun lalu,2023-01-03T01:07:35,,,,32,19,1,,,[],"[{""id"":""CIHM0ogKEICAgICBw-SiZA"",""url"":""https://lh3.googleusercontent.com/geougc-cs/AB3l90C2ZquQpf8MPvAHSd79P0ycejm0a2qSHU6xcxU1hmIPYxOIjqV-S6fQAm5obf3YB-HIIIaH25rGTTpFBlov6ezw1lAHCWHfrallPxUua3fFMejuBDwECKP1e8EWkmtcQzqo7RXK=s1024"",""caption"":null,""width"":1668,""height"":2967},{""id"":""CIHM0ogKEICAgICBw-Si5AE"",""url"":""https://lh3.googleusercontent.com/geougc-cs/AB3l90Brz5XVVFnfbZdQlnn4zS3tymtm0tCJRzZUzxLB7_l_PTBO-K_BoVxhH0OiqLEKT8tKjFnzF8u8KSnfcPeWP-w5KlsSp-Ddx76eaXjuHp666igYQq6ILhdTIDl9hKK2cEFJK5gC=s1024"",""caption"":null,""width"":1668,""height"":2967},{""id"":""CIHM0ogKEICAgICBw-SiFA"",""url"":""https://lh3.googleusercontent.com/geougc-cs/AB3l90BIZSsFR1BEl_dyBpf-QU5RBpXXQQP4MxthIk9OKEDD01Ld-uN21YRBWNt6FuuV0X_PuZimuqt-Zoc06wRlxdC4sbAk-Hr-jVIN7sz4MWbqNrcqw7kKiCWrHX5MvsPpNZSKxbgk=s1024"",""caption"":null,""width"":1668,""height"":2967},{""id"":""CIHM0ogKEICAgICBw-SilAE"",""url"":""https://lh3.googleusercontent.com/geougc-cs/AB3l90Cc4PCrT9sz20H8YQmwI6_4lo0ReLmxyD4569F1s71G2A1dOCK_3TMetoFheJcMyix13BuLe_4n644uwdbgqAmGp61b8YR_x9xz4S0mpc5TD2N4x4-k8wrrn8UY4iCVWvn-T0RkGg=s1024"",""caption"":null,""width"":1668,""height"":2967}]"
ChIJd4T0VXII2C0RtFTgV52TjdU,Pantai Ayang-ayang Benteng Pulau Mengare,ChZDSUhNMG9nS0VJQ0FnSUNXdzdfaFJREAE,https://www.google.com/maps/reviews/data=!4m8!14m7!1m6!2m5!1sChZDSUhNMG9nS0VJQ0FnSUNXdzdfaFJREAE!2m1!1s0x0:0xd58d939d57e054b4!3m1!1s2@1:CIHM0ogKEICAgICWw7_hRQ%7CCgwInpSNkQYQgMD2jgM%7C?hl=id,LA Media Cipta,104376374757076758764,https://www.google.com/maps/contrib/104376374757076758764?hl=id,4,"Seru buat mancing & camping...sayang kadang pas Surut perahu,ga,bs sampai bibir pantai...",3 tahun lalu,2022-03-05T11:31:06,,,,720,2120,1,,,[],"[{""id"":""CIHM0ogKEICAgICWw7_HygE"",""url"":""https://lh3.googleusercontent.com/geougc-cs/AB3l90AHP7NP-jX1GKStwLQl1raG6vm3DLeDE-TKhRKFIOGYiSjNBqhtW0cXYnT7PkpHnUGQgI5OlYZzZtxR7ldV2fP8Uqr-3kzPYkt7Hi2fedUuH0hRnvauRl8UMoOjK1OshmoXuOb7lA=s1024"",""caption"":null,""width"":3464,""height"":4618},{""id"":""CIHM0ogKEICAgICWw7_HKg"",""url"":""https://lh3.googleusercontent.com/geougc-cs/AB3l90DcJStGqjHavm9adzT1sspuR4OGW2w0LNsouEuTub-9Fj-S_gd4fLnWAZeQ3IpcDawNHLky9SQZVTYTQziwKXgk6wC_0N13setDd2-gJ3EDGxCTrfIngjR6J_d2mIitw4Urt0Zu=s1024"",""caption"":null,""width"":4618,""height"":3464},{""id"":""CIHM0ogKEICAgICWw7_HqgE"",""url"":""https://lh3.googleusercontent.com/geougc-cs/AB3l90CUKhQdeyuDHX5oTc7bWP_otTnTKz6pwE2pKRyaOLqbMt-yU3YjrLcghK06ej8wAMDR3ABDmYTtxmSHCi3fv7pZSLw0qO8QQAVRaw2ZTjKfohiK3WzI9qtlr6ecXW0DDPeo9HEEuw=s1024"",""caption"":null,""width"":4618,""height"":3464},{""id"":""CIHM0ogKEICAgICWw7_Hag"",""url"":""https://lh3.googleusercontent.com/geougc-cs/AB3l90Ai5U5UCOZRlkbRqtr3L-CX75MHhxDoIILYhAvesY0rFTHteUNzvB2PeNRFPbfesKow9HRDNYvqZ-IjrOazrOc9cIx_AliqH2TZT6MhJxsQAk5yPXWHIF6fg_uMYeBjov0DuhO-=s1024"",""caption"":null,""width"":4618,""height"":3464},{""id"":""CIHM0ogKEICAgICWw7_H6gE"",""url"":""https://lh3.googleusercontent.com/geougc-cs/AB3l90CwQMlFktuxHNx7_CfPAe3dc7gVLOlF8m_uNI8P3o3vBhIOWaiE59By2BOJE4WcJAFLN4vU-XglXhIBOpCdc7tAhLHQ8VG-qGAiFYL4vBRxQun4NMJq2IZgT-t4tTprz4E5LeQUJA=s1024"",""caption"":null,""width"":3464,""height"":4618},{""id"":""CIHM0ogKEICAgICWw7_HGg"",""url"":""https://lh3.googleusercontent.com/geougc-cs/AB3l90D0OA6QiW5umzpiVYj1kei59MTm6rzLhAG6tVSEaiBHydMyzC4iFgDEtJM_gkhWduut6jGYLduDbTdGJKmsUZVVvHHbAYRffDe6HOgNc_fVjd7piiNcrtlITwhxcEYU03IozwY=s1024"",""caption"":null,""width"":4618,""height"":3464}]"
ChIJd4T0VXII2C0RtFTgV52TjdU,Pantai Ayang-ayang Benteng Pulau Mengare,ChZDSUhNMG9nS0VJQ0FnSUQyZzZMX1ZBEAE,https://www.google.com/maps/reviews/data=!4m8!14m7!1m6!2m5!1sChZDSUhNMG9nS0VJQ0FnSUQyZzZMX1ZBEAE!2m1!1s0x0:0xd58d939d57e054b4!3m1!1s2@1:CIHM0ogKEICAgID2g6L_VA%7CCgwIoIetlAYQwIHMogE%7C?hl=id,Eka Ayuningtyas,100546366933650874131,https://www.google.com/maps/contrib/100546366933650874131?hl=id,4,"Akses jalan sempit, hanya bisa naik perahu g ke pulau nya krn ditutup",3 tahun lalu,2022-05-23T08:19:44,,,,7,30,,,,[],"[{""id"":""CIHM0ogKEICAgID2g6L_tAE"",""url"":""https://lh3.googleusercontent.com/geougc-cs/AB3l90CLoCPidlP1-KBG5H8md2-n9uqG6wda4zuvabvn_l-NFa7j4jkn1zoTg3W2TSHE0pPq6STRlg2mljkKB0zGhMglxZcI4zAzc5ThCrlnG9irCJ11_-lw11RjPSW-dZQTyaKBgdE16A=s1024"",""caption"":null,""width"":3456,""height"":4608},{""id"":""CIHM0ogKEICAgID2g6L_dA"",""url"":""https://lh3.googleusercontent.com/geougc-cs/AB3l90B2puLZBPGofeFJdxAETBHlNL7D3aluA7paELfLDuWPjFF14cHofbvZk-j6qkPaNin3qaZUrzXruxr73LxjLExmoLTbm6SlwwOw8kXhK_xrTVJ00eCMCTpphp0ig5pDLVAhklNy=s1024"",""caption"":null,""width"":3456,""height"":4608},{""id"":""CIHM0ogKEICAgID2g6L_9AE"",""url"":""https://lh3.googleusercontent.com/geougc-cs/AB3l90ARnWXa77XV6rUwSM7pFVjcyFSP94ufsnYydFd7CM0ShF5TgJVFbyK39EuMiZezgYG3wLvIN69Z2jwGDTviKWno0a424znDkkDZLEUg5BVe2d5p300H9Z2lEtCPZBeY73oX83_c0A=s1024"",""caption"":null,""width"":3456,""height"":4608},{""id"":""CIHM0ogKEICAgID2g6L_DA"",""url"":""https://lh3.googleusercontent.com/geougc-cs/AB3l90BOgLDtdznW08rw9_UeOeGyLBLdHb6x7WDg3nKhbSbUo5MVZ2yRIG400ZNOpIRV3nAhLlqGF344YUVkbYt4U225wGjeW3ynNYw_DYW9G0IyArCFByaLBAVexOJh2WVp1z81C14=s1024"",""caption"":null,""width"":4080,""height"":3060}]"
ChIJd4T0VXII2C0RtFTgV52TjdU,Pantai Ayang-ayang Benteng Pulau Mengare,ChdDSUhNMG9nS0VJQ0FnSUNBd2FDbXlRRRAB,https://www.google.com/maps/reviews/data=!4m8!14m7!1m6!2m5!1sChdDSUhNMG9nS0VJQ0FnSUNBd2FDbXlRRRAB!2m1!1s0x0:0xd58d939d57e054b4!3m1!1s2@1:CIHM0ogKEICAgICAwaCmyQE%7CCgwIpdGs1gUQgIXmjwI%7C?hl=id,Titis Ayu Wulandari,103325829430752156091,https://www.google.com/maps/contrib/103325829430752156091?hl=id,5,"Tempatnya cukup bagus,tempat ini mash di kelola oleh warga sekitar,belum dikelola oleh pemerintah,tp akses jalan menuju pantai ini lumayan bikin deg deg an kalau pakai mobil,,jalannya sempit jadi harus ngalah dan menepi terlebih dahulu tiap kali berpapasan dengan mobil lain ",7 tahun lalu,2018-04-09T08:42:03,,,,120,337,1,,,[],"[{""id"":""CIHM0ogKEICAgICk7-i9VA"",""url"":""https://lh3.googleusercontent.com/geougc-cs/AB3l90BVKVIViZfr1J7-oGCcK7yp6nx-b_he25u6BrPjvGeH7WKt9UK_kMRmfrKUmo_IrpkiuA8JG-kp3XSv32R8fk4HfQfnDnbpmyLLHD-vFDvCCkgu189maOx0qaae-DtGgPTTKnH1=s1024"",""caption"":null,""width"":3456,""height"":4608}]"
ChIJuZr_8ac52C0RM3DblIPTyCc,Pantai Indah Tanjungbumi,ChdDSUhNMG9nS0VJQ0FnSUNqOEp5MGxBRRAB,https://www.google.com/maps/reviews/data=!4m8!14m7!1m6!2m5!1sChdDSUhNMG9nS0VJQ0FnSUNqOEp5MGxBRRAB!2m1!1s0x0:0x27c8d38394db7033!3m1!1s2@1:CIHM0ogKEICAgICj8Jy0lAE%7CCgwI74f9sAYQgNH-xAI%7C?hl=id,Warung Gorengan Mbak Efi,100235017460867139954,https://www.google.com/maps/contrib/100235017460867139954?hl=id,4,"Tempat nya lumayan bagus untuk dikunjungi pas weekend, ttp jaga kebersihan pantai ya, jgn sampai tercemar.",setahun lalu,2024-04-17T03:37:19,,,,7,70,1,,,[],"[{""id"":""CIHM0ogKEICAgICj8Jy0NA"",""url"":""https://lh3.googleusercontent.com/geougc-cs/AB3l90AHLvVIdKZdauxv-werfdl6M9NivTHz5rE4VtxfhBY60AxDL18B0VBcEHkPMbHUrZH2RPew58_tkrSoCMbZLUXHVgskB98NGpuH7jA_G4HDdbajYCzFoJNE5iEya-bdRqQyF4bN=s1024"",""caption"":null,""width"":720,""height"":1280}]"
ChIJuZr_8ac52C0RM3DblIPTyCc,Pantai Indah Tanjungbumi,ChZDSUhNMG9nS0VJQ0FnSURWMktlc09REAE,https://www.google.com/maps/reviews/data=!4m8!14m7!1m6!2m5!1sChZDSUhNMG9nS0VJQ0FnSURWMktlc09REAE!2m1!1s0x0:0x27c8d38394db7033!3m1!1s2@1:CIHM0ogKEICAgIDV2KesOQ%7CCgwI5ODYqwYQ8LWzhAI%7C?hl=id,"Harrad S,",101700419935152366549,https://www.google.com/maps/contrib/101700419935152366549?hl=id,5,"Pantainya Bagus, Tetap Jaga Kebersihan Pantai Jgn Sampai Tercemar Oleh Sampah Plastik/ Orang Buang Sampah Sembarangan...?!",setahun lalu,2023-12-10T21:40:52,,,,18,2,1,,,[],[]
ChIJuZr_8ac52C0RM3DblIPTyCc,Pantai Indah Tanjungbumi,ChZDSUhNMG9nS0VJQ0FnSUN4d05qMVB3EAE,https://www.google.com/maps/reviews/data=!4m8!14m7!1m6!2m5!1sChZDSUhNMG9nS0VJQ0FnSUN4d05qMVB3EAE!2m1!1s0x0:0x27c8d38394db7033!3m1!1s2@1:CIHM0ogKEICAgICxwNj1Pw%7CCgwI9qThogYQ-LOuqQE%7C?hl=id,Erza Andrean,107477302460261821641,https://www.google.com/maps/contrib/107477302460261821641?hl=id,5,Sangat cocok untuk menenangkan pikiran,2 tahun lalu,2023-05-08T01:37:58,,,,8,23,1,,,[],[]
ChIJuZr_8ac52C0RM3DblIPTyCc,Pantai Indah Tanjungbumi,ChZDSUhNMG9nS0VJQ0FnSUQ1c2MydUlREAE,https://www.google.com/maps/reviews/data=!4m8!14m7!1m6!2m5!1sChZDSUhNMG9nS0VJQ0FnSUQ1c2MydUlREAE!2m1!1s0x0:0x27c8d38394db7033!3m1!1s2@1:CIHM0ogKEICAgID5sc2uIQ%7CCgwI2onnqQYQqI2o8AI%7C?hl=id,abhigaerlyn,111666688604065511631,https://www.google.com/maps/contrib/111666688604065511631?hl=id,5,Tempat nya keren abiz,setahun lalu,2023-10-26T01:46:02,,,,23,88,1,,,[],[]
ChIJuZr_8ac52C0RM3DblIPTyCc,Pantai Indah Tanjungbumi,ChdDSUhNMG9nS0VJQ0FnSURKdXMzQTFBRRAB,https://www.google.com/maps/reviews/data=!4m8!14m7!1m6!2m5!1sChdDSUhNMG9nS0VJQ0FnSURKdXMzQTFBRRAB!2m1!1s0x0:0x27c8d38394db7033!3m1!1s2@1:CIHM0ogKEICAgIDJus3A1AE%7CCgsIubbKpQYQ8I-BEQ%7C?hl=id,Badrul Smb,103164299851221327459,https://www.google.com/maps/contrib/103164299851221327459?hl=id,5,nyaman,2 tahun lalu,2023-07-15T13:12:25,,,,3,2,,,,[],[]
ChIJuZr_8ac52C0RM3DblIPTyCc,Pantai Indah Tanjungbumi,ChZDSUhNMG9nS0VJQ0FnSURuM3VMbkRnEAE,https://www.google.com/maps/reviews/data=!4m8!14m7!1m6!2m5!1sChZDSUhNMG9nS0VJQ0FnSURuM3VMbkRnEAE!2m1!1s0x0:0x27c8d38394db7033!3m1!1s2@1:CIHM0ogKEICAgIDn3uLnDg%7CCgwIq-6IuAYQgJjn1QE%7C?hl=id,Ratu Bilqis,107395532491800423246,https://www.google.com/maps/contrib/107395532491800423246?hl=id,5,Joss,setahun lalu,2024-10-06T07:07:23,,,,5,13,1,,,[],[]
ChIJuZr_8ac52C0RM3DblIPTyCc,Pantai Indah Tanjungbumi,ChdDSUhNMG9nS0VJQ0FnSUREM2ZITmdBRRAB,https://www.google.com/maps/reviews/data=!4m8!14m7!1m6!2m5!1sChdDSUhNMG9nS0VJQ0FnSUREM2ZITmdBRRAB!2m1!1s0x0:0x27c8d38394db7033!3m1!1s2@1:CIHM0ogKEICAgIDD3fHNgAE%7CCgwI6rzosAYQqLbJmAM%7C?hl=id,aswandana noor,118361414812702244776,https://www.google.com/maps/contrib/118361414812702244776?hl=id,3,,setahun lalu,2024-04-13T05:55:54,,,,2,130,1,,,[],[]
ChIJuZr_8ac52C0RM3DblIPTyCc,Pantai Indah Tanjungbumi,ChZDSUhNMG9nS0VJQ0FnSURkamJES2RBEAE,https://www.google.com/maps/reviews/data=!4m8!14m7!1m6!2m5!1sChZDSUhNMG9nS0VJQ0FnSURkamJES2RBEAE!2m1!1s0x0:0x27c8d38394db7033!3m1!1s2@1:CIHM0ogKEICAgIDdjbDKdA%7CCgwIo-HvrgYQsNnbygM%7C?hl=id,OKFI RAHMAN,112076202950495802079,https://www.google.com/maps/contrib/112076202950495802079?hl=id,4,,setahun lalu,2024-02-26T02:00:03,,,,7,45,1,,,[],[]
ChIJnbessF4E2C0RVW95_QKvJEo,Wisata Bukit Jaddhih,Ci9DQUlRQUNvZENodHljRjlvT25OblZHOVNaWFZOZEdocGFrSm9WRlZmU1ZCeVFrRRAB,https://www.google.com/maps/reviews/data=!4m8!14m7!1m6!2m5!1sCi9DQUlRQUNvZENodHljRjlvT25OblZHOVNaWFZOZEdocGFrSm9WRlZmU1ZCeVFrRRAB!2m1!1s0x0:0x4a24af02fd796f55!3m1!1s2@1:CAIQACodChtycF9oOnNnVG9SZXVNdGhpakJoVFVfSVByQkE%7C0cpvkIG5qt6%7C?hl=id,dhani wasistha y,104578536621521027600,https://www.google.com/maps/contrib/104578536621521027600?hl=id,4,"Bukit tambang kapur, sebagian masih dimanfaatkan untuk tambang, sedangkan sebagian sudah dimanfaatkan untuk wisata. Lokasi cukup luas, cocok untuk foto foto dengan tema Outdoor atau cari spot untuk mobil offroad. Lokasi wisata juga cukup sepi, tidak ramai. Untuk tiket masuk mobil 20.000, sedangkan untuk masuk ke kawasan foto dikenakan biaya 5000 per orang.",3 minggu lalu,2025-09-27T10:27:31,,,,239,1430,1,,,"[{""name"":""Waktu kunjungan"",""value"":""Akhir pekan""},{""name"":""Waktu antrean"",""value"":""Tanpa mengantre""},{""name"":""Sebaiknya buat reservasi"",""value"":""Tidak""}]","[{""id"":""CIABIhD8s3vgAIYIcMLX5QTzb-7f"",""url"":""https://lh3.googleusercontent.com/geougc-cs/AB3l90AJOYt3tMdcmzslD4n6Udw8E11TKS8Kwv_Np6iMNmqt4Ng2LW4FFtJuOiMN2SSDl8axMZ2bB4oyuOYzS8WU4VgUBc5b4n0OSR9sYHyYYfEpiAAXg0RQxv1EE2WckyNAm7L4wvmt228P8rdk=s1024"",""caption"":null,""width"":1080,""height"":1920},{""id"":""CIABIhDYzU8bjUhsK5rMsBd86rC6"",""url"":""https://lh3.googleusercontent.com/geougc-cs/AB3l90DBYqYUJRJxi9VULSwL67Js8qgTF-yQ9bD6O6omE70sAM2ugHbM2aVM4CAyElAgQ0FRqgGOdgDu6Gkbi3glH_rvblOG7O1xriy2zSKF2kFh0gPdaQlRyLhd_lRB1oaEBsSVExsDbWlYfkfL=s1024"",""caption"":null,""width"":3000,""height"":4000},{""id"":""CIABIhAMTWg7BKVUJxINGipdKjii"",""url"":""https://lh3.googleusercontent.com/geougc-cs/AB3l90Byj57fx4RJQ7EFbrPf7Oc_con2BMFK9k-5r4JAce5IcsiShYkSaufFGn81Iq4CiQ4e-UwwfdW9R7-rfpjF2N8WfywN0dtLALunnl1c6dLT84jDhxafw28ExFtw1CdQU4Dogrn5gcFR1MpH=s1024"",""caption"":null,""width"":3000,""height"":4000},{""id"":""CIABIhD9gR9VOHKkeXNdOSMCETSe"",""url"":""https://lh3.googleusercontent.com/geougc-cs/AB3l90Dg87pWdH1j8RgJqV2Tssxw3rpu7mqOvxY4aeFJN2K2ap72nUiJARE0LOLS2gttvLqHJe5avUgETZ8rDpqdWNjwoLdDnb-nBTHIxTtFLTF_ZVpFQ2NR1RiZca9Xr7V46plIytvBMmWz0JgY=s1024"",""caption"":null,""width"":3000,""height"":4000},{""id"":""CIABIhDFiqRWTdTtrSO3VUCuNMJi"",""url"":""https://lh3.googleusercontent.com/geougc-cs/AB3l90D3szbYzu8Pa4a3fMCHtd3l6JpWoiC1cyGPNfDtPFKfybu6hWODJlfnw8gu-VbRjsk3NpdbP50i3nifOV60Isy2E3KX5B8Mc_4VA9J81biTgC1cXtNFL9v3c9vLgRxgxwSqH0pp2-GKmddP=s1024"",""caption"":null,""width"":3000,""height"":4000},{""id"":""CIABIhDuGI4uNYzx7VOBAHZWltP9"",""url"":""https://lh3.googleusercontent.com/geougc-cs/AB3l90CqJXdj3-dG5DZ2vZIukK5i28yT0DtAGLPqWftIzgLWxOYsyQDq-4p2VJWMhK9QWmRlIWHuCwawefU7LLF2Vm0vv2Qr_o8NT9zmE7THKP8LC2D4PEX-ChfI8WmD-St_OZkCmj8R-sM63d90=s1024"",""caption"":null,""width"":2448,""height"":3264},{""id"":""CIABIhAS02XMbgvI8iUSa3LKGoeP"",""url"":""https://lh3.googleusercontent.com/geougc-cs/AB3l90AJM8HhpqV7f5dxZmRDav3ubE3nt3rVvmZOODiNy_TQCGQjuLNmP4v5Pl9d8nWjxrHu0YVhnuQDlAt1TVUvR8Ubc0cDfJT460SpeOaJqSmF3Xoxz5-Pw0Gk4c3EHoHtEPZWwVIKArNvvj38=s1024"",""caption"":null,""width"":2448,""height"":3264},{""id"":""CIABIhCmKWgSXvudJ_EpUJv8psmK"",""url"":""https://lh3.googleusercontent.com/geougc-cs/AB3l90Cq4HOwcsZycHdrJvaEv9Gg4JhWufIAdBsR8iG042xvnE8hJ-PN-Q9viUmyIFrSW60kTWsv3hUb14wX6uJHJCGE6012xpNcTQyKekBCi1VS7whd8PCzQ6Q0_6pIAYn_bb7YPnuKh5cGVzk=s1024"",""caption"":null,""width"":2448,""height"":3264},{""id"":""CIABIhBskM5OFvQy5NFH1ZqdkdeB"",""url"":""https://lh3.googleusercontent.com/geougc-cs/AB3l90CxJjb5tqb0ulH8313aKJuVCHzEmIEEc0kUijIT9GIdRqhzL4axRoyAE0sCIAZ19Q1NGUwl9gEWw2r8iGXxuAESPHyGe7cY16JzQ1BtZzmBRiZBgWEWz-c8q9aEROQOVrdDqyjI-NKwqKf_=s1024"",""caption"":null,""width"":2448,""height"":3264},{""id"":""CIABIhAjSBHutBb2mEQzzatbTy6m"",""url"":""https://lh3.googleusercontent.com/geougc-cs/AB3l90CLBbxwp_yQtP8k4Em6Fe68-9Ns6MqBE4JfQIba8iiONisuj4J1fsU8gRUY6k20pzlIVZRjUjoSoJG90TzIfk4qENkxT8WqAqKdntPfQZ3QNPBHv2XSithhWDE_SSEGexD6WsBwmCtjZSIf=s1024"",""caption"":null,""width"":3000,""height"":4000},{""id"":""CIABIhC-imbnZA2jxS0HlODklxph"",""url"":""https://lh3.googleusercontent.com/geougc-cs/AB3l90B12JJXg0njrCx3MJl7LrFJVqiO0gSqAQ7K0Yh-xVdpux3HSe_92KbXQpseO3DxA3LP_Q_Zplc_jn_gHOPagfP1aWN-LyQZ0VOf24EQ974mRc0d7VyJL9Y_Yw_xktT3oF_Jv23yPaDbssE=s1024"",""caption"":null,""width"":3000,""height"":4000},{""id"":""CIABIhBP3wUeigoogNLPtZ0W4Xns"",""url"":""https://lh3.googleusercontent.com/geougc-cs/AB3l90DKpbHdoNjKNLpTY17DTdCd4TqLS4H7OuMM9JlI4PVtfgX7MOdZ8-qdqD5H0PAIUecbTxPTq-d6jI711hoU-6WOA6CawIOgAlqnrBRK3juvfX0MTqcDF5GcMmySQuLF9BkuHNxViN2Q1aQ=s1024"",""caption"":null,""width"":3000,""height"":4000},{""id"":""CIABIhC-68lP9h_hmeSNg-cAwJyJ"",""url"":""https://lh3.googleusercontent.com/geougc-cs/AB3l90AzzVUiDNBLf018Q2bXx81RAJEOxQhUTpBIdaCNIBc-S5MMNuBmVssytRh8sQzpl5VMAVlZuLbG1dOrK_ThDNcY7Szk-NXgY71OcrsZlyxSiRqUL-bv__-m5_ZmvpRx7iNOSvMf-HFJ16IS=s1024"",""caption"":null,""width"":3000,""height"":4000},{""id"":""CIABIhAMKPXzl5pfbf8Q4BbMR-j8"",""url"":""https://lh3.googleusercontent.com/geougc-cs/AB3l90CtFlSbsItrqvU2cCrE14edkbMFMwbM-zoKe6UiT4HUoCYijsCuDolPv5BHFErZ1QTh2UUsFwVc75PTW-ktK8JOjDd3VxNzYcC0FfWSnQ0HNEbXIrb8NEwxOsjCKSYHakDfxxyLSaUONJrz=s1024"",""caption"":null,""width"":1080,""height"":1920}]"
ChIJnbessF4E2C0RVW95_QKvJEo,Wisata Bukit Jaddhih,Ci9DQUlRQUNvZENodHljRjlvT2t4alozTldUakJrTmxGVE9VdzNYM0pXUXpkRlIxRRAB,https://www.google.com/maps/reviews/data=!4m8!14m7!1m6!2m5!1sCi9DQUlRQUNvZENodHljRjlvT2t4alozTldUakJrTmxGVE9VdzNYM0pXUXpkRlIxRRAB!2m1!1s0x0:0x4a24af02fd796f55!3m1!1s2@1:CAIQACodChtycF9oOkxjZ3NWTjBkNlFTOUw3X3JWQzdFR1E%7C0cq97Sfgzej%7C?hl=id,Meilliani Precillia,105831125020029282823,https://www.google.com/maps/contrib/105831125020029282823?hl=id,4,"MasyaAlloh tabarakallah akhirnya sampe keaini juga setelah 6 thn stay here..
Jd kemaren kita kesinii ada tiket 20rb untuk mobil..
Ada jasa photo professional jugaa kalo mau sewa...
Karna aku rada ngerii jd ga sampe ke puncaknyaa...
Tapi MasyaAlloh viewnya kaya di bali di gwk sih ini.. cuman curam bgt .. kayanya baru juga nih ... karna untuk pengamannya kurang jd gda pager gt takut liatnya ngerii tinggi dan curam....
But so far it's so beautiful view I ever seen before.. kerenn so cool... amazing
Harus kesiniii ...biar pernah dan ada ceritaaa ternyata disini ada wisatanya juga ges...",3 minggu lalu,2025-09-28T02:49:01,,,,41,48,1,,,"[{""name"":""Waktu kunjungan"",""value"":""Hari biasa""},{""name"":""Waktu antrean"",""value"":""Tanpa mengantre""},{""name"":""Sebaiknya buat reservasi"",""value"":""Ya""}]","[{""id"":""CIABIhDq00pV3EI2pN4-6qb30sN5"",""url"":""https://lh3.googleusercontent.com/geougc-cs/AB3l90AxOWL2XSNJKL-WS7oyOBkeUcGfGPem9pcnQVlb3LrbSp0FmWBE5DzrXOhK4fNHeGv7IWSjBDx0yhdzfRRLRypjZ3hyyKoHkzbORvife1rs4XrghFJeSRj3GosWFTNLYTn52KsfRxk4hlvX=s1024"",""caption"":null,""width"":1072,""height"":1920},{""id"":""CIABIhAXn3klLWjRTkgWE9apd9VE"",""url"":""https://lh3.googleusercontent.com/geougc-cs/AB3l90A2iWG-4Jo00YinVPeNyQeb-6dNGKEdwXvEExlOcimp855Ac6vnGSyg2hHey0fhDUbEIKodTTzoyRFew2xuGz825g3EfK01ayV7sM8DxVi3T-9HAsbDdWydfrsmWkMF8X5YstEyTVFnJQ4k=s1024"",""caption"":null,""width"":4080,""height"":3060},{""id"":""CIABIhAsrSCHK50OLJTb3KtbbLZ_"",""url"":""https://lh3.googleusercontent.com/geougc-cs/AB3l90D2fdKPIq0rBGh9ah9S5McYlZj9xutLcSQRiJYmUGpAxLDyzvmcT7rN5Yfbua6h8ETUVA4Bpk2_jLKgNZ1Vy-3fC1WEAviTO9WQD07GTg2E_GssSGSCxj3_iFNuu4EqBRb1FLNYK2-94pKh=s1024"",""caption"":null,""width"":4080,""height"":3060},{""id"":""CIABIhDcG4i9SVdV4qvaQsMOxwZQ"",""url"":""https://lh3.googleusercontent.com/geougc-cs/AB3l90CMLmMY-7NUg3jwFKWqMlvkxp3TlS5b_swaQiUMXYtsjYbtSBqao_Tu2eVoGosN8YphPz6wsxSox0t6daqD2FGlh7MXuxJmahYxpcWFXb20s-NblVSnAYx-_jce2RdZe8mjZhn3rhY0OOk=s1024"",""caption"":null,""width"":3060,""height"":4080},{""id"":""CIABIhDwcwIMfhNmA0Q3ajJwZFDy"",""url"":""https://lh3.googleusercontent.com/geougc-cs/AB3l90B5FSX7jHNZJj1tsOP5qUzxE7ZGUCsnUnNWFi9FCxoIcZXZtORPEv0fxtZw9TZMFcmErSsCoan66l7xb1aWiE_TbdPLNtq2b0ldgLIpYRjFGmVWuwZtVyX_kn9t8L0J5-UW7-NQ8S9KqU31=s1024"",""caption"":null,""width"":3060,""height"":4080},{""id"":""CIABIhBg9ZpdN6z-WmysD4OMPq8c"",""url"":""https://lh3.googleusercontent.com/geougc-cs/AB3l90C2OZMGZx5xz7uIf4Cb0y6ZJVVhNssUuobUlMYwwipZDlfYqT2jrtUFal0MmlQORyERFvHhHTFohjBBOs_Tmo5TO6hl3LZk61yjPwhfwkLCSTvUm57fPODBMToE6dZo-Jh7FAWwtesF0BPy=s1024"",""caption"":null,""width"":3060,""height"":4080},{""id"":""CIABIhAvextwOlOu1Q4xnYgPc441"",""url"":""https://lh3.googleusercontent.com/geougc-cs/AB3l90CA-WuHb9USAr5L3mS3J4gzaa09-MdchBH_mSIBSFCHN7CBIMF82EQL3M9jm6Ux54RgNOvzlMdI4LIUYjsjZGW0ZBYN-R3ZuV9zFjOBg6dD7gtt2nHIQZBohHAMx3gqiRqUbluRCrY6SuEx=s1024"",""caption"":null,""width"":3060,""height"":4080},{""id"":""CIABIhBqSBhRNdo9KBmPU8V-97pa"",""url"":""https://lh3.googleusercontent.com/geougc-cs/AB3l90CJ_69MrzGL3Dwb8bJc2GFp0TKjWdi7WKtrwq5PCxsYyfnP6J3gcMJzCwGajUYgIVJ1jzu-4q8ZmiHl_BSVszt7zC-M2qLp9xz6QfphXj1uTOd-rhfUaacZKZFLElCAAlyPIz-RYTPGtbt9=s1024"",""caption"":null,""width"":1072,""height"":1920},{""id"":""CIABIhD4Kig8Ck9UHZkUmHDE_ApH"",""url"":""https://lh3.googleusercontent.com/geougc-cs/AB3l90B7uL2CJU9CvEBJrhl8-BB9m-nz5Ucy0QEs6vOHUBVz7rQh8KecpsBsYF6RpRA7SDcUb68p0p8y3B-CFLe29onoz235z9m07_MSZa6xsEwq2ktrXK7JBJXuY4wBwXlhUWClLPbMHTasxplD=s1024"",""caption"":null,""width"":1072,""height"":1920},{""id"":""CIABIhBKiNlVXUxz2D7kqg2oXqwj"",""url"":""https://lh3.googleusercontent.com/geougc-cs/AB3l90Ce5EvOq7ziMq3zzZ4ik17zO5_-K1VAidCnPqdaDATEF20ooae6A9RaR0kSUDBMj-d6hs-yXia_zzAImthLpV5HedxvZuzMKJN8_MQO3QmKPxx89V5e03SXcR6aynIDC7e4cqGPsN_UcVXH=s1024"",""caption"":null,""width"":1072,""height"":1920}]"
ChIJnbessF4E2C0RVW95_QKvJEo,Wisata Bukit Jaddhih,Ci9DQUlRQUNvZENodHljRjlvT2tWaU0yMU9MVWxyUldkV01YcE1aSE4xZVU5WE9VRRAB,https://www.google.com/maps/reviews/data=!4m8!14m7!1m6!2m5!1sCi9DQUlRQUNvZENodHljRjlvT2tWaU0yMU9MVWxyUldkV01YcE1aSE4xZVU5WE9VRRAB!2m1!1s0x0:0x4a24af02fd796f55!3m1!1s2@1:CAIQACodChtycF9oOkViM21OLUlrRWdWMXpMZHN1eU9XOUE%7C0cNIKKQZFej%7C?hl=id,Firman Sirait,111562442985859528623,https://www.google.com/maps/contrib/111562442985859528623?hl=id,5,"Bukit Jaddih adalah bekas tambang yg dijadikan tempat wisata. Dari surabaya naik sepeda pancal ditempuh dalam waktu 2 jam. Naik sepeda tidak kena biaya parkir, tidak ada biaya tiket masuk. Kalo siang suasananya panas dan mungkin cocok untuk dikunjungi di pagi atau sore hari. Saat saya kesana minim banget warung. Wisata ini gambarannya mirip kayak batu kapur atau perbukitan di pantai pandawa bali atau daerah bali selatan.",3 bulan lalu,2025-06-29T12:45:09,,,,46,200,1,,,"[{""name"":""Waktu kunjungan"",""value"":""Akhir pekan""},{""name"":""Waktu antrean"",""value"":""Tanpa mengantre""},{""name"":""Sebaiknya buat reservasi"",""value"":""Ya""}]","[{""id"":""CIABIhCTvZ_aKkdBu5-n7l1P1zS6"",""url"":""https://lh3.googleusercontent.com/geougc-cs/AB3l90DKRYSX3TxEq-89RWW5xCFqxzTmhakmX9heKdZ0U5y76L429wAOT38caZSvVF_3sUUYcvJpYiu07t1fVj8MKXdDC_7jGLd4Mj4LK3RqnT_C16Qmt6FktSxrG18RuHRrx82MdVAoK5RWaGWk=s1024"",""caption"":null,""width"":3024,""height"":4032},{""id"":""CIABIhAIbvXVXRutmJSEYN_uR6nR"",""url"":""https://lh3.googleusercontent.com/geougc-cs/AB3l90A8J6gHOaJ_KO-iW0I1J0V1UleO36D77I9ceuQ1vV2TqB6gFGGlF_hhmWu2k_nV4V1eVELbloevWk5Cnstfode23Y2mdnMtE1O9RUCD_MjUVxl9dZVEXJC4eSTZkZfEcyfNdxM0iCvUKmad=s1024"",""caption"":null,""width"":3024,""height"":4032},{""id"":""CIABIhDxqTwzL4Gty4V7YAwae_kg"",""url"":""https://lh3.googleusercontent.com/geougc-cs/AB3l90CqJ5LHYyzFis8ZBr2bdaTNoS_vP4rWd2-sy_rrJGQvz2upyHwL_bj7Sq1HJcbsnYVpgbxjS9ZjEmjMo9OFB6LKsi9NYL71kci1qfCCHaksAvm6R8elXUmXy2obbgjwOIRMPFz0WluMXb2d=s1024"",""caption"":null,""width"":3024,""height"":4032},{""id"":""CIABIhB16BVZjjLHjAYxFb2Ywevs"",""url"":""https://lh3.googleusercontent.com/geougc-cs/AB3l90Cn3tEMpLRm0Z3Mcyhm3SYTpjC-2FOHQH-uRQJLMitDNA0WRtZN_YeoeX7TGgjOPlF_JRslaS5fue7ktYx55sLTJgp30qC7VtUDyPR7bI44NCNVV06Z9NXiFCRNrlLa3wdcsXH-nqZZuTGI=s1024"",""caption"":null,""width"":3024,""height"":4032}]"
ChIJnbessF4E2C0RVW95_QKvJEo,Wisata Bukit Jaddhih,Ci9DQUlRQUNvZENodHljRjlvT21sc1VsZFVkRlJDY21ZME1XUnBiSGhLWTJWbGQwRRAB,https://www.google.com/maps/reviews/data=!4m8!14m7!1m6!2m5!1sCi9DQUlRQUNvZENodHljRjlvT21sc1VsZFVkRlJDY21ZME1XUnBiSGhLWTJWbGQwRRAB!2m1!1s0x0:0x4a24af02fd796f55!3m1!1s2@1:CAIQACodChtycF9oOmlsUldUdFRCcmY0MWRpbHhKY2Vld0E%7C0cbLJan6dDJ%7C?hl=id,mirantizr,106654484734646039839,https://www.google.com/maps/contrib/106654484734646039839?hl=id,5,"Destinasi wisata anti mainstream di Madura, Tambang Kapur yang disulap jadi objek wisata  Waktu ke sana masih dalam proses renovasi jadi masih sepiii. Cuma di sini gersang dan panasnya poll banget, belum ada tempat makan pula untuk sekedar santai. Kalo mampir ke sini cari Bang Jufri deh, beliau jago banget bantu bikin foto dan video ala profesional, jangan lupa kasih tip di akhir seikhlasnya kalian. Enjoy your vacation :)",2 bulan lalu,2025-08-14T04:25:10,,,,10,35,1,,,"[{""name"":""Waktu kunjungan"",""value"":""Hari libur nasional""},{""name"":""Waktu antrean"",""value"":""Tanpa mengantre""},{""name"":""Sebaiknya buat reservasi"",""value"":""Tidak""}]","[{""id"":""CIABIhAJ_AHAkdAsLkFL8JlGZNQG"",""url"":""https://lh3.googleusercontent.com/geougc-cs/AB3l90AYhNYupc2sUSTYsAibImtPkzBLffYbU2jONzKfO_VrqMXQzbPlfuYFfJwTSEbY_USCWjSpp19nKYEEPceEoHQ_j1ck_4KpBGeNgVXZadi6FuQiRajeDtieHDF152tKq1P_wzk2UTfle-E=s1024"",""caption"":null,""width"":1169,""height"":1453},{""id"":""CIABIhDTvKKF9dcsfuQwP8bmrqON"",""url"":""https://lh3.googleusercontent.com/geougc-cs/AB3l90AP4blwq9UzPH01_ZobQ_-8zgVPuJuOwMC7kNFX2sIRT5sOaF9U7sh_qY0_RRmzwp_xDqvKjzjvzcFmwoG2UX5UShtfA7UecVm4aaxHDVWCdVSq3aAVZm5mz9ByMtSyJSR3DxjCeOcTz68=s1024"",""caption"":null,""width"":1170,""height"":1449},{""id"":""CIABIhA1Zhu6-rz9R_k7F2AShpYq"",""url"":""https://lh3.googleusercontent.com/geougc-cs/AB3l90C6AvONBahQRQPuVQWFh-P6BvyNwh5D0TcqrPJHGAUo09n3a8onNziQsxXUl0CeYZsI-affch_xKjY_ksDV4sJfYt6IeU8tWh9F6gq-lrLSJyuj_gM5Asj3enjonkY26f7dv0k8h8DKp5--=s1024"",""caption"":null,""width"":1170,""height"":1455},{""id"":""CIABIhAzTafz3rT-i5ehCFsi5THr"",""url"":""https://lh3.googleusercontent.com/geougc-cs/AB3l90C_9Y93_DHosK9LmKtlNPGbStAc8NwM91OJ4iW6luSQt6MK4STAOQJxgAqeVy3SmmjnOKQKdScZoi18uZ-ihpJd4ZubY272K0iSYDy7SuiakG-Y6GnWVR_sgZYjm40esn3MJYfaSyU-SIOA=s1024"",""caption"":null,""width"":1170,""height"":1457}]"
ChIJnbessF4E2C0RVW95_QKvJEo,Wisata Bukit Jaddhih,Ci9DQUlRQUNvZENodHljRjlvT2s1d1JXUmZSMGRGUjFsNFFVRlNha3hsZGxsQ1VFRRAB,https://www.google.com/maps/reviews/data=!4m8!14m7!1m6!2m5!1sCi9DQUlRQUNvZENodHljRjlvT2s1d1JXUmZSMGRGUjFsNFFVRlNha3hsZGxsQ1VFRRAB!2m1!1s0x0:0x4a24af02fd796f55!3m1!1s2@1:CAIQACodChtycF9oOk5wRWRfR0dFR1l4QUFSakxldllCUEE%7C0cqfoY3sD-1%7C?hl=id,Rani Fara Yunia,118187346666318001458,https://www.google.com/maps/contrib/118187346666318001458?hl=id,4,"Dulu pernah kesini pas rame2nya, skrg agak sepi, airnya kering, tapi suasananya tetap bagus dan dramatis dengan angle yang tepat",3 minggu lalu,2025-09-29T17:08:51,,,,198,816,1,,,"[{""name"":""Waktu kunjungan"",""value"":""Akhir pekan""},{""name"":""Waktu antrean"",""value"":""Tanpa mengantre""},{""name"":""Sebaiknya buat reservasi"",""value"":""Tidak""}]","[{""id"":""CIABIhBFJ7SgLTWRGI_7585RNTAl"",""url"":""https://lh3.googleusercontent.com/geougc-cs/AB3l90DYE30J7hOFoEeL4z4X7tSZ2TIsAAczvSllyVVoGmXTAsWDo3nlH-ItZArNO2J-lVv7Kkt8RnI23y27IotedEkhjPvssTTA2HaCbJk_5H56KXMepwHJletgj31CBXa4yrK_dqBV1KXz4ojH=s1024"",""caption"":null,""width"":3000,""height"":4000},{""id"":""CIABIhAXFs3l3jGplPmoRHfEUpUI"",""url"":""https://lh3.googleusercontent.com/geougc-cs/AB3l90Cp_rF85BM-r3uHQsROZCgkSWNM8trobF1TNvehyAXejIWodVkkCfzD2TSpFfNWk3gk4it6f30-eOiyNmxaLPkWBK1tIyIKTOIu65OpebgpgqCSnZlYNoz-lp1LoxFA3sizXB9AoXZSUW6q=s1024"",""caption"":null,""width"":1080,""height"":1920},{""id"":""CIABIhD6IUdzFVJbyAoRJJyYSw0c"",""url"":""https://lh3.googleusercontent.com/geougc-cs/AB3l90B95GLNkugQax_TPLBEAd7tvFaiPBSKthedAYFgk4aLrqw-FOCERZTDP7VTE9s0tyxABvnkUo5bPNVsROhSJQYbS_NG9go-c_NEsNpkscvsTxzJyWxOHcKUOf1QX2tOXc_EZ7BqW3M-MhmG=s1024"",""caption"":null,""width"":3000,""height"":4000},{""id"":""CIABIhDvE-M5zGHQpQeRi8dnHDSi"",""url"":""https://lh3.googleusercontent.com/geougc-cs/AB3l90BcyKLnr9DH_wsashLzLbx-B5APEXGvtmexLPKKbwdR6_loBjQwE0ny0KJ4JFJZyGvx6Bd8-7L0dMLFLSNkFzrGX7wBI2C6rM1uC4yzp_CBBeKMBQpYY_ysScYMVYPob3SZwo7jBpPpj3Kg=s1024"",""caption"":null,""width"":2448,""height"":3264},{""id"":""CIABIhC35ZfQQdXicfAWfCHV7Wqr"",""url"":""https://lh3.googleusercontent.com/geougc-cs/AB3l90BfWKl9q2PUx-MPTTY0Y8UoXICjq7pkkRK2EGG4oR4gyYnOZFfo0HM7lFz4z_-v8YyTOebS540DX8lF3A3uJvMoFFZNhgw8-5pwSDnLp4O-yR41rIr20G067nsNAF_pJmkO7Xo5DgjPMVqi=s1024"",""caption"":null,""width"":3000,""height"":4000},{""id"":""CIABIhBy9swgYQa-MSJc8FOXhwrA"",""url"":""https://lh3.googleusercontent.com/geougc-cs/AB3l90BFCFcAEfMz_xB9iGCE9eNIoNywmzyGqBZ_LR-MSDtbGsMxIQxsx2t5YMxViMP6B1zuQfWdAXYxzo297HvRwgbsko71U73VvRyba9j4bC3Mf4o-tCP9hicTLnxknDrRqGZPE0NAADrJE7WG=s1024"",""caption"":null,""width"":3000,""height"":4000},{""id"":""CIABIhB1yXlBVoJUMXxjfR9Gmxoj"",""url"":""https://lh3.googleusercontent.com/geougc-cs/AB3l90B0xFejZ7rsyzHF4lZA8RhH8k7lyQnhczS0mamAx-4uqk7EdoYJ2eSxboaN7WbKntJAqKiPd8a2cFQsb4VMoykoBDKcBAPK4iwjTnK-vcDxsRgbMDuq3LCo95iuT4Zq2v46uDiSMY3wyoua=s1024"",""caption"":null,""width"":3000,""height"":4000},{""id"":""CIABIhCCymMmeJEJPmErQBwVtZ50"",""url"":""https://lh3.googleusercontent.com/geougc-cs/AB3l90BS3cieKy95GhbLj6EuWPBg4ZR0HboJBP92ZiwHvnK00jDY3aXZEkYtDCzEkOQyr2ECg24RxZWa158ryE8dT1AM1cobkoUxm-ssih1uY3WHegfwdns7kC6kyRli6VZ7ng6XlXY5uJyVfZM=s1024"",""caption"":null,""width"":3000,""height"":4000},{""id"":""CIABIhC4Qg3cOGIIPbHgeQmzeun9"",""url"":""https://lh3.googleusercontent.com/geougc-cs/AB3l90B7uVhmvkFTcVfHSaj_mQsQxAh5ef9FBvY3rmTEQayiK7JyyS8cMld9FhwuTKe2-BNDthrWRI_W6fw2FGM3HJ8RyjoWDSrnWeqaHzNsLm6Ip-Y1pKZzkBuDwsbxOW-JIjmyCeVtpveBInV1=s1024"",""caption"":null,""width"":3000,""height"":4000},{""id"":""CIABIhB1RG0P1V1jIVQVhQXR2bKU"",""url"":""https://lh3.googleusercontent.com/geougc-cs/AB3l90DWccBcSTowQiSNr40Ql024wLiqqiNQ7GB5W-bX_C3R2VnPckcxlQhcA78T-x_xMKrE-OVSCVUt5OblV5ACngdlCywcRW7jAamESyignupiXG6IogkBh9bxExinBCs8Fh23SS_wjhKe1Hk=s1024"",""caption"":null,""width"":3000,""height"":4000}]"
ChIJnbessF4E2C0RVW95_QKvJEo,Wisata Bukit Jaddhih,Ci9DQUlRQUNvZENodHljRjlvT2pWMmFra3lObDgyYkhsWk1XWlNkRXhaU1U5VlJsRRAB,https://www.google.com/maps/reviews/data=!4m8!14m7!1m6!2m5!1sCi9DQUlRQUNvZENodHljRjlvT2pWMmFra3lObDgyYkhsWk1XWlNkRXhaU1U5VlJsRRAB!2m1!1s0x0:0x4a24af02fd796f55!3m1!1s2@1:CAIQACodChtycF9oOjV2akkyNl82bHlZMWZSdExZSU9VRlE%7C0cLJ5Wtw6Aj%7C?hl=id,rahmat wijaya,104505042703915019473,https://www.google.com/maps/contrib/104505042703915019473?hl=id,4,Punya potensi yg bagus tuk dikembangkan dibangkikan kembali oleh pak Haji pemilik kawasan semoga rezwkinya berlimpah dan barokah...,3 bulan lalu,2025-06-23T11:59:29,,,,140,369,1,,,"[{""name"":""Waktu kunjungan"",""value"":""Hari biasa""},{""name"":""Waktu antrean"",""value"":""Tanpa mengantre""},{""name"":""Sebaiknya buat reservasi"",""value"":""Tidak""}]","[{""id"":""CIABIhApsUKXecpxZ6efJlzFNR9H"",""url"":""https://lh3.googleusercontent.com/geougc-cs/AB3l90B5yGwiyJBVnJTxS7I3dFOp9V5-Kvo8CY8FesPuVPQzzn6UAnORgqDIy4ey_ffTJIkdHSspOXs6B_DOSnV1Kuaxr3sf80CydMWSHXVfpIlitm1uls3JW72SYHNfVSqeWArWIO1x2lBmGJuS=s1024"",""caption"":null,""width"":4080,""height"":3072},{""id"":""CIABIhCgwhFKr1Na8M92_Bfi6tIH"",""url"":""https://lh3.googleusercontent.com/geougc-cs/AB3l90DYZqoUAy1H_yMge4Ghl0PgnWFFhY5YOGYLQMyO96YAPjFqrEG57CC_nBwNfZfInmz9qbgJPGXrXJfZq1C3DybOA_qX9pWz-xr9hPvGYtUI6fdqufwIPr-RlE8hYUdD-qQUvSGQK_19N9_E=s1024"",""caption"":null,""width"":4080,""height"":3072},{""id"":""CIABIhB4sIv86OT3LWguFBiUWFN7"",""url"":""https://lh3.googleusercontent.com/geougc-cs/AB3l90DVO2WXRhY2LQdMcZ6WOuE-EwPhD5ytFKVqUJmxfIzpBgBdnDC1GJQwArlJDYqmfKsBMP_iRyyoaQ7sa_v8BvgDqrBIk_BWKI3xrqNA2pky5fvhonKAT7uBarAtLaazLeICRkKO2_kQ6oAq=s1024"",""caption"":null,""width"":4080,""height"":3072},{""id"":""CIABIhDSbLfXwJhneNe7BHB_MPnn"",""url"":""https://lh3.googleusercontent.com/geougc-cs/AB3l90Cv_ktf424eIgGuFIaBcCv3i1z9nbc27pGA2n5_Iyxputk1k8paDqrgw6WXfouVF9FFR9TgGL14gixLepL-hKG-c5Q9n9BXBas74qeEJFRZPDCEPEt3cdStGjN89rZziYcZZs40g3WA_YOv=s1024"",""caption"":null,""width"":4080,""height"":3072}]"
ChIJnbessF4E2C0RVW95_QKvJEo,Wisata Bukit Jaddhih,Ci9DQUlRQUNvZENodHljRjlvT2tWRGEyMVBXVkU1Y0VSVGREbGpTamR5YVdwQ1duYxAB,https://www.google.com/maps/reviews/data=!4m8!14m7!1m6!2m5!1sCi9DQUlRQUNvZENodHljRjlvT2tWRGEyMVBXVkU1Y0VSVGREbGpTamR5YVdwQ1duYxAB!2m1!1s0x0:0x4a24af02fd796f55!3m1!1s2@1:CAIQACodChtycF9oOkVDa21PWVE5cERTdDljSjdyaWpCWnc%7C0cNm1bqOHTx%7C?hl=id,Ibat Harahap,112337948814630402075,https://www.google.com/maps/contrib/112337948814630402075?hl=id,5,"Bekas tempat penambangan kapur (sudah pasif). Terdapat bbrp spot foto yang bagus, bisa minta tolong warga lokal setempat untuk membantu jadi tour guide sekaligus juru foto yang bisa mennujukkan spot nya.

Terimakasih kepada cak Roos yang membantu sesi foto dadakan, sehingga kunjungan kami ke tempat inj lebih menyenangkan",Diedit 3 bulan lalu,2025-06-26T08:57:17,,,,310,1908,1,,,[],"[{""id"":""CIABIhB945HoPlRW6XlnLN9aZGCO"",""url"":""https://lh3.googleusercontent.com/geougc-cs/AB3l90Ah8rwwVzy4h00JbEMFxkTCW4Fjd630EAeh5PPbY0r1sVdz9ZxhZzbtwHUENEoMdXvGZQwbAzXeA5rJIviohn4XxYTezOqWyDqoOcvDq_ZJqD1_I9wHZum_1AoyPrZ-C4eoKwcwW-ICYjaA=s1024"",""caption"":null,""width"":2252,""height"":4000},{""id"":""CIABIhDAKPCv2ZIpQYlre5Z4iRsQ"",""url"":""https://lh3.googleusercontent.com/geougc-cs/AB3l90DKaItxQCcjZjHZfyq0d1uQFRVXbhA1HfekJYwOqbyp8e2SHIm7bWvT93aOtIQWZHYpcQ3m7Gp4i-Dc-LEYibSZ7bnaRRRjb-xFWyCV6htWHl9SZKJIu8X8-GZxhZ4jlciWJAgN51HM56Ka=s1024"",""caption"":null,""width"":4000,""height"":2250}]"
ChIJnbessF4E2C0RVW95_QKvJEo,Wisata Bukit Jaddhih,ChZDSUhNMG9nS0VJQ0FnTUN3OVpqSldBEAE,https://www.google.com/maps/reviews/data=!4m8!14m7!1m6!2m5!1sChZDSUhNMG9nS0VJQ0FnTUN3OVpqSldBEAE!2m1!1s0x0:0x4a24af02fd796f55!3m1!1s2@1:CIHM0ogKEICAgMCw9ZjJWA%7CCgwIl9PvvgYQiKLT0QE%7C?hl=id,Sony Oktavianus,100720695950656056097,https://www.google.com/maps/contrib/100720695950656056097?hl=id,3,"Kurang dimanage dengan baik ya. Akses masuk susah. Hati2 jika kendaraan anda pendek.
Kurang tempat berteduh.
Ada petugas yang menemani kita, bisa dibantu ngambilin foto. Pinter juga teknik fotonya. Sudah hafal spot foto yang bagus.",7 bulan lalu,2025-03-20T10:10:31,,,,163,339,1,,,"[{""name"":""Waktu kunjungan"",""value"":""Hari biasa""},{""name"":""Waktu antrean"",""value"":""Tanpa mengantre""},{""name"":""Sebaiknya buat reservasi"",""value"":""Tidak""}]","[{""id"":""CIHM0ogKEICAgMCw9ZjJuAE"",""url"":""https://lh3.googleusercontent.com/geougc-cs/AB3l90DDHfnhTv6VvTUgBYjWtYuLslwzEIO2NFu2AA3b82DrFOnVIraEcnpBkmrU2_SAS8zacR_BQXsHCqEn6ihGWF0mN5OeSk9_ojkWki-QxdrrLD5PZeiAuibgy7XCIdt16O13AKbEGQ=s1024"",""caption"":null,""width"":2252,""height"":4000},{""id"":""CIHM0ogKEICAgMCw9ZjJeA"",""url"":""https://lh3.googleusercontent.com/geougc-cs/AB3l90DGqL3NlrkJzLtLtciBhWrJqfIPV9xOCqWrZzvc9Jp8Qhua157H_j5n9W0JAq7yTQpFMVR5gCuXNla90pD5ViaT48ubYGKzdh42f7BdehXOka87Qm1YIxg-wSvm_wMPzaTAw4M=s1024"",""caption"":null,""width"":1080,""height"":1920},{""id"":""CIHM0ogKEICAgMCw9ZjJ-AE"",""url"":""https://lh3.googleusercontent.com/geougc-cs/AB3l90AN_gexd3T3vg1Y2GdsQlTDnSyMHQMorDlbFXQAtODdVmoa4qFYygHZ2vJHMJIYPrUkkYsBxEh-RklGOVJikmyj6vDfHmnBkM_Q73_lJRjuw6bTfo6ye5KOeCRNewa5zrhxXmKYLw=s1024"",""caption"":null,""width"":2252,""height"":4000},{""id"":""CIHM0ogKEICAgMCw9ZjJBA"",""url"":""https://lh3.googleusercontent.com/geougc-cs/AB3l90AMq020tn70KmsZgM79s0pQmNQ8FE9kvhFUF4m3Fjgnxwt_vBCLBk_PIFEbR1MW_c8iDCGESHde7IhMjzF5SfBd-02252fRiOhwgMGOguHsYQ_uWvyVQo24BJGPp57mvzwU2wVj=s1024"",""caption"":null,""width"":2252,""height"":4000},{""id"":""CIHM0ogKEICAgMCw9ZjJhAE"",""url"":""https://lh3.googleusercontent.com/geougc-cs/AB3l90CW4zqfgiGAtXHQeEQD9p6-jMUpDCYiA-5egy25jp1FYEtwF-9PgMuc8ps4dGPz9mtBcdI4nt7bLJ55I5LN_FX4qDN89ZFBv_-jj9RE3dD_Gag7ZXFtKjNWvndDLc01TAZhrq5NZA=s1024"",""caption"":null,""width"":2252,""height"":4000},{""id"":""CIHM0ogKEICAgMCw9ZjJRA"",""url"":""https://lh3.googleusercontent.com/geougc-cs/AB3l90D_wfOzwJyf2xQDbY5QscuXXpv6NJuR_CAzcCZjniTovHBeAfybWFbNYifsM7wDdqgl_cXWB5kuQHPK9yev-27dZ_Od3IglxnbGrzQ1R1t2Y7VCvH3Tg6Je9un6UtHNl_DvR5ej=s1024"",""caption"":null,""width"":2252,""height"":4000},{""id"":""CIHM0ogKEICAgMCw9ZjJxAE"",""url"":""https://lh3.googleusercontent.com/geougc-cs/AB3l90A7S9zW9wzEPAoFijZKJi0H7FDg50u1IHH79S2A2C23-K0IPJGhjg_X-8JuErP9BqJuEiKyPA92jqnjIVYR3aaYH3tULJHRgIqiPGmHJTW3UoYPETRPp-qQqcit8cWFoPBJC4eZ=s1024"",""caption"":null,""width"":2252,""height"":4000}]"
ChIJWcFR0FD51y0R9Hvm3_B1Owo,Suramadu View Point,Ci9DQUlRQUNvZENodHljRjlvT210SVJGbHJZbEYyTkdKamMzUTJhbWhtUWpkQ1pYYxAB,https://www.google.com/maps/reviews/data=!4m8!14m7!1m6!2m5!1sCi9DQUlRQUNvZENodHljRjlvT210SVJGbHJZbEYyTkdKamMzUTJhbWhtUWpkQ1pYYxAB!2m1!1s0x0:0xa3b75f0dfe67bf4!3m1!1s2@1:CAIQACodChtycF9oOmtIRFlrYlF2NGJjc3Q2amhmQjdCZXc%7C0cO_vPEda8c%7C?hl=id,Kusmina,101204406325222742899,https://www.google.com/maps/contrib/101204406325222742899?hl=id,5,"Udah goes jauh, ternyata buat nyeberang lautan gak boleh pake sepeda ya karena takut malah terbang :)

Enaknya di area deket laut tuh angin lautnya bawa hawa adem meskipun cuacanya panas terik",3 bulan lalu,2025-07-03T10:43:38,,,,40,246,1,,,[],"[{""id"":""CIABIhAZbc9cRTTWmb0tR-9ak_IZ"",""url"":""https://lh3.googleusercontent.com/geougc-cs/AB3l90Ba4qwEEV_UOhEpYm0-JMsbkW_Okyf0af6Z7VPh2psw0W-HLh7n1BrH5nGlbVqs1QnLtRAeDmjiglzuaWc6rSCYrwflx3XX9NgZ2x5XZvr0-b7tMQ2OA5tq8tt_x6SfFjTbfDag87AI-rBw=s1024"",""caption"":null,""width"":1080,""height"":1920},{""id"":""CIABIhCdRYCBzhZuxb3pg9kMzcBL"",""url"":""https://lh3.googleusercontent.com/geougc-cs/AB3l90Am2xk5Svijf5YmmH3Qo5I2nZmbFvnPn8nTIiWa11qJkHQbeXfUghsgl_c1_GkGunWm5tU6t_GxM1nXMxqvM5XcGc54LixEAe8lXLf8aPgq94cLGjzxK89_HELWuu3iOWAcuQli4Nwbr-Ls=s1024"",""caption"":null,""width"":2295,""height"":4080},{""id"":""CIABIhD6fwu2VLnGEgJYng2I4Cux"",""url"":""https://lh3.googleusercontent.com/geougc-cs/AB3l90AwlrkZXT1jz-PsLcRJPfrGIRAIH4qX-WuSYEKqvLq7hTXNPzE0p54LG-ti5RpT-qZdehRiLYn5UXBGUUl2MRW4xsCmAA9JUy8nKFbtFWv2EQDaU3iAttEAJ9NuJhuqfcy-rDF36VgmaJEK=s1024"",""caption"":null,""width"":2294,""height"":4080},{""id"":""CIABIhDujtNeOuk8YBiPfevGHPn_"",""url"":""https://lh3.googleusercontent.com/geougc-cs/AB3l90B5s7gX1dzoroTwhYwg2wVJ0F1QFHDmH4o6WMWOLWByE2P2Y3gg1zi7lkFcgO3Do0gAJD2Fnfd3HyJw8BEpOHN01fMAGhxWAxL3mYVLBPaw1LOMk2PHIaQnyOmxQP9HcnOEYVLVL-0227-G=s1024"",""caption"":null,""width"":2294,""height"":4080},{""id"":""CIABIhAjpL0ky7GVyqqnOZ6BSspb"",""url"":""https://lh3.googleusercontent.com/geougc-cs/AB3l90DkrO_LCCPhWKm_lhx1sdKBJbillXh2xnDl3cvQljPq25F8AmFAfLhQrj7aNHX1XqhFlUD3WSr6gmyxMAsmJDffA-jwwZiZ4wBZmMizFeSU9-ZlKRDGgEWwWLLRdZsLmvYejznh-pDBUBgs=s1024"",""caption"":null,""width"":2294,""height"":4080},{""id"":""CIABIhDLus4qVDz97tyxx1OxV0bY"",""url"":""https://lh3.googleusercontent.com/geougc-cs/AB3l90BfNOWL-CKQMyqrT4XRIc8TdvKHnMBmd-ZhW6lAIP4oltYDMehHpqQ51Z_bpL5TJ6_alg_rhvH2I1k1rzbR8uT2TnntAOLmKrbQPuAe6WXoEntcFfDHL0SkzDVDzBtwZKGTl9vyD0FzfY3-=s1024"",""caption"":null,""width"":2294,""height"":4080},{""id"":""CIABIhB7KnLE6M5FJ6d7C6-Hfzlv"",""url"":""https://lh3.googleusercontent.com/geougc-cs/AB3l90AWmrAqUa_eB2jVfmzqc0Og-5L6MGgnWe-kjFl5CrNTGGzI2V0i-UIcqARsSqUE0HkZgAAzhxYrrTHDOEyo54NZbOsr2IAWYA52XatfiY9ST0g71uTMubQpO2Y1GepriSrHrGdMypJRM3E=s1024"",""caption"":null,""width"":4080,""height"":2295},{""id"":""CIABIhDxj3idmHgb7FlqG2H-07lb"",""url"":""https://lh3.googleusercontent.com/geougc-cs/AB3l90DOV4GDtipvPO7iFL-leZy85NO00yG_A2xDXsBZp1rGDjzqvJ3e4Iv9VuZn1hramtQkdcqGbYjw1oXxFPlaZEepELOwigfIBGP1QNOqFqT1v44vm2TQPbXHGZQOP0naA6_KQHaFBuuiOPI=s1024"",""caption"":null,""width"":2295,""height"":4080},{""id"":""CIABIhDikIN_LuHTvdigyh9P3nY9"",""url"":""https://lh3.googleusercontent.com/geougc-cs/AB3l90B26WRdt4IZBxeMZVSJ2RaRgBN6ZSM1rbY_BlNs-0xFEGrMA3yW4vuRpInO1-Sr1v69MbBbJny04z6wLo6AGcXEZSzoxrRMuB2odBGmyHszovLhQx4zYnG9UfLHBPRKc_oik__zsaP2YDY=s1024"",""caption"":null,""width"":2294,""height"":4080},{""id"":""CIABIhBU0zFt9-1X5kVSsc8lAH1I"",""url"":""https://lh3.googleusercontent.com/geougc-cs/AB3l90CSZAuCB6rK2vEElGPBUWOlj2LKnMh_J0RdQQv1l9O3ju3oGkgA_rz4INOPzKhBVtJvUb3RCzKJQfA2DlOkDHnzgsFjLq-iAzSPcQqZ2NT5lHAHfxa_1RzvgCQzgAlPkiNqa1THWts3xOOA=s1024"",""caption"":null,""width"":2295,""height"":4080},{""id"":""CIABIhA4eLhno0e9P8nSWxpGf-zZ"",""url"":""https://lh3.googleusercontent.com/geougc-cs/AB3l90AWnI_Q-hBH8N8Pyccu8Rmlh-ebclJtnZhlMOuUbj9ch_KgULVHUssRkrGygNiOXjnCI0_efXYyMJmvNbCxTDgCuqgYqwqZRcOkFF_ixrbxrkfuc1SrI-ZQiGtSIs2z34Re8MZ0Ae_E7Tw=s1024"",""caption"":null,""width"":2295,""height"":4080}]"
ChIJWcFR0FD51y0R9Hvm3_B1Owo,Suramadu View Point,Ci9DQUlRQUNvZENodHljRjlvT25OVGJqTlhUMU5OVW5KMGNtMXpXVTFZTUhZdFVGRRAB,https://www.google.com/maps/reviews/data=!4m8!14m7!1m6!2m5!1sCi9DQUlRQUNvZENodHljRjlvT25OVGJqTlhUMU5OVW5KMGNtMXpXVTFZTUhZdFVGRRAB!2m1!1s0x0:0xa3b75f0dfe67bf4!3m1!1s2@1:CAIQACodChtycF9oOnNTbjNXT1NNUnJ0cm1zWU1YMHYtUFE%7C0cLb-t7LM37%7C?hl=id,Jesi billist,102794127974203739186,https://www.google.com/maps/contrib/102794127974203739186?hl=id,4,"Mantap.. jadi salah satu pilihan tempat santai semua kalangan, tapi minuman & makanan harganya bee... Saran bawa camilan dari luar aja, minumannya pesen disini hitung"" plot tempat ",3 bulan lalu,2025-06-24T09:30:33,,,,2,5,,,,"[{""name"":""Waktu kunjungan"",""value"":""Hari biasa""},{""name"":""Waktu antrean"",""value"":""Tanpa mengantre""}]","[{""id"":""CIABIhANEB1okO0AhyD6eiSn-Dkf"",""url"":""https://lh3.googleusercontent.com/geougc-cs/AB3l90AW15bfgKQNLFkmYNbaCqnOKsi4h7YnO6Fg01nmBfr0TrQrBtAjqPUiNzqAd3IGyLycNWJS32Oc-FKc_ONOOjAKiPQ7KZma_cXH3UtT3-CzHz6LLTZltg-Y6WN0IsLQs2ekx6v155j0ysoe=s1024"",""caption"":null,""width"":2448,""height"":3264},{""id"":""CIABIhDuPqMsZ35BN3NIoByTN77s"",""url"":""https://lh3.googleusercontent.com/geougc-cs/AB3l90B7XZnGMB4n3n83nvUSBqhr9n7dYmZJaR7mTfgPrNwcfaMk2R8c5cM13YY4B7omwkR6OtG63aiU2GUAOGm1aNHepmqQ3akTURYF2CDQ0X9RUFWrU_qd5XrLWdSF8CrFFFGRTfnZTug7xy7r=s1024"",""caption"":null,""width"":2448,""height"":3264},{""id"":""CIABIhBqsgcVwEF5sPYopH6hyn8b"",""url"":""https://lh3.googleusercontent.com/geougc-cs/AB3l90C2ooz28r7eRnKRnduFqMlO_960RSLB6XTj3hnawB2ECEv5HhGs2oKJBrOvYT1sWhuSMHCVU_1tOgQU2OpTQCvLioYiS0VGQtsgKg35i3yRjyU5kY7nKQIn-z3TqIi4a4d1V2kn3IfRsgdV=s1024"",""caption"":null,""width"":2448,""height"":3264},{""id"":""CIABIhCLJXkpc-Ls_gzh3OAgd3oS"",""url"":""https://lh3.googleusercontent.com/geougc-cs/AB3l90CX2ONkFBE1hC9pq1mJFop4Rn183xviInXu6IotQnZ6xH-1krlP_q_VS4S7I9z80GZQT3ZE3gLKbIsxID12k3S7gr_pjGKSFzHrwmDel3lsx4X4JdD-e1sEJzOFEVsfO-1IxK-zVz6h5Fom=s1024"",""caption"":null,""width"":2448,""height"":3264}]"
ChIJWcFR0FD51y0R9Hvm3_B1Owo,Suramadu View Point,Ci9DQUlRQUNvZENodHljRjlvT2s1alJ6WTFlSE5KTTFCelVXWnhTbGhFZERWNGNGRRAB,https://www.google.com/maps/reviews/data=!4m8!14m7!1m6!2m5!1sCi9DQUlRQUNvZENodHljRjlvT2s1alJ6WTFlSE5KTTFCelVXWnhTbGhFZERWNGNGRRAB!2m1!1s0x0:0xa3b75f0dfe67bf4!3m1!1s2@1:CAIQACodChtycF9oOk5jRzY1eHNJM1BzUWZxSlhEdDV4cFE%7C0ca5G78yE5-%7C?hl=id,Binti Maratus,109117128012288352266,https://www.google.com/maps/contrib/109117128012288352266?hl=id,5,"bagus sih , cuma banyak nyamuk, kang parkir sama penjual nya judes.. harganya agak mahal dikit.. tapi bagus sebenarnya tempatnya...",2 bulan lalu,2025-08-10T09:20:08,,,,19,40,1,,,"[{""name"":""Waktu kunjungan"",""value"":""Hari biasa""},{""name"":""Waktu antrean"",""value"":""Tanpa mengantre""},{""name"":""Sebaiknya buat reservasi"",""value"":""Tidak""}]","[{""id"":""CIABIhARtMI_IWqt6b3UgV9URbdW"",""url"":""https://lh3.googleusercontent.com/geougc-cs/AB3l90AICjGhptprt9Ox8CVYuN9t_XEaBQvQ8X9IQ8AU14sv28jJjrbh91zLt_YOZLV0PM2wFHUiS6ld3vNC3Vo7W2u_VgBn4UOe7AaLFGDdaKipopjV5Fy-PRJn1TaXc0okwijTLnR54qFi88EA=s1024"",""caption"":null,""width"":3072,""height"":4096},{""id"":""CIABIhD0I0fzH2rMZeBXmd4YN06-"",""url"":""https://lh3.googleusercontent.com/geougc-cs/AB3l90DCQMSxDZ1_2yPCH2JSDMAKzoSo0V-p3UzsZsLybFySeeES4RKbA6Rxaqxqf1xzeRkF5U0_gtkBiaTAIciIHd8JswKqJWB-ysTAvPNs2Wxb2JYxVB16tgtYHJFI2dczo-DZmdzljYwoV9s=s1024"",""caption"":null,""width"":2304,""height"":4096},{""id"":""CIABIhDmKTuF_7f61Ih62k7ezl53"",""url"":""https://lh3.googleusercontent.com/geougc-cs/AB3l90AGie8KVOnCgA0gy5nvS5oACC2U-h7Itf5zsbXm0ioSPJ44zNAYbd4XzatIpX49NyKBKjP1GIYnYWOyoCjne8xZkBRBtNYWTcdWai1r6cXzgGC8T0C7CB8Ld3pUPX7w6XtHTwa1nWrRtpSF=s1024"",""caption"":null,""width"":4096,""height"":2304}]"
ChIJWcFR0FD51y0R9Hvm3_B1Owo,Suramadu View Point,ChZDSUhNMG9nS0VQejI3LU83OHYyWFVBEAE,https://www.google.com/maps/reviews/data=!4m8!14m7!1m6!2m5!1sChZDSUhNMG9nS0VQejI3LU83OHYyWFVBEAE!2m1!1s0x0:0xa3b75f0dfe67bf4!3m1!1s2@1:CIHM0ogKEPz27-O78v2XUA%7CCgwI7qT7wQYQgIih_AE%7C?hl=id,putri anggraini,110552846413914073551,https://www.google.com/maps/contrib/110552846413914073551?hl=id,5,"Wisata gratis masuk cuma bayar parkir, pemandangan laut dan jembatan suromadu yang romantis, tersedia pedagang kaki lima di sekitar tempat wisata, harga menyesuaikan ya",4 bulan lalu,2025-06-03T10:46:06,,,,15,28,1,,,"[{""name"":""Waktu kunjungan"",""value"":""Akhir pekan""},{""name"":""Waktu antrean"",""value"":""Tanpa mengantre""},{""name"":""Sebaiknya buat reservasi"",""value"":""Tidak""}]","[{""id"":""CIHM0ogKELLukNyYrpieUw"",""url"":""https://lh3.googleusercontent.com/geougc-cs/AB3l90BZZfw-dXjZCkNYAxmMDSLVTsyC4SafG0CM1fh8oXl31N5LvnWIiPDJfRTxlKR_XXsNnohN8R8vCaDeLzcruK71ZwKT-a4CR-ec9-fEodYzFDcKdFzjd6gPzCoipVFKLy3w7rJs=s1024"",""caption"":null,""width"":1080,""height"":1920},{""id"":""CIHM0ogKEMqvwL7T2rXzlQE"",""url"":""https://lh3.googleusercontent.com/geougc-cs/AB3l90AkVrVAz5hoQ52vEAtb7YbGlk6aRFA0t7LxcbALiqr4U7Hb8VxL2TX9upsDN_--_l2F3k2lKuedF6ZtKCCBicuu_ATRVjlyQud4BSaFAt5amecPR_ciWCn4JtGo0QkhgFJErg0BvA=s1024"",""caption"":null,""width"":3000,""height"":4000},{""id"":""CIHM0ogKELquqLWM65Kn4QE"",""url"":""https://lh3.googleusercontent.com/geougc-cs/AB3l90AUx-kh35mBFAvb-0lI6x4nbm_C_pKDbD-9MeSOtF1Y45zOSkX2qxLoBjEWlurizOGzeGqyYMlp4jAIeObFWKhDiH-hW7aCw0xJk_sRXLsCg3DCXzm-NWJ3NqbSX7inlUGMgwz8gw=s1024"",""caption"":null,""width"":3000,""height"":4000}]"
ChIJWcFR0FD51y0R9Hvm3_B1Owo,Suramadu View Point,ChZDSUhNMG9nS0VKZVRpdnVfNlBXSVd3EAE,https://www.google.com/maps/reviews/data=!4m8!14m7!1m6!2m5!1sChZDSUhNMG9nS0VKZVRpdnVfNlBXSVd3EAE!2m1!1s0x0:0xa3b75f0dfe67bf4!3m1!1s2@1:CIHM0ogKEJeTivu_6PWIWw%7CCgsIo9rWwQYQiIDcOQ%7C?hl=id,Octarina Ningrum,116210791169151885747,https://www.google.com/maps/contrib/116210791169151885747?hl=id,4,"Suasana pinggir pantai biasa, banyak pedagang kaki lima..
Kalo malam suasana ""remang2""

Datang kisaran jam 5 sore, pulang sesudah isya..
Parkir mobil 10rb bayar di awal",4 bulan lalu,2025-05-27T12:16:35,,,,18,6,1,,,"[{""name"":""Waktu kunjungan"",""value"":""Hari biasa""},{""name"":""Waktu antrean"",""value"":""Tanpa mengantre""},{""name"":""Sebaiknya buat reservasi"",""value"":""Tidak""}]","[{""id"":""CIHM0ogKEPaC3eGZsObVEw"",""url"":""https://lh3.googleusercontent.com/geougc-cs/AB3l90Ce75McPIajyB5k_oron7p2I6_LADeeew78SMj9OIreM1As8nNxwD4b3gWLMv7iEfazWOPYGLE5x9SPPQ7LWlvIbfO_gB6KWq9-gMTRSfaXB5Ao9L0PU4qooalUl7B8W1wFs_c=s1024"",""caption"":null,""width"":4000,""height"":3000},{""id"":""CIHM0ogKEJ7MwruV147yMQ"",""url"":""https://lh3.googleusercontent.com/geougc-cs/AB3l90BIWFhgexjb1bXQ8Wik_WN_KVhYxjfL1-7vW2FrtZHN5JPLN566z6A-hq6UxPi1EcKEGm2VCflyVFvMqWihCiEl5qXEGSiQLbLcmzP5C31zF_VjLfpfBZkIjRWrDFv7d-lLb6N7=s1024"",""caption"":null,""width"":4000,""height"":3000}]"
ChIJWcFR0FD51y0R9Hvm3_B1Owo,Suramadu View Point,ChdDSUhNMG9nS0VJQ0FnTURveDVMTWlBRRAB,https://www.google.com/maps/reviews/data=!4m8!14m7!1m6!2m5!1sChdDSUhNMG9nS0VJQ0FnTURveDVMTWlBRRAB!2m1!1s0x0:0xa3b75f0dfe67bf4!3m1!1s2@1:CIHM0ogKEICAgMDox5LMiAE%7CCgsIjqjDwAYQ2Oz6eA%7C?hl=id,Muhamad Rozali,106923792277638646990,https://www.google.com/maps/contrib/106923792277638646990?hl=id,5,"Spot terbaik melihat jembatan suramadu dan kapal nelayan, kalau sunset lebih bagus sore hari, dan ada beberapa pedagang yang menjajakan makanan dan minuman",5 bulan lalu,2025-04-29T13:28:46,,,,98,3182,1,,,"[{""name"":""Waktu kunjungan"",""value"":""Akhir pekan""},{""name"":""Waktu antrean"",""value"":""Tanpa mengantre""},{""name"":""Sebaiknya buat reservasi"",""value"":""Tidak""}]","[{""id"":""CIHM0ogKEICAgMDox5LMKA"",""url"":""https://lh3.googleusercontent.com/geougc-cs/AB3l90CVbNd6Lyln04M54a8mwo3zHZXWNmHUSqBnA-_BYX5Rn-U_Nk2zMpyOBAJlO0X10wzadrJe2xBfUWYc01DFe3wodmiwNh80VGUpDRmhDyQC7QL5ohy3ZVyWttMdDVNUBqDw9aLk=s1024"",""caption"":null,""width"":3468,""height"":4624},{""id"":""CIHM0ogKEICAgMDox5LMqAE"",""url"":""https://lh3.googleusercontent.com/geougc-cs/AB3l90DCBYZjxkCW8NEbtew0oWYjjEyxqzS6-5XPjdxsa_nH7LDXvyZeFn8MfWnYtN6bn0rkGP_W2nAJTcMoTFVeEQ_4D5aikOl270sWb8LxHlk80QXpmFVLBB2bBFPyBZ1vj0NtU7ga=s1024"",""caption"":null,""width"":3468,""height"":4624},{""id"":""CIHM0ogKEICAgMDox5LMaA"",""url"":""https://lh3.googleusercontent.com/geougc-cs/AB3l90CGl7OqBUrxTq0FKd4YOZMgWkkG86u9mG7EaNBF9IDMSbD2zmHuVjF_otlTQSDg08wVb50Bou6zvhPtAubQ7tXd_lSvc5FQ8rKYlMEIy8hx4I64K0kWF6WteW9U5-EQD7P91cNA=s1024"",""caption"":null,""width"":3468,""height"":4624},{""id"":""CIHM0ogKEICAgMDox5LM6AE"",""url"":""https://lh3.googleusercontent.com/geougc-cs/AB3l90DDUYqtHC_hdB4rkrwnEyrXWDQTHFbdf3IgUye_XBX9YgHKeHdPKVAlvqZUxpU04wXQLbigUoQUBed1GZeogL0NnELsFAAfB6kpMe70UOc8kks0EInOaFEPc656zIpCLzbVvnwTGQ=s1024"",""caption"":null,""width"":3468,""height"":4624},{""id"":""CIHM0ogKEICAgMDox5LMGA"",""url"":""https://lh3.googleusercontent.com/geougc-cs/AB3l90B2QkZCx8N9NnsNRI1O5_fv-a3D-x0Xtkj7pvHFPLNYiY4uJ39aYYq_FQxpb3o1myYTAcumRecm_kyEziPJAJJS_yf9_HL6eSFZCyW_07hlmuj6IVmrU19C3OFiCZ_f2Ho1v2gg=s1024"",""caption"":null,""width"":3468,""height"":4624},{""id"":""CIHM0ogKEICAgMDox5LMmAE"",""url"":""https://lh3.googleusercontent.com/geougc-cs/AB3l90ATY0yBWKo6clKqRXybhAUBWA6bcrKUoVcDpxNMmvkA9ZbFK5NlrsjS8eh2K1bW3zD2Bvqi-YlJIsG3prrkFJb8_ZsqeWsVJgM5nIxr-lDuZbD10S6Pwe0AL5-YgYArkaBJLjoSrg=s1024"",""caption"":null,""width"":3468,""height"":4624},{""id"":""CIHM0ogKEICAgMDox5LMWA"",""url"":""https://lh3.googleusercontent.com/geougc-cs/AB3l90DqAj5AhBmW0ACsIws-0vwXfD5RV57X-0nJJmEbq0kP5WfAnVxsL4obr28CzIpqymx8DhbUMy5ydQt0wV4wcBUpCLdkFlEwv5ashgFGiSY1CgEBO3rHzfrlHaGvcNrfVcTPKfQJ=s1024"",""caption"":null,""width"":3468,""height"":4624},{""id"":""CIHM0ogKEICAgMDox5LM2AE"",""url"":""https://lh3.googleusercontent.com/geougc-cs/AB3l90B6omBq0DLpdiNMmLQ_k7UgzX5DTIURczPJCqdkRGuZL9ZFwOb_C8wi0tfeA7ENQ5G3256NFdnnFJbXmqLIKdvM7MSbyWTqWu8xMpqBsd0tKr52zXBF2GcVu9HV0tFG9hIHwo6AFA=s1024"",""caption"":null,""width"":3468,""height"":4624},{""id"":""CIHM0ogKEICAgMDox5LMOA"",""url"":""https://lh3.googleusercontent.com/geougc-cs/AB3l90BPH2lcHOFAOPny5q48FshpZkByT_e687Yb1tL1-3M7N6xTMWIHCxMcmklzkrIx6xXxB5vsopxHEowMk-gcjGGnPK-67FLJFf9BIM8Nw6C3_DSQpA5b4QHXc6II1a2r2D6suvx5=s1024"",""caption"":null,""width"":3468,""height"":4624},{""id"":""CIHM0ogKEICAgMDox5LMuAE"",""url"":""https://lh3.googleusercontent.com/geougc-cs/AB3l90CeGRPRnga4XXYU4cCIAZgFMkTqLXTcq1NDcvbVPhXUA5ryQrjscP2Z_waq5ECmDLFth9GP7K8ifl3Ij6zCQNwp035eAGgOfi2keBXcJ9mHvU3W_9eeV1rK5GzyCDwkoQsX1Qz84Q=s1024"",""caption"":null,""width"":3468,""height"":4624},{""id"":""CIHM0ogKEICAgMDox5LMeA"",""url"":""https://lh3.googleusercontent.com/geougc-cs/AB3l90AUN3Fv82UEVZkFXf4-jjcTElgTwu1FpsKC77PLUdn-QUVFlwP-Cbug-EfTBtQKll7GKITZ0gHWM3DaViS30FKNNgJ8QjVxze1E325Jx6-TxhQCQyGOLU3uEQEaSKvBUMmMEpo=s1024"",""caption"":null,""width"":3468,""height"":4624},{""id"":""CIHM0ogKEICAgMDox5LM-AE"",""url"":""https://lh3.googleusercontent.com/geougc-cs/AB3l90CKkswtfFo-NErYMWncs_l6J9I92xicZ51GfwfrG4v71ed8CPJqIXh12_vghbk_zZ-tiJJvp6lA4mU3p8_ODxWXkPGsvBO-FKLi37_XXSdIGQlDS1EYZGbr_3sVqixYE5b2yB4GKQ=s1024"",""caption"":null,""width"":3468,""height"":4624}]"
ChIJWcFR0FD51y0R9Hvm3_B1Owo,Suramadu View Point,ChdDSUhNMG9nS0VQYVA2UFhyNDZfQ2dRRRAB,https://www.google.com/maps/reviews/data=!4m8!14m7!1m6!2m5!1sChdDSUhNMG9nS0VQYVA2UFhyNDZfQ2dRRRAB!2m1!1s0x0:0xa3b75f0dfe67bf4!3m1!1s2@1:CIHM0ogKEPaP6PXr46_CgQE%7CCgwI2eaGwQYQwJy5yQM%7C?hl=id,Setya Alfitrah,108207186207532019285,https://www.google.com/maps/contrib/108207186207532019285?hl=id,4,"Bagus kalo sore menjelang malem, tapi  banyak nyamuk, jadi jgn lupa kalo nongki di sini sedia autan/sofel, untuk makananya lumayan harganya.",5 bulan lalu,2025-05-12T08:37:45,,,,25,24,1,,,"[{""name"":""Waktu kunjungan"",""value"":""Hari biasa""},{""name"":""Waktu antrean"",""value"":""Tanpa mengantre""}]","[{""id"":""CIHM0ogKEMXx5dbFzOaFGg"",""url"":""https://lh3.googleusercontent.com/geougc-cs/AB3l90CZCnYP2vFWXdbF3sP67e9ZVmhMK5zIo4yVkJWthp8CKAwpwjE7GqwkCQsPlfCDpEN2oRzCTFMsvjPM5ldDC3VEIPye_QoFS74oy0O0w0CidBZZurv0xt9XQt4dSpxa2bL2py38=s1024"",""caption"":null,""width"":4224,""height"":5632},{""id"":""CIHM0ogKENyXtpz887uCsAE"",""url"":""https://lh3.googleusercontent.com/geougc-cs/AB3l90AdZDni_G4LWT066sC9FgU1SJnM8YVNHT9mXN3PNfE5bwk-yI2vFqbPv_7cYPCq_nPTCRLXGSua4U2keAFr62vl6wx1lGPme5tqOKNZhWQpgCNpkmg25oVoSMpvqesFsrTStNEl=s1024"",""caption"":null,""width"":4224,""height"":5632}]"
ChIJWcFR0FD51y0R9Hvm3_B1Owo,Suramadu View Point,Ci9DQUlRQUNvZENodHljRjlvT25ka2VGQlNWME5XWWtsdldHOWxPVmRSVWtWaWRFRRAB,https://www.google.com/maps/reviews/data=!4m8!14m7!1m6!2m5!1sCi9DQUlRQUNvZENodHljRjlvT25ka2VGQlNWME5XWWtsdldHOWxPVmRSVWtWaWRFRRAB!2m1!1s0x0:0xa3b75f0dfe67bf4!3m1!1s2@1:CAIQACodChtycF9oOndkeFBSV0NWYklvWG9lOVdRUkVidEE%7C0cgQWZfMy1u%7C?hl=id,Allena Shop,100102450088042157396,https://www.google.com/maps/contrib/100102450088042157396?hl=id,5,"Kesini diajak sama temennya suami
Dan pertama kali kesini, beehh angiinnya  kurang sedikit penerangan, tp anak2 suka bisa bebas lari2an",sebulan lalu,2025-08-29T14:25:40,,,,4,2,,,,[],"[{""id"":""CIABIhB5hQxuYpzBDNL2-jUKLhBf"",""url"":""https://lh3.googleusercontent.com/geougc-cs/AB3l90Cu5QK296AXGvP3is_uHIzV_R-vH5WCqvHRO8OTwvjoNVVf2Ea3XfOSus6ix2Lo9MFaAD2Tj8-uxk8SBWlD4WwOjS0A2VVlETOaDvbGjErKXtyiDzFjIhg532wkdGVAm_WjeUJXmtJCXSQR=s1024"",""caption"":null,""width"":4080,""height"":3072},{""id"":""CIABIhDKP49zLnz3QsaXDzO7cPWW"",""url"":""https://lh3.googleusercontent.com/geougc-cs/AB3l90DZhi-OUcf6J-I37owf7BkoKl7jAqTKkAmJjBcvGxD2xaRoD3fp8RxNB9DF1rbJUYqR_K3P7JqqscxbFYC1RMm2b5_YoxRGrFQKhFc-5eVQ18JoD8c9aYyYRovE5aCUfWRVaCpjN1DRVLNN=s1024"",""caption"":null,""width"":4080,""height"":3072}]"
ChIJvSLMIZUF2C0R0iThowW8n38,Obyek Wisata Taman Rekreasi Kota Bangkalan,ChZDSUhNMG9nS0VJQ0FnSUNBaEpyOGZBEAE,https://www.google.com/maps/reviews/data=!4m8!14m7!1m6!2m5!1sChZDSUhNMG9nS0VJQ0FnSUNBaEpyOGZBEAE!2m1!1s0x0:0x7f9fbc05a3e124d2!3m1!1s2@1:CIHM0ogKEICAgICAhJr8fA%7CCgwIvK2TzQUQwJKdkQI%7C?hl=id,Mochamad Fahmi Imron,114219303567067318341,https://www.google.com/maps/contrib/114219303567067318341?hl=id,2,"Kerapihan, kebersihan dan perawatan tempat ini perlu dijaga agar event2 spt Gowes Nusantara 27 Agustus 2017 (TRK, Belakang Stadion Bangkalan) bisa tetap terus diadakan.",8 tahun lalu,2017-08-29T02:51:40,,,,33,78,1,,,[],"[{""id"":""CIHM0ogKEICAgICEqdizHQ"",""url"":""https://lh3.googleusercontent.com/geougc-cs/AB3l90CyrrK8rUM3HWaMDx2nmJBmxhtPPiQHgqjgAwIaCORSt_Bwh6U56zTzzE7JKY5SdZo-3cD8RFCOtBxC-97khzbwQi18dvbIdJrQaKV90zz-PJBTQnVtE3KhVk-iR-gb69kktMCG=s1024"",""caption"":null,""width"":1365,""height"":2048},{""id"":""CIHM0ogKEICAgICEqdj5-QE"",""url"":""https://lh3.googleusercontent.com/geougc-cs/AB3l90DxlHEegi5l55hURM4lIul7IwOvo0-EMB366r5J6XzuSRGY30uQEU_wJwJ6zd5DmxlsdY_VdY4UrwBkrwDijcFQ0Qn_-iO0v57PhORrwZhh9NJpi34Wt21ZSsPFIqW9HGl1ugc9=s1024"",""caption"":null,""width"":1365,""height"":2048},{""id"":""CIHM0ogKEICAgICEqdj5QQ"",""url"":""https://lh3.googleusercontent.com/geougc-cs/AB3l90C7o-dwi-mqPTzGG1MMkMTmxermQJa2OF8aurQvbxQegpFIEEXrcGRrM3svEzTraiwm9-DIVa49weSgwW4d_KJys2Bj4MjMTz188k4NqlKxWnRDRBdYIv7VodpT4D9OXgFifMrC=s1024"",""caption"":null,""width"":2048,""height"":1365},{""id"":""CIHM0ogKEICAgICEqdjmKA"",""url"":""https://lh3.googleusercontent.com/geougc-cs/AB3l90CrMxzhFjLv48pNo_cAKKnTGZBlsXQhba7Y0fSj7eJFKGH19zU0E1z1caT7w5rFvolvz6n7nEjS4VmL180VOSo--Rrd0rsYFn3ydVx6PbkUm4hiycH40WwFGBZDrhvKOcLhv99h=s1024"",""caption"":null,""width"":2048,""height"":1365},{""id"":""CIHM0ogKEICAgICEqdjmqAE"",""url"":""https://lh3.googleusercontent.com/geougc-cs/AB3l90Dnisxs2xymoPk1baosoyf6-g7hUpl-aUsMjS-12-zTPQQfAd1KlDbcN7B38JseGf-Ekk0_3rq1YAt1MxZwwGxqrFPAobkgK2jP756DEUxq9S70HB3vHElgFkuJm5wi8DGH-pflhQ=s1024"",""caption"":null,""width"":2048,""height"":1365}]"
ChIJvSLMIZUF2C0R0iThowW8n38,Obyek Wisata Taman Rekreasi Kota Bangkalan,ChdDSUhNMG9nS0VJQ0FnSURnenNxc3NRRRAB,https://www.google.com/maps/reviews/data=!4m8!14m7!1m6!2m5!1sChdDSUhNMG9nS0VJQ0FnSURnenNxc3NRRRAB!2m1!1s0x0:0x7f9fbc05a3e124d2!3m1!1s2@1:CIHM0ogKEICAgIDgzsqssQE%7CCgwIw8PF2gUQwPyCqgI%7C?hl=id,Pri Hinkap,100087695416407378770,https://www.google.com/maps/contrib/100087695416407378770?hl=id,4,"Lokasi berada di belakang Stadion Gelora Bangkalan. Obyek wisata air yang dikelola Pemerintah daerah Kabupaten Bangkalan. Bagus untuk sekadar berfoto dan melepas penat. Parkir luas dan aman. Tiket masuknya cukup murah, cocok untuk anak-anak. Ada fasilitas playground gratis yang bisa dimanfaatkan anak-anak. Tiket masuk tidak include dengan fasilitas kolam renang dan becak air. Lumayan, untuk liburan akhir pekan bersama keluarga, wisata murah meriah.",Diedit 7 tahun lalu,2017-09-22T06:22:48,,,,1553,2659,1,,,[],"[{""id"":""CIHM0ogKEICAgICkga7LKQ"",""url"":""https://lh3.googleusercontent.com/geougc-cs/AB3l90Cg_7-3yrXJ2364R0J4LKAAa7-jKV8P7pZUMqbl47qXkp8WD9dUuzSfcTwdF3EXeFlK7wX9PkX2nX8_M6eRGJfvMWNcqtDI6cWL5IIL7SmuRsavEf4bcu_xkJRTzLF2mQF1aBJA=s1024"",""caption"":null,""width"":1600,""height"":1200}]"
ChIJvSLMIZUF2C0R0iThowW8n38,Obyek Wisata Taman Rekreasi Kota Bangkalan,ChdDSUhNMG9nS0VJQ0FnSUR0LW9IYmh3RRAB,https://www.google.com/maps/reviews/data=!4m8!14m7!1m6!2m5!1sChdDSUhNMG9nS0VJQ0FnSUR0LW9IYmh3RRAB!2m1!1s0x0:0x7f9fbc05a3e124d2!3m1!1s2@1:CIHM0ogKEICAgIDt-oHbhwE%7CCgwImfr7rQYQgPHdhgI%7C?hl=id,Pengelana Official,100306743054435037178,https://www.google.com/maps/contrib/100306743054435037178?hl=id,5,Acara mengisi akhir pekan Yayasan Al Qowi Bangkalan melakukan treatment dan healing,setahun lalu,2024-02-04T02:57:29,,,,11,9,1,,,"[{""name"":""Waktu kunjungan"",""value"":""Akhir pekan""},{""name"":""Waktu antrean"",""value"":""Tanpa mengantre""},{""name"":""Sebaiknya buat reservasi"",""value"":""Tidak""}]","[{""id"":""CIHM0ogKEICAgIDt-oHbJw"",""url"":""https://lh3.googleusercontent.com/geougc-cs/AB3l90BcO06lsYW_aN3wzqmoa0uCwv0tyNhfNZ7rlyqgXrEubnUAXLIuwtZo40ktoRYAFf4D5vb5MmMr46fFiPCJG_IPb8QEnAkQkbn9hG4l5QDG3nQACujay5DiF0WrzZ218pmyRL-G=s1024"",""caption"":null,""width"":1872,""height"":4160},{""id"":""CIHM0ogKEICAgIDt-oHbpwE"",""url"":""https://lh3.googleusercontent.com/geougc-cs/AB3l90B5gxIzPPbxhDKoJrntUwwGv5_-gobdGZCCA7aF_0dBtdaJhdFeUAdprfZfFBIW9ck6H4QfX9aHaogyww0i0h0PuBGGpbLpNCFnVGvU2U7vTdvml45c4t5pba5ogNK7E23S-7Qx=s1024"",""caption"":null,""width"":1872,""height"":4160},{""id"":""CIHM0ogKEICAgIDt-oHbZw"",""url"":""https://lh3.googleusercontent.com/geougc-cs/AB3l90AuXC4u6vGsUq-P4d94rvRXbWUSADyse7ZHWcdZkz55KdfnxgcoOS7uks0sC7pu0d3Tek7AXwjaVzmF5-ZVmrppzWvWzoQ5nqFylvw9SwQj-0z2NJ1GcXRkAWd3MKx_5YfzujZI=s1024"",""caption"":null,""width"":1872,""height"":4160}]"
ChIJvSLMIZUF2C0R0iThowW8n38,Obyek Wisata Taman Rekreasi Kota Bangkalan,ChdDSUhNMG9nS0VJQ0FnSURnZ3VmM2t3RRAB,https://www.google.com/maps/reviews/data=!4m8!14m7!1m6!2m5!1sChdDSUhNMG9nS0VJQ0FnSURnZ3VmM2t3RRAB!2m1!1s0x0:0x7f9fbc05a3e124d2!3m1!1s2@1:CIHM0ogKEICAgIDgguf3kwE%7CCgwIlN7V2gUQwKnuqAM%7C?hl=id,Asa Permana12,108433065128332264912,https://www.google.com/maps/contrib/108433065128332264912?hl=id,5,"Tempat bisa disewa untuk berbagai event motor club, dengan kapasitas outdoor yang asri dan nyaman juga harga yg sangat terjangkau",7 tahun lalu,2018-07-23T05:56:07,,,,56,21,1,,,[],"[{""id"":""CIHM0ogKEICAgID4gYnKwwE"",""url"":""https://lh3.googleusercontent.com/geougc-cs/AB3l90DgXuDgfiN4agaW5g-wRw9HOVDJMahnq7oF__1KmSzJEihBVrNajhm-9QkOLhLODtgDeke97wNBnxWtLpJ-_x5DjS1axGSiwor049_TAiIPD-L95LoWCxq3LkclFvHmZ1Cl9ZIw=s1024"",""caption"":null,""width"":2560,""height"":1440},{""id"":""CIHM0ogKEICAgID4gYnK4wE"",""url"":""https://lh3.googleusercontent.com/geougc-cs/AB3l90Dq1VS5Q3IcyksgSDkOIoyELSX5PWx9jDWuPw_qu9UruyRsUhc7a3zbotyAlHCy8ceeP3ayT_4qSUgbUNe_RUKUZ-PzTbah-QDMZEMN3S4KFHBVz7Flx9TNHa-1Gnzb7xtOofsaMQ=s1024"",""caption"":null,""width"":1920,""height"":2560},{""id"":""CIHM0ogKEICAgID4gYnKew"",""url"":""https://lh3.googleusercontent.com/geougc-cs/AB3l90AkrWMPcL3OnHd5dKtAebnGQOHCMxPg146DxE6-x_zLEDvyCq_J_LyilOJVREhmrhl-kFOsoum-RfvBYFVg50UB7tAQm8dnlCPnL9j2nQM6CDR8G26_K9ZjA8HoJJtp8cg-eqyG=s1024"",""caption"":null,""width"":1920,""height"":2560}]"
ChIJvSLMIZUF2C0R0iThowW8n38,Obyek Wisata Taman Rekreasi Kota Bangkalan,ChZDSUhNMG9nS0VJQ0FnSURPbDhyUkxBEAE,https://www.google.com/maps/reviews/data=!4m8!14m7!1m6!2m5!1sChZDSUhNMG9nS0VJQ0FnSURPbDhyUkxBEAE!2m1!1s0x0:0x7f9fbc05a3e124d2!3m1!1s2@1:CIHM0ogKEICAgIDOl8rRLA%7CCgwI2s_JlgYQ6MWN0AI%7C?hl=id,mitra widyasari,114302016666660851705,https://www.google.com/maps/contrib/114302016666660851705?hl=id,5,"Tempatnya bersih, cuma hari ini sepi dan penjualnya banyak yang tutup",3 tahun lalu,2022-07-16T07:19:07,,,,136,152,1,,,[],"[{""id"":""CIHM0ogKEICAgIDOl8rR7AE"",""url"":""https://lh3.googleusercontent.com/geougc-cs/AB3l90CxGvtpnsGVmCNq2ywksMQJ_vrVoefhIOdPSM9byU0_oZXfQXb39fBtyYXgPx5vgSc6XCQsP2VluKk5BBdk3DGbh3ElWRT4IVS3WckZfqTiwwSWeX1kyG-Jb-KM-B5XbY529S5UeQ=s1024"",""caption"":null,""width"":1968,""height"":4160},{""id"":""CIHM0ogKEICAgIDOl8rRHA"",""url"":""https://lh3.googleusercontent.com/geougc-cs/AB3l90A8OOGBcup5idgbnvtHBmpDFhIuTDt5v9MSk33BQ4SWIh8rIcYHMMWqnsjQzwPXcVxVZ4S-HsEdJXkWfj9dEqT3z3oRiSkmHAJBi6Df7mJpv3lO-w1-tF4Bz-25eMCI3dVw4Aw1=s1024"",""caption"":null,""width"":1968,""height"":4160},{""id"":""CIHM0ogKEICAgIDOl8rRnAE"",""url"":""https://lh3.googleusercontent.com/geougc-cs/AB3l90CJ48KPihM01s4RlFWLZYgUCWlBBRWFqnLJZuKpmsvfqcW1i6kImLnAtEfmJ4mWT3wEQu3dGzVE7TNyUjmC5Ps6lciHbvwk2ETP-fOUJ49loC8qGzhk03eMcqgJ1voL504B99aLKA=s1024"",""caption"":null,""width"":1968,""height"":4160}]"
ChIJvSLMIZUF2C0R0iThowW8n38,Obyek Wisata Taman Rekreasi Kota Bangkalan,ChdDSUhNMG9nS0VJQ0FnSUNvcjQyZGlBRRAB,https://www.google.com/maps/reviews/data=!4m8!14m7!1m6!2m5!1sChdDSUhNMG9nS0VJQ0FnSUNvcjQyZGlBRRAB!2m1!1s0x0:0x7f9fbc05a3e124d2!3m1!1s2@1:CIHM0ogKEICAgICor42diAE%7CCgsI17394wUQ2Iu0Kw%7C?hl=id,rina febri,112158972038182902346,https://www.google.com/maps/contrib/112158972038182902346?hl=id,3,"Sebenernya tempatnya bagus kalo mau dirawat. Lokasi di belakang stadion gelora bangkalan.  Ada wisata kayuh perahu bebek juga, sayangnya mainannya banyak gak terawat. Perosotan banyak yg bolong2 besinya.",6 tahun lalu,2019-03-06T05:47:03,,,,75,93,1,,,[],"[{""id"":""CIHM0ogKEICAgIDU-8Gb5AE"",""url"":""https://lh3.googleusercontent.com/geougc-cs/AB3l90CkYFVAY8ztn0M7CGTd4n9_S0O8cka-IzeKaPhsfL1GpmGBmH1b5yQmz9QT90QecT7uVDaqF0zYuJknF7AS_HwJzWgYDNTuORJ3yipFh7FbusMl36tidDkT9R-Sopl-NBybeNco=s1024"",""caption"":null,""width"":3456,""height"":4608}]"
ChIJvSLMIZUF2C0R0iThowW8n38,Obyek Wisata Taman Rekreasi Kota Bangkalan,ChdDSUhNMG9nS0VJQ0FnSUNtdXN5SG5BRRAB,https://www.google.com/maps/reviews/data=!4m8!14m7!1m6!2m5!1sChdDSUhNMG9nS0VJQ0FnSUNtdXN5SG5BRRAB!2m1!1s0x0:0x7f9fbc05a3e124d2!3m1!1s2@1:CIHM0ogKEICAgICmusyHnAE%7CCgwI5pefjgYQsJitrAI%7C?hl=id,Badrul Muttaqin,106110720440999865502,https://www.google.com/maps/contrib/106110720440999865502?hl=id,5,Suasana Asri pepohonan dan juga view danau nya membuat semakin betah berlama lama disini,3 tahun lalu,2021-12-26T01:56:23,,,,8,15,,,,[],"[{""id"":""CIHM0ogKEICAgICmuszfhQE"",""url"":""https://lh3.googleusercontent.com/geougc-cs/AB3l90D12FbREItWDH-A-ZlSe-aIDqoYEz6NJypXo3fH9bh4VzeSrI3sN-P7JVuWqNeRnA866f4_FQO-cMPRAemRpXekcelbq4qRDfc2haPiC30HkqjOofZ1VrhQ1lrSs1Lf6xUTIDjTGA=s1024"",""caption"":null,""width"":2340,""height"":4160},{""id"":""CIHM0ogKEICAgICmuszfRQ"",""url"":""https://lh3.googleusercontent.com/geougc-cs/AB3l90D4tHYVvFDzEbi3yngpnbg81-kBQ4CmL0TzrWz0EIYS2BPlBY8OkwWIL50h7ygPGyp5hqRxG-YF5tc6v1gqN9FMZ3LbVhC9sdxAwXHXPf1pkp2fxDXKDgR90iE_RQ9afx0a8eE=s1024"",""caption"":null,""width"":2340,""height"":4160},{""id"":""CIHM0ogKEICAgICmuszfxQE"",""url"":""https://lh3.googleusercontent.com/geougc-cs/AB3l90DujbW7WQ713GSBaJVMUv27rfO6qkbF0uko8fdkzJEGfA25PDpCXd2wtS6hI2EujdZq_zOZHUo5qWAYHLSYMgUVLSXU3c1JmnEsNIwNrZymgOB-crXn5wz49U05ThtNcikUK5mRfQ=s1024"",""caption"":null,""width"":2340,""height"":4160}]"
ChIJvSLMIZUF2C0R0iThowW8n38,Obyek Wisata Taman Rekreasi Kota Bangkalan,ChdDSUhNMG9nS0VJQ0FnSUR0dGRpUmt3RRAB,https://www.google.com/maps/reviews/data=!4m8!14m7!1m6!2m5!1sChdDSUhNMG9nS0VJQ0FnSUR0dGRpUmt3RRAB!2m1!1s0x0:0x7f9fbc05a3e124d2!3m1!1s2@1:CIHM0ogKEICAgIDttdiRkwE%7CCgwIt8WGrgYQiJ2CsgI%7C?hl=id,Farenza Egydia Ihzani,112155228031951781345,https://www.google.com/maps/contrib/112155228031951781345?hl=id,1,"fasilitas tidak memadai, banyak baju baju yang tertinggal di toilet/ruang ganti wanita dan tidak dibereskan. kolam licin karena lumut. saya akui bahwa kebersihan disini sangat sangat sangat kurang. air kolam mengandung terlalu banyak kaporit sehingga menimbulkan efek ""alergi"" pada saya, padahal saya juga sering berenang di tempat lain, tapi tidak pernah menimbulkan efek seperti yang saya blg tadi, sungguh saya merasa rugi dan menyesal.",setahun lalu,2024-02-06T03:08:39,,,,3,0,,,,"[{""name"":""Waktu kunjungan"",""value"":""Akhir pekan""},{""name"":""Sebaiknya buat reservasi"",""value"":""Tidak""}]",[]
ChIJ9eMR0vL51y0RyxK88tNm-Tc,Kenjeran Beach,ChZDSUhNMG9nS0VJN2Y1LW15OXN2WUdnEAE,https://www.google.com/maps/reviews/data=!4m8!14m7!1m6!2m5!1sChZDSUhNMG9nS0VJN2Y1LW15OXN2WUdnEAE!2m1!1s0x0:0x37f966d3f2bc12cb!3m1!1s2@1:CIHM0ogKEI7f5-my9svYGg%7CCgwI8KbvwQYQyJL6owE%7C?hl=id,Alia,112391398430823589897,https://www.google.com/maps/contrib/112391398430823589897?hl=id,1,"penjual di sana galak2, judes2. masa udah beli makanan minuman disana, trs ambil jajan dari mobil udh diomelin katanya gabole bawa makanan dr luar. trs saya diusir , katanya ""kalo banyak pengunjung dan gaada tmpt duduk gmn?"" buset dah galak amat bukkk. rezeki udh ada yg atur bukkk, jgn jahat2 sm orang lain kali ah",4 bulan lalu,2025-06-01T04:13:36,,,,8,6,,,,"[{""name"":""Waktu kunjungan"",""value"":""Akhir pekan""},{""name"":""Waktu antrean"",""value"":""Tanpa mengantre""},{""name"":""Sebaiknya buat reservasi"",""value"":""Tidak""}]","[{""id"":""CIHM0ogKEPKK4LzE2YyXZg"",""url"":""https://lh3.googleusercontent.com/geougc-cs/AB3l90DADLEt8vzRPn0fCDZB4iZ54Jlg30hCpLGrBiGX3nP_PYOJVfSog7ws92TyCmAlnhkyJvuMoag8xMR2AENRgCh1b6YtwB5H0nLccrtHpuZFmpD0NbV2pkNUvr92kY8pRcwVsuE=s1024"",""caption"":null,""width"":2268,""height"":4032}]"
ChIJ9eMR0vL51y0RyxK88tNm-Tc,Kenjeran Beach,ChZDSUhNMG9nS0VNTDV0THpNam9TZmV3EAE,https://www.google.com/maps/reviews/data=!4m8!14m7!1m6!2m5!1sChZDSUhNMG9nS0VNTDV0THpNam9TZmV3EAE!2m1!1s0x0:0x37f966d3f2bc12cb!3m1!1s2@1:CIHM0ogKEML5tLzMjoSfew%7CCgwInYWnwQYQgJrzsgI%7C?hl=id,Rifa'i Angga Pratama,112525532062766614316,https://www.google.com/maps/contrib/112525532062766614316?hl=id,5,Kenjeran beach  yang cocok untuk healing nuasa alam lautan. Tempat ini cocok untuk para pemburu sunrise  dan sunset,5 bulan lalu,2025-05-18T11:21:01,,,,38,479,1,,,"[{""name"":""Waktu kunjungan"",""value"":""Akhir pekan""},{""name"":""Waktu antrean"",""value"":""Tanpa mengantre""},{""name"":""Sebaiknya buat reservasi"",""value"":""Tidak""}]","[{""id"":""CIHM0ogKEJOdveW6k8rf3QE"",""url"":""https://lh3.googleusercontent.com/geougc-cs/AB3l90CS8eVlTFMMH_UBa2g86l9waKiGO2NtgK5NYlKmu3vLrJNXJN5iwWsunikLT3A4YdpMgOVeEfJdwgbUYeA2X2JDd7Usxw8mH6YLwbAEZxsZQAdAcMXlzX35Zmct8AVkUADi1P0v=s1024"",""caption"":null,""width"":2340,""height"":4160},{""id"":""CIHM0ogKEPaO2q-vxP7TqgE"",""url"":""https://lh3.googleusercontent.com/geougc-cs/AB3l90AWqXG1V4UoVJTsD1Wn2OJwuQbIhAT8Qfkzp50G5JjCld963VvMB4pvt634POJf7GeoBzczmjWEhrEe8-pzjEha2RAUZ8KNwH_dSGYZnVgsVd4W8k6yEaRKGvYRPcvVhIF70R31=s1024"",""caption"":null,""width"":1280,""height"":720},{""id"":""CIHM0ogKEJzd3_nr_5mDtgE"",""url"":""https://lh3.googleusercontent.com/geougc-cs/AB3l90C4RM60_c7dy6uatRB5Xeam--FsG8_4ev-aycgX4bh-qQNpAp9tKf39MAS14rNLE28bUHKDeL9Xi9jqpumWuD7FF9-M5Ilxt8MdW3K7hX7zrS1SL7u3vnnAUdExS6kIOSZsiwEv=s1024"",""caption"":null,""width"":2340,""height"":4160},{""id"":""CIHM0ogKEKX7icWs9_O2fQ"",""url"":""https://lh3.googleusercontent.com/geougc-cs/AB3l90Cyj0Avw64iA7L3Qz97wSXqjQqm5XeH0-Uvs5POQ7b9BaQIea0EmMk-Dw60Q5zCVI47o-YvG4J9vauxilajthqveTygeyg0EGTQR40loCe10ckdzbyI-twK1mbAdika7__WAadI=s1024"",""caption"":null,""width"":1280,""height"":720},{""id"":""CIHM0ogKEMbL_ZSbpcb9eQ"",""url"":""https://lh3.googleusercontent.com/geougc-cs/AB3l90DthBRueCrpad9NJDZpwY2IAmR7Fd5gF0tJvQY3auUvpOj0nrEFMTa2xqBezvW1UZyNPL_To-3pcyfawE1SWubKrIimAH2iXYrJxRwpUXFDcWiG3TvdXnV6ePc38WGKn4y_xiw=s1024"",""caption"":null,""width"":4160,""height"":2340},{""id"":""CIHM0ogKEJTcn93fl4WOFw"",""url"":""https://lh3.googleusercontent.com/geougc-cs/AB3l90AIgzOSohvyIN_z5gMd_dqVCwneda19qe0SsJGvsoTHsSRrGuY52d4zamMBwMoA9jzu-RtKRETKg9Ux-jcrQUxmav7uCz22M8MZSFW1ULRFp61lrwrqSE3rXVOs3awiYEZ_mg4=s1024"",""caption"":null,""width"":4160,""height"":2340},{""id"":""CIHM0ogKELHAh8z_l__QiAE"",""url"":""https://lh3.googleusercontent.com/geougc-cs/AB3l90DudnXJGmgFzQAYyZuulwXyM4tHThe4xT59hHrdX0rAXyFFp7t2CgP1xW39vLxSXxRtFznPGOOWNQG7gmkJKMTc8ahNkAtEaAWHWlnzk5yR5UzIl-NUHdxY3qdvsl-fUEaDOUOcqQ=s1024"",""caption"":null,""width"":3264,""height"":2448},{""id"":""CIHM0ogKEO7Ljqafi_SnbQ"",""url"":""https://lh3.googleusercontent.com/geougc-cs/AB3l90BSrk9OnJfaDzcXMpQORHvuBJe9m2XSyDnyPfpR5g-DmwjT5WLr5i-C_yJ30qZqLhEvuXg1BgOWJ-YzSxoehs64bPQYbmlBnm-d5r_e_0r19EMoF6rbOCZpizYFp6I01xCUjebK=s1024"",""caption"":null,""width"":3264,""height"":2448},{""id"":""CIHM0ogKEPWZ46CT-oKTWQ"",""url"":""https://lh3.googleusercontent.com/geougc-cs/AB3l90DmVBUk0gCaG7nr2eoHAOzeF8Nh-2LaQ_Skk4MaHn0Mf9YQ4Vd7thfatoJ_Zs4Wa-ASitB-vJ6qRew8JZDs_Rd1vC3yfTPLYJ9ITxD_GRSMp4eQGdI3cYvaMsjE7i8jbYXsd_zs=s1024"",""caption"":null,""width"":4160,""height"":2340},{""id"":""CIHM0ogKELXinYKU57CYVg"",""url"":""https://lh3.googleusercontent.com/geougc-cs/AB3l90C1vi9UnXjrUox2UJtdqmuF66QCa8wJbCzJDVJwVUziCr9VJWgI9F18lvRzgRS7ucRsK8b9zi-yTjI0xIRib2bdKykvQcKbhRSRTgLUxWZfbtcEzqOMXPL4sdBAyUMEKsy-ICA=s1024"",""caption"":null,""width"":1280,""height"":720},{""id"":""CIHM0ogKEPSfvYfV_uXAxgE"",""url"":""https://lh3.googleusercontent.com/geougc-cs/AB3l90A0n-AuKOLRoBEtJ6Cj3AbET1BMNbBWaYHCFJ0L190q8jWmqUDMK9YDGIsIBG-shGAgVgM8LxeQ-B-TyHqtnxVUmpygh2hGtgg42kCHZ-qAlc8CuXkdH1u1SUwZpKmOteBKSuoHnA=s1024"",""caption"":null,""width"":4160,""height"":2340},{""id"":""CIHM0ogKEPK2_K-cmbP9Ew"",""url"":""https://lh3.googleusercontent.com/geougc-cs/AB3l90C5J4AH5YuVRyn3vdJmAgcfnoxDcMcEqlLgfC-Z8EKSqri8jLgdSj67axfe9aW4cwaVSfnk3GiArLI31lV8uEK1kmo3CzUqhGhE41uQI54WmlJPls-0pjEKD9Ya7MMmuWDcuCo=s1024"",""caption"":null,""width"":1280,""height"":720},{""id"":""CIHM0ogKEMLF-qf93rSJQw"",""url"":""https://lh3.googleusercontent.com/geougc-cs/AB3l90AinwciZvL_l_kxZj3N4CUxZKvcLBSrzzOlo5Ov1KIjv9gEZHVjTNuvoKJgMJF4Tw0pW1ZYe6cTubAGuC10mQRXkC79b-nYl7qZsime5N4i88SvRLsQGO_m0l7jTK9m6QnpbLNk=s1024"",""caption"":null,""width"":2600,""height"":4624},{""id"":""CIHM0ogKEJrJpJT9o77q7QE"",""url"":""https://lh3.googleusercontent.com/geougc-cs/AB3l90AWRaSyjUb1ELjWnLBN1LrNkyiHpqSa7LiuOSolVGZznruIe9zVEYIpDgKFPS9MqAX3ZEytBs-7EWT2CrZU28uxMiHwQK_KCH2uP8dOnuPH4cNaldTFrxSQJj1w4Z6oi8YoWLUs5A=s1024"",""caption"":null,""width"":2600,""height"":4624},{""id"":""CIHM0ogKEJrGqrbFtv6miwE"",""url"":""https://lh3.googleusercontent.com/geougc-cs/AB3l90BbW0lVgmFtd9rdXkJ5CG_PHm0Wzq9xX6WSDnm4Wm_JHRO7y_Beof2WKQCocYdwQuFuouLn0ZAq59sKaOnkK3GxLp8arI43fT6elpBLQbQYZc90jcTIIRRQ4wLJPsVsrjjtM0aDhQ=s1024"",""caption"":null,""width"":2600,""height"":4624},{""id"":""CIHM0ogKEPvp_MvDsOCzLw"",""url"":""https://lh3.googleusercontent.com/geougc-cs/AB3l90DKvumBsG7u_lZFQqtQCsS6TmrRbaoSJln866NV5YgAayu82prH0GOXB6t9xqvTGUgKAGm-jJv9Yv3h-vyctdT6fReFItYwAAaDIx72XtbH8B3E8SIbHs--UR1My00fMENZ1T2G=s1024"",""caption"":null,""width"":2600,""height"":4624},{""id"":""CIHM0ogKEIat9-f0gcb1PA"",""url"":""https://lh3.googleusercontent.com/geougc-cs/AB3l90ADmAtf73zr4rQdWmt2WocI7Rttv5TEF4ZTWvGhr_JOsTZLuhr7HdSw94Y2-CAResLpJtxAELMP2J0aMa8norCDauCg1HEbyk6brcJKfHwkOwVYFg2madP-IWFWeG_qydBFTO4h=s1024"",""caption"":null,""width"":2600,""height"":4624}]"
ChIJ9eMR0vL51y0RyxK88tNm-Tc,Kenjeran Beach,ChdDSUhNMG9nS0VJQ0FnSUQ3dkpLSHBnRRAB,https://www.google.com/maps/reviews/data=!4m8!14m7!1m6!2m5!1sChdDSUhNMG9nS0VJQ0FnSUQ3dkpLSHBnRRAB!2m1!1s0x0:0x37f966d3f2bc12cb!3m1!1s2@1:CIHM0ogKEICAgID7vJKHpgE%7CCgwIgM-ctgYQ2N7dnwE%7C?hl=id,Fransisca Tris Kusumaningsih,110725780019812572447,https://www.google.com/maps/contrib/110725780019812572447?hl=id,5,"Sangat bagus..bersih dan tertata rapi...
Ada persewaan tikar untuk bersantai sambil menikmati makanan atau minuman yang dijual di warung2 di dalam komplek pantai
Udaranya sangat sejuk walaupun surabaya panas...ini karena banyak pohon yang sudah rimbun",setahun lalu,2024-08-22T11:56:48,,,,154,1669,1,,,"[{""name"":""Waktu kunjungan"",""value"":""Hari biasa""},{""name"":""Waktu antrean"",""value"":""Tanpa mengantre""},{""name"":""Sebaiknya buat reservasi"",""value"":""Tidak""}]","[{""id"":""CIHM0ogKEICAgID7vJKHFg"",""url"":""https://lh3.googleusercontent.com/geougc-cs/AB3l90AU6cW_cOmH_HefA-ZsateCOBtdpUfRUlvaUqO3fcxRPWhRh-6tiKa1hbDv7629uwUAN9GuligZJZ5EB01iASSWK8he0Dhe5wYKFtqbeffCe7wK93LkVWgO6HX6n4kszrwTX5fO=s1024"",""caption"":null,""width"":3000,""height"":4000},{""id"":""CIHM0ogKEICAgID7vJKHlgE"",""url"":""https://lh3.googleusercontent.com/geougc-cs/AB3l90CxZpG0LxZkLKymAmIByYX9RxRpSfNlMQyd1UwN7Mopy0QL23JM711lVfb5xBYwWn2XV2h3OkQuRbrk4COZ_eAEq9N3yn5xWDdOLrMCA9pOH_u-zI_6i0jZDaysLPI81GIcwi59Dw=s1024"",""caption"":null,""width"":3000,""height"":4000},{""id"":""CIHM0ogKEICAgID7vJKHVg"",""url"":""https://lh3.googleusercontent.com/geougc-cs/AB3l90BMw3s_jEAlyO2I5tpiqrhEj2fsHBKGjfierf8chv3XUtuE9iDrsx499u3Yui69C6GbdqiDdk6mknopT2gtrg6kR7-uiPpOHN_QbrGe-rRbGgHL0g2Iqk58KH3zAzn8D2vLdgk8=s1024"",""caption"":null,""width"":1080,""height"":1920},{""id"":""CIHM0ogKEICAgID7vJKH1gE"",""url"":""https://lh3.googleusercontent.com/geougc-cs/AB3l90CTnGntaVJx1zR1aSN0e_TW8Fd-ookUOrDvXNoEUHUThowHubfdW9KL6LpCKJ7QLnluWleB3ruGiOHE7In7hdhmQApD-wnbwV7WYjMwDyCGbLLehYVkN9mZl1YaDx2Tz8hvNFFJ=s1024"",""caption"":null,""width"":3000,""height"":4000},{""id"":""CIHM0ogKEICAgID7vJKHNg"",""url"":""https://lh3.googleusercontent.com/geougc-cs/AB3l90B5InjY_vPtt7pu1XaMGDTf8LL78XNDMmtdewItxdq0swti32SIcTPQTzL-HVlWmdx1UC0vCa4-7Ty-0AKXThTO6CJ3HQsMZYCj4KvAYzpImCom-n0flm7x5yS8Qts54nFXptp-=s1024"",""caption"":null,""width"":3000,""height"":4000},{""id"":""CIHM0ogKEICAgID7vJKHtgE"",""url"":""https://lh3.googleusercontent.com/geougc-cs/AB3l90A3KQFv5SuR5bJIUlfC1uhajSNHJlU0d0oYzYAwq1JLeegxQSc6EvSkZ4fR1Er-LXIcUye7M09IulMenAXBSB_WiX7XjW_-SL5JdeEJJOQvFhmbmKwW2ofh2obo8e6vf_n9SkFsiQ=s1024"",""caption"":null,""width"":1080,""height"":1920},{""id"":""CIHM0ogKEICAgID7vJKHdg"",""url"":""https://lh3.googleusercontent.com/geougc-cs/AB3l90DPQu6xMnsR-PRuSeSTx62jVmWRII9E0f1PiPWCaB3za4S9Wu_K9ZTaD_buoPa2ldUsZW2JpwJ4G00aPyEIIQkr2JA2HINDOFslGy_XK8VZ2-lYQ862BdnsQdTqv-clCBYgSUVj=s1024"",""caption"":null,""width"":3000,""height"":4000},{""id"":""CIHM0ogKEICAgID7vJKH9gE"",""url"":""https://lh3.googleusercontent.com/geougc-cs/AB3l90CkxmF3CINdJDX4aT3kZt70WxaRKmE1DWe9zprxLJ3_0trhNmJSns7tuQ--SKkSoVMXR36_yHSnOo2ru8XUXjg8p3q6vcWdmr7or0t3qiBV6o2083pqleW1bUFDGlhl63lQH7cG=s1024"",""caption"":null,""width"":3000,""height"":4000},{""id"":""CIHM0ogKEICAgID7vJKHDg"",""url"":""https://lh3.googleusercontent.com/geougc-cs/AB3l90ChnTDyOfNyDYd2a431VBzLLSTWLdGfUSsjXpTqIJWLMszK6KPzIAjaHZzdCcGP4dXNRrUzRzDU2MdNtmH73SkbW9LF1y5IqpImJMkHrS3h_S7SybW0vA05JykAv7jA48851Hc=s1024"",""caption"":null,""width"":3000,""height"":4000},{""id"":""CIHM0ogKEICAgID7vJKHjgE"",""url"":""https://lh3.googleusercontent.com/geougc-cs/AB3l90DmtEkiIj8CFxftifnAktuQCTJk9_xIXbjj70VDg9KM_HyRItC-KZYLNYv72O7fpbvT8ARokzG8Kx5o8gqdBiu1CqqLe_5YnmGNgj17AEVkeCka0GQsdbETMzt3UXHxCSLEr9X2=s1024"",""caption"":null,""width"":3000,""height"":4000},{""id"":""CIHM0ogKEICAgID7vJKHTg"",""url"":""https://lh3.googleusercontent.com/geougc-cs/AB3l90Are4-UO-d13oH7lAOUDKsmVqom-XBKRjISu3Mm_IgcmvDJT0ocPFmzKiwekSpgYQNv5nUybX0ZJPM7KBUbrhao1-EIbz9oPkqwB0RGZbwl9mz3kwUYQMtxhBSE_0WldpgGkZO2=s1024"",""caption"":null,""width"":3000,""height"":4000},{""id"":""CIHM0ogKEICAgID7vJKHzgE"",""url"":""https://lh3.googleusercontent.com/geougc-cs/AB3l90CCPlRhYUlA7X5Sfo3DVVtZCJ4z2bvOZXbSV0Xuf-SOXfjme86a3gGleWENUXrXfOunpJSIgf2P4NIr0_rJ_orOKd14grlEPfnwaFM9veVVQAiGecAZLhxfGB9qNZ7w7-TxVjeolA=s1024"",""caption"":null,""width"":3000,""height"":4000},{""id"":""CIHM0ogKEICAgID7vJKHLg"",""url"":""https://lh3.googleusercontent.com/geougc-cs/AB3l90AIITwNaRR_-NMzQbs_EW6HrJMXwcQFv-EHtzQOf1si1ay9itdw5dw746of0CiTo8JFIaGA3vJ_xqmttiUsMGBxz0cf4u8rjS8X8Ak1NcRxSveMGxJ42l5pXSrmcfluTbis3zg=s1024"",""caption"":null,""width"":3000,""height"":4000},{""id"":""CIHM0ogKEICAgID7vJKHrgE"",""url"":""https://lh3.googleusercontent.com/geougc-cs/AB3l90DBG7QVu3W3xTXsn58ivsut7toO3oVXpH8E9v8AOl2LE31DcFh8lGO6Hu48RzidCUtnUhsId3iSCfwJz3jfxLM6o9Km_qvUa9baRtjVo7yvcmpzbHrLknJbYGMdod1HRAeQXCu4=s1024"",""caption"":null,""width"":3000,""height"":4000},{""id"":""CIHM0ogKEICAgID7vJKHbg"",""url"":""https://lh3.googleusercontent.com/geougc-cs/AB3l90BgKZPFM-rXizzFKSOFJ3cCSYLtv3y3uEISlib21X4U1sgkoKjtJiWvArG8M3w5zgONwIsRKV2ckek1ewG8XADcOV7q28ABjSs8DcWQ_amudjBwmLyfsbSEMS_R1RxBwfzGccA=s1024"",""caption"":null,""width"":3000,""height"":4000},{""id"":""CIHM0ogKEICAgID7vJKH7gE"",""url"":""https://lh3.googleusercontent.com/geougc-cs/AB3l90ClhdkmHsQegOBO_HUmmnKPloq7x-hh1qJLQsoeXOK4Ov9ojZXKgXTD5aQEeXVK0-rCksKsHrV68zGPE5O-k3w12Xat6nFGTPHCfKnYn_5SVantLgykD1U8BtFE5CuiDetJqgJz=s1024"",""caption"":null,""width"":3000,""height"":4000},{""id"":""CIHM0ogKEICAgID7vJKHHg"",""url"":""https://lh3.googleusercontent.com/geougc-cs/AB3l90AvyHuddEUdadN7e3MBUQRreJ3VK-oTDHIXTXpkkmIRuiFwkiEwhwm5OBL9XQZxAncVJM4EhpQmCTX49vldEOVsVB06OgxLQgMeLsHByifPnIBDk04hS3EZBK8g-96TKbbCMyUl=s1024"",""caption"":null,""width"":3000,""height"":4000},{""id"":""CIHM0ogKEICAgID7vJKHngE"",""url"":""https://lh3.googleusercontent.com/geougc-cs/AB3l90BgNxtUcEMuTfLzvn1-MmA6oJZovB7zri-mwuMGF2l8vWZg6ucr0m2MjyxXLEHubLT4KvfSdQsS9-93uXngVMR6zt6VDV3A6tjY0wR4VXIQDNoNR-HNrNzVbBslpEWt-cXw0YJ2mw=s1024"",""caption"":null,""width"":3000,""height"":4000},{""id"":""CIHM0ogKEICAgID7vJKHXg"",""url"":""https://lh3.googleusercontent.com/geougc-cs/AB3l90AatjLXfXGPhWFxu5A7Y9z9LcGjPCefJfN2w0TePOWy0lA55Yj0dId4UzqXIMqa9YGgbS2VI6gUJAvefqrElCXsJ3ssOLu8YD-1x_-uF_9tBL9RXJHjpSg-aU_A4_78HeVPbEQc=s1024"",""caption"":null,""width"":1080,""height"":1920},{""id"":""CIHM0ogKEICAgID7vJKH3gE"",""url"":""https://lh3.googleusercontent.com/geougc-cs/AB3l90D4aMCcw0RP4oIrwsoqJMTBofQnhDs2ObGf-Mts0vgAdc9oxl0VqBJCCWT3mkiO_C3gTfsqp_OsPzqPnVWXChpVcuvmGJsryBai4SPEUf7_AloreMYVPjir426vFadiGHXW8Dvj=s1024"",""caption"":null,""width"":3000,""height"":4000},{""id"":""CIHM0ogKEICAgID7vJKHPg"",""url"":""https://lh3.googleusercontent.com/geougc-cs/AB3l90DeM3R5x3TPhYa_o1EjzC8FmZbGCHPano01t4pO8nUe8DBvX0uzIDZROhGJUgzpw9ObcDWw2bVa-1v8QSUCV_pU1yplTrqe6jLPjzz_lD3H-KSC-161ppvsQygIGyxFuTVXpfum=s1024"",""caption"":null,""width"":3000,""height"":4000},{""id"":""CIHM0ogKEICAgID7vJKHvgE"",""url"":""https://lh3.googleusercontent.com/geougc-cs/AB3l90Cz7IMmlcLj91ywV7ex2GPoVsOSUpbVZeM_xiXNfOYLnU11dFExXd4lswapL-f-2CeRQB0J5lPApz82bf1USBOXOiS2XIsnXv1donKQjC4FmsPrIqysE1ajgA9UurCIf2vJ0d4EDg=s1024"",""caption"":null,""width"":3000,""height"":4000},{""id"":""CIHM0ogKEICAgID7vJKHfg"",""url"":""https://lh3.googleusercontent.com/geougc-cs/AB3l90CAxoECYIiJUWd5hG0ZdPGgjlNyb3AKXObdPRF2_Mn8thKncpA5AbZxSIsd38YqH6KRmFw3iwwMpVYh2epU6uvYeDIgR8UzfjWGMxKKrkBueeEpCYIaSzwYvM8u8i9BOqBHxzjA=s1024"",""caption"":null,""width"":3000,""height"":4000},{""id"":""CIHM0ogKEICAgID7vJKH_gE"",""url"":""https://lh3.googleusercontent.com/geougc-cs/AB3l90BUVr0KjV0-qfZHI7rzaOjRRWXPxEF4cwvWvn2Ie9DpTctdvPu5IcR16xlfuelEN1VtXhXZHwSserlbMSy8cB72H7rf_v5asXGKLYB4CrdGrnap6ec1Cj8nmU076qK1C_c9MEIXfA=s1024"",""caption"":null,""width"":3000,""height"":4000},{""id"":""CIHM0ogKEICAgID7vJKHAQ"",""url"":""https://lh3.googleusercontent.com/geougc-cs/AB3l90DzJc4eqhg8PpzxliPHBqT_cQAqeXJYfi7ICfisvbKP4FaEykv1BDvb9uEHI0x_PyFvF8RjYRyHMmHbyNXc1lvGe7CW0vDB84jZo729H5tmRzmexlBUa1nDstgVYHAZC2C8JTg3=s1024"",""caption"":null,""width"":3000,""height"":4000},{""id"":""CIHM0ogKEICAgID7vJKHgQE"",""url"":""https://lh3.googleusercontent.com/geougc-cs/AB3l90AdMjkT8TfVWnJKM4Fc0q-aYzNqAWuoqdCmNjvNziMhw5gLd7pt4v9YeONBlhBRODlCutNXE5-7oGqMh_EECb_jKgYtSfn-jRjLuBCLFoWS__TCj2Rcrk8wiRPIZOVgKrYb7pL4=s1024"",""caption"":null,""width"":3000,""height"":4000},{""id"":""CIHM0ogKEICAgID7vJKHQQ"",""url"":""https://lh3.googleusercontent.com/geougc-cs/AB3l90BAmjg-e58rLvGa_O4aXCnJwSLQqXM2c-4rN48TeTKSAsMfGX0kpwbqsx-G_2zzFaZH11Z65ttC87202fIhAK2RDM0xZJB1rdUKG8hlIkCFwp8ZMFZMY3oF_qjLwOgYAlcSoNf9=s1024"",""caption"":null,""width"":3000,""height"":4000},{""id"":""CIHM0ogKEICAgID7vJKHwQE"",""url"":""https://lh3.googleusercontent.com/geougc-cs/AB3l90Befbg_MAiUp7lsoUYAZtCyytiXpp8TlmiZQP87uEPqjDToDZ99mPcmOrAX218j8DmTXsDW0u8Th7A4SYQgagelRrlXOajErwPkJd7X7YBnVMA613UhDtOC6boPKamtpuiZcvPkxw=s1024"",""caption"":null,""width"":3000,""height"":4000}]"
ChIJ9eMR0vL51y0RyxK88tNm-Tc,Kenjeran Beach,ChZDSUhNMG9nS0VJQ0FnSUNfaE82ZVBnEAE,https://www.google.com/maps/reviews/data=!4m8!14m7!1m6!2m5!1sChZDSUhNMG9nS0VJQ0FnSUNfaE82ZVBnEAE!2m1!1s0x0:0x37f966d3f2bc12cb!3m1!1s2@1:CIHM0ogKEICAgIC_hO6ePg%7CCgwI-dKQvAYQ2PLOgAM%7C?hl=id,Leonesta Daruk,116117799061793073762,https://www.google.com/maps/contrib/116117799061793073762?hl=id,5,"Yah... Saya udah sering kesini, (cuman baru ini review) buat melepas penat dari keramaian sosial.. (Maklum introvert) jadi tempat sunyi, damai, dan cuman ada suara angin dan deburan ombak ini udah cukup menenangkan buatku. Untuk kebersihan yah nilai masing-masing... Soalnya kadang banyak sampah kadang gak... Dan kadang kalo ada kesempatan saya pake tempat ini buat piknik pribadi wkwkw... Jadi bawa kotak bekal dari rumah dan makan di pesisir sini.. Pengalaman yang seru...

Mau buat kumpul keluarga atau main sendiri kesini, cukup cocok buat yang mau menikmati kedamaian...

Oh ya kemarin juga iseng, buka di maps, ternyata di pulau seberang ada ""Taman Bukit Anjir"" Cukup kocak namanya... Yah itu aja dari saya",9 bulan lalu,2025-01-12T20:43:37,,,,14,37,1,,,"[{""name"":""Waktu kunjungan"",""value"":""Hari biasa""},{""name"":""Waktu antrean"",""value"":""Tanpa mengantre""},{""name"":""Sebaiknya buat reservasi"",""value"":""Tidak""}]","[{""id"":""CIHM0ogKEICAgIC_hO6e_gE"",""url"":""https://lh3.googleusercontent.com/geougc-cs/AB3l90AYI_VE1EmfaS147pjtblPgwATcV94v-UumNiYOvXayv0RF-Qq6PKWKboN_ZJTjMiGDUTGdh8PgjFHnpB2uCKHNN2LYw5PW5hMuFbyL8ecro5gkPBSEBzlIFV3sv2lgSkfnPjkxdg=s1024"",""caption"":null,""width"":1080,""height"":2436},{""id"":""CIHM0ogKEICAgIC_hO6eAQ"",""url"":""https://lh3.googleusercontent.com/geougc-cs/AB3l90BIjXU8S0Iy-EyGxXMDIw8UTyoRDr_fJv4uLEoak1Sk_mLMqd1RFUtlbBBI32L1sqPhEdLvLy1K1MXC1gzOntHFR7xMhtb_mWV9HdRmNpx0IuOkFanicbKwIK7bMWVbwDwPPlM=s1024"",""caption"":null,""width"":3248,""height"":1440},{""id"":""CIHM0ogKEICAgIC_hO6egQE"",""url"":""https://lh3.googleusercontent.com/geougc-cs/AB3l90Bn1QiOb_4oBdSDTVn9X-gk4Wcm9aM71Wp7SR2SIKbCM1IPEPXz-OrNHEB50qSMR935z5hF7zmqbDazRFUYZI3-R0ojg4DPOzAKpvBroWrYkW1dgUtNNHFKNQp3TLgDIQbjhzxOLQ=s1024"",""caption"":null,""width"":3248,""height"":1440}]"
ChIJ9eMR0vL51y0RyxK88tNm-Tc,Kenjeran Beach,Ci9DQUlRQUNvZENodHljRjlvT205c2MyZFJTa3hyUVhWaU1WZExVWFEyZFdSeldGRRAB,https://www.google.com/maps/reviews/data=!4m8!14m7!1m6!2m5!1sCi9DQUlRQUNvZENodHljRjlvT205c2MyZFJTa3hyUVhWaU1WZExVWFEyZFdSeldGRRAB!2m1!1s0x0:0x37f966d3f2bc12cb!3m1!1s2@1:CAIQACodChtycF9oOm9sc2dRSkxrQXViMVdLUXQ2dWRzWFE%7C0cVr-69YxE0%7C?hl=id,aya,118428639337800166268,https://www.google.com/maps/contrib/118428639337800166268?hl=id,3,Hanya bisa menikmati dari luar. Sampe sini udah tutup. Semoga bisa buka lebih lama. Pengen kesini tujuan lihat sunset. Ternyata sampe sini jam hampir setengah 5 udah tutup . Semoga jam buka ditambah,2 bulan lalu,2025-07-25T11:52:39,,,,75,98,1,,,[],[]
ChIJ9eMR0vL51y0RyxK88tNm-Tc,Kenjeran Beach,ChdDSUhNMG9nS0VJQ0FnSUR4c0phWnd3RRAB,https://www.google.com/maps/reviews/data=!4m8!14m7!1m6!2m5!1sChdDSUhNMG9nS0VJQ0FnSUR4c0phWnd3RRAB!2m1!1s0x0:0x37f966d3f2bc12cb!3m1!1s2@1:CIHM0ogKEICAgIDxsJaZwwE%7CCgwIl4XbowYQ8L3j_gI%7C?hl=id,Bam Aditya,108352940893060108281,https://www.google.com/maps/contrib/108352940893060108281?hl=id,4,"Penataannya bagus, fasilitas kamar mandi dan gantinya bersih.
Stan makanan dan minumannya juga bervariasi.
Rekomen buat dikunjungi bersama keluarga.",2 tahun lalu,2023-05-31T03:43:58,,,,369,1385,1,,,"[{""name"":""Waktu kunjungan"",""value"":""Akhir pekan""},{""name"":""Waktu antrean"",""value"":""Tanpa mengantre""},{""name"":""Sebaiknya buat reservasi"",""value"":""Ya""}]","[{""id"":""CIHM0ogKEICAgIDxsJajkwE"",""url"":""https://lh3.googleusercontent.com/geougc-cs/AB3l90Bic8algmaYNJjK9vpl59CGrojfJKWoEUxWfuaoGgoH2Nu9FkL-gQ0J21nSVS-rn_yXFHeUfJoWgzOHvKhRx9sPrAivlDiZpGAshe0RIOltriFxBV0oH5nKi8jToXXaSTey_egsVQ=s1024"",""caption"":null,""width"":3120,""height"":4160},{""id"":""CIHM0ogKEICAgIDxsJajUw"",""url"":""https://lh3.googleusercontent.com/geougc-cs/AB3l90CjbXHRIbl2iUyJdkHSsArB2YzDYDihnwdi78h7zBrA6oXayzv8XMKDjmLUnXt-z_w-oUfqdBERljP37MJJDBQTDY_0ISHFGkrBjJCc8u0PinUK1rOiuWVnDTyhCJSPF6vbv4tL=s1024"",""caption"":null,""width"":3120,""height"":4160},{""id"":""CIHM0ogKEICAgIDxsJaj0wE"",""url"":""https://lh3.googleusercontent.com/geougc-cs/AB3l90Ds6Ye9PHMZixqHD2x0389STcTjOhViEcbIDIPD3O6KqPRctIIYnuA2e8ISKxFOpprzGvqgIi07cVb3SbJccMIIMn8PXhGJPpCGbaBNAM11YA7VY2leW7XmnajxRIn176s-XLViOQ=s1024"",""caption"":null,""width"":3120,""height"":4160},{""id"":""CIHM0ogKEICAgIDxsJajMw"",""url"":""https://lh3.googleusercontent.com/geougc-cs/AB3l90ArFICUF5rZuH11O_LX_XdriX866xnh7TsYpvx0vFGgHx1-ojgOzBGgWPzSTf1Dy52MNaoRgfkfKVVX_HZDhrTuoj9yMDC13iBCKUcrwDywbt-qZuxrppN3ZHiPeuChWOxQLBMO=s1024"",""caption"":null,""width"":3120,""height"":4160},{""id"":""CIHM0ogKEICAgIDxsJajswE"",""url"":""https://lh3.googleusercontent.com/geougc-cs/AB3l90AckeyiD0WVncH_pGTkCvxkITyXZ5BZadwNshaAOZGNvJHSPcmm-qBI8QSHf_jQF1HW4FfWniU8M-ByDgIFqbpujG5wtx_v-E3eXs4TAR3hdDVfZoOPfgVOroUh-Yovyh6AMdfQbA=s1024"",""caption"":null,""width"":3120,""height"":4160}]"
ChIJ9eMR0vL51y0RyxK88tNm-Tc,Kenjeran Beach,Ci9DQUlRQUNvZENodHljRjlvT2s0emFrVXlOWFZOWlhodWVHSlhWRmQ0TjFCMWJVRRAB,https://www.google.com/maps/reviews/data=!4m8!14m7!1m6!2m5!1sCi9DQUlRQUNvZENodHljRjlvT2s0emFrVXlOWFZOWlhodWVHSlhWRmQ0TjFCMWJVRRAB!2m1!1s0x0:0x37f966d3f2bc12cb!3m1!1s2@1:CAIQACodChtycF9oOk4zakUyNXVNZXhueGJXVFd4N1B1bUE%7C0cYfJHUbjCU%7C?hl=id,Firda Andinii,104816815181992918704,https://www.google.com/maps/contrib/104816815181992918704?hl=id,3,"Pantainya kotor banyak sampah, di pinggir pantai banyak orang jualan kayak angkringan gitu.",2 bulan lalu,2025-08-03T01:02:10,,,,21,73,1,,,"[{""name"":""Waktu kunjungan"",""value"":""Hari biasa""},{""name"":""Waktu antrean"",""value"":""Tanpa mengantre""},{""name"":""Sebaiknya buat reservasi"",""value"":""Tidak""}]",[]
ChIJ9eMR0vL51y0RyxK88tNm-Tc,Kenjeran Beach,Ci9DQUlRQUNvZENodHljRjlvT25sall6UjRaMVJ3VkdGS1lpMVpUbk52VURZd1JtYxAB,https://www.google.com/maps/reviews/data=!4m8!14m7!1m6!2m5!1sCi9DQUlRQUNvZENodHljRjlvT25sall6UjRaMVJ3VkdGS1lpMVpUbk52VURZd1JtYxAB!2m1!1s0x0:0x37f966d3f2bc12cb!3m1!1s2@1:CAIQACodChtycF9oOnljYzR4Z1RwVGFKYi1ZTnNvUDYwRmc%7C0cnKKKGtJM4%7C?hl=id,Mbah Sami,103836099230799082907,https://www.google.com/maps/contrib/103836099230799082907?hl=id,5,Saya pertamakali di kenjeran saya saat senang sekali karena tempat nya saat indah dan banyak makanan,sebulan lalu,2025-09-19T13:06:29,,,,1,0,,,,[],[]
ChIJkTH0IC--eS4RKB_srdovXK0,Pantai Ria,Ci9DQUlRQUNvZENodHljRjlvT2pOWU5scHFNRE5FYTBaT1JGTjNaMFpVVUhscU1HYxAB,https://www.google.com/maps/reviews/data=!4m8!14m7!1m6!2m5!1sCi9DQUlRQUNvZENodHljRjlvT2pOWU5scHFNRE5FYTBaT1JGTjNaMFpVVUhscU1HYxAB!2m1!1s0x0:0xad5c2fdaadec1f28!3m1!1s2@1:CAIQACodChtycF9oOjNYNlpqMDNEa0ZORFN3Z0ZUUHlqMGc%7C0crC6dBCwp7%7C?hl=id,Ragas Lubermanto,111862684916987713066,https://www.google.com/maps/contrib/111862684916987713066?hl=id,5,"Tempat wisata, tempat yg tenang dihari biasa untuk mencari udara segar dan menikmati jajanan kuliner Kupang lontong dan es degannya harga terjangkau",2 minggu lalu,2025-10-01T07:02:01,,,,39,171,1,,,"[{""name"":""Waktu kunjungan"",""value"":""Hari biasa""},{""name"":""Waktu antrean"",""value"":""Tanpa mengantre""},{""name"":""Sebaiknya buat reservasi"",""value"":""Tidak""}]","[{""id"":""CIABIhDOvnyWxnyw7uyCWDVGP_Sw"",""url"":""https://lh3.googleusercontent.com/geougc-cs/AB3l90B_v9lOXN8q3CffAjbL8S4b_G3h7Aahdr-iFmV9z1QgJjRcxLuhyUI-gLsbTmlIY0GnKvIYRHr13QSSjRA2p_3vrww9Cqrjp46g4IMrOTWvxQlipK5q7tMece3DJ0kv5YarR-F1OAs2WWjz=s1024"",""caption"":null,""width"":3120,""height"":4160},{""id"":""CIABIhAB9IfIXrpL5r7sU87Xt-_G"",""url"":""https://lh3.googleusercontent.com/geougc-cs/AB3l90BTEPng124JCKMuXNthMbE96TiSMJasHtp92UEne9Hna3IIal0G_AV_Awh1lU_B1aZBQAhk2pcqC0GLhcljpwkSSzNR6vaFZ2Jum_SEbYy3eqwRaja64JUyhqLUme0855NmTIBzr1l9DBNu=s1024"",""caption"":null,""width"":4160,""height"":3120},{""id"":""CIABIhC8f5r_u8j7vysm80lhb6zo"",""url"":""https://lh3.googleusercontent.com/geougc-cs/AB3l90AYmYcW6ys-fECBYbDfjdO49C_8ewiqR3O2tnQ-t8tT3ep63R-zJ4kOGu7sAbI5aWwKkIyFbSMneHlfZ6d2kVkUIna_7m72AZknxSHnzXvanhYl99ERIQrNmoxtK5L2l_o9uLgotWMvw6Bc=s1024"",""caption"":null,""width"":3120,""height"":4160}]"
ChIJkTH0IC--eS4RKB_srdovXK0,Pantai Ria,Ci9DQUlRQUNvZENodHljRjlvT2tZeVZWQTNNVEprTUZRdE1FcDJjV3BJZGpkdWRHYxAB,https://www.google.com/maps/reviews/data=!4m8!14m7!1m6!2m5!1sCi9DQUlRQUNvZENodHljRjlvT2tZeVZWQTNNVEprTUZRdE1FcDJjV3BJZGpkdWRHYxAB!2m1!1s0x0:0xad5c2fdaadec1f28!3m1!1s2@1:CAIQACodChtycF9oOkYyVVA3MTJkMFQtMEp2cWpIdjdudGc%7C0ccgpBgXs2U%7C?hl=id,Papa Orlin & Prabu,113586531132603361209,https://www.google.com/maps/contrib/113586531132603361209?hl=id,1,Sedih lihatnya obyek wisata yang penuh kenangan masa kecil sekarang seperti ini.,2 bulan lalu,2025-08-18T06:50:52,,,,473,1019,1,,,[],"[{""id"":""CIABIhAs5ioJdOJ2c6TfTBz6ZL8L"",""url"":""https://lh3.googleusercontent.com/geougc-cs/AB3l90BLrEBmnbO52QN1T6X_c_sBTUXDg6UYyc5FyqJo8tnPc5Jeo1D_xi1b_YFWnFua0JyEecOUH4TrU6w29li-L3_jMyzWsPajxoEj4ObR3GTsu9HlwEJVPDFIZopMydsRIZ8fFLf4G1oFtpw=s1024"",""caption"":null,""width"":1080,""height"":1920},{""id"":""CIABIhAo-4P1GgOwFa6Kge_wWdr0"",""url"":""https://lh3.googleusercontent.com/geougc-cs/AB3l90C0qaoedn6Rri9pc5uw-KSvx2uIHl_p5Jog7KuTUj1aCgC_8ksYBGvYFDa24IYAFCkYc13DfJWOA1RM1_MnTVu_KcxkUERQVmdPqM59mJsXuM1KKiwd4pXcxa5ulyeJMwbCWpahMdDuVg0=s1024"",""caption"":null,""width"":1080,""height"":1920},{""id"":""CIABIhAew9Y-10djoCcjjtbSuMOL"",""url"":""https://lh3.googleusercontent.com/geougc-cs/AB3l90D929FuS_3mdbQR4FhAlL84_1DyH4CGi4rQM4mfqwLw33H8v_boWlOF1AloYxt1eqMzFLrjIQRjBKmaCuWFpTOHJ6tXrMvtwXjMce6CV701Y8A2JMi_JZEBoMnHGY_RzErX3FdPrat0x5pp=s1024"",""caption"":null,""width"":1080,""height"":1920}]"
ChIJkTH0IC--eS4RKB_srdovXK0,Pantai Ria,Ci9DQUlRQUNvZENodHljRjlvT2pkcGNIQnNNak5vVkZwalVsWldMVlJHTTFwVlRFRRAB,https://www.google.com/maps/reviews/data=!4m8!14m7!1m6!2m5!1sCi9DQUlRQUNvZENodHljRjlvT2pkcGNIQnNNak5vVkZwalVsWldMVlJHTTFwVlRFRRAB!2m1!1s0x0:0xad5c2fdaadec1f28!3m1!1s2@1:CAIQACodChtycF9oOjdpcHBsMjNoVFpjUlZWLVRGM1pVTEE%7C0cWPTzf-IJR%7C?hl=id,Cahaya kalbu official,100634702908251686260,https://www.google.com/maps/contrib/100634702908251686260?hl=id,5,Tempat bagus wahana banyak tapi sayangnya suepiii,2 bulan lalu,2025-07-27T04:14:55,,,,345,214,1,,,[],"[{""id"":""CIABIhB_JxlcIhmZyfe7yG_XLagk"",""url"":""https://lh3.googleusercontent.com/geougc-cs/AB3l90DtzynnPwYi1TZIJW_SgaMX5z3Y3l4HJxQ-KOs5bJd-rGw8VgWP99aKjozUEfeE5idzo_jwUe9lkMQVYzv77ZBkgdlt1gff1v6CVbvUfHaGyKza3o3rDsSr20JcR1vKYDdN-bCHTTOqmUwq=s1024"",""caption"":null,""width"":3120,""height"":4160},{""id"":""CIABIhBLdqG_ZpPSsdxygUL2gz9k"",""url"":""https://lh3.googleusercontent.com/geougc-cs/AB3l90D9Oy8GuXx6okGvMnu5zXCraWTG0wBDUSPqZFM8kQ07-s2EdGdfDETL699V1XbKhnQWyJFJqnRZtzAb-2MkLEQS54hEK3iTF9F462D03E1nhRmUf1QR_X1foIc9azJj73Cq0i5uJYmHsHg6=s1024"",""caption"":null,""width"":3120,""height"":4160},{""id"":""CIABIhB7jnU3gWsmQH3dL9afpTzW"",""url"":""https://lh3.googleusercontent.com/geougc-cs/AB3l90BeibdOvHW3aVdkSdDdUf6ca9-Kq5BjS10197jIYLF6hAkptll_b0a227tseF2JaSNx24q_SakCv1IJOTmFFKduTgZORfIeuWMbheur-3YlFCvXCWKaegK633CWLjAiHXNLI-avhRMuo1jz=s1024"",""caption"":null,""width"":3120,""height"":4160}]"
ChIJkTH0IC--eS4RKB_srdovXK0,Pantai Ria,ChdDSUhNMG9nS0VJQ0FnSURQc2NhU21BRRAB,https://www.google.com/maps/reviews/data=!4m8!14m7!1m6!2m5!1sChdDSUhNMG9nS0VJQ0FnSURQc2NhU21BRRAB!2m1!1s0x0:0xad5c2fdaadec1f28!3m1!1s2@1:CIHM0ogKEICAgIDPscaSmAE%7CCgwIjai7ugYQ2Muj6QI%7C?hl=id,Henock Manurung,118211289357703192406,https://www.google.com/maps/contrib/118211289357703192406?hl=id,3,"not recommended i think, sepi dan banyak tempat yang sudah tidak terawat dan sampai di ujung bukan pantai tapi lumpur laut tempat sampan nelayan parkir dan pergi memancing",10 bulan lalu,2024-12-03T09:49:01,,,,12,30,1,,,"[{""name"":""Waktu kunjungan"",""value"":""Hari biasa""},{""name"":""Waktu antrean"",""value"":""Tanpa mengantre""},{""name"":""Sebaiknya buat reservasi"",""value"":""Ya""}]","[{""id"":""CIHM0ogKEICAgIDPscaShAE"",""url"":""https://lh3.googleusercontent.com/geougc-cs/AB3l90BKpqpZdvvQLcCncSiFSZ6rJW0W6wD7hk3a81je4vIEgijb7UklIQcxsB0Cyo2M2qVYf501iBqaSTzvhrHt5VVmY4xlrVRrtzqtGmXFCraL8m1IWZ-XZUryBEQMAh6sHZnSdyva5Q=s1024"",""caption"":null,""width"":1080,""height"":1920},{""id"":""CIHM0ogKEICAgIDPscaSOA"",""url"":""https://lh3.googleusercontent.com/geougc-cs/AB3l90Ch-p0bBCvbPW1jChHj4JHPv1EQGvCkuBWk0Hb4a8MZSqiIFmAlKaFOwRstUuJp8vT0hT8k1IvfcHZKp-URomUy8ooIhg3XkoIMczOwmyFZYxDcXPm2KIR6Vnmb6EI8WDnAwA4L=s1024"",""caption"":null,""width"":3936,""height"":2216},{""id"":""CIHM0ogKEICAgIDPscaSuAE"",""url"":""https://lh3.googleusercontent.com/geougc-cs/AB3l90BIPIRUDOOR4dk7cu7f_9zYIDDIVRWXuMSp4Fu-_-33jOI2dPROT9nf_7OjFTTrR26sPxrq7qsBtuxeGZ1NUXJRI6fJF4m7cmINH1bqDTTT1U7CoYyWZNjMWBzr98WjQEkZZYpoMw=s1024"",""caption"":null,""width"":2216,""height"":3936},{""id"":""CIHM0ogKEICAgIDPscaSeA"",""url"":""https://lh3.googleusercontent.com/geougc-cs/AB3l90AiW3jk6OSVgBeGqnzNGBlwJvqN_W7I8lZqzaWyvobz7jXrNt-_0Szv-Uh9GYctB2Vex7KO_3w9psO7Vx3DF8hPA2RZ1raBlR8R0ukjBRsIZngtSzyYcpP3ucXPhi1vqDfkDb9W=s1024"",""caption"":null,""width"":3936,""height"":2216},{""id"":""CIHM0ogKEICAgIDPscaS-AE"",""url"":""https://lh3.googleusercontent.com/geougc-cs/AB3l90AXsyrAZLkAgt-_NEKcxHu-k0EmXaHCIkHpVTOO-KvKrP6u1lF87qtaSVlgY1Z_-rqnUPgPKzvcqF1wUgy-keU4xCjUSQ4CZhEkEgIZahDQLQZC5nPVya7rXJXCP_oMjL4anjpIBQ=s1024"",""caption"":null,""width"":3936,""height"":2216},{""id"":""CIHM0ogKEICAgIDPscaSBA"",""url"":""https://lh3.googleusercontent.com/geougc-cs/AB3l90AY9uSqSI9QOx5albLfWjTLJSqNv9deg7aE6rZwzUKqIpUzH5GYUN9qgeDsRBDi0UuACHdEQHxbJROBptmqs65AW6TrYCcvx394-DvLnqatT7BBJaJ3GJX93LVElrfZDgEGC3M=s1024"",""caption"":null,""width"":828,""height"":1792}]"
ChIJkTH0IC--eS4RKB_srdovXK0,Pantai Ria,Ci9DQUlRQUNvZENodHljRjlvT205V01tdEtOVEJRVVUxbVNVODNNV2d4YmxSa2NtYxAB,https://www.google.com/maps/reviews/data=!4m8!14m7!1m6!2m5!1sCi9DQUlRQUNvZENodHljRjlvT205V01tdEtOVEJRVVUxbVNVODNNV2d4YmxSa2NtYxAB!2m1!1s0x0:0xad5c2fdaadec1f28!3m1!1s2@1:CAIQACodChtycF9oOm9WMmtKNTBQUU1mSU83MWgxblRkcmc%7C0coIQXWkRbn%7C?hl=id,Andreas R. Dhewanata,117666023696194148000,https://www.google.com/maps/contrib/117666023696194148000?hl=id,5,Sepi tapi enak untuk bersantai dan menghabiskan waktu luang,4 minggu lalu,2025-09-22T11:45:38,,,,10,32,1,,,"[{""name"":""Waktu kunjungan"",""value"":""Akhir pekan""},{""name"":""Waktu antrean"",""value"":""Tanpa mengantre""},{""name"":""Sebaiknya buat reservasi"",""value"":""Tidak""}]","[{""id"":""CIABIhAPrn8beNRbyePIx7ZbFcSi"",""url"":""https://lh3.googleusercontent.com/geougc-cs/AB3l90CvAU_fMnqyRV6mtPbYOz-tgVrvNvV8c4gmquksYOiGFq-iUuYcTsYGSbJWT7kCVAASI5PGSri-y3KwuQQg-IloYjS95oGYNPwROdexO35RutS9i7PzsPwpaJXzYV6yGZlhv1JM1VqYo6U=s1024"",""caption"":null,""width"":3060,""height"":4080},{""id"":""CIABIhAy7WOnxpqZ94UCE9YTBX65"",""url"":""https://lh3.googleusercontent.com/geougc-cs/AB3l90DYEU0NJjnFsgddx8ff3UYaDG39qhkMsEErM10eaQ4S0fBiF7oOcNLzO6kuNOkHd1px9pJcve3rm27L8ime1lSyS-xLK02rnP7yErjjtzduQYkEWb_h1wYLI3CIepCJd_jXumqjvXv6wcA=s1024"",""caption"":null,""width"":3060,""height"":4080}]"
ChIJkTH0IC--eS4RKB_srdovXK0,Pantai Ria,ChZDSUhNMG9nS0VJQ0FnSURUbzludVBREAE,https://www.google.com/maps/reviews/data=!4m8!14m7!1m6!2m5!1sChZDSUhNMG9nS0VJQ0FnSURUbzludVBREAE!2m1!1s0x0:0xad5c2fdaadec1f28!3m1!1s2@1:CIHM0ogKEICAgIDTo9nuPQ%7CCgwI7IbRsgYQ-KuI_AE%7C?hl=id,Annisa,101764425143491093093,https://www.google.com/maps/contrib/101764425143491093093?hl=id,5,"Akhirnya di surabaya ada wahana wisata yg adem.dan cukup lengkap.
Selama ini kalau mau liburan harus keluar kota dulu, skrg di kawasan kenjeran park pun ada.
Tiketnya standar, fasilitas lumayan lengkap, paling penting gak terlalu ramai jd gak ngantri",setahun lalu,2024-05-27T08:25:16,,,,72,74,1,,,[],"[{""id"":""CIHM0ogKEICAgIDTo9nu_QE"",""url"":""https://lh3.googleusercontent.com/geougc-cs/AB3l90DNDGU1CU_4B2kXx5Ud1wiKeWvMlZEGQUm1PkbaWguumdX4slOALQkGl5dnazyGZL3BIZCitJqCIYvP9XWu4cJPgG2f03zgguXEsUbxFeBH-4ChMnmwA0c6OKYMa6NQby6Vb_Je=s1024"",""caption"":null,""width"":4624,""height"":2604},{""id"":""CIHM0ogKEICAgIDTo9nuAw"",""url"":""https://lh3.googleusercontent.com/geougc-cs/AB3l90CqsuKHp11pJDTCWg1zmzMM6y-JttxdCepHw-J4OEBaUO7d528k6aOXfuZuG2Vz6hKy_xWeocLJyu4pfxamnb7-QA2U13VuvMjfUNufMYg2A_v9j0u06rgAFhEQCSWG_9dYFXou=s1024"",""caption"":null,""width"":4000,""height"":2250},{""id"":""CIHM0ogKEICAgIDTo9nugwE"",""url"":""https://lh3.googleusercontent.com/geougc-cs/AB3l90B9oudOXYxZZ2Cb4bhzPQ_qtzS6vSxP99pVbOxirrztkAyOZChwvMSDJ7X6X4xO5BIEMMCUACQLpUXauzDFdrbeidHKFZhfVugqZyg0CyYR90FzK9NBus-NoH23GFGRvCnlh4fCYA=s1024"",""caption"":null,""width"":4000,""height"":2250}]"
ChIJkTH0IC--eS4RKB_srdovXK0,Pantai Ria,ChdDSUhNMG9nS0VJQ0FnSUNoM2VqRmdRRRAB,https://www.google.com/maps/reviews/data=!4m8!14m7!1m6!2m5!1sChdDSUhNMG9nS0VJQ0FnSUNoM2VqRmdRRRAB!2m1!1s0x0:0xad5c2fdaadec1f28!3m1!1s2@1:CIHM0ogKEICAgICh3ejFgQE%7CCgsIgpnLnwYQ2MXDZQ%7C?hl=id,Wahlul Ibad,112459646304882085896,https://www.google.com/maps/contrib/112459646304882085896?hl=id,5,"Lokasi sangat cocok buat anak anak, keren banget
Jadi Ketika kesini saran Buat Orang Tua Yuuk tinggalin HPnya sebentar yaa fokus untuk menemani buat hatinya,,

Banyak banget Wahananya, edukasi juga.. Jadi sangat rekomendee buat Yang punya buah hati tk, sd, diajak kesini..

Buat Atlantis saran sih ada pijat refleksi juga buat ortu yang capek,,,",2 tahun lalu,2023-02-20T01:21:13,,,,389,1510,1,,,"[{""name"":""Waktu kunjungan"",""value"":""Akhir pekan""},{""name"":""Waktu antrean"",""value"":""Maks 10 mnt""},{""name"":""Sebaiknya buat reservasi"",""value"":""Ya""}]","[{""id"":""CIHM0ogKEICAgICh3ditgQE"",""url"":""https://lh3.googleusercontent.com/geougc-cs/AB3l90AdXN_QhIA0NFkBpqEMEnZ4A3n4lFd7pbkAvnh_i6krKoBn5Q-uPbQhHdhid1VewxRchKNcBmqw763MAdtxom3DfHX7t1FHGri215dYIWBTJlY8eWjlJ55YEdm0_ojl_sJ4xh1XdA=s1024"",""caption"":null,""width"":1280,""height"":720},{""id"":""CIHM0ogKEICAgICh3ditQQ"",""url"":""https://lh3.googleusercontent.com/geougc-cs/AB3l90BFdx0ZiRiXaAKVSjaBFXgsYlIxFId1YZuxr0nj4BW9LNZzks3TWB1lEgOWhERtqatm8Cker77CS8m9XtWpbD3mPZmEsl7e_2UOkZeo_ICljmh-4ki-92kxBnnd6s3pi7jTKEDo=s1024"",""caption"":null,""width"":700,""height"":453},{""id"":""CIHM0ogKEICAgICh3ditwQE"",""url"":""https://lh3.googleusercontent.com/geougc-cs/AB3l90CYNn8DhpxfQGf6SjzFZ7R3HJZ4zypOm7klAOjRQI-aXYrWvB5OQEi8pjp1hSRp34zOGg4d3yRlqReFTwP0nPc5Zs2lUa9GXVSHKH_KNjAxrT7FgxKEh8kL1sMoRkQyVscu1kYb5g=s1024"",""caption"":null,""width"":784,""height"":513},{""id"":""CIHM0ogKEICAgICh3ditIQ"",""url"":""https://lh3.googleusercontent.com/geougc-cs/AB3l90BujK9_evTJm_wwxcnLBUXFTGmISJ6XqP0GcWLRbh9Cx-RC4YW-8okA_45HFFusFBjUUWw6eG7W0JgE0NyXvp1j-2us1hX2sFYKi3pjLAQylg8okh7f_SWDuSXcGYzywvmx3qWy=s1024"",""caption"":null,""width"":1024,""height"":580},{""id"":""CIHM0ogKEICAgICh3ditoQE"",""url"":""https://lh3.googleusercontent.com/geougc-cs/AB3l90CVJpNGNmOYav_XJb3vLRTuZnRnCmaJi91Lr_3LbODdwPaelKOlsjlLNCkdwH7LssowDdLtwf2jITxmGYKAQFA8jkHmkixb9tSHk3orSlyIuyYOsBDnWsIX-DfQoyrWxiE0C7qR=s1024"",""caption"":null,""width"":1080,""height"":720},{""id"":""CIHM0ogKEICAgICh3ditYQ"",""url"":""https://lh3.googleusercontent.com/geougc-cs/AB3l90DIpVu0LqLo7ZNPi-PaSbDDlnpfKQtYchXF1PJAHGDkh0N6GT4B1wDCE9jL7mvBGwkeOZUxydCxW95HKsUSvqSzCSbbFFd8L0WH5FiWDVwfx3b4VZZxukbcY-9940TjzV9GFYQ=s1024"",""caption"":null,""width"":1080,""height"":1350}]"
ChIJkTH0IC--eS4RKB_srdovXK0,Pantai Ria,ChdDSUhNMG9nS0VJQ0FnSUNyM2ZDQnFRRRAB,https://www.google.com/maps/reviews/data=!4m8!14m7!1m6!2m5!1sChdDSUhNMG9nS0VJQ0FnSUNyM2ZDQnFRRRAB!2m1!1s0x0:0xad5c2fdaadec1f28!3m1!1s2@1:CIHM0ogKEICAgICr3fCBqQE%7CCgsItrS5tAYQ4MGyKg%7C?hl=id,Nor Aeni,116843292762209441012,https://www.google.com/maps/contrib/116843292762209441012?hl=id,5,"Untuk tempatnya sejujur2nya kurg terawat, makanan lama banget antri nya, ga komplit, pdhl ktnya ga boleh bawa maknn dr luar, ckup menyesal ga bawa maknn, kolam renang airnya kurg jernih.. tp makin sore makin seru ada berbagai pertunjukan, seperti motor style, air mancur menari, dan terakhir ada pertunjukan 3d dunia bawah laut",setahun lalu,2024-07-10T09:53:58,,,,47,188,1,,,"[{""name"":""Waktu kunjungan"",""value"":""Akhir pekan""},{""name"":""Waktu antrean"",""value"":""10-30 mnt""},{""name"":""Sebaiknya buat reservasi"",""value"":""Tidak yakin""}]","[{""id"":""CIHM0ogKEICAgICr3fCBGQ"",""url"":""https://lh3.googleusercontent.com/geougc-cs/AB3l90AHU8q3YIr9SC2_AUr5RG3VCA9svO_9zqDzb-hOzGHF_GaRUsqABu-0Esr9kqZnnNGYn8ArTRG_oQldKrON-9O4eF4nKfbs4n71pYWdz_7DJjHR2fBbXDgBVOufrJPMxU-5x9M=s1024"",""caption"":null,""width"":2076,""height"":4608},{""id"":""CIHM0ogKEICAgICr3fCBmQE"",""url"":""https://lh3.googleusercontent.com/geougc-cs/AB3l90BssHAeqFYcFyNZbZKUYwaQimHvBoUWrTQaUGzFkGMSxH3h-W-poglZRtEkzzbieS5LqNngWtSTnsCNbMioIkHnYa2OSU_TwPvbqtfFuHcw9AU58tEUwxqHv3ER-0jhLUHbVaXAvg=s1024"",""caption"":null,""width"":2076,""height"":4608},{""id"":""CIHM0ogKEICAgICr3fCBWQ"",""url"":""https://lh3.googleusercontent.com/geougc-cs/AB3l90Dpm9FCAwyyNulvO5B-Z_QeCsaSlHxAAuj13LlkBXzuZKvZ5we1ZZp1iUUsUoLHhQzLPlABmoLkMU9jjfpRCVmiIcnbKczdXtufDg6TS1Ve1eXpLyj9ioA5-eO8NAH1isnKUqkn=s1024"",""caption"":null,""width"":1080,""height"":1920},{""id"":""CIHM0ogKEICAgICr3fCB2QE"",""url"":""https://lh3.googleusercontent.com/geougc-cs/AB3l90Ce8IIces-S-Pt0CWMYGW2EtHTKw5qb44DQ33lsMsqAtVAWn6JJ3DAtTr8ISOpJJu1NSgEPVMD51Zq6rVMbDONbnEEpKvbg4cgnc2SfsOm4o8wQbqjH0TfkLWAACklo9HB7ufCg=s1024"",""caption"":null,""width"":1080,""height"":1920},{""id"":""CIHM0ogKEICAgICr3fCBOQ"",""url"":""https://lh3.googleusercontent.com/geougc-cs/AB3l90Bmr5LomSjvGCeZpyFqXbqjDdtMUU2dkDgsY40SPF210mgEXFDV_pyJjlf71Q5ktFs7go2U22MLfqAsClSWLDsqA2LxJAQEQ1qlIrUJ5dMwPVBXoeHfPJUp7WlMr2WZrXXtZPrP=s1024"",""caption"":null,""width"":1920,""height"":1080},{""id"":""CIHM0ogKEICAgICr3fCBuQE"",""url"":""https://lh3.googleusercontent.com/geougc-cs/AB3l90BbhsCcX9yi7ljyb3egp5yUak2PgjCBQwl1hHzV7CMhn2sUZIDTZhwquLoI4ue5m5SWToQPg_Kv-LyiRZzOWMHByWSfJKuI120SVKR36IkGii3vYihctBgb2iv-wtNny6IfBLUo=s1024"",""caption"":null,""width"":2076,""height"":4608},{""id"":""CIHM0ogKEICAgICr3fCBeQ"",""url"":""https://lh3.googleusercontent.com/geougc-cs/AB3l90CsoEvs6dT75wgZtVUcqaOf1fsysZ8kOo3xICheGfddSXb3J3LPM6l_2xcbs8ii2HttptFjLm_k2YIMeODvZyi1CXJuSG2tyEy0vDOvIulPRUKCrEMgnJmnu2On3kqb9bIQuwHn=s1024"",""caption"":null,""width"":2076,""height"":4608},{""id"":""CIHM0ogKEICAgICr3fCB-QE"",""url"":""https://lh3.googleusercontent.com/geougc-cs/AB3l90BW8JrG9MsHbPkgiDKBBOdhmJa08yfaFxnqqr6ta73NpAJ0AQQAOWXP3yDnHvFGXvOV-9nq7TQOMkNRBPI0ANzDL5V3RmDMXJQmYTKYbaDUqI_wB1gUnGdeC1C1U9hw5GTxoPJ7=s1024"",""caption"":null,""width"":7296,""height"":3296},{""id"":""CIHM0ogKEICAgICr3fCBBQ"",""url"":""https://lh3.googleusercontent.com/geougc-cs/AB3l90AulnzDiwOFaALdnH5CGLfj72bDJgvs50L1Q5QI5qiWx6V874UTJZlT7AihtxxtvuQzBZ8qMGyVADButqR_o7rJL8rFiujoMH-pu3HWJ_f8YzD95YVJwInb6eWvikBD2b1ZmN25=s1024"",""caption"":null,""width"":1080,""height"":1920},{""id"":""CIHM0ogKEICAgICr3fCBhQE"",""url"":""https://lh3.googleusercontent.com/geougc-cs/AB3l90DumCuUX2_zQYE2VYaX3PaZyVw_QdHvh0-SCENk6fQ1rj2m7JKcEf8sIBx53rxI1oEawbKhGonwrFzMLBpXfwt5mYYJnC40O5w9mj_KssUcrSMq0rsxq6lSiTPQ2BS_rwDJRTZzyg=s1024"",""caption"":null,""width"":1472,""height"":3264},{""id"":""CIHM0ogKEICAgICr3fCBRQ"",""url"":""https://lh3.googleusercontent.com/geougc-cs/AB3l90BL84AWnAxLFfDXNbb7NpK2u0JprZPo4e1Djb3N6Bpm_e0xCz-IsFwFOvW_sorMEuzKdh17GTw7Y7oVy4dvRE6ZPw8a4b9zj6YM5ZcCi7YIb1tcamUJwWeY_TnZkOvwZzJ9FvLb=s1024"",""caption"":null,""width"":2076,""height"":4608}]"
ChIJH3d0XAkG2C0R-ipLIkS-9_c,Gledhek Lanjeng,Ci9DQUlRQUNvZENodHljRjlvT2twSGNtWmlOV05KVms0emExcExVbDlDVjBSMVNXYxAB,https://www.google.com/maps/reviews/data=!4m8!14m7!1m6!2m5!1sCi9DQUlRQUNvZENodHljRjlvT2twSGNtWmlOV05KVms0emExcExVbDlDVjBSMVNXYxAB!2m1!1s0x0:0xf7f7be44224b2afa!3m1!1s2@1:CAIQACodChtycF9oOkpHcmZiNWNJVk4za1pLUl9CV0R1SWc%7C0cMb2fRbLDG%7C?hl=id,Saroji Saroji,108365420178649548841,https://www.google.com/maps/contrib/108365420178649548841?hl=id,5,Tempat ini cocok sekali bagi para pengunjung yang punya hoby mancing ikan di laut karena banyak ikan yang berada di sekitar pantai yang airnya relatif tenang.,3 bulan lalu,2025-06-27T10:22:35,,,,1,0,,,,[],[]
ChIJH3d0XAkG2C0R-ipLIkS-9_c,Gledhek Lanjeng,ChdDSUhNMG9nS0VJQ0FnSUNXN3JXV3dnRRAB,https://www.google.com/maps/reviews/data=!4m8!14m7!1m6!2m5!1sChdDSUhNMG9nS0VJQ0FnSUNXN3JXV3dnRRAB!2m1!1s0x0:0xf7f7be44224b2afa!3m1!1s2@1:CIHM0ogKEICAgICW7rWWwgE%7CCgsI0pfvkAYQiIOEVg%7C?hl=id,Zaen. 480,107678926530529939805,https://www.google.com/maps/contrib/107678926530529939805?hl=id,5,"Tempat nyaman untuk berkuliner bersama keluarga,, fasilitas.nya memadai meskipun masih dalam tahap penambahan lahan,, dan ada sedikit pemandangan yg enak buat di lihat.",3 tahun lalu,2022-02-27T19:02:26,,,,4,11,,,,[],"[{""id"":""CIHM0ogKEICAgICW7o2GngE"",""url"":""https://lh3.googleusercontent.com/geougc-cs/AB3l90AcxlX2hrQjfJsE8aNz6X20j0j4A-gN5jD5sqG3OlKs55SULlEumMVc3WF2LWdPM-Z5N5ITSjkFw-XNuJZ3K7IovoQlyz2DmBo2FBFLmBNaBFQ1yXOj6PkczDrD6Z5Qh1nF_nRu=s1024"",""caption"":null,""width"":4160,""height"":1872},{""id"":""CIHM0ogKEICAgICW7o2GXg"",""url"":""https://lh3.googleusercontent.com/geougc-cs/AB3l90C8sxuyG-NhNzz8mOmb17EPYtqmwThYZ-otIBP6a-iw8GLLBC5QyHzILWZuIYE1Jq2SimdxcO-iOztA86bB6gSWab76bKg9vUYQpLD4iaNkuVrKxdBL2S7OJ1CJp3gsCvZDsUAw=s1024"",""caption"":null,""width"":1872,""height"":4160},{""id"":""CIHM0ogKEICAgICW7o2G3gE"",""url"":""https://lh3.googleusercontent.com/geougc-cs/AB3l90D2z_M4BnzzIwkT8vWlYqbLfhNxqct8VK5RAM8cWMaxFwtfG0mUYt6HbHBLBllntSK2ZDrju1hX9H3boCb-hEs0qcj9Vm_TpVZq0q4GL4awg_EOobVFhoVH8MAQGUZR4_VTVP1c=s1024"",""caption"":null,""width"":1872,""height"":4160}]"
ChIJH3d0XAkG2C0R-ipLIkS-9_c,Gledhek Lanjeng,ChdDSUhNMG9nS0VJQ0FnSURTcXVDTHR3RRAB,https://www.google.com/maps/reviews/data=!4m8!14m7!1m6!2m5!1sChdDSUhNMG9nS0VJQ0FnSURTcXVDTHR3RRAB!2m1!1s0x0:0xf7f7be44224b2afa!3m1!1s2@1:CIHM0ogKEICAgIDSquCLtwE%7CCgwIj82B_wUQ8JrD1QI%7C?hl=id,Eki Eki,118430422235260671829,https://www.google.com/maps/contrib/118430422235260671829?hl=id,5,Suasana sangat bagus untuk menikmati pemandangan pantai dan hutan hutan mangrove. Bisa melihat muara sungai yang berakhir di laut Jawa. Pulau Jawa bisa terlihat dari sini. Seringkali terlihat kapal kapal baik pesiar maupun kapal muatan berat lewat di perairan.,4 tahun lalu,2020-12-21T09:09:34,,,,37,36,1,,,[],[]
ChIJH3d0XAkG2C0R-ipLIkS-9_c,Gledhek Lanjeng,ChdDSUhNMG9nS0VJQ0FnSUNHNUlYcjR3RRAB,https://www.google.com/maps/reviews/data=!4m8!14m7!1m6!2m5!1sChdDSUhNMG9nS0VJQ0FnSUNHNUlYcjR3RRAB!2m1!1s0x0:0xf7f7be44224b2afa!3m1!1s2@1:CIHM0ogKEICAgICG5IXr4wE%7CCgsIh5zDiwYQoOuFZQ%7C?hl=id,Habiburrochman Habiburrochman,100463410875461290537,https://www.google.com/maps/contrib/100463410875461290537?hl=id,4,"Bagus, hanya perlu ditambah fasilitas memancing yg memadai serta kafe tg nggak terlalu mahal",3 tahun lalu,2021-10-21T02:18:47,,,,47,18,1,,,[],[]
ChIJH3d0XAkG2C0R-ipLIkS-9_c,Gledhek Lanjeng,ChZDSUhNMG9nS0VJQ0FnSUNHNG9qTGN3EAE,https://www.google.com/maps/reviews/data=!4m8!14m7!1m6!2m5!1sChZDSUhNMG9nS0VJQ0FnSUNHNG9qTGN3EAE!2m1!1s0x0:0xf7f7be44224b2afa!3m1!1s2@1:CIHM0ogKEICAgICG4ojLcw%7CCgwIy8vViwYQ-I7eqwE%7C?hl=id,Imran Andra,104951811944172533137,https://www.google.com/maps/contrib/104951811944172533137?hl=id,5,"Menikmati berbagai menu makanan,dgn special menu Ikan bakarx sambil menikmati pemandangan laut..wow..mantaaap bgt",3 tahun lalu,2021-10-24T13:55:23,,,,23,132,1,,,[],[]
ChIJH3d0XAkG2C0R-ipLIkS-9_c,Gledhek Lanjeng,ChdDSUhNMG9nS0VJQ0FnSUNvMXJ1T19nRRAB,https://www.google.com/maps/reviews/data=!4m8!14m7!1m6!2m5!1sChdDSUhNMG9nS0VJQ0FnSUNvMXJ1T19nRRAB!2m1!1s0x0:0xf7f7be44224b2afa!3m1!1s2@1:CIHM0ogKEICAgICo1ruO_gE%7CCgwI9u2V4wUQkM29xwI%7C?hl=id,Syahid alydris,101971308006483529597,https://www.google.com/maps/contrib/101971308006483529597?hl=id,3,Tempat yang baik bagi fotografer apalagi sore hari . Temlat mancing dan sewa perahu juga,6 tahun lalu,2019-02-14T14:09:18,,,,97,194,1,,,[],[]
ChIJH3d0XAkG2C0R-ipLIkS-9_c,Gledhek Lanjeng,ChdDSUhNMG9nS0VJQ0FnSUM0bWRUcDBnRRAB,https://www.google.com/maps/reviews/data=!4m8!14m7!1m6!2m5!1sChdDSUhNMG9nS0VJQ0FnSUM0bWRUcDBnRRAB!2m1!1s0x0:0xf7f7be44224b2afa!3m1!1s2@1:CIHM0ogKEICAgIC4mdTp0gE%7CCgsIhob05wUQkMSnAg%7C?hl=id,Nurul Eliyanti,112090126437896664414,https://www.google.com/maps/contrib/112090126437896664414?hl=id,5,Spot favorit buat nikmatin suasana yang dipenuhi orang ngelakuin hobinya (mancing),6 tahun lalu,2019-06-09T13:00:54,,,,114,233,1,,,[],[]
ChIJH3d0XAkG2C0R-ipLIkS-9_c,Gledhek Lanjeng,ChdDSUhNMG9nS0VJQ0FnSUNpcE4zT3VnRRAB,https://www.google.com/maps/reviews/data=!4m8!14m7!1m6!2m5!1sChdDSUhNMG9nS0VJQ0FnSUNpcE4zT3VnRRAB!2m1!1s0x0:0xf7f7be44224b2afa!3m1!1s2@1:CIHM0ogKEICAgICipN3OugE%7CCgsItt3E_AUQkPHDRw%7C?hl=id,Muhammad Mushlihs,106262643273992639856,https://www.google.com/maps/contrib/106262643273992639856?hl=id,5,"Bagus si bwt spot cycling, udaranya seger klo pagi",4 tahun lalu,2020-10-22T07:03:00,,,,2,1,,,,[],[]
ChIJcXANOYkF2C0RZKUhfFe6DEc,Alun-Alun Bangkalan,ChZDSUhNMG9nS0VLdmR3cFhBaUt1eUpREAE,https://www.google.com/maps/reviews/data=!4m8!14m7!1m6!2m5!1sChZDSUhNMG9nS0VLdmR3cFhBaUt1eUpREAE!2m1!1s0x0:0x470cba577c21a564!3m1!1s2@1:CIHM0ogKEKvdwpXAiKuyJQ%7CCgwIxPWswQYQ8MqdiQI%7C?hl=id,Ramiz Mahdiy Moeniri,107498370560052157799,https://www.google.com/maps/contrib/107498370560052157799?hl=id,4,"1. Jalan di tengah alun-alun berlumut dan licin, apalagi saat hujan
2. Kurangnya penataan untuk pedagang kaki lima, beberapa pedagang kaki lima ada yang ngambil tempat di trotoar
3. Dan masih banyak lagi fasilitas yang sekiranya perlu dirawat ataupun diperbaiki",5 bulan lalu,2025-05-19T14:05:56,,,,33,72,1,,,"[{""name"":""Taman Bermain"",""value"":null},{""name"":""Toilet"",""value"":null},{""name"":""Kesesuaian untuk anjing"",""value"":null},{""name"":null,""value"":""Taman Bermain, Toilet, Kesesuaian untuk anjing""}]","[{""id"":""CIHM0ogKENye_qiKscKbxQE"",""url"":""https://lh3.googleusercontent.com/geougc-cs/AB3l90CHjZDuTZ7MSrUlVR-wzvJCzVaLuu7nFxWlVuHzTc91cy3eaEM0kmrNstMhUETduZws1bsUGZBB1bjpibQ14-8C0uIXsCyWsDOgyVOv28ofHQWVtBQu2UIGr1W1Af9iZu2la3_-FQ=s1024"",""caption"":null,""width"":4096,""height"":2304},{""id"":""CIHM0ogKEJTjqpaH2YHu0gE"",""url"":""https://lh3.googleusercontent.com/geougc-cs/AB3l90Ckepbb5KnhCe-Bdktf6Vly5hIEMXCDo0W-M4WZx27emESoxc7Qznodannxg2mBRIW27E4JxvTa04tMvF7j2j4cgeCaaWXZyww9VGGtgaiTZKo1ax-MBaPd7SGfjFQIzlB90p9-tw=s1024"",""caption"":null,""width"":4096,""height"":2304},{""id"":""CIHM0ogKEIbqsKOf-MahRg"",""url"":""https://lh3.googleusercontent.com/geougc-cs/AB3l90CaiQ2-3vOeWvVq0aVVr_1Ut7phHQ4gUa8CmmuTI-eGMRKFyoJCFsAANYw6jm4dykbD3tbVRwruRKOWc_VkdRxomSfIkBpiukRYQ9mHvbM51zwVckOlkCU18z7rjFhKYTqaXyA=s1024"",""caption"":null,""width"":4096,""height"":2304},{""id"":""CIHM0ogKELPAk4TbtvOXCA"",""url"":""https://lh3.googleusercontent.com/geougc-cs/AB3l90C0UB5A5XxHq2LCZ6YUQpSO8L8LdcvRj0YcGX424zWfCRSlH4TdO-5tUHbXRgg-bemy-zKaCYCupISpKiR538mXnt_rmjzDXNQsgWJ9GvmIK0fusdc2SG6KMwzTLfbxiYUdbfIk=s1024"",""caption"":null,""width"":4096,""height"":2304}]"
ChIJcXANOYkF2C0RZKUhfFe6DEc,Alun-Alun Bangkalan,ChdDSUhNMG9nS0VJQ0FnSURucTlMSHNBRRAB,https://www.google.com/maps/reviews/data=!4m8!14m7!1m6!2m5!1sChdDSUhNMG9nS0VJQ0FnSURucTlMSHNBRRAB!2m1!1s0x0:0x470cba577c21a564!3m1!1s2@1:CIHM0ogKEICAgIDnq9LHsAE%7CCgwI3NeduAYQoOP80QM%7C?hl=id,Joseph (Zhong Zhen Wen),100606090843150366390,https://www.google.com/maps/contrib/100606090843150366390?hl=id,3,"Alun-Alun ini terkesan seperti agak mangkrak dan kurang terawat, pagar2 besi nya banyak yang putus hancur berkarat dan keropos semua,  kolam ikan nya tidak terawat berlumut, banyak ranting2 kering dan kurang rapi..sayang sekali yang terawat cuma bagian tulisan 'Welcome to Bangkalan'. Halte Bus di Alun2 ini juga tidak terawat dan tidak memadai. Mohon diperhatikan karena sekarang sudah ada Bus Trans Jatim rute Sby-Bangkalan yang berhenti disini.",setahun lalu,2024-10-10T05:52:20,,,,214,1572,1,,,[],"[{""id"":""CIHM0ogKEICAgIDnq9LHCA"",""url"":""https://lh3.googleusercontent.com/geougc-cs/AB3l90CkqFmEkVrYPt4bYnJDlxHOQZFAvxviM3Hfl1BA6ZWJw4NCMSiAIqM8xhvXuBIzigStHRb17z9FgTXpklF9g7resxC5urcfs42fvPrzXjVebonFYNSeI55yrDdVrqqEAI8BjxCa=s1024"",""caption"":null,""width"":828,""height"":1472},{""id"":""CIHM0ogKEICAgIDnq9LHiAE"",""url"":""https://lh3.googleusercontent.com/geougc-cs/AB3l90CHDq3GfAr-dQBQwttYZFrkyEaGlOtB2zcFgA51DBzI45rzWBpcj_4JZvbTf1bVSTh3NJULWJd44Cjqy_H4bvpVVMMYmjjjJvNcYavG_OngoGFbax8CVpE3k3_bFODTf1IK4JsDtg=s1024"",""caption"":null,""width"":3024,""height"":4032},{""id"":""CIHM0ogKEICAgIDnq9LHSA"",""url"":""https://lh3.googleusercontent.com/geougc-cs/AB3l90CSoca48KIP1JKtJCJvinETtydRCneZJaINPCRpKzT1PcvCahz3ndv9Nf79br8Mm0u6uvwyI8Mxy1ns09BvMz1vegL7B7lLK7AuZ6-s9z4Kr--N5wlbI4TiG6b6lyctuBl1K3XP=s1024"",""caption"":null,""width"":4032,""height"":3024},{""id"":""CIHM0ogKEICAgIDnq9LHyAE"",""url"":""https://lh3.googleusercontent.com/geougc-cs/AB3l90D8VTosWXTSZ7vs4BHlyDtS05650g2Ay_F0JWQzgDT982tzxwqWq8Tf6oVKZgiaGv7EVZmQOntbC_5bfiedUI3ZAa51Y8tTyr1gu4RqnACPV2S_sAkGkrtpAP12EcReeoq_FavZ4A=s1024"",""caption"":null,""width"":3024,""height"":4032},{""id"":""CIHM0ogKEICAgIDnq9LHKA"",""url"":""https://lh3.googleusercontent.com/geougc-cs/AB3l90C7E8xf6UkJwDz4e0blQ_rgmw4-aCd6g6nfR26NjmQ7ZrsguV9t2qDeldF_YxJ4jr-hHzYBQYJEqzikUJW3hGr1oMWjoiEi415k8e5WXnSol_jtXhwQrdaefZN6DVjCqigeIsIJ=s1024"",""caption"":null,""width"":3024,""height"":4032},{""id"":""CIHM0ogKEICAgIDnq9LHqAE"",""url"":""https://lh3.googleusercontent.com/geougc-cs/AB3l90ABaZDk98P3jzVQBXjfW6X5lB1hAhu4pwrq7lwRS98nR80eEk5QMMCpGLAUsxneEaHoWjSa1Trr3uZ2Z0EGzlYbKZnYssx-kNwazERhMa_rAwt6g93zWDvkQq4k-JAyQZZBuaLskQ=s1024"",""caption"":null,""width"":3024,""height"":4032},{""id"":""CIHM0ogKEICAgIDnq9LHaA"",""url"":""https://lh3.googleusercontent.com/geougc-cs/AB3l90BhcfAkkbMdE88_fbGkIx-uCHktE_nYcKLOnPH0S7UPMBIw7-ocm4YA237ZalBomHRKG6g6AdbbFTpndV1I6X5YMgH4aV9xIJFS9DNWiBE603CDoO_hVXEw7leHQR3xUeay57uX=s1024"",""caption"":null,""width"":3024,""height"":4032},{""id"":""CIHM0ogKEICAgIDnq9LH6AE"",""url"":""https://lh3.googleusercontent.com/geougc-cs/AB3l90BnxOYoS77_1EtB3mwZ_Z0CwvdffeTBJlBXRwQ64ZVOOrDiRimQsWjPfufVrLiP_77yoiIy8Dx0QcYgMGuwT2DM7pR2GH1-_bTlsWMvPEZzxBZclrNFezR4PiQKpSABMi7MXoD8=s1024"",""caption"":null,""width"":3024,""height"":4032},{""id"":""CIHM0ogKEICAgIDnq9LHGA"",""url"":""https://lh3.googleusercontent.com/geougc-cs/AB3l90Ai4zEOLuZru-e3U2QU3yi8LZTwqyqUE0LMFZXxU-u1PKRvEmAjPnqE_DKjzBkmkjutRRvsRDSmnaYB7ILPSaGcoUIs5UO0I-W3g59b2m1Gc9kCxmy30jW4h_PLKdcchsycPNQ=s1024"",""caption"":null,""width"":3024,""height"":4032}]"
ChIJcXANOYkF2C0RZKUhfFe6DEc,Alun-Alun Bangkalan,ChZDSUhNMG9nS0VJQ0FnSUN2eHZXZUlnEAE,https://www.google.com/maps/reviews/data=!4m8!14m7!1m6!2m5!1sChZDSUhNMG9nS0VJQ0FnSUN2eHZXZUlnEAE!2m1!1s0x0:0x470cba577c21a564!3m1!1s2@1:CIHM0ogKEICAgICvxvWeIg%7CCgwIo4jhugYQwLaz3AE%7C?hl=id,Ebith Joenaidi,110307313580620489100,https://www.google.com/maps/contrib/110307313580620489100?hl=id,5,"alun alun berlokasi di jalan sukarno hatta berhadapan langsung dengan mesjid agung bangkalan, cukup luas alun -alunnya, ada permainan untuk anak-anak, toilet juga tersedia, tempat kuliner siap untuk melayani pengunjung, baik di depan maupun dalam alun-alun, banyak pohon-pohon yang membuat sejuk dan betah untuk berlama-lama disini, ada juga lapangan sepakbolanya, pokoknya top alun-alun ini, senang sekali bisa berada disini",10 bulan lalu,2024-12-10T13:37:39,,,,325,1412,1,,,"[{""name"":""Taman Bermain"",""value"":null},{""name"":""Toilet"",""value"":null},{""name"":null,""value"":""Taman Bermain, Toilet""}]","[{""id"":""CIHM0ogKEICAgICvxvWe4gE"",""url"":""https://lh3.googleusercontent.com/geougc-cs/AB3l90BlZMJeYmzVz9BzlNZuSFJ2ghLx_XuW0LC6L0UMJYt-Q7oWo0gmsaQ_D0ZADbclVisU1v6DKReEFZJXn42Zc_V1PwRzKaNQ1dRdr9VH396OdCU6Dt9yE1oaNcsbBaqocGx_FUtgLw=s1024"",""caption"":null,""width"":3120,""height"":4160},{""id"":""CIHM0ogKEICAgICvxvWeEg"",""url"":""https://lh3.googleusercontent.com/geougc-cs/AB3l90BtRcNG6utQXF7N7rrzLzCHker_gDWacwitBR-Luo04_uIYrvpVBuspiips86jERPS9wDH9AsT1yaMn7eLsw1IxvgVik06zrnIcBzlkIk1iPRnHp4zckw81O2QKbRaJwtKhEP0C=s1024"",""caption"":null,""width"":3120,""height"":4160},{""id"":""CIHM0ogKEICAgICvxvWekgE"",""url"":""https://lh3.googleusercontent.com/geougc-cs/AB3l90AJBtkRlR3Zd4aRkWEWymA-SUXExCDvlBFmNOFIC2hXLu2D4zibPRBMuxHq6Rz6BOZqWcf5QkeFbf_z1FCW36OECSg2TyQLEHCvpnLuLGWNYzmgEQRv6DGva6SFhpGH0zjIfz2NXA=s1024"",""caption"":null,""width"":3120,""height"":4160},{""id"":""CIHM0ogKEICAgICvxvWeUg"",""url"":""https://lh3.googleusercontent.com/geougc-cs/AB3l90BjxQgGX9D3VPnkTPLdkjHWG2AKQhtUx-fXXmt9OAK7LAHBTQjojiajhlCxvINSP3-aJY0ejGuYWW-Kqh602QGrO0Gg6uEgp7-T7NwzHekdMoxgUbc4YTPj0aeqKpNR7og1R1Fa=s1024"",""caption"":null,""width"":3120,""height"":4160}]"
ChIJcXANOYkF2C0RZKUhfFe6DEc,Alun-Alun Bangkalan,ChZDSUhNMG9nS0VJQ0FnSURQNHRQbGJnEAE,https://www.google.com/maps/reviews/data=!4m8!14m7!1m6!2m5!1sChZDSUhNMG9nS0VJQ0FnSURQNHRQbGJnEAE!2m1!1s0x0:0x470cba577c21a564!3m1!1s2@1:CIHM0ogKEICAgIDP4tPlbg%7CCgwIw7asugYQuPzIuwE%7C?hl=id,191_Noffany Yukotan,117836874360776052182,https://www.google.com/maps/contrib/117836874360776052182?hl=id,5,"Kebersihan udah mulai terjaga cuma beberapa fasilitas sudah usang dan perlu perbaikan atau di ganti.

Apalagi permainan yang ada di belakang pos polisi. Semoga bisa di ganti, karena beberapa spot ada yg tajam dan berkarat.",10 bulan lalu,2024-11-30T14:03:47,,,,29,34,1,,,"[{""name"":""Taman Bermain"",""value"":null},{""name"":""Area piknik"",""value"":null},{""name"":null,""value"":""Taman Bermain, Area piknik""}]","[{""id"":""CIHM0ogKEICAgIDP4tPlngE"",""url"":""https://lh3.googleusercontent.com/geougc-cs/AB3l90A3xfNIhg0ddw5Fols9rW0BWby6fJJbbu3JrPe8KOkhmDF4VVaLajDH5tsyAWfVLp5LiqvhhGOCXQLnHtbK9xzNfnDeeSU0NyxcI2z7POx9K2A8-g2qLA_l8FBB9vtiwbikIArPXg=s1024"",""caption"":null,""width"":2340,""height"":4160},{""id"":""CIHM0ogKEICAgIDP4tPlXg"",""url"":""https://lh3.googleusercontent.com/geougc-cs/AB3l90CfC1fZADmyUaFJ_Oi2esQYjU5Ko8Pm5wNhIIs4yIfoPSvZF4QJsQzWQX6ha3o_hhRyBwlEJaPZ4vK-mQJw34GI-vpvPso5UDY-0m7Pfhh-REdO9AAvEhnxnA9_2oofHMms6j4=s1024"",""caption"":null,""width"":900,""height"":1600}]"
ChIJcXANOYkF2C0RZKUhfFe6DEc,Alun-Alun Bangkalan,ChdDSUhNMG9nS0VJQ0FnSURqcnZ5c3hRRRAB,https://www.google.com/maps/reviews/data=!4m8!14m7!1m6!2m5!1sChdDSUhNMG9nS0VJQ0FnSURqcnZ5c3hRRRAB!2m1!1s0x0:0x470cba577c21a564!3m1!1s2@1:CIHM0ogKEICAgIDjrvysxQE%7CCgwIvOfSsQYQ0N6ngAI%7C?hl=id,Khairatul Amaliya,100914201665985221185,https://www.google.com/maps/contrib/100914201665985221185?hl=id,5,"Alun-alunnya luas ada macam-macam fasilitas, apalagi buat olahraga ada lapangan basket, bola, badminton dll. Buat anak-anak juga cocok karena ada taman bermain.",setahun lalu,2024-05-03T09:51:56,,,,36,134,1,,,[],"[{""id"":""CIHM0ogKEICAgIDjrvysZQ"",""url"":""https://lh3.googleusercontent.com/geougc-cs/AB3l90COyDdgCv5ikccUBBtHwsDyMfVTfaCzdCQx_QEWvOxsBx4f2-12PgxSNitOxAXAH8WuiQg8ZaxTCTjlEwzY1x1zmP44bSi6S0qrgm_4kvHTFZ-lXVW92kfQTsNoYRcxQfimEYs=s1024"",""caption"":null,""width"":3120,""height"":4160},{""id"":""CIHM0ogKEICAgIDjrvys5QE"",""url"":""https://lh3.googleusercontent.com/geougc-cs/AB3l90DJD5JW4vXgr1PjaaNdKq2-o4CDMEcn2rZAdCSOmVXcPpmPn36Jn_M4PIwFWhCeFQiLyZNrRESubLemzaWYiBUEQRcnoFv-Au3pOqmnonkf6Fm7_Vd_p1tebRk5DcfavQsMZIS-=s1024"",""caption"":null,""width"":3120,""height"":4160},{""id"":""CIHM0ogKEICAgIDjrvysFQ"",""url"":""https://lh3.googleusercontent.com/geougc-cs/AB3l90B5f_eg5eSCzeR-CrRyjkHi9p5APPhzKy4x_e7B80XaPxOAOwDocMR76shv93DemAsFTfOvh9KqJ66g5w9sOGpGqu_hfermNzSFssEjGBPRcem9trZfqSdjJ7SesKkHqS3xy3bl=s1024"",""caption"":null,""width"":3120,""height"":4160},{""id"":""CIHM0ogKEICAgIDjrvyslQE"",""url"":""https://lh3.googleusercontent.com/geougc-cs/AB3l90BH7XjEQhWtEcKGbg_JbJHsQqRIgjZzxMl-hda5FCWsiq8sE-ztjB62LhOsf2hq_tNMsI-UZIn-ak9F6LXONbttdiykdEP2Guj-2128COlY2tjUsiY7nauxjuPXkV0K0uDzB4SVwA=s1024"",""caption"":null,""width"":3120,""height"":4160},{""id"":""CIHM0ogKEICAgIDjrvysVQ"",""url"":""https://lh3.googleusercontent.com/geougc-cs/AB3l90C2c2aZKZsUmlahusP-PX1L6XThqR8-kg8dCeObrTJ3ep2LjO3Xas9Li3RXhZsX1rJ_0ZMpCyTiNcV79SQgDp5Yq504cWNNj0tuwbXI-e65anuFxC3LuLVj_XJ6M5RNTY5dZZGn=s1024"",""caption"":null,""width"":3120,""height"":4160},{""id"":""CIHM0ogKEICAgIDjrvys1QE"",""url"":""https://lh3.googleusercontent.com/geougc-cs/AB3l90AvR5-JBPt1omSqWMIedGIBAQyNXqhT-1t7luhKoEZOis6JPERUTePPReAIA6k49nDjK6bVOu1VXhtQMkljAvuqvhqcXoytcyGMN__1vPQVVJ6v6k3H-5_kX-E2LSlnNjuQNemonA=s1024"",""caption"":null,""width"":3120,""height"":4160},{""id"":""CIHM0ogKEICAgIDjrvysNQ"",""url"":""https://lh3.googleusercontent.com/geougc-cs/AB3l90ByiiWx15SHc_pOzR0bKyJYA13dZ4fMV5QPH1g1q5CbyaRyn5fsgWS4CRhftHHA30093UMQhWwDUibvrW8HzzAhYQbyo1GV4QxSegoEHcEhfedB6JcMf7TSsBldmfdfybchqefA=s1024"",""caption"":null,""width"":3120,""height"":4160},{""id"":""CIHM0ogKEICAgIDjrvystQE"",""url"":""https://lh3.googleusercontent.com/geougc-cs/AB3l90A1O_fzX6txCXLTGbgQyWlyk7Z_rx4VVWqaRZjqGcyd5uXhixjoAEvJEBDLRrMRe7U5AWP8pHzjxdGoDO_ftFNBt4gbe6RpGPi8cQ8DKLPwxmZPQaz2pzaMlbcLksGA1wxfQOhDvg=s1024"",""caption"":null,""width"":3120,""height"":4160}]"
ChIJcXANOYkF2C0RZKUhfFe6DEc,Alun-Alun Bangkalan,ChZDSUhNMG9nS0VJQ0FnSURoMHQzZkZREAE,https://www.google.com/maps/reviews/data=!4m8!14m7!1m6!2m5!1sChZDSUhNMG9nS0VJQ0FnSURoMHQzZkZREAE!2m1!1s0x0:0x470cba577c21a564!3m1!1s2@1:CIHM0ogKEICAgIDh0t3fFQ%7CCgwI1cKSoAYQ2IPu1QM%7C?hl=id,Yanti Suparyanti,112203129225968889112,https://www.google.com/maps/contrib/112203129225968889112?hl=id,5,"Alun-alunnya luas dan hijau. Penataan bagus  dan dilengkapi dengan taman, area bermain anak-anak, berbagai lapangan olah raga seperti lapangan sepakbola yg luas, lapangan basket, lapangan voly. Ada juga kolam ikan di dalam taman dan area joging track. Ada juga bangunan joglo yang bisa dipakai untuk kumpul-kumpul di taman serta beberapa kios yang dimanfaatkan untuk kegiatan anak2 melukis dan mewarnai. Toilet bersih, sayangnya ini area publik tetapi toiletnya berbayar dan sorenya dikunci pemiliknya. Alun-alun yang bagus ini terkesan kurang terawat, dan masih kurang tersedia tempat sampah. Banyak sampah plastik bungkus makanan dan botol minuman yang di buang sembarangan  di taman alun-alun.Secara keseluruhan alun-alun ini bagus dan lengkap sehingga anak-anak muda bisa memanfaatkannya untuk olah raga atau sekedar jalan-jalan.",2 tahun lalu,2023-03-05T14:02:40,,,,208,166,1,,,[],"[{""id"":""CIHM0ogKEICAgIDh0r3LiwE"",""url"":""https://lh3.googleusercontent.com/geougc-cs/AB3l90CsS6rdTHzSqQu9Z94QQjKUzsbQ9SW-wuf1sYfvsxbrJFht0ukXI98obNSBVZe0p3LA-nTXOWTJg1yAsTOaUML5WknxhToRYAVPXcvrH4EAOZ9ap4LZ3LySKHLqepKIUGcgIfII6Q=s1024"",""caption"":null,""width"":4032,""height"":2268},{""id"":""CIHM0ogKEICAgIDh0r3LSw"",""url"":""https://lh3.googleusercontent.com/geougc-cs/AB3l90D15MKeSnauLb9gl1lYkmnqO7bIjJOWFuXUOWzXqNxa6Pbt9xexRh0whIZ0Xo9tcHU29ufGQZzDIYknvS5wtlIL3b0lnJLQNUUHKp_jcbhoD1T6Q2XkqZzxVopQu5lQcRfSUhk8=s1024"",""caption"":null,""width"":4032,""height"":2268},{""id"":""CIHM0ogKEICAgIDh0r3LywE"",""url"":""https://lh3.googleusercontent.com/geougc-cs/AB3l90CXydCc39jx5dS98_qp1yr5hNH22vNS4KedVKEnWalvcwVzdCw0XdA0Ilj4kY7hF34-mnLzcH23-zPWp9nXLp5kpqMEG_wB11DjRjX9npojmvQRm4wOquw7eCYmJfrXlDxKsS70fA=s1024"",""caption"":null,""width"":3264,""height"":1836},{""id"":""CIHM0ogKEICAgIDh0r3LKw"",""url"":""https://lh3.googleusercontent.com/geougc-cs/AB3l90CjGfcyiSG3lJo2-kbZzEQKzkCB-YEfwyukY9S1zx6QQJNkkJLJ-HT8GGXu0TtniYh0ek7Hmhsb1dosCpBjZOVe2LJnC8BiYYcmC-P7GqIJ946C3KVaST9n_TIj-S3E2sGlvbt3=s1024"",""caption"":null,""width"":3264,""height"":1836},{""id"":""CIHM0ogKEICAgIDh0r3LqwE"",""url"":""https://lh3.googleusercontent.com/geougc-cs/AB3l90DckPHhELzQjc_n9yOsgaGDOnoJD16ADlVLBdVNc4vyrI-YnwF8azOf4b3CL_koRm6rQy6HRKOcPxSAHSaJBrF6EQErD41b526v88y74-a8V4SoYiObO5DuZLYDPx-UvYfSkcLPtw=s1024"",""caption"":null,""width"":4032,""height"":2268},{""id"":""CIHM0ogKEICAgIDh0r3Law"",""url"":""https://lh3.googleusercontent.com/geougc-cs/AB3l90DosL7pxsw99s_JUym8a2TdJm1K-VfBLXEXlyl4P3UhQP_F3f_0HQ9ZDeyQUwr5SY9TisUq7_MKF_7Y_WbI3_s1Ow8adf8THK_PBDyCURlp8t4qi1dCGLRf8A_bLmChfLw-dtk=s1024"",""caption"":null,""width"":4032,""height"":2268},{""id"":""CIHM0ogKEICAgIDh0r3L6wE"",""url"":""https://lh3.googleusercontent.com/geougc-cs/AB3l90DXtXWkpXZbC8An29one97qxzVd3I_J9Gjae6HG4QkYXO6U6CFPCSdw9lpI_zIB4y9saQVT9IK3htdIVeeNmaTwSL1BpqsuhCKa87bbqjyNNuND0vv0eLWuhV3wRp2TCsRaSuOQAw=s1024"",""caption"":null,""width"":4032,""height"":2268},{""id"":""CIHM0ogKEICAgIDh0r3LGw"",""url"":""https://lh3.googleusercontent.com/geougc-cs/AB3l90ARFRJZNsvhoRcwMK8Wql-fd7I1Vpqlv-Iz1cVK_tK-isZzepLRc8keA3uxWtZmuBRC6VPhxchMdPCWwSMjs1of7nvwoMXG2B-xCyqXtHtTBM7O5UK9MToFFW_uov10h5Sz1r3y=s1024"",""caption"":null,""width"":4032,""height"":2268},{""id"":""CIHM0ogKEICAgIDh0r3LmwE"",""url"":""https://lh3.googleusercontent.com/geougc-cs/AB3l90Ap2Am2JRL41q5_yCMjM7M_8vJ_rNm4PFu7rqKpXzJvC2jLIPHf81c4dDxDGFGJELf4HWESDW5CSPfOMoHKl2Fixpk8CpIl1JOLxJ8GO9X3HIZOD7X9mpH8IPkA-MLgLuK6yNcSXw=s1024"",""caption"":null,""width"":4032,""height"":2268},{""id"":""CIHM0ogKEICAgIDh0r3LWw"",""url"":""https://lh3.googleusercontent.com/geougc-cs/AB3l90DZpOU0EVlSL48EKUr-3X-4ObrDecRPc4NvSxJ_0DY5wtfx5K1w02QDzsvhXCUKyFMMo8wL_OM5DOAg7IkZPJrYXhecLpZYiiVuFDdSKmpJyvRiMHvfFsn2i_8AwIv3m978crNB=s1024"",""caption"":null,""width"":4032,""height"":2268},{""id"":""CIHM0ogKEICAgIDh0r3L2wE"",""url"":""https://lh3.googleusercontent.com/geougc-cs/AB3l90Cb9hlV34fx-AlP5X022qAk_WkNGn4u6ZMn2ofJUMmuA7dHaTRVbS1TLyWHDOfNJxbK7xy7i98Qfb5RK1V8gNciCSmb1gFPcuI6_cgWmISEqEIqkKmMH8BTxwIrEnROM7_pKI94=s1024"",""caption"":null,""width"":4032,""height"":2268},{""id"":""CIHM0ogKEICAgIDh0r3LOw"",""url"":""https://lh3.googleusercontent.com/geougc-cs/AB3l90C3Czj1i7buvys4ywODl_QmyOG1XzXAK9cGupIdzR6E72Rgs14eBBQAgbuR5R6rHP5wcbYRbDBW8SRtRj96VHm4Kk3bgWpALLnmjqQUzprNSzWUhQ-a5QrhHx29OtzZE-Mfv9g=s1024"",""caption"":null,""width"":4032,""height"":2268},{""id"":""CIHM0ogKEICAgIDh0r3LuwE"",""url"":""https://lh3.googleusercontent.com/geougc-cs/AB3l90DgNWB4fW7IMX4OZq11F21Unlyvhk7dcHzh1FuvazEdN_Ucbs43XgWL_dFur-dUcol76CJrFvjQ8gcHtugOur6KPAIRTDhR-NhPTsy1bg9gSmnzitwmH8FnIc9X04bGPu1rpAMT2w=s1024"",""caption"":null,""width"":4032,""height"":2268}]"
ChIJcXANOYkF2C0RZKUhfFe6DEc,Alun-Alun Bangkalan,ChZDSUhNMG9nS0VJQ0FnSUR1a3ZTZ2ZREAE,https://www.google.com/maps/reviews/data=!4m8!14m7!1m6!2m5!1sChZDSUhNMG9nS0VJQ0FnSUR1a3ZTZ2ZREAE!2m1!1s0x0:0x470cba577c21a564!3m1!1s2@1:CIHM0ogKEICAgIDukvSgfQ%7CCgwI_JDgnAYQoL-jzwE%7C?hl=id,Hasby Asshiddiqi,104399137394092329336,https://www.google.com/maps/contrib/104399137394092329336?hl=id,5,"Over all, bagus. Jadi, di sini itu udah disediakan fasilitas umum, yaitu: Lapangan basket, lapangan bulu tangkis, lapangan voli, lapangan sepak bola, taman bermain anak, warung, area taman, taman paseban, toilet, gazebo.
Untuk parkir sendiri kalo gak mau bayar parkir aja di depan trotoar alun-alunalun-alun yang sisinya berhadapan dengan kodim. Kalo ingin yang bayar dan pastinya lebih aman langsung parkir aja di depan gerbang pada sisi yang sama (untuk sepeda motor).",Diedit 2 tahun lalu,2022-08-17T04:35:07,,,,24,181,1,,,"[{""name"":""Taman Bermain"",""value"":null},{""name"":""Toilet"",""value"":null},{""name"":null,""value"":""Taman Bermain, Toilet""}]","[{""id"":""CIHM0ogKEICAgID-7-vXHA"",""url"":""https://lh3.googleusercontent.com/geougc-cs/AB3l90CszKAijuAdDdjKw3XeULJhmVnUZY6-1_Ay0hf0DLFwN_0yPJMeHwPWoYDxm7gDeew6XgkGrXG0MvbMZbpDEjrCpyoxzNPOFuuhdRuaqIq0j-BiuEt8MsxYPppgvZNy46_Y61sV=s1024"",""caption"":null,""width"":1920,""height"":1080},{""id"":""CIHM0ogKEICAgIDuxYvp1wE"",""url"":""https://lh3.googleusercontent.com/geougc-cs/AB3l90D3BtMPzFR7_3MiwOq30xiZsqe2VkIXJTypRIGsKqIzRMFqRKOuc0mK5cDAhQi6iyeT3rkkTSOizKEwfrI3dd_S92jwKYz6UdMMR3vjGKnmxnRD6QsCqHTrmnMuSAdQWXBYEld1=s1024"",""caption"":null,""width"":4080,""height"":3060},{""id"":""CIHM0ogKEICAgIDuxYvpNw"",""url"":""https://lh3.googleusercontent.com/geougc-cs/AB3l90BgiazBDL__379rLRUcNlJoz4xjUOs5DJQTDJfCSE3m6V4IWCailebP0qI0vHlNeBUun56sWChasCSPzPRoIzc7-wyZjnuCdpLd3jKHzjWyBPkT9WY7QBUgGktN2uuWRLaISvfv=s1024"",""caption"":null,""width"":4080,""height"":3060},{""id"":""CIHM0ogKEICAgIDuxYvptwE"",""url"":""https://lh3.googleusercontent.com/geougc-cs/AB3l90AzyEfMfgO2eMi5KiamXqsoWRxuHYxEsT7qfSMxiIUARAUt8pMCBqX5egyep_x6joSyD-FXPf6OX44bwysN_OV7p3MbY9c9Xr1Gq_mXtAWyxrQ437po7RGh6pjrOVAFNZKMlWCk=s1024"",""caption"":null,""width"":4080,""height"":3060},{""id"":""CIHM0ogKEICAgIDuxYvpdw"",""url"":""https://lh3.googleusercontent.com/geougc-cs/AB3l90Bgc82iF1KdtQ0Nr2CC_DFwKveBb0I0B32sPvpSofsvgGq4jO2cK0P6YzLqaJpYmD7gp3_j15nozqaf2jGd8NdCD2xD_Nych7nRH8HEQyq8_m7WnWTIKGEP86fcvOoUNRh-VhAe=s1024"",""caption"":null,""width"":4080,""height"":3060},{""id"":""CIHM0ogKEICAgIDuxYvp9wE"",""url"":""https://lh3.googleusercontent.com/geougc-cs/AB3l90BUfrkzt4ZMj_kC7edl-MY7DiUB93hKBi2iaVczTJvhADKloY_8jc8UxCDwCPbGOVo5AzQ3gqnufdjH0yU1NHJQUMEYmRzPGmYc8Z2uxcHi5ysiqJUlEA60EPW_C5i_H_qWmx1QnQ=s1024"",""caption"":null,""width"":4080,""height"":3060},{""id"":""CIHM0ogKEICAgIDuxYvpDw"",""url"":""https://lh3.googleusercontent.com/geougc-cs/AB3l90CdEJs3xdt53DvY2gTTot3EBvOd0jTwhjUPDGzFzucvP-eNULQyCfoKvb0XecE8O99knP_6f24iLuclBhcUlo_edUt7npMVNhG434aslAaogFbVmNrpTFlKoXEqEXKQXM0xcdE=s1024"",""caption"":null,""width"":4080,""height"":3060},{""id"":""CIHM0ogKEICAgIDuxYvpjwE"",""url"":""https://lh3.googleusercontent.com/geougc-cs/AB3l90Ao6bszghOSpXztL3Jo0nz-ApvKjlocvuWa9JGd3ZaSCHVe7AUgyHfnwuzTGrR8QgAfjODb119RbcJV88kK0G_YBw_30G8X7qY-o852uit5O8BbThLd4fVnPrCkrLxF1SdWpCnUWg=s1024"",""caption"":null,""width"":4080,""height"":3060},{""id"":""CIHM0ogKEICAgIDuxYvpzwE"",""url"":""https://lh3.googleusercontent.com/geougc-cs/AB3l90DRgD3R2O-mp0OCEOVVaZrWYv0q6YsDOSsb-hkZUMPi7a8mvyiWdD5FXxOc3F-T1cN7HNizyBZD1Uhrj-2rCODH740UZTuzAu4RsHFEWzJDHVqAbE-xfUVPXavWJt1JFAiplxnrNA=s1024"",""caption"":null,""width"":4080,""height"":3060},{""id"":""CIHM0ogKEICAgIDuxYvpLw"",""url"":""https://lh3.googleusercontent.com/geougc-cs/AB3l90DnjqJSxlxOnfny6YlMQGj6D70s9feyfCAl5wnZITcn7aTn7iXbedNsJPNt8nZS0-uVKUeAICYdgsggvL3Bf0NqPZ2AF43AVq67wyzdC4d7Xt9Gvp6bbhNxewd8XDLMHpJUymQ4=s1024"",""caption"":null,""width"":4080,""height"":3060},{""id"":""CIHM0ogKEICAgIDuxYvprwE"",""url"":""https://lh3.googleusercontent.com/geougc-cs/AB3l90AmRlKTnC_I5IUz3ks8h8buGSWI6AwWzKBImeqm3tKPuRHdoPEs54wGrSzj0GXW1iktEIq-VW3zIus-j_imK206wplS11bgmBmSTuXSX8lCbgESz9vymMZ2JWU5_GK2V9FzTiJ0=s1024"",""caption"":null,""width"":4080,""height"":3060},{""id"":""CIHM0ogKEICAgIDuxYvpbw"",""url"":""https://lh3.googleusercontent.com/geougc-cs/AB3l90DbKIauGTL_7VUkyZNiyAaPgLl4wEqfxKbw-SsnIxjr5BTUaoi4p-v72Vi1UjiKgsBE1-6H6H3sn9n0F9fqZUM1Qnexm9xUcX63FFFSt8J20Uqa9XfZAW1v4UO0elfZUn4R6Hh2=s1024"",""caption"":null,""width"":4080,""height"":3060},{""id"":""CIHM0ogKEICAgIDuxYvp7wE"",""url"":""https://lh3.googleusercontent.com/geougc-cs/AB3l90CbSbHNwe1GGkVIgYwxRyhTwL39Q1NfHYsHbN2g8xLmL2jaXOckTIKAhD3ezmAcJVPdGT1iXnD6vWZX2AE5p0dPidpXNTKKsisxchW_rqyEdVAZqFG_NQiIfuMHT44A4vDxC3EK=s1024"",""caption"":null,""width"":4080,""height"":3060},{""id"":""CIHM0ogKEICAgIDuxYvpHw"",""url"":""https://lh3.googleusercontent.com/geougc-cs/AB3l90AgqguwRMgpXWUgqfwRpb51NN1TJiFF2B8_esnlFFCT2xKIVOXyDxZNzlrdbpTSURflp4uR3k1AzSkgRIf3os9Ezg00WqZjN2vOzoOYXyQVmYgFZNhzmL5436EVW8JweBJtdtx_=s1024"",""caption"":null,""width"":4080,""height"":3060},{""id"":""CIHM0ogKEICAgIDuxYvpnwE"",""url"":""https://lh3.googleusercontent.com/geougc-cs/AB3l90AcwoyFfaL1GpHSt_o7D5yQ9-2ZvDzU2sUAO_hC6CLi61fNMNwLXcErAITx2AkDHBcgnNGcfRLAgXJrqFuxSl1mapk69tgQUe9VNgv6Xpr7zmmZO-UtG407po-9sChzKvCwJKUN2Q=s1024"",""caption"":null,""width"":4080,""height"":3060},{""id"":""CIHM0ogKEICAgIDuxYvpXw"",""url"":""https://lh3.googleusercontent.com/geougc-cs/AB3l90BMOFNzM0Vt4tCK5f0keZfhJyFULbwtkg8ZiNISphgNEI6cYO0sq8VSTN3uEnFyyHkGHjOsN-FfOXSQaIEVd2brOGWNp3T1iB5OQbmDJeYZdUMwOjpm0qx5s6kspFBhfTJG90Eu=s1024"",""caption"":null,""width"":4080,""height"":3060},{""id"":""CIHM0ogKEICAgID-7-vXnAE"",""url"":""https://lh3.googleusercontent.com/geougc-cs/AB3l90ACdPHQOKCJJKlJQdwa8xE4k76aTdFiCqwMimpylcObpG9y3I-W3Kpm8N3mMQkqdymCKuaMvFypBXfr_SoVdqBKBYC2FjnuUaaYNG1LidggTDOWddV5cB6m8zjmESiTnPnFxqOLdA=s1024"",""caption"":null,""width"":1920,""height"":1080}]"
ChIJcXANOYkF2C0RZKUhfFe6DEc,Alun-Alun Bangkalan,ChdDSUhNMG9nS0VJQ0FnSUR1d196ZzNBRRAB,https://www.google.com/maps/reviews/data=!4m8!14m7!1m6!2m5!1sChdDSUhNMG9nS0VJQ0FnSUR1d196ZzNBRRAB!2m1!1s0x0:0x470cba577c21a564!3m1!1s2@1:CIHM0ogKEICAgIDuw_zg3AE%7CCgwIgsurmAYQsO7qnwE%7C?hl=id,Hilmi Izzuddin,100494778605825987690,https://www.google.com/maps/contrib/100494778605825987690?hl=id,4,"Sebenarnya alun-alun ini lebih sejuk dari sekitar ya karena banyak pepohonan rindang, tapi karena banyak fasilitas umum yang tak terawat dan banyak ya sampah yang berserakan jadi membuat kesan kumuh pada alun-alun ini.

Tapi saya senang karena setelah melewati terik menuju alun-alun, disuguhi kesejukan pepohonan alun-alun.

Ada aula, tempat duduk, toilet umum (berbayar sepertinya), dan warung-warung.",3 tahun lalu,2022-08-28T03:47:45,,,,369,2328,1,,,"[{""name"":""Toilet"",""value"":null},{""name"":null,""value"":""Toilet""}]","[{""id"":""CIHM0ogKEICAgIDuw_yssQE"",""url"":""https://lh3.googleusercontent.com/geougc-cs/AB3l90DpTD4PM2t95fxaU_yLuekddhj0F-6PFugiR-IVssMDBOHztjdsFWbxyvkFm0PkB0gShQMGSQP55oTtIIo9fXY2e7TqGi-lJyyu8Y57IKVd2D0C_twuQRAIWoEa-J7OBBWPCYtP=s1024"",""caption"":null,""width"":2628,""height"":4672},{""id"":""CIHM0ogKEICAgIDuw_yscQ"",""url"":""https://lh3.googleusercontent.com/geougc-cs/AB3l90AKXQpU1q7erZZkrtS_bkAzmS_lFET6o1AWCYV7e3fVJrbUSyBH_TBwNCIZ7V4be5cS82SLJDXpFb3CDMc4NWNfMrtN9DUDkHeNp-YolYpJk-DhxE3o-P8lKjFJ27tCqgtVtjB4=s1024"",""caption"":null,""width"":2628,""height"":4672},{""id"":""CIHM0ogKEICAgIDuw_ys8QE"",""url"":""https://lh3.googleusercontent.com/geougc-cs/AB3l90D35d9MOBKD8ers0x4bRY7ZDicNU0fo8aUcPcAOsa6PrQWvnxymoxIC5IBq0Zglx_-HnESV_St6lXyaHGHEpZ1rA4HtBheWtqwPx1FJbBwEqqM_iSe7NQCzjjZUB_B-CpFYAXsxoQ=s1024"",""caption"":null,""width"":2628,""height"":4672}]"
ChIJdYiT9mwD2C0RxgSgpJ11xFc,Pangkalan TNI AL Batuporon,Ci9DQUlRQUNvZENodHljRjlvT2xwVVNYTlJPRVU1TFRSclYwTlNiSFpZVEd4V2VWRRAB,https://www.google.com/maps/reviews/data=!4m8!14m7!1m6!2m5!1sCi9DQUlRQUNvZENodHljRjlvT2xwVVNYTlJPRVU1TFRSclYwTlNiSFpZVEd4V2VWRRAB!2m1!1s0x0:0x57c4759da4a004c6!3m1!1s2@1:CAIQACodChtycF9oOlpUSXNROEU5LTRrV0NSbHZYTGxWeVE%7C0cQ9MxGON7I%7C?hl=id,fitry nurjanah,104372480061214661303,https://www.google.com/maps/contrib/104372480061214661303?hl=id,5,"Perdana kesini
Lewat pesisir pantai pengen tembus ke Suramadu
Eh ternyata ujungnya pangkalan TNI
Otomatis harus putar balik

Tapi sejenak istirahat di pinggir pantai yang syahdu, ditemani rujak & Popo ice pesan di warung"" samping jalan",3 bulan lalu,2025-07-08T05:00:45,,,,134,923,1,,,[],"[{""id"":""CIABIhC0Q2DrxthqMO4Tfjso1WcE"",""url"":""https://lh3.googleusercontent.com/geougc-cs/AB3l90BU7JKeIEO7JqsnM-9yjJ6l57y9xc5j5GgDb1hqH_T8XdPkZ9iGQL0C_9drBtUYF1xTiQan2rNiPUXhKlv9GJ59u7P0sqkyYbq1jQa3zsCmqAY-XbG-sbTdGBpFDsu0PLjpPEHFG_DdwlNd=s1024"",""caption"":null,""width"":1080,""height"":1920},{""id"":""CIABIhDHXRSxgUJP8NAEIzHXeDGG"",""url"":""https://lh3.googleusercontent.com/geougc-cs/AB3l90AbfPPHy1-gErnke4vzU38gjqG7o3sAulDstNrKAPCxNv2jEbl_sCd3uTMuANaopUT_i-blIpOEhLu7_GWtqppTWOcCDs_GUkIkv96kGygK_yX3-0oMM7GfWS957mkMLTbpFBKvyy8Yfjxo=s1024"",""caption"":null,""width"":3072,""height"":4096},{""id"":""CIABIhDKpc-NqEH0KKabk-I0tBtC"",""url"":""https://lh3.googleusercontent.com/geougc-cs/AB3l90B_WI3Ybewf_hH7c_40MfPccNyyEW58HGykd6-aoNsPf9jmLDyoEsbdTuDmEZBgprJ_UC855AgUAGwi2uA0Nlc_uKS50sFgS-RUJiO_ZpKsiHZHuRXPeH3xn_WQasAIEFEco3wovKKFk5Y=s1024"",""caption"":null,""width"":2448,""height"":3264},{""id"":""CIABIhDs8aEuzRTqmcl3rk2g9ipR"",""url"":""https://lh3.googleusercontent.com/geougc-cs/AB3l90AhzVftk3qyepKebSLRgtzmA5kZOXYOeBQMD1f7rmPG02gS3TC7qhZB-KzrGhkMLQ-EmkE3qwN7QZzzfwIC3kz3B6SfxhSX1mdN-2L1Ga8CzaLqv81MsD-6kfW6ZtdYRiUPXv9boVt5Z48=s1024"",""caption"":null,""width"":3072,""height"":4096},{""id"":""CIABIhAVYhE1s0PC6LXMx60ST6IG"",""url"":""https://lh3.googleusercontent.com/geougc-cs/AB3l90AVZl8nxPe4FwxiHJum6mvo_JrVlEu3grcPIOGU1f1JrcKLlP9fWsjOgy73PxbEnEssbRmP6pB560CacW9JH8mPoazz29zh0rrYaIYPWvQuu7Xg_Z6aFiTfQdDbGprvmTd9Qh85Ly2f73Ol=s1024"",""caption"":null,""width"":3072,""height"":4096},{""id"":""CIABIhDdm-lXg_JkGV2V44-ntSMp"",""url"":""https://lh3.googleusercontent.com/geougc-cs/AB3l90AaXCKVhZfBWKw6BZ2eNj8gO3EvVcfB_jlPbajO6pzhoWuO1Zb6IOfy_XfsgzypKtyj-9E7YYOkZWEKo0IJP6HrzQ8jAOhNXDH1qr9cTjyP8yIDX93b4lV1m6pwuBjkZvblDWV5TU7-HAlS=s1024"",""caption"":null,""width"":3072,""height"":4096},{""id"":""CIABIhA8Z5gWFD9zjE5Q1xm6pe1e"",""url"":""https://lh3.googleusercontent.com/geougc-cs/AB3l90A3gwJR5WP0Hnswa5sZwREFSEwdnMJNJeVKQrK8OvhNg7-0ekrhSizQW4_gdiHyROI1kHhAtBT7V6Q3YxjNJQS40q6YBJNmsaYgiCnM5U7-qegxuIr743kahNo7TpnuD3xpvGlxbBC3EB6p=s1024"",""caption"":null,""width"":1920,""height"":1440},{""id"":""CIABIhBKzbuHGZFgwnzGfqyL418I"",""url"":""https://lh3.googleusercontent.com/geougc-cs/AB3l90AO_d0bKCW7VhWVtrPMuYvlVd8YZuG_Hi3DbbcpAQ6sv1Qe-EYWc9H5pvE8zyDxLhmigvKMQ2LLOIIlMn0zEMFd3qiRYFWBcDTfB9lcDf1BgAq2cGssiASHOVDaPBplC2NcYHhADfwyBk_c=s1024"",""caption"":null,""width"":1440,""height"":1920}]"
ChIJdYiT9mwD2C0RxgSgpJ11xFc,Pangkalan TNI AL Batuporon,ChdDSUhNMG9nS0VJQ0FnSURabElxY25nRRAB,https://www.google.com/maps/reviews/data=!4m8!14m7!1m6!2m5!1sChdDSUhNMG9nS0VJQ0FnSURabElxY25nRRAB!2m1!1s0x0:0x57c4759da4a004c6!3m1!1s2@1:CIHM0ogKEICAgIDZlIqcngE%7CCgsI1Y3EqAYQ-J3qUg%7C?hl=id,Dwi Saputro,100697505267623098835,https://www.google.com/maps/contrib/100697505267623098835?hl=id,5,Enak duduk tepi laut lihat kapal besar2,2 tahun lalu,2023-09-25T03:59:55,,,,1,3,,,,[],"[{""id"":""CIHM0ogKEICAgIDZlKq0Vg"",""url"":""https://lh3.googleusercontent.com/geougc-cs/AB3l90BLTiT0ns6WokE277HkqIKu7wz822Ap24ssLBLzWbOzLWGEaOfCQCi8JNjlu-tflpuenfWlKPW0Z-ZWjVNpFU7c7FkoTq5x3J2L_LTqL-8WgRz_AWrnKK9r5X14Y5-yxPvCyTwy=s1024"",""caption"":null,""width"":4128,""height"":2322},{""id"":""CIHM0ogKEICAgIDZlKq01gE"",""url"":""https://lh3.googleusercontent.com/geougc-cs/AB3l90BQnaucaXKPOV19HnnPFZdin_OQvn550PMvhExkhYDk4hFPPhBSGkI8HNxzcnWoCvDWkaJXhaAD9jCXGlmcxK4qlSvMCT59tdqnS3CS2QBCtqGZ-m3u9cam95LY6vQXqBZJ6I-l=s1024"",""caption"":null,""width"":1080,""height"":1920},{""id"":""CIHM0ogKEICAgIDZlKq0Ng"",""url"":""https://lh3.googleusercontent.com/geougc-cs/AB3l90DnhkdjQVNUSX4qxpNFpWZLcn0Lnc5eNxriYJNBte4C9k1dB7Wfi929o01voS2_hk2ds6oTLmMNemvzcc46xrzaCoq2pnHERJPilGLrmXPRva456EoHZVUxY-L3Qe_BOBQ3l7g=s1024"",""caption"":null,""width"":1080,""height"":1920}]"
ChIJdYiT9mwD2C0RxgSgpJ11xFc,Pangkalan TNI AL Batuporon,ChZDSUhNMG9nS0VJQ0FnSURWd2ZDQ2NnEAE,https://www.google.com/maps/reviews/data=!4m8!14m7!1m6!2m5!1sChZDSUhNMG9nS0VJQ0FnSURWd2ZDQ2NnEAE!2m1!1s0x0:0x57c4759da4a004c6!3m1!1s2@1:CIHM0ogKEICAgIDVwfCCcg%7CCgsI05bmqwYQuPjXcQ%7C?hl=id,Aulia Ramadhani,106297685515245854853,https://www.google.com/maps/contrib/106297685515245854853?hl=id,5,Saat sore pemandangan nya bagus ,setahun lalu,2023-12-13T10:45:39,,,,3,7,,,,[],"[{""id"":""CIHM0ogKEICAgIDVwfCCigE"",""url"":""https://lh3.googleusercontent.com/geougc-cs/AB3l90CWG0V5UqRD_J-X0XEf8lvKpG5HYDYaW3h-VN_MjiIw95YTU3nkkZyV-9MUmtZx4PZD0Oh594NU7kJGOiDQ24h4Hw5xKqMJUr0MxKTL2txPROp6CLN56Zrt1oCjlZYWQGnEoqB8=s1024"",""caption"":null,""width"":3264,""height"":2448},{""id"":""CIHM0ogKEICAgIDVwfCCSg"",""url"":""https://lh3.googleusercontent.com/geougc-cs/AB3l90DZtA4R_Vkl1QUaFNIWzMMh9C34cve_tpG9RqGiIewAFjFke__39xpqfbi4orULOSFPKj8zYgrIkAZLgbKR4EOWfKrT0L02JfBg7RX4Wohjr_CbRoeJvde5y2RhDU2dBFnP4wiY=s1024"",""caption"":null,""width"":3264,""height"":2448}]"
ChIJdYiT9mwD2C0RxgSgpJ11xFc,Pangkalan TNI AL Batuporon,ChZDSUhNMG9nS0VJQ0FnSURQNnViV1B3EAE,https://www.google.com/maps/reviews/data=!4m8!14m7!1m6!2m5!1sChZDSUhNMG9nS0VJQ0FnSURQNnViV1B3EAE!2m1!1s0x0:0x57c4759da4a004c6!3m1!1s2@1:CIHM0ogKEICAgIDP6ubWPw%7CCgsIx_OvugYQuPm0RQ%7C?hl=id,Ranu Wardana,104453557725907264439,https://www.google.com/maps/contrib/104453557725907264439?hl=id,1,bayar 2rb wkwkkw buat masuk doang,10 bulan lalu,2024-12-01T05:53:11,,,,2,1,,,,[],[]
ChIJdYiT9mwD2C0RxgSgpJ11xFc,Pangkalan TNI AL Batuporon,ChdDSUhNMG9nS0VJQ0FnTUNnNUlpUjVBRRAB,https://www.google.com/maps/reviews/data=!4m8!14m7!1m6!2m5!1sChdDSUhNMG9nS0VJQ0FnTUNnNUlpUjVBRRAB!2m1!1s0x0:0x57c4759da4a004c6!3m1!1s2@1:CIHM0ogKEICAgMCg5IiR5AE%7CCgwI9qC8vQYQkKam0wI%7C?hl=id,Anik Inda,112712948723443164249,https://www.google.com/maps/contrib/112712948723443164249?hl=id,5,kenangan masa kecil dan praremaja,8 bulan lalu,2025-02-14T09:44:22,,,,1,0,,,,[],[]
ChIJdYiT9mwD2C0RxgSgpJ11xFc,Pangkalan TNI AL Batuporon,ChdDSUhNMG9nS0VJQ0FnSUNmNnVmUDZnRRAB,https://www.google.com/maps/reviews/data=!4m8!14m7!1m6!2m5!1sChdDSUhNMG9nS0VJQ0FnSUNmNnVmUDZnRRAB!2m1!1s0x0:0x57c4759da4a004c6!3m1!1s2@1:CIHM0ogKEICAgICf6ufP6gE%7CCgwI9vS9uwYQuJjpwwM%7C?hl=id,Anik Ari Istiqomah,108420044509549747977,https://www.google.com/maps/contrib/108420044509549747977?hl=id,5,Tempat Dinas Bapak Dahulu kala,9 bulan lalu,2024-12-28T04:11:34,,,,36,70,1,,,[],[]
ChIJdYiT9mwD2C0RxgSgpJ11xFc,Pangkalan TNI AL Batuporon,ChZDSUhNMG9nS0VJQ0FnSUM4MDQ3b0NnEAE,https://www.google.com/maps/reviews/data=!4m8!14m7!1m6!2m5!1sChZDSUhNMG9nS0VJQ0FnSUM4MDQ3b0NnEAE!2m1!1s0x0:0x57c4759da4a004c6!3m1!1s2@1:CIHM0ogKEICAgIC8047oCg%7CCgwIr5qx-AUQ2PGo9AE%7C?hl=id,Melinda Agustin,108163646936615634398,https://www.google.com/maps/contrib/108163646936615634398?hl=id,5,Sejuta kenangan ,5 tahun lalu,2020-07-13T11:59:57,,,,6,22,1,,,[],"[{""id"":""CIHM0ogKEICAgIC8046lOw"",""url"":""https://lh3.googleusercontent.com/geougc-cs/AB3l90BA1Qgukq0DkuDSIz6cXA1W1JETkc9MmLeuaDdtPYkX2K5K4S2ct7rjvyLDJ5DRY4u__K839Tnq4tQYy5JSNhO8godvVe5-4P-2sDTKKjK7GmxlDUjWE09zcHaO_mpcK0SeymG4=s1024"",""caption"":null,""width"":4160,""height"":3120},{""id"":""CIHM0ogKEICAgIC8046luwE"",""url"":""https://lh3.googleusercontent.com/geougc-cs/AB3l90DUBx8Jt2a-TrPVTeZXZSUlCp7xPCod-EYum2P3SJdYi6AJrk8Hk9n6kaSPjgNE0TrdestP6Skhl4pxguhVJPR0tuHtm8jWtQJuSkH9c4DXXa5L1Q-0zUtZQbmOfcRGJCzT4Qw1=s1024"",""caption"":null,""width"":4160,""height"":3120}]"
ChIJdYiT9mwD2C0RxgSgpJ11xFc,Pangkalan TNI AL Batuporon,ChZDSUhNMG9nS0VJQ0FnSURXNksyakRREAE,https://www.google.com/maps/reviews/data=!4m8!14m7!1m6!2m5!1sChZDSUhNMG9nS0VJQ0FnSURXNksyakRREAE!2m1!1s0x0:0x57c4759da4a004c6!3m1!1s2@1:CIHM0ogKEICAgIDW6K2jDQ%7CCgwInqq8kQYQiIuH2QM%7C?hl=id,Sandy prakoso,111511431643547137993,https://www.google.com/maps/contrib/111511431643547137993?hl=id,5,,3 tahun lalu,2022-03-14T10:12:46,,,,2,3,,,,[],[]
ChIJpYAJ6cr51y0Rtyuco6Tjfgc,Pantai Bulak,Ci9DQUlRQUNvZENodHljRjlvT2tjeGFVeHpObE5aVWxCV1JUZFBWRTlXVVRacFlYYxAB,https://www.google.com/maps/reviews/data=!4m8!14m7!1m6!2m5!1sCi9DQUlRQUNvZENodHljRjlvT2tjeGFVeHpObE5aVWxCV1JUZFBWRTlXVVRacFlYYxAB!2m1!1s0x0:0x77ee3a4a39c2bb7!3m1!1s2@1:CAIQACodChtycF9oOkcxaUxzNlNZUlBWRTdPVE9WUTZpYXc%7C0cSV_z7pAoz%7C?hl=id,Afif Abdur Rofik Bachtiar,110123641935982955861,https://www.google.com/maps/contrib/110123641935982955861?hl=id,5,Tuh pantai di daerah Kenjeran Surabaya bukan di daerah jakarta,3 bulan lalu,2025-07-15T07:55:43,,,,28,5,1,,,[],[]
ChIJpYAJ6cr51y0Rtyuco6Tjfgc,Pantai Bulak,ChdDSUhNMG9nS0VJQ0FnSUM5ay1UWGhRRRAB,https://www.google.com/maps/reviews/data=!4m8!14m7!1m6!2m5!1sChdDSUhNMG9nS0VJQ0FnSUM5ay1UWGhRRRAB!2m1!1s0x0:0x77ee3a4a39c2bb7!3m1!1s2@1:CIHM0ogKEICAgIC9k-TXhQE%7CCgwItcGwrwYQ8JmB-QI%7C?hl=id,Siti Mariyam,112438773002294684236,https://www.google.com/maps/contrib/112438773002294684236?hl=id,5,Bagus sekali,setahun lalu,2024-03-09T08:41:25,,,,1,0,,,,[],[]
ChIJpYAJ6cr51y0Rtyuco6Tjfgc,Pantai Bulak,ChZDSUhNMG9nS0VJQ0FnSUNVNHRqaEdBEAE,https://www.google.com/maps/reviews/data=!4m8!14m7!1m6!2m5!1sChZDSUhNMG9nS0VJQ0FnSUNVNHRqaEdBEAE!2m1!1s0x0:0x77ee3a4a39c2bb7!3m1!1s2@1:CIHM0ogKEICAgICU4tjhGA%7CCgwI7qjV6QUQoIzBoQE%7C?hl=id,juan alman,111224100914042898996,https://www.google.com/maps/contrib/111224100914042898996?hl=id,3,pantai bagus buat melihat keindahan dunia,6 tahun lalu,2019-07-22T06:15:10,,,,19,4,1,,,[],[]
ChIJpYAJ6cr51y0Rtyuco6Tjfgc,Pantai Bulak,ChdDSUhNMG9nS0VJQ0FnSUNXdWRYb3dBRRAB,https://www.google.com/maps/reviews/data=!4m8!14m7!1m6!2m5!1sChdDSUhNMG9nS0VJQ0FnSUNXdWRYb3dBRRAB!2m1!1s0x0:0x77ee3a4a39c2bb7!3m1!1s2@1:CIHM0ogKEICAgICWudXowAE%7CCgwIi7r9kAYQkOj_qwM%7C?hl=id,arsya NZ,104957974793448712176,https://www.google.com/maps/contrib/104957974793448712176?hl=id,5,Kalo hari libur rame,3 tahun lalu,2022-03-02T12:03:07,,,,24,20,1,,,[],[]
ChIJpYAJ6cr51y0Rtyuco6Tjfgc,Pantai Bulak,ChZDSUhNMG9nS0VJQ0FnSURJa2FPeUh3EAE,https://www.google.com/maps/reviews/data=!4m8!14m7!1m6!2m5!1sChZDSUhNMG9nS0VJQ0FnSURJa2FPeUh3EAE!2m1!1s0x0:0x77ee3a4a39c2bb7!3m1!1s2@1:CIHM0ogKEICAgIDIkaOyHw%7CCgwIoJPV4QUQw5C-nwM%7C?hl=id,andien daru,116932687357803661129,https://www.google.com/maps/contrib/116932687357803661129?hl=id,4,Maen layangan dulu,6 tahun lalu,2019-01-09T01:08:28,,,,70,489,1,,,[],[]
ChIJpYAJ6cr51y0Rtyuco6Tjfgc,Pantai Bulak,ChZDSUhNMG9nS0VJQ0FnSUNneExlRUZREAE,https://www.google.com/maps/reviews/data=!4m8!14m7!1m6!2m5!1sChZDSUhNMG9nS0VJQ0FnSUNneExlRUZREAE!2m1!1s0x0:0x77ee3a4a39c2bb7!3m1!1s2@1:CIHM0ogKEICAgICgxLeEFQ%7CCgwI4prJzQUQwPGsvAE%7C?hl=id,Aurelia Putri,110402706353752135497,https://www.google.com/maps/contrib/110402706353752135497?hl=id,5,Pantai ini sangat menyenangkan,8 tahun lalu,2017-09-08T07:56:13,,,,1,0,,,,[],[]
ChIJpYAJ6cr51y0Rtyuco6Tjfgc,Pantai Bulak,ChdDSUhNMG9nS0VJQ0FnSURJMnF2eHNRRRAB,https://www.google.com/maps/reviews/data=!4m8!14m7!1m6!2m5!1sChdDSUhNMG9nS0VJQ0FnSURJMnF2eHNRRRAB!2m1!1s0x0:0x77ee3a4a39c2bb7!3m1!1s2@1:CIHM0ogKEICAgIDI2qvxsQE%7CCgwItJqs4QUQpuarkgM%7C?hl=id,Dedi Edii,117087645622195905172,https://www.google.com/maps/contrib/117087645622195905172?hl=id,5,Asri...,6 tahun lalu,2019-01-01T06:48:12,,,,21,45,1,,,[],[]
ChIJpYAJ6cr51y0Rtyuco6Tjfgc,Pantai Bulak,ChdDSUhNMG9nS0VJQ0FnSURJMnF2X2lRRRAB,https://www.google.com/maps/reviews/data=!4m8!14m7!1m6!2m5!1sChdDSUhNMG9nS0VJQ0FnSURJMnF2X2lRRRAB!2m1!1s0x0:0x77ee3a4a39c2bb7!3m1!1s2@1:CIHM0ogKEICAgIDI2qv_iQE%7CCgwIy5us4QUQ0tiahwE%7C?hl=id,nur asih,103383535859434075716,https://www.google.com/maps/contrib/103383535859434075716?hl=id,5,bagus..,6 tahun lalu,2019-01-01T06:50:41,,,,26,56,1,,,[],[]
ChIJ6WqczjyG1y0RZSejU0oLBGY,SONG-OSONG BEACH,ChdDSUhNMG9nS0VJQ0FnSURCbWZ6Nm9BRRAB,https://www.google.com/maps/reviews/data=!4m8!14m7!1m6!2m5!1sChdDSUhNMG9nS0VJQ0FnSURCbWZ6Nm9BRRAB!2m1!1s0x0:0x66040b4a53a32765!3m1!1s2@1:CIHM0ogKEICAgIDBmfz6oAE%7CCgwI6NHUngYQ8Lf8owI%7C?hl=id,Alifiana Mareta,113467200263329007402,https://www.google.com/maps/contrib/113467200263329007402?hl=id,5,"Bukan untuk wisatawan luar Kabupaten atau luar pulau, ini bagusnya emang buat warga lokal aja, apalagi deket rumah wkwk.
Apalagi tanaman bakaunya masih terjaga.
Serius, kalau lagi jenuh atau bosen main ke pantai sini sore-sore beneran bikin candu. MasyaAllah.",Diedit 2 tahun lalu,2023-01-23T12:05:43,,,,37,298,1,,,[],"[{""id"":""CIHM0ogKEICAgIDB84uXbg"",""url"":""https://lh3.googleusercontent.com/geougc-cs/AB3l90AO7YEjYNzSvZc266k1RVKarPBB3_Ak86-5v_9R3qVENUwYTb3GLFKgFdLXGsbK4IP_lH0fmvn0IODX5i7kC_6-GTzJkLLgWc5uE50Yb2V_1KoKYc4wkAJjpub5W65JrHomic2Q=s1024"",""caption"":null,""width"":1920,""height"":1080},{""id"":""CIHM0ogKEICAgIDBmfz6EA"",""url"":""https://lh3.googleusercontent.com/geougc-cs/AB3l90CxNFNTS-GRxOf1SJjnBdvtag4Fz5YhGfBwAsdrmh99dG0Zu7dQLZr7f-bTNka062mLRB7JDVwmG9KYdi_P3YPhpt4GR4GEB1Hnq_0J7u8bRKJC2bT4epuL4xakV4VFnrQy7V1-=s1024"",""caption"":null,""width"":2250,""height"":4000},{""id"":""CIHM0ogKEICAgIDBmfz6kAE"",""url"":""https://lh3.googleusercontent.com/geougc-cs/AB3l90An2CVObUsKcku5FAAdv9ALWLFijFtpKO_C8IEf2SWC6Ln5tC4jJtOJhVa1WmKiVf09N3gOLzSbOBccgRlGDXqLNeQACb-6AGpbfymkZZ0PaS-pMcpGSr4yzWX9qNQLjVwqHYlbjw=s1024"",""caption"":null,""width"":1836,""height"":3264},{""id"":""CIHM0ogKEICAgIDBmfz6UA"",""url"":""https://lh3.googleusercontent.com/geougc-cs/AB3l90BO1b6sy2Vgf-KpYBPXlD8KK6_UAFapaVid3XVdYapLfy2wW_XOBQOMa0mM9tMmmvp3f-Ijiy_ZcS0l60gWvfgVez9QoWYeQnGoQs0sLoXHZokf922_8Ln_RRPBDw7rr4bNeN4=s1024"",""caption"":null,""width"":2250,""height"":4000},{""id"":""CIHM0ogKEICAgIDBmfz60AE"",""url"":""https://lh3.googleusercontent.com/geougc-cs/AB3l90DXNeHJSvsAlygg-Ndno5HeNLR1scYfPUwnHaRtxK0bFuiNvhTFatEA17JUgFR6Bb_qpxzKQlOWAWVjeVBpERr8qE-S94xxJPJyy9vV7CT6YxonvdkIcktQhA5vQEWCzU4ayUzQng=s1024"",""caption"":null,""width"":2250,""height"":4000},{""id"":""CIHM0ogKEICAgIDBmfz6MA"",""url"":""https://lh3.googleusercontent.com/geougc-cs/AB3l90AI2TwKuEDHZiNxG-_6FuQkEA7f_X05nUFUipJSYpMOvpuiNU0T5z1MBHPzgG__1aVXPdzHi61Os3p6GKUjeFPJoR51LI1csadFdxyG9JbwYP8MbLOn0OHp3b5Mictj9fOOVyEw=s1024"",""caption"":null,""width"":2250,""height"":4000},{""id"":""CIHM0ogKEICAgIDBmfz6sAE"",""url"":""https://lh3.googleusercontent.com/geougc-cs/AB3l90DanM2EsSUzaHmazuhQTPbemhSVnIliw0fbA565RkoIUEtOjhSgg5zS8ugkejAWTT29b2CzvlIBefB4pWqFDTI0Kw-GSxacM9-XGXuDxDfC46GU7cZvjW9ButhYJJdlPPn14YmR=s1024"",""caption"":null,""width"":2250,""height"":4000},{""id"":""CIHM0ogKEICAgIDB84uXjgE"",""url"":""https://lh3.googleusercontent.com/geougc-cs/AB3l90B-UW84Fl8s4AAub2JTDIKRkuMzLbOWqZdDDdD-JYqvERzAtLkiBRttJB5oxtO2cTHJDBu9sOQQx81JzfhLMcN2bv5eNDBLVbWhvuDvBdm0kMy433Wpyft1MGRbGG68MX9IDVNl_w=s1024"",""caption"":null,""width"":3264,""height"":1836},{""id"":""CIHM0ogKEICAgIDB84uXTg"",""url"":""https://lh3.googleusercontent.com/geougc-cs/AB3l90CyQNP_h5uDxR0PDPmaPpDexTOSw6UYEPaEA4InG9cgRN-Br02pKyHUkhzn3taVGbsgTdbc_5MBlewwCtl9HC2fcGFSCaISWAbmlwRqTPrCjUie5LA2WGggSDCEVoY-YhibX9o=s1024"",""caption"":null,""width"":4000,""height"":2250},{""id"":""CIHM0ogKEICAgIDB84uXzgE"",""url"":""https://lh3.googleusercontent.com/geougc-cs/AB3l90DXo-vKjM5EBkbZYXbwLZTc_o9OQ0y44FL1Z2rYeNd72lYkgf1FEK5sIMxaJFQ6b_MCPHrnZrgvBdZpX_jgWzl955qh0n42aBRl10oHE_5p8iEQRZCwWgyIweWiPvj53-3Na10KvQ=s1024"",""caption"":null,""width"":3264,""height"":1836},{""id"":""CIHM0ogKEICAgIDB84uXLg"",""url"":""https://lh3.googleusercontent.com/geougc-cs/AB3l90BB3b8S_gGKc0E1ACrZMgaoYukosXvdJP82AuYMDMmKmqAdRZ1qxj9n-Z46gNoBlih-mVaVOeTwJe9zd8d6INZdEX7IIT8CtoKESYYh9_Rkq1PONapLjEgM0BuHgLM8ocNHadEo=s1024"",""caption"":null,""width"":3264,""height"":1836},{""id"":""CIHM0ogKEICAgIDB84uXrgE"",""url"":""https://lh3.googleusercontent.com/geougc-cs/AB3l90DfSjv3-Zrl1ureO2nMhEo8OPGNu2bNXtqGmOy7LWm37M7vm-2UxxYZMUpkRKDqMBag4Jg0G2pb8ignLbCNt6pmnE_-S2mYu6k8DcpULnDsJJ9zi9n4XOEFBM1j1aQWJCcN291B=s1024"",""caption"":null,""width"":3264,""height"":1836},{""id"":""CIHM0ogKEICAgIDB84uX7gE"",""url"":""https://lh3.googleusercontent.com/geougc-cs/AB3l90DyEBVn1B7_etQfwTIXSmx1q-uUgpPT9XHpfxx8TvmUZ9Shi2zxHSsCQgkH5eetHdGxqEcu0nsxrImIlOHBjEgSVerB3saSd8HMnH-sCxx2idi6oxZQ0ehB1mAalHxva3GOxG2V=s1024"",""caption"":null,""width"":3264,""height"":1836},{""id"":""CIHM0ogKEICAgIDB84uXHg"",""url"":""https://lh3.googleusercontent.com/geougc-cs/AB3l90Cwp9nHXmImO1nNOAK5LYUyCwr7HYPulAvMQ2L9sHntpHw5ty9enZ5ylw85aB8zcCxGDZpmffYM1pwuJcrg4boxHJ8wjKEGKZzw9OU_KNIh7seNARWCJDQimxJ_w_8vz_uBwhGK=s1024"",""caption"":null,""width"":4000,""height"":2250},{""id"":""CIHM0ogKEICAgIDB84uXngE"",""url"":""https://lh3.googleusercontent.com/geougc-cs/AB3l90CgCHqRx8xGiH-p7eCHhSYYNpp_LoXquBYF9h0_OvcsstNSQhO8jf9ZN_wi5kEB7rNu1fWMtBzKynCBqMYiywaiwVCFNZBNskqp5OiTJzCE2nWup7CN_AaPBOHKltKufRph0mlp=s1024"",""caption"":null,""width"":3264,""height"":1836},{""id"":""CIHM0ogKEICAgIDB84uXXg"",""url"":""https://lh3.googleusercontent.com/geougc-cs/AB3l90BqwbdueRBfL6NdkxltiN5yfHjGMvQRasM_Z7GJlQYvHHV22VnHmzeJqxV__O14A_6S2qfvFRb34C1SasiJ4U5vF0S--CsN7Y7mXXc3f-qESozkt2nMjPwkDH6O7vGWfGefzGLR=s1024"",""caption"":null,""width"":4000,""height"":2250},{""id"":""CIHM0ogKEICAgIDB84uX3gE"",""url"":""https://lh3.googleusercontent.com/geougc-cs/AB3l90DqhL9w_cVMhu6u-bndJX-SQOKp3_-xqcQz02GL8HIpEeA3bbJfvitIxdL2UI0y-r8RQE5bn433NNX_vgz9n3Oc_HbCY08fE2DCAChv86Chxj60omKNaama-iZK5uDIdBAONfM9sg=s1024"",""caption"":null,""width"":4000,""height"":2250},{""id"":""CIHM0ogKEICAgIDB84uXPg"",""url"":""https://lh3.googleusercontent.com/geougc-cs/AB3l90AyQrf7W1Pg7Q7w33VIE3pD8qa7EfwzX4e7Mb79GHFgd3C0ZuyZ9CiwRQpL5GN1d4mzNXK4GnSxobsEPaMWIy-YRHGYoOdV_XjLppDyVRfvK91TPHEmkkgpNCI8y_6JecNh6JkU=s1024"",""caption"":null,""width"":4000,""height"":2250}]"
ChIJ6WqczjyG1y0RZSejU0oLBGY,SONG-OSONG BEACH,ChZDSUhNMG9nS0VJQ0FnSUQtdW82cFBnEAE,https://www.google.com/maps/reviews/data=!4m8!14m7!1m6!2m5!1sChZDSUhNMG9nS0VJQ0FnSUQtdW82cFBnEAE!2m1!1s0x0:0x66040b4a53a32765!3m1!1s2@1:CIHM0ogKEICAgID-uo6pPg%7CCgsIoeCOnAYQ0Iq6CQ%7C?hl=id,Hendra Susanto,117564327915385609455,https://www.google.com/maps/contrib/117564327915385609455?hl=id,5,"Di pantai ini bisa liat pulau mandangin dan untuk berenang cocok untuk anak-anak karena ombaknya tidak terlalu besar, kalau sore hari bisa liat senja, akses menuju pantai lumayan.",2 tahun lalu,2022-11-27T18:44:49,,,,41,136,1,,,[],"[{""id"":""CIHM0ogKEICAgID-uo6p_gE"",""url"":""https://lh3.googleusercontent.com/geougc-cs/AB3l90C4D82Bm0Cdr17xW4i_pRKif9Th-TvUBryiz4DSZ4Z_MVj8LEvl7R6JWL-PETxO42OwhHxqWMlONepccBxcGNRBWIEdqxLvSN-zzqt8gqwx6i-Cfq2P6HNZbohOvBaL0APm4jrp=s1024"",""caption"":null,""width"":3841,""height"":2881},{""id"":""CIHM0ogKEICAgID-uo6pAQ"",""url"":""https://lh3.googleusercontent.com/geougc-cs/AB3l90AyMc3YBkKIfwp-0sp3eT4AyQRbRiHFlf3qPw9ZOrWuom-allwpI05M6lgCQ_vOWU0UhyYBm_MC1TI58xT2sruwFS1Py1j7DU9QR8BWWxRnm4FcH9x_k6arCAPMriByiRb5V3o=s1024"",""caption"":null,""width"":3820,""height"":2865}]"
ChIJ6WqczjyG1y0RZSejU0oLBGY,SONG-OSONG BEACH,Ci9DQUlRQUNvZENodHljRjlvT25WTWNFa3hOMUpCVlVkRVRVZ3lMVEYyZUdscFMwRRAB,https://www.google.com/maps/reviews/data=!4m8!14m7!1m6!2m5!1sCi9DQUlRQUNvZENodHljRjlvT25WTWNFa3hOMUpCVlVkRVRVZ3lMVEYyZUdscFMwRRAB!2m1!1s0x0:0x66040b4a53a32765!3m1!1s2@1:CAIQACodChtycF9oOnVMcEkxN1JBVUdETUgyLTF2eGlpS0E%7C0cQGDdqpOnU%7C?hl=id,Muhammad Asrori,113557381302033575013,https://www.google.com/maps/contrib/113557381302033575013?hl=id,5,"Tempat nelayan,pantai pasir kuning kalo surut baik main"" layang,cari kerang,sepak bola kalo pasang sebaliknya",3 bulan lalu,2025-07-08T12:48:41,,,,9,8,,,,[],[]
ChIJ6WqczjyG1y0RZSejU0oLBGY,SONG-OSONG BEACH,Ci9DQUlRQUNvZENodHljRjlvT2xOR1lsZHNZalZYYVdkQk5Wa3phelZqUzNNMVdsRRAB,https://www.google.com/maps/reviews/data=!4m8!14m7!1m6!2m5!1sCi9DQUlRQUNvZENodHljRjlvT2xOR1lsZHNZalZYYVdkQk5Wa3phelZqUzNNMVdsRRAB!2m1!1s0x0:0x66040b4a53a32765!3m1!1s2@1:CAIQACodChtycF9oOlNGYldsYjVXaWdBNVkzazVjS3M1WlE%7C0cOuSESb4X5%7C?hl=id,Ali Makki,112922509661934158703,https://www.google.com/maps/contrib/112922509661934158703?hl=id,5,Sangat menyenangkan,3 bulan lalu,2025-07-04T10:05:03,,,,2,0,,,,[],[]
ChIJ6WqczjyG1y0RZSejU0oLBGY,SONG-OSONG BEACH,ChZDSUhNMG9nS0VJQ0FnSURNc3ZpLUN3EAE,https://www.google.com/maps/reviews/data=!4m8!14m7!1m6!2m5!1sChZDSUhNMG9nS0VJQ0FnSURNc3ZpLUN3EAE!2m1!1s0x0:0x66040b4a53a32765!3m1!1s2@1:CIHM0ogKEICAgIDMsvi-Cw%7CCgsIv--H8AUQwKaKKQ%7C?hl=id,Yaumil Akbar,100863734505945865547,https://www.google.com/maps/contrib/100863734505945865547?hl=id,5,"Pantainya luar biasa....
Saran kami lakukan pengawasan mangrove di pesisir pantai agar terjaga mangrove  tersebut.",5 tahun lalu,2019-12-24T11:34:23,,,,10,915,1,,,[],[]
ChIJ6WqczjyG1y0RZSejU0oLBGY,SONG-OSONG BEACH,ChZDSUhNMG9nS0VJQ0FnSUNvcXYzX0NBEAE,https://www.google.com/maps/reviews/data=!4m8!14m7!1m6!2m5!1sChZDSUhNMG9nS0VJQ0FnSUNvcXYzX0NBEAE!2m1!1s0x0:0x66040b4a53a32765!3m1!1s2@1:CIHM0ogKEICAgICoqv3_CA%7CCgwI9daB4wUQ2JTqkgI%7C?hl=id,Picky Pick,117605747199352893594,https://www.google.com/maps/contrib/117605747199352893594?hl=id,5,mohon support nya. untuk merealisasi  sebagai objek wisata baru,6 tahun lalu,2019-02-10T18:17:46,,,,25,151,1,,,[],[]
ChIJ6WqczjyG1y0RZSejU0oLBGY,SONG-OSONG BEACH,ChZDSUhNMG9nS0VJQ0FnSURndDZ6VVFBEAE,https://www.google.com/maps/reviews/data=!4m8!14m7!1m6!2m5!1sChZDSUhNMG9nS0VJQ0FnSURndDZ6VVFBEAE!2m1!1s0x0:0x66040b4a53a32765!3m1!1s2@1:CIHM0ogKEICAgIDgt6zUQA%7CCgwIy9H-1wUQgOzK_wE%7C?hl=id,Abd Hadi,109300139635264913225,https://www.google.com/maps/contrib/109300139635264913225?hl=id,5,Perlu direkomendasikan jadi objek wisata baru di kabupaten Sampang,7 tahun lalu,2018-05-19T04:31:21,,,,3,0,,,,[],[]
ChIJ6WqczjyG1y0RZSejU0oLBGY,SONG-OSONG BEACH,ChZDSUhNMG9nS0VJQ0FnSURZNjVTVWR3EAE,https://www.google.com/maps/reviews/data=!4m8!14m7!1m6!2m5!1sChZDSUhNMG9nS0VJQ0FnSURZNjVTVWR3EAE!2m1!1s0x0:0x66040b4a53a32765!3m1!1s2@1:CIHM0ogKEICAgIDY65SUdw%7CCgwI8rKa5wUQ6NixtAI%7C?hl=id,Bang Heri,108390438764146514033,https://www.google.com/maps/contrib/108390438764146514033?hl=id,1,Hanya pagi dan sore hari yang bisa di kunjungi,6 tahun lalu,2019-05-23T13:00:34,,,,39,6,1,,,[],[]
ChIJ_agdyDaF1y0RtrNeM4p3v2c,Pantai Mandangin,ChZDSUhNMG9nS0VJQ0FnTUNZd2JUSUpREAE,https://www.google.com/maps/reviews/data=!4m8!14m7!1m6!2m5!1sChZDSUhNMG9nS0VJQ0FnTUNZd2JUSUpREAE!2m1!1s0x0:0x67bf778a335eb3b6!3m1!1s2@1:CIHM0ogKEICAgMCYwbTIJQ%7CCgwIs-3ewAYQ4LmCqgE%7C?hl=id,Boy K,108245278627427379384,https://www.google.com/maps/contrib/108245278627427379384?hl=id,1,Pulau mandangin pulau yang sangat indah,5 bulan lalu,2025-05-04T18:49:23,,,,1,1,,,,"[{""name"":""Waktu kunjungan"",""value"":""Hari libur nasional""}]",[]
ChIJ_agdyDaF1y0RtrNeM4p3v2c,Pantai Mandangin,ChdDSUhNMG9nS0VJQ0FnSUQzczRXODd3RRAB,https://www.google.com/maps/reviews/data=!4m8!14m7!1m6!2m5!1sChdDSUhNMG9nS0VJQ0FnSUQzczRXODd3RRAB!2m1!1s0x0:0x67bf778a335eb3b6!3m1!1s2@1:CIHM0ogKEICAgID3s4W87wE%7CCgwIhoDuuQYQsMfcqAE%7C?hl=id,Yesi Ana,102896707842071880663,https://www.google.com/maps/contrib/102896707842071880663?hl=id,5,Salken hihi,11 bulan lalu,2024-11-18T17:57:26,,,,4,5,,,,[],"[{""id"":""CIHM0ogKEICAgID3s4W8Xw"",""url"":""https://lh3.googleusercontent.com/geougc-cs/AB3l90DIp6I7jhdVoRcNXeBDhNvMXi7o20S_rPSQ03G9MyZkITo9jVQPrzoQ1ja77q7-8Z-2LGG4WmZm-qrUi8ikMrhRnxUsfPgvqNdVqXnbroyKWyZe3ejIKBjbMtDNTbRsPwI9vGSA=s1024"",""caption"":null,""width"":712,""height"":949}]"
ChIJ_agdyDaF1y0RtrNeM4p3v2c,Pantai Mandangin,ChdDSUhNMG9nS0VJQ0FnSUNfdHNQMmlnRRAB,https://www.google.com/maps/reviews/data=!4m8!14m7!1m6!2m5!1sChdDSUhNMG9nS0VJQ0FnSUNfdHNQMmlnRRAB!2m1!1s0x0:0x67bf778a335eb3b6!3m1!1s2@1:CIHM0ogKEICAgIC_tsP2igE%7CCgwIvt6hvAYQ-KzdpQI%7C?hl=id,TD ZEN,111354263512804796481,https://www.google.com/maps/contrib/111354263512804796481?hl=id,5,Akses murah mudah cepat,9 bulan lalu,2025-01-16T02:30:22,,,,60,60,1,,,"[{""name"":""Waktu antrean"",""value"":""Tanpa mengantre""}]",[]
ChIJ_agdyDaF1y0RtrNeM4p3v2c,Pantai Mandangin,ChZDSUhNMG9nS0VJQ0FnSUR5OTdPOUdnEAE,https://www.google.com/maps/reviews/data=!4m8!14m7!1m6!2m5!1sChZDSUhNMG9nS0VJQ0FnSUR5OTdPOUdnEAE!2m1!1s0x0:0x67bf778a335eb3b6!3m1!1s2@1:CIHM0ogKEICAgIDy97O9Gg%7CCgwIt8_dggYQ-Jrt9QI%7C?hl=id,Tino Noveriko,102856020448773351932,https://www.google.com/maps/contrib/102856020448773351932?hl=id,3,Pantai pasir putih di pulau mandangin,4 tahun lalu,2021-03-21T15:34:41,,,,18,406,1,,,[],"[{""id"":""CIHM0ogKEICAgIDy97PfnAE"",""url"":""https://lh3.googleusercontent.com/geougc-cs/AB3l90DHZkFnyYkaqopTxwfm1vm_001S44BgNEvVwS1W9JCkgaZgd8lGsRSGm0htR9VzlLEAi-ZQHSvXBWU3Omcd6NKt9DnRHqz1cldAiaw4hGyqdSiI6keE6fAbOukZplcyphDn_4m4Pg=s1024"",""caption"":null,""width"":2222,""height"":1080}]"
ChIJ_agdyDaF1y0RtrNeM4p3v2c,Pantai Mandangin,ChZDSUhNMG9nS0VJQ0FnSURha012d1RBEAE,https://www.google.com/maps/reviews/data=!4m8!14m7!1m6!2m5!1sChZDSUhNMG9nS0VJQ0FnSURha012d1RBEAE!2m1!1s0x0:0x67bf778a335eb3b6!3m1!1s2@1:CIHM0ogKEICAgIDakMvwTA%7CCgsIlI_XiAYQsLWNcQ%7C?hl=id,Abdul Aziz,108912478973998243972,https://www.google.com/maps/contrib/108912478973998243972?hl=id,5,Tempat asik,4 tahun lalu,2021-08-13T01:15:00,,,,3,15,,,,[],[]
ChIJ_agdyDaF1y0RtrNeM4p3v2c,Pantai Mandangin,Ci9DQUlRQUNvZENodHljRjlvT25CbmFURkhjMmR5ZVVWZldFb3dXRWxVYmpWNlJWRRAB,https://www.google.com/maps/reviews/data=!4m8!14m7!1m6!2m5!1sCi9DQUlRQUNvZENodHljRjlvT25CbmFURkhjMmR5ZVVWZldFb3dXRWxVYmpWNlJWRRAB!2m1!1s0x0:0x67bf778a335eb3b6!3m1!1s2@1:CAIQACodChtycF9oOnBnaTFHc2dyeUVfWEowWElUbjV6RVE%7C0cqB-_10cAF%7C?hl=id,faiq himmah,107390289735081082088,https://www.google.com/maps/contrib/107390289735081082088?hl=id,5,,3 minggu lalu,2025-09-28T04:57:09,,,,1,5,,,,"[{""name"":""Waktu kunjungan"",""value"":""Hari biasa""},{""name"":""Sebaiknya buat reservasi"",""value"":""Tidak yakin""}]","[{""id"":""CIABIhB-xVTEse7O7V1TvAthROym"",""url"":""https://lh3.googleusercontent.com/geougc-cs/AB3l90AM9lUMd0NyQLkKjeiupihr6b3dxpjVHIpQLVuVu4F4mj_uKVI-o7C5SRJ1U4FyTUP-NM8lntLrbH69zHTKYfEXmTggjCPxnyP7J7l5YfcJKJQaAMr4kuhFHmiblUwsW6_QRU5BqaRE8K0=s1024"",""caption"":null,""width"":2268,""height"":4032},{""id"":""CIABIhBrcRCU1Wn1syOozIwMubIK"",""url"":""https://lh3.googleusercontent.com/geougc-cs/AB3l90C8iMnCLuqad8aUvhvdb1VwYusH81zG6TcQHee-DSxNRP6EIOfOpRFdsCxtF0zUk1kc_TKk2ziwoaQuflY3MkxrfAoQ3LpNfpcyTH7VZnrJntLzIKMfnbdVyqxIgRiSx7sKzhOwHZnfXs1Y=s1024"",""caption"":null,""width"":720,""height"":1280},{""id"":""CIABIhCv3hpwMizaC_wK6zjoVt9L"",""url"":""https://lh3.googleusercontent.com/geougc-cs/AB3l90Cl39GOr9D4QzpuN7IMbtr3xhvO83W8ZeitjkrQM1SYqu8h4w0KQVvN-n3Q3_LE2T1wHxA_A5K1jS-WR1ib79Q6NHCdgf_QH46VPz7KIlG2j0HGMhQm6T9rI7AxsgD61xm5llhsV5ycEw=s1024"",""caption"":null,""width"":720,""height"":1280},{""id"":""CIABIhDM7JwjByz-Qzn1rntGiP3r"",""url"":""https://lh3.googleusercontent.com/geougc-cs/AB3l90CJbXueH2jhuSXW25VBI6jT7BmkXL4UIRnconWijld9IE9IRJpFOyxxniIXoMghoBPMkLl-B5u88Myt_iulTmE9J2KcEuWQKeiNqTCvVBfCkIIb15yH6dTN0hLrpc7Nk1TO_H6TcNVRNgc=s1024"",""caption"":null,""width"":720,""height"":1280},{""id"":""CIABIhCSc12vYiXkDXbfRJI7OPZ5"",""url"":""https://lh3.googleusercontent.com/geougc-cs/AB3l90BwIbHzMumZWHpZiN0Y5lfoXmdHloMbb567U0dACT1qjqFgt1RhiIkQcXE34K8JtJgyv0AFhZr6yL4o9rmBX38Hy4UKmA31Kduyh0S6fQM_5rRBcwLBsSXVhSnuCvtB9vNuc2AhgOrAI0n2=s1024"",""caption"":null,""width"":2268,""height"":4032},{""id"":""CIABIhAEqnfFJ9w4IV5Jg5MMRQBL"",""url"":""https://lh3.googleusercontent.com/geougc-cs/AB3l90B_zOw3_gx-fkSJW8HvlncIV3JYcaD6KgryYwdafgAjUdzIXyQLe5rHie3ZC5T6KFF9HMSQKcXA2N8pevy79TFKCOh49h91DBRn5-OY9QioMTUoG0GAhr_tyy2FU0LpV5Kv1PY__mQSjRAD=s1024"",""caption"":null,""width"":2268,""height"":4032},{""id"":""CIABIhCQMcLzw_RKlwfY8pdos1VO"",""url"":""https://lh3.googleusercontent.com/geougc-cs/AB3l90BSjUFJLUVxH3h1JXr9iyluOtVlaPQJuWE5m03N5fp-QdJAvwxzn7R9v87y8biJ3GP9vUXTiuPrx6fOXtzNFOEdDB9iuN6jAGedAUdXJH_o6GPOTGCqyfNUNDFMP4tCMvU48G9u=s1024"",""caption"":null,""width"":2268,""height"":4032},{""id"":""CIABIhAg38yfDm29dEB9fS16EQF2"",""url"":""https://lh3.googleusercontent.com/geougc-cs/AB3l90DMO5qVbqdHOIo6sGCFG9Jaz5YY2bbrye3YAVdgq62yV0lSXK2DtG_KTqWH5_c7zhzKhlXwWz8EjOX3h04fRWRPWt46kIOp6MRCZvEbh-jUmu-WbSQnCqXZEsOKbKfv9sS2vp8GzEtUVvYt=s1024"",""caption"":null,""width"":3000,""height"":4000}]"
ChIJ_agdyDaF1y0RtrNeM4p3v2c,Pantai Mandangin,ChZDSUhNMG9nS0VJQ0FnSUQ5Zy12eEhBEAE,https://www.google.com/maps/reviews/data=!4m8!14m7!1m6!2m5!1sChZDSUhNMG9nS0VJQ0FnSUQ5Zy12eEhBEAE!2m1!1s0x0:0x67bf778a335eb3b6!3m1!1s2@1:CIHM0ogKEICAgID9g-vxHA%7CCgwI-pnrrwYQyPe4jwI%7C?hl=id,Ronaldoeka SA,110978387777586542447,https://www.google.com/maps/contrib/110978387777586542447?hl=id,5,Best ,setahun lalu,2024-03-20T11:48:10,,,,1,3,,Terbaik ,,[],"[{""id"":""CIHM0ogKEICAgID9g-vx3AE"",""url"":""https://lh3.googleusercontent.com/geougc-cs/AB3l90BEfXXPHG6BrlOoUPX5fYVuA144EnMPfU0XPFeeIfOf587MgnCgX_0YlhnSlQWZLw17fZbcdVUdj_u9ChU7jQ6Fhx0niExjbUj27RQXj8DEKwkfvZZwnVyhw8LSRaV6HVjmH5YkJQ=s1024"",""caption"":null,""width"":3024,""height"":4032},{""id"":""CIHM0ogKEICAgID9g-vxPA"",""url"":""https://lh3.googleusercontent.com/geougc-cs/AB3l90AXhDyvli7eY9lTsYGCVcYpH4tSK-miP-tLUEOZcCxZOuESSnMY2cEqvwRD8btRB_b14Nbf1JuhNZaYfF5ytl5iU6FwqvdM2itvZ-tTZQ2PQKMNtpQnkcMD4DSKomtUomzRICcO=s1024"",""caption"":null,""width"":828,""height"":1472}]"
ChIJ_agdyDaF1y0RtrNeM4p3v2c,Pantai Mandangin,ChdDSUhNMG9nS0VJQ0FnSUN1NnMydjB3RRAB,https://www.google.com/maps/reviews/data=!4m8!14m7!1m6!2m5!1sChdDSUhNMG9nS0VJQ0FnSUN1NnMydjB3RRAB!2m1!1s0x0:0x67bf778a335eb3b6!3m1!1s2@1:CIHM0ogKEICAgICu6s2v0wE%7CCgwIoPP9lgYQ6PK9uwI%7C?hl=id,Furqon 07,108504243127034766499,https://www.google.com/maps/contrib/108504243127034766499?hl=id,5,At the time I didn't know the condition,3 tahun lalu,2022-07-26T05:18:39,,,,1,9,,Saat itu saya tidak tahu kondisinya,,[],"[{""id"":""CIHM0ogKEICAgICu6s2vcw"",""url"":""https://lh3.googleusercontent.com/geougc-cs/AB3l90BfMKJRlkDXjCgN6k1fC1-wXJzlI0VuYZ245h2NMuTmM9prw4J96PFvFKgYlz7Wd3y7NZ9F6pT1Mf5Ovk1mG6KwrTVkJHEsHsFULIykwQA17knMcusHcylSNvT1x6IO0D7WGJQ=s1024"",""caption"":null,""width"":1156,""height"":868},{""id"":""CIHM0ogKEICAgICu6u2AFQ"",""url"":""https://lh3.googleusercontent.com/geougc-cs/AB3l90DJb1gbsIsUvGKt-6TUlKTBTrzWnyZTgBRo1OCoxnZe7zsdSaPW99qF8qinBG1NYipo-8IfmcrsX2-Y0Dryps2asK4IZx89nwFqzsJTOxUF-3gdEXE3EIppj_Zy11Ld5P0h32vm=s1024"",""caption"":null,""width"":1156,""height"":868}]"
ChIJw37KtiWH1y0RihsXmevKx4I,Pantai Aeng Sareh,ChdDSUhNMG9nS0VJQ0FnSUN4eDhUYnFRRRAB,https://www.google.com/maps/reviews/data=!4m8!14m7!1m6!2m5!1sChdDSUhNMG9nS0VJQ0FnSUN4eDhUYnFRRRAB!2m1!1s0x0:0x82c7caeb99171b8a!3m1!1s2@1:CIHM0ogKEICAgICxx8TbqQE%7CCgwIkp_IowYQkPnNngM%7C?hl=id,Indah Kurniawati,110831532751472513592,https://www.google.com/maps/contrib/110831532751472513592?hl=id,4,"Pantainya lumayan bersih, masih sepi dan tidak ada tiket masuk, pemandangannya bagus, ketika surut bisa turun untuk ambil foto dan berburu sunset juga.
Tapi masih minim fasilitas hanya ada gazebo untuk duduk santai saja.",2 tahun lalu,2023-05-27T14:08:48,,,,77,399,1,,,[],"[{""id"":""CIHM0ogKEICAgICxx-TOAw"",""url"":""https://lh3.googleusercontent.com/geougc-cs/AB3l90BDa11KeIfSY3_aIyyUjXMCa_e7xU61Gbkcaxyc6bZkCFTZzFfW2_52t1l97m6Kps-hfw785k-BxZppW_MqfaHc--uJ6r1iGkSPyEccVg-HHX4P_n9S4sq43pTd7JN__EkMtpE=s1024"",""caption"":null,""width"":1442,""height"":1080},{""id"":""CIHM0ogKEICAgICxx-TOgwE"",""url"":""https://lh3.googleusercontent.com/geougc-cs/AB3l90C9-9wnLnw9kdYUBhIRSSaSrcRjz1ESxt_t_KqyIYt0ZHWJA7RNEAj9AJFgFKd5hEtoFvGhQQSaaabZjbhhzob58j4WiSIXfuVggBb42efRMk8SBV7uebJJJw-Gdh14DfOIZhKjXw=s1024"",""caption"":null,""width"":3264,""height"":2444},{""id"":""CIHM0ogKEICAgICxx-TOQw"",""url"":""https://lh3.googleusercontent.com/geougc-cs/AB3l90ClVL2H-9_SY9h54L9Z_9BBQeTIbVTGOx2a6CD8G2YU-yXzYzOHnOc8SXYgijK3tFRoOITqBFzSBFnKOgOHJgUgWujYstgtbLepFWBiO30nN5JSsN-TVl0FBcM66qUgTlv7DmmY=s1024"",""caption"":null,""width"":3705,""height"":2782},{""id"":""CIHM0ogKEICAgICxx-TOwwE"",""url"":""https://lh3.googleusercontent.com/geougc-cs/AB3l90CugwHbmbYWdjW_hPPebOF4PoUqrg7Cup27iqBlHeBR7XjGqnC6Jglp8IFgPZFxJWj2rVMMujTV4fFO4FH0J0UNq5Lcmv3VqObSFzPYEMkeYLc3MhIbcOM0qvU__5w2eYQQ2XonBw=s1024"",""caption"":null,""width"":2206,""height"":2944},{""id"":""CIHM0ogKEICAgICxx-TOIw"",""url"":""https://lh3.googleusercontent.com/geougc-cs/AB3l90DXNYNLdFDmVTihUiAc6GIBsYVvVbQa3xY816-5MLuJyPz3AeRU1YODd6rdC54TA-SKWbxR_m6JIknW6HqZ7eH1xzikFIG_M2XLHDF12atbKw7ntwWw2kcp5nx_PIcjJ19WNKk=s1024"",""caption"":null,""width"":1080,""height"":1440},{""id"":""CIHM0ogKEICAgICxx-TOowE"",""url"":""https://lh3.googleusercontent.com/geougc-cs/AB3l90Cyri-2Wqq_PS-SUl02iK1NAfRLfVECtaoJsoZ9JBpKIBlnMML4FUqJ5otmqf44M7JXZiwQ00eZcvLJQny2CI8Uk0Z0GrZIkryrRgNeA7p0GpvtQQaTHsmB1cz-Z9kRsmlDnJnK=s1024"",""caption"":null,""width"":3497,""height"":2331}]"
ChIJw37KtiWH1y0RihsXmevKx4I,Pantai Aeng Sareh,ChZDSUhNMG9nS0VJQ0FnSURCdGV5a2VnEAE,https://www.google.com/maps/reviews/data=!4m8!14m7!1m6!2m5!1sChZDSUhNMG9nS0VJQ0FnSURCdGV5a2VnEAE!2m1!1s0x0:0x82c7caeb99171b8a!3m1!1s2@1:CIHM0ogKEICAgIDBteykeg%7CCgwIl8XDngYQwMW_gAI%7C?hl=id,Alifiana Mareta,113467200263329007402,https://www.google.com/maps/contrib/113467200263329007402?hl=id,5,"Kalau mau ke sini pagi-pagi sekali aja, biar matahari gak terlalu terik.
Kalau sore kurang rekomen sih, karena pasti rame banget.
Yang bikin enak kalau mau ngajak adek, anak, atau ponakan main air, jadi ke sini aja, karena gratis.
Ada tempat parkir dan orang jual camilan"" yang bukanya sekitar jam 8 lewat, tapi kalau mau bawa bekal sendiri lebih oke sih, terus dimakan bareng-bareng.",2 tahun lalu,2023-01-25T08:04:39,,,,37,298,1,,,[],"[{""id"":""CIHM0ogKEICAgIDBteykhgE"",""url"":""https://lh3.googleusercontent.com/geougc-cs/AB3l90DAXZaWr0lU3LNjE05YY314LYf7cAFDBhwdH2z0TQyaaS6ymAsVLdinOoM3jzxQcj8RF_E5jruFGAWxzUxduwAKliOF6pB3DcBk7SizLBT84Vcu42S-brg51lJztcUgFeL4SdWWPQ=s1024"",""caption"":null,""width"":2250,""height"":4000},{""id"":""CIHM0ogKEICAgIDBteykRg"",""url"":""https://lh3.googleusercontent.com/geougc-cs/AB3l90CXnPo-Lf7qjKuGEWyx08A66WKOp_U3fKnIBHACr6l-x7IRppKazgYyHKStKCKKEKcpNrExZE0XD3MbG-4h2CCnH24_iECanjqnUYzmmpGXGbrlZx2q-Bi4MPpURA57h09t7ZM=s1024"",""caption"":null,""width"":2250,""height"":4000},{""id"":""CIHM0ogKEICAgIDBteykxgE"",""url"":""https://lh3.googleusercontent.com/geougc-cs/AB3l90DXMJN9HwFLiPSg-5Vg05JA2vVt8I9BNJL1oYZZINKMRhDVoRTPVEQBOiN4ahzOyKzguPMI6w6p0-EyJsJeBdwBGmoTxz7ydCRuETeSZjbFBawWBMx4FXl4dvh_kHnW38EyPwlz1w=s1024"",""caption"":null,""width"":2250,""height"":4000},{""id"":""CIHM0ogKEICAgIDBteykJg"",""url"":""https://lh3.googleusercontent.com/geougc-cs/AB3l90DK9Jcc-r3INP6-dm7SHQU2LBNwEh2fIcnhTbSBBBrXbBjO10u7fSnQUuebPPSLEwpnPnWGYLRaQ23KUZ2P4WyfYpPgb7WX8RmfOTd68QXIKRRTMlHiCmBsL_pFBH38vAUu9d3J=s1024"",""caption"":null,""width"":2250,""height"":4000},{""id"":""CIHM0ogKEICAgIDBteykpgE"",""url"":""https://lh3.googleusercontent.com/geougc-cs/AB3l90C8Lhwy0OJZJt8n7F2PP_ZJzgoy-RoaLk_yzoQEQDDnhiFMm8mmX_uPQMk-pChfdSav74D38jXlj5uszAQ41MYn8vyRY2Va4PhYamx5ebIn8-M3kdI4KCzrMyuZNVa7Qh7h7je3=s1024"",""caption"":null,""width"":900,""height"":1600},{""id"":""CIHM0ogKEICAgIDBteykZg"",""url"":""https://lh3.googleusercontent.com/geougc-cs/AB3l90DGrdeaG2SUcv_rgJFFf90z1F-N06H0sxEt-ycQujH6FSVefoM6vzbGLYZvcfKn-0jbkuT6ww-kSDDcqZKJrfD3vKXBaDJ-WdozNfaspxHD4E9wMBjWKSzcFT9pReJ39YBxlMac=s1024"",""caption"":null,""width"":721,""height"":1280},{""id"":""CIHM0ogKEICAgIDBteyk5gE"",""url"":""https://lh3.googleusercontent.com/geougc-cs/AB3l90AZK8vIa9RtqKPNphrizRxlbE2v_4D9GresyeVL5GUJfGHwHAQSFLPotguSYwbzeKeKYUQTO0cGQVon9H0jjvmsFeXKqJ1AUiolEUz2q8GmyInOnWtnft0GANdEGK6Uh2quGl_2=s1024"",""caption"":null,""width"":900,""height"":1600}]"
ChIJw37KtiWH1y0RihsXmevKx4I,Pantai Aeng Sareh,ChdDSUhNMG9nS0VJQ0FnSURwc2EzemhBRRAB,https://www.google.com/maps/reviews/data=!4m8!14m7!1m6!2m5!1sChdDSUhNMG9nS0VJQ0FnSURwc2EzemhBRRAB!2m1!1s0x0:0x82c7caeb99171b8a!3m1!1s2@1:CIHM0ogKEICAgIDpsa3zhAE%7CCgwIvuuapwYQ-NWdnQE%7C?hl=id,Arka Workshop,103558726449980842601,https://www.google.com/maps/contrib/103558726449980842601?hl=id,4,"Untuk saat ini agustus 2023 masih belum ada retribusi. Belum ada pengelola, pantainya lumayan bagus, aman buat anak kecil bermain, cuman kebersihan perlu dijaga. Mumpung masih belum terlambat",2 tahun lalu,2023-08-24T01:43:03,,,,44,48,1,,,[],"[{""id"":""CIHM0ogKEICAgIDpsa2nVg"",""url"":""https://lh3.googleusercontent.com/geougc-cs/AB3l90A-uNGZ_oet3vy2wHPfuhZ_mA3CPG0Lpm7CFlxzXBDe5WiFzzd6NBqxsMprL8IGb0djN-MKnH0fMo50yXYpUdHkSZdZAXDYTH7bzcESLFnRjur1qPqJIK0u8ppQeUoiFSxTN8_a=s1024"",""caption"":null,""width"":720,""height"":1280}]"
ChIJw37KtiWH1y0RihsXmevKx4I,Pantai Aeng Sareh,ChdDSUhNMG9nS0VJQ0FnSUQtbktqMTBnRRAB,https://www.google.com/maps/reviews/data=!4m8!14m7!1m6!2m5!1sChdDSUhNMG9nS0VJQ0FnSUQtbktqMTBnRRAB!2m1!1s0x0:0x82c7caeb99171b8a!3m1!1s2@1:CIHM0ogKEICAgID-nKj10gE%7CCgwIiJr5mwYQuKKcqgE%7C?hl=id,Hendra Susanto,117564327915385609455,https://www.google.com/maps/contrib/117564327915385609455?hl=id,5,"Cocok untuk tempat santai di sore hari, dengan suasana pantai dengan ombak yang tidak terlalu besar",2 tahun lalu,2022-11-23T16:40:40,,,,41,136,1,,,[],"[{""id"":""CIHM0ogKEICAgID-nKj1cg"",""url"":""https://lh3.googleusercontent.com/geougc-cs/AB3l90AaKYULo0EXOyoNGZfNEwwINsD_NCXSfVHb91c6bJnk-jQH7123xTdn_4Nb-9ELPMaiNfYp-JcEGnF2dvT7j6WU30-709fnHXWmKjgsduDniZaAGT_3hTV9owhnWLtYd8d8VDMr=s1024"",""caption"":null,""width"":3569,""height"":2676}]"
ChIJw37KtiWH1y0RihsXmevKx4I,Pantai Aeng Sareh,ChZDSUhNMG9nS0VJQ0FnSUNHNEtMdEJREAE,https://www.google.com/maps/reviews/data=!4m8!14m7!1m6!2m5!1sChZDSUhNMG9nS0VJQ0FnSUNHNEtMdEJREAE!2m1!1s0x0:0x82c7caeb99171b8a!3m1!1s2@1:CIHM0ogKEICAgICG4KLtBQ%7CCgsIg-CviwYQyI6-cg%7C?hl=id,Joko Susilo,109500601196629967847,https://www.google.com/maps/contrib/109500601196629967847?hl=id,5,Pantai yang indah masyarakat yg ramah tamah,4 tahun lalu,2021-10-17T09:40:34,,,,15,29,1,,,[],"[{""id"":""CIHM0ogKEICAgICG4OKGwQE"",""url"":""https://lh3.googleusercontent.com/geougc-cs/AB3l90CRElWmS54iZc59CA0krN2LTuePV7j0AY4JE-SN5HbivWpgsDwuTaIb3paSs6ozUjO2QuLoKgbPL8IEQBPjBhaaKyLv4D2u5lILK2eg9XmI77NDzzShWe4_h5i1oGXf3M6jM_m00A=s1024"",""caption"":null,""width"":4096,""height"":2304},{""id"":""CIHM0ogKEICAgICG4OKGIQ"",""url"":""https://lh3.googleusercontent.com/geougc-cs/AB3l90CvFMxUt1kkndhsNb7i1sXd5jNBk4-rFiklZVsOHvluUMG4VH_-KursB0nYy2MlQmRR_JDJ-OwbJXPgWvSw2ZX1bn-HskqpBcDl_aL_E7QdvvPFtz9l6wOF441V31qnIUtiiqt-=s1024"",""caption"":null,""width"":4096,""height"":2304},{""id"":""CIHM0ogKEICAgICG4OKGoQE"",""url"":""https://lh3.googleusercontent.com/geougc-cs/AB3l90DGCVIcAk7GLhtMbug6smyLyTH3eRVybfr36wm8isRnJvqt49ZiOUWzcYy955uVDxJMph32OUfeHn-CP8ML5zvLcvhla3_KZ-R3WzG5JsUbWOtxMKE5rnAgGBqgKXXWJPkh2e_V=s1024"",""caption"":null,""width"":4096,""height"":2304},{""id"":""CIHM0ogKEICAgICG4OKGYQ"",""url"":""https://lh3.googleusercontent.com/geougc-cs/AB3l90CCskw5JcdEhWnpjaOqx4rXIiFdg5c4wITLe_e4j_JvqqNmCOs1kXKmIuZwDqh1pxSMULN3dnZMKCpB39OcIbK9lYmY7RJKJsUWQRZT-mgGbNqLx1Gcm4RMJ8iX4lQwh6bFKybM=s1024"",""caption"":null,""width"":4096,""height"":2304}]"
ChIJw37KtiWH1y0RihsXmevKx4I,Pantai Aeng Sareh,ChdDSUhNMG9nS0VJQ0FnSURYdGE2SW93RRAB,https://www.google.com/maps/reviews/data=!4m8!14m7!1m6!2m5!1sChdDSUhNMG9nS0VJQ0FnSURYdGE2SW93RRAB!2m1!1s0x0:0x82c7caeb99171b8a!3m1!1s2@1:CIHM0ogKEICAgIDXta6IowE%7CCgwIm8GFuQYQqPnagwE%7C?hl=id,Rhofie Muarif,112537904372830590578,https://www.google.com/maps/contrib/112537904372830590578?hl=id,5,Lumayan bagus.. tinggal penataannya yg kurang,11 bulan lalu,2024-10-29T22:24:27,,,,243,3,1,,,[],[]
ChIJw37KtiWH1y0RihsXmevKx4I,Pantai Aeng Sareh,ChZDSUhNMG9nS0VJQ0FnSUN5N2NpUUlBEAE,https://www.google.com/maps/reviews/data=!4m8!14m7!1m6!2m5!1sChZDSUhNMG9nS0VJQ0FnSUN5N2NpUUlBEAE!2m1!1s0x0:0x82c7caeb99171b8a!3m1!1s2@1:CIHM0ogKEICAgICy7ciQIA%7CCgsIp9qJgQYQ6JSYPA%7C?hl=id,lawa lata,113507598430831261568,https://www.google.com/maps/contrib/113507598430831261568?hl=id,5,Tempat bagus.dan ada tempat parkirnya jdi aman tuk sepeda motor...,4 tahun lalu,2021-02-09T11:05:46,,,,1,40,1,,,[],[]
ChIJw37KtiWH1y0RihsXmevKx4I,Pantai Aeng Sareh,ChRDSUhNMG9nS0VJQ0FnSUNtbDlWSxAB,https://www.google.com/maps/reviews/data=!4m8!14m7!1m6!2m5!1sChRDSUhNMG9nS0VJQ0FnSUNtbDlWSxAB!2m1!1s0x0:0x82c7caeb99171b8a!3m1!1s2@1:CIHM0ogKEICAgICml9VK%7CCgwI9qD6jgYQyMXe-gE%7C?hl=id,Abdul Wasik,101811840219410380790,https://www.google.com/maps/contrib/101811840219410380790?hl=id,5,Bagus....bersih..cuma jalan masuknya kurang bagus,3 tahun lalu,2022-01-12T08:25:26,,,,7,28,1,,,[],[]
ChIJuTyS8GyB1y0ROKsBatwY5S4,"Pantai Wisata Camplong ,hotel, Dan Resto",ChZDSUhNMG9nS0VKS3N6cWVCc29td0V3EAE,https://www.google.com/maps/reviews/data=!4m8!14m7!1m6!2m5!1sChZDSUhNMG9nS0VKS3N6cWVCc29td0V3EAE!2m1!1s0x0:0x2ee518dc6a01ab38!3m1!1s2@1:CIHM0ogKEJKszqeBsomwEw%7CCgwI7-i9wgYQ8Jr0mwI%7C?hl=id,Den Ratno,108475528170443053780,https://www.google.com/maps/contrib/108475528170443053780?hl=id,3,Pantai yang harusnya bagus ...cuma pengelola dan warga sekitarnya jorok membangun bangunan liar warung yg seharusnya ga disitu ...trus ada bangunan besar yg permanen kok bisa dibangun disitu ....aneh aneeeh,4 bulan lalu,2025-06-16T01:33:35,,,,40,17,1,,,"[{""name"":""Waktu kunjungan"",""value"":""Hari biasa""},{""name"":""Waktu antrean"",""value"":""Tanpa mengantre""},{""name"":""Sebaiknya buat reservasi"",""value"":""Tidak""}]","[{""id"":""CIHM0ogKEIXhhfuI5sCP8AE"",""url"":""https://lh3.googleusercontent.com/geougc-cs/AB3l90D0MuAsLVicrQ0pV9yLJ2CB2bcNtixiT5R6C7LP5U5P_1ttV1ek5M4WXUQqgUmQm5b3mDVkOHmxeFJm4XnJJsS0GSdkCWlgjASoRVewSNRQtKQHHp266UgJtJxFXpuXiT3-VUf4=s1024"",""caption"":null,""width"":1080,""height"":2432},{""id"":""CIHM0ogKELTlk5XWyJOVhAE"",""url"":""https://lh3.googleusercontent.com/geougc-cs/AB3l90AUMiV8QN5dVCCZcnUHc3FqiYegf3aEeYyyQbOx6RZrYCN3dmUE1wlS9ONrqnrzh4TBhn3WRLWIXXTFSQZgVUrcAevuUI1F-Uhze2GYyV9wWqQ1chLdq153EAibbCDRc2a57yuJ=s1024"",""caption"":null,""width"":1080,""height"":2432},{""id"":""CIHM0ogKEKrypIHf5ML-nwE"",""url"":""https://lh3.googleusercontent.com/geougc-cs/AB3l90DPP485FYmIu3kt4SMMMs8onnFSzSalBbwmsCMmAUADH3CcZzjQc0GP4YAychdGfggdjfJZKumH5n4uSo1_hZWVKtIh3OUkN0wsaP5PZV8-kB_-ayTEeXYXa1lk5_qz6zDzysjAsA=s1024"",""caption"":null,""width"":720,""height"":1280},{""id"":""CIHM0ogKEIKQ3OnQ7b_aQw"",""url"":""https://lh3.googleusercontent.com/geougc-cs/AB3l90AYG3bfwmZ18ai6igKjIwrdmUS1VRpdSM4Z-AgXYe9yzsW8Pv2Yserro-RAt-d61RMnrWhXtX6UySXuy2sZiR_I4uXV9wPwtVOqq_xIzRL4dozxOO28jjB7aAeXDfHc5ha-C8Bz=s1024"",""caption"":null,""width"":2976,""height"":4280},{""id"":""CIHM0ogKENSAjZDsksOHsQE"",""url"":""https://lh3.googleusercontent.com/geougc-cs/AB3l90DEJCs_lbB9W03PLqsXJDMxE82XUcn5ri474GOGBbd5GEl6itp8JnuN_H5iRQIKmUogoRAtlcD5XTTwd_8LZnNs6DiPH98tC5t5zrIC0vZhFjCgcQWS-a5is_uCW5RdIvcl5-wljw=s1024"",""caption"":null,""width"":720,""height"":1280},{""id"":""CIHM0ogKENSOkuDYx7LfkAE"",""url"":""https://lh3.googleusercontent.com/geougc-cs/AB3l90CQiyN2IujpLA-OMYowZwTiLm7oAr5BDflEOXcedk9a6fJj0v7IPmaDSL9Utay0wgkLjrBUQTKr3YFRCrNDnwjRupI2b5nvBsycT9YwY8n5JDCWrbgXoSB77Zbh6ZmlYaA0iMO8Xg=s1024"",""caption"":null,""width"":2976,""height"":4280},{""id"":""CIHM0ogKEOqp9_byjpjfeQ"",""url"":""https://lh3.googleusercontent.com/geougc-cs/AB3l90ASaFCVl9yR1xnOtwYE-oicFk1B_ageYuynItBgNDYrsEA08DiAAitD4t2OHAjEJZKYm3suzU3lNEt2nu79mcExL5zAWUCJnQcHv-0HSRKMLPROC1LZ6M1ALHMNElrgP141atUi=s1024"",""caption"":null,""width"":2976,""height"":4280}]"
ChIJuTyS8GyB1y0ROKsBatwY5S4,"Pantai Wisata Camplong ,hotel, Dan Resto",ChZDSUhNMG9nS0VQblMyZEhMOXBlc1N3EAE,https://www.google.com/maps/reviews/data=!4m8!14m7!1m6!2m5!1sChZDSUhNMG9nS0VQblMyZEhMOXBlc1N3EAE!2m1!1s0x0:0x2ee518dc6a01ab38!3m1!1s2@1:CIHM0ogKEPnS2dHL9pesSw%7CCgwI2fjcwQYQoI-lqgE%7C?hl=id,Siti Humairoh,105472520163829593610,https://www.google.com/maps/contrib/105472520163829593610?hl=id,5,"Kalau ke pantai camplong jangan lupa beli rujak petisnya di rombong merah rasanya enak banget Sampek habis 2 piring harga juga murah hanya 10k , pantainya cukup bersih sayang waktu kesana gak ada kuda & perahunya karna hari biasa ",4 bulan lalu,2025-05-28T16:39:53,,,,6,13,1,,,"[{""name"":""Waktu kunjungan"",""value"":""Hari biasa""},{""name"":""Waktu antrean"",""value"":""Tanpa mengantre""},{""name"":""Sebaiknya buat reservasi"",""value"":""Tidak""}]","[{""id"":""CIHM0ogKEPnS95zuyeOIWA"",""url"":""https://lh3.googleusercontent.com/geougc-cs/AB3l90C12qcEeNOIPKO5kghxs7ePEx3Qa5n40nKKldDQM5Y9T4jXaxMU0vut0QAVDloKn_ytat8fMCmyHOzJGMcz9phrmWQrQd57oCfCnI_ezEbq2nryZlTf3ujDwXaQrNcD3oORdBTl=s1024"",""caption"":null,""width"":1800,""height"":4000},{""id"":""CIHM0ogKEMvFotm4n-209AE"",""url"":""https://lh3.googleusercontent.com/geougc-cs/AB3l90DAenJt47DfEyH07hNpV2BuWVvKt8V0TuTlfvjuVxBh-kBe7FjCEgpH6M2L_1uJzdyjlnb57FtbcxSApFXheOh1UyHXmU58HBNFZWwZrQVbsujmGqQmrsWql6yONHN_6QAcRq2o0A=s1024"",""caption"":null,""width"":3000,""height"":4000},{""id"":""CIHM0ogKEMiTg6i_gpbpZA"",""url"":""https://lh3.googleusercontent.com/geougc-cs/AB3l90BFkZZmHibBCRiEHtutZdlB9I3vdnsBNcHEYdaQ-Etka5EKY_r_a8uR5ZtnSw4Ha2kXB4yrVlS9YG71vvxfSiwkCYVoMb98KybbFRvYpijbWj8Gq0CZibwaEgfSCksJjvky-Q_D=s1024"",""caption"":null,""width"":720,""height"":1280},{""id"":""CIHM0ogKEOKm7d3Qr6q8Lw"",""url"":""https://lh3.googleusercontent.com/geougc-cs/AB3l90BzuEfZUirmi9u00D8dDH28tnWHIY-_mYUJmJp20i2FCdSNOSeZqpZaTCngKO90iJpbnRDl39vgMYYlt42QwAyhJOizM-sCtMfvdcXQnRAJrPi6dwCniZO7xYQq9bgBsmq-wCg=s1024"",""caption"":null,""width"":720,""height"":1280}]"
ChIJuTyS8GyB1y0ROKsBatwY5S4,"Pantai Wisata Camplong ,hotel, Dan Resto",Ci9DQUlRQUNvZENodHljRjlvT2pCRFZGUm1aMlUzUkZGSVptZHdVbFJwT1hCVWFuYxAB,https://www.google.com/maps/reviews/data=!4m8!14m7!1m6!2m5!1sCi9DQUlRQUNvZENodHljRjlvT2pCRFZGUm1aMlUzUkZGSVptZHdVbFJwT1hCVWFuYxAB!2m1!1s0x0:0x2ee518dc6a01ab38!3m1!1s2@1:CAIQACodChtycF9oOjBDVFRmZ2U3RFFIZmdwUlRpOXBUanc%7C0cvBgYaOXgc%7C?hl=id,intan shurullah,109097770794221715931,https://www.google.com/maps/contrib/109097770794221715931?hl=id,5,"Tempatnya bagus, fasilitas lengkap, parkiran luas",seminggu lalu,2025-10-13T09:49:23,,,,30,52,1,,,"[{""name"":""Waktu kunjungan"",""value"":""Akhir pekan""},{""name"":""Waktu antrean"",""value"":""Tanpa mengantre""},{""name"":""Sebaiknya buat reservasi"",""value"":""Tidak""}]","[{""id"":""CIABIhBOs9mKaIu3B0dZr9pBuTBm"",""url"":""https://lh3.googleusercontent.com/geougc-cs/AB3l90BWk4bBFkk5oEVQSqWSxiHstj0jIgjcKB1U8JJ33FTYP7aR524_8GGCCGvHHNmwM0QOfZGbNMuOcRADTGytHRnCoBCOsZ_AmOKaSM8C7k0LiaptFV7azu9COjWp8683Sm6SkicHWTNoyHg=s1024"",""caption"":null,""width"":1080,""height"":1920},{""id"":""CIABIhDHorst1rPeAxc52JVDYL5C"",""url"":""https://lh3.googleusercontent.com/geougc-cs/AB3l90CFFi90C36BjAg6-q9GwiZ39Z9Cf9teYQJk_N_Y-W5ckIPIkw2cVLSmY8QKNHIlwFIeyu2WOVClTaco046ZtSAo31-m_CFIFNDggyPGbVZyMwUg2Xt_OyTO1pR-LLJ2SdO29ZGACT-HuJCi=s1024"",""caption"":null,""width"":3000,""height"":4000},{""id"":""CIABIhACeeVl1L9juzKkNv94iMy9"",""url"":""https://lh3.googleusercontent.com/geougc-cs/AB3l90DRrCPJvSYFJKXvPt4w4dOa2eN1A-deDDvKmBlon-7xywhOJDJ5J_IHrsb7xJjBN4pxJOBMuS06_BNsGY_-qfdnXqC1jb8HrETQKx8AJc2n5Fpw8lcXDt3TNF4fh6MUFPMZWBe0mI0smzQH=s1024"",""caption"":null,""width"":3120,""height"":4160},{""id"":""CIABIhCCn-XSgnTGgtV1rL8NFATK"",""url"":""https://lh3.googleusercontent.com/geougc-cs/AB3l90D780RHLDB9yViBjOdUeEyJp1e1TSln7r-3TknI8zeaBaCO-Oz02ojyWN8TOqom6VHmZsHG2T9AMT3CUFZVfZ9dnivfdPmvhJlON_EFM5_lt-DB1kSOoofF29PiVKYY-it5vWLD13UwMSAI=s1024"",""caption"":null,""width"":3120,""height"":4160},{""id"":""CIABIhADqtXMkrQeSEB6Ipj88WV-"",""url"":""https://lh3.googleusercontent.com/geougc-cs/AB3l90CTS32u9b6JJU3ID7SS0DhjU87SJD4tjwxeWvQeohL5Ncu32entM1bs8CQ-FkHw8XdZ2L7_-ocAc9QXrhHc8176XBTItejeJL-ZP3EJIM9hdzGBI7jRkSjLcibXTMe8kBDZzknLGiMNkF8=s1024"",""caption"":null,""width"":1080,""height"":1920},{""id"":""CIABIhBykjPLcgnIYtdyfVL189Yd"",""url"":""https://lh3.googleusercontent.com/geougc-cs/AB3l90B-2JuSJXVR1e0tG-Zj6lGUfKHmzX6nfhwtBjey69fzmOwacWh5LHiCnoFTe08n74873OC0Yu02lva5Twm2EgZpv1LZDAovhOKYswZdziHCEAUq_cDqIYPTfwyzAScuzAdf9fs-MuZXd-pH=s1024"",""caption"":null,""width"":3120,""height"":4160}]"
ChIJuTyS8GyB1y0ROKsBatwY5S4,"Pantai Wisata Camplong ,hotel, Dan Resto",ChZDSUhNMG9nS0VJQ0FnTUR3Z2ZEZUtBEAE,https://www.google.com/maps/reviews/data=!4m8!14m7!1m6!2m5!1sChZDSUhNMG9nS0VJQ0FnTUR3Z2ZEZUtBEAE!2m1!1s0x0:0x2ee518dc6a01ab38!3m1!1s2@1:CIHM0ogKEICAgMDwgfDeKA%7CCgwIhueOvwYQoNDiwwI%7C?hl=id,kang SAMY,106874736765035983323,https://www.google.com/maps/contrib/106874736765035983323?hl=id,1,"Gak cocok ini tmpat disebut wisata pantai,sdh kotor gk terawat,banyak wahana anak yg rusak,mnding buat wisata kuliner lbh cocok kali,tiket jg gk sesuai.",6 bulan lalu,2025-03-26T07:57:58,,,,52,25,1,,,[],"[{""id"":""CIHM0ogKEICAgMDwgfDe6AE"",""url"":""https://lh3.googleusercontent.com/geougc-cs/AB3l90CrhNLb5aAAzYpq8HxlqsssAW6P-it8VZpvEWfLSBelJvm9Qbwg1UgQwBNx5KxAtuzxb-69brvakJL5Q-MqtqG-Qm0W5UUteBcBCk9sYbLqCwe34rvBSbuI5b3_wT_nbezJfdL0eA=s1024"",""caption"":null,""width"":3468,""height"":4624},{""id"":""CIHM0ogKEICAgMDwgfDeGA"",""url"":""https://lh3.googleusercontent.com/geougc-cs/AB3l90BgqvYiTkbyp6IHHqnkyov5cYLJpn0Xx2QM3ptLJCkWnQJmFB2wGnrcL13JyJYYo9BevHYvh4LN0Jn-YaG7wo5KzGbaZoWsqyvqjIZcQ5_Ewm0qg5P7vlyy03UvSY2rch6AEVf-=s1024"",""caption"":null,""width"":3468,""height"":4624},{""id"":""CIHM0ogKEICAgMDwgfDemAE"",""url"":""https://lh3.googleusercontent.com/geougc-cs/AB3l90DCWPNeEnMXaiqdFrbiO8pMLSn0tmoy2-TDwcw1MZ25oMhVnaGQKzfSc_HKL-Z__7LhHLooSyRR5XyVSqwj4d3OJfBPrhwTwQWErKIrsbQUyM35PowjP5oMboz1fiYTrD0DZngYgA=s1024"",""caption"":null,""width"":4624,""height"":3468},{""id"":""CIHM0ogKEICAgMDwgfDeWA"",""url"":""https://lh3.googleusercontent.com/geougc-cs/AB3l90BR4bDKmx6Gtoq36p45wKqUC6JP4qY3lF8kWqN4qmU6C3ouJ84ovnXLgnIMJ4d7GPgwJM93D8MHHavkPHICQGokDy3p-k4KWPDl1TuXTwLQQwmWZ-wHXOlrHODWaXmeNU6Zedpy=s1024"",""caption"":null,""width"":3468,""height"":4624},{""id"":""CIHM0ogKEICAgMDwgfDe2AE"",""url"":""https://lh3.googleusercontent.com/geougc-cs/AB3l90AYOQcSuZ1i53oNdjRs23WJQibv5LHDK9u1rTbLzL6Wt3MBIi-2Qsw9HiMEbJFAk-OqJaKUa2YhqnE5ngs4mHWfTYdJ_g0-b-rn_72f2e2Q9p7TGqCbryYSVEqsX9ViC-hvz_7Q=s1024"",""caption"":null,""width"":4624,""height"":3468}]"
ChIJuTyS8GyB1y0ROKsBatwY5S4,"Pantai Wisata Camplong ,hotel, Dan Resto",ChZDSUhNMG9nS0VJQ0FnSUNmby12UmFREAE,https://www.google.com/maps/reviews/data=!4m8!14m7!1m6!2m5!1sChZDSUhNMG9nS0VJQ0FnSUNmby12UmFREAE!2m1!1s0x0:0x2ee518dc6a01ab38!3m1!1s2@1:CIHM0ogKEICAgICfo-vRaQ%7CCgsIlszTuwYQiMvhLw%7C?hl=id,roros,109283966053210485318,https://www.google.com/maps/contrib/109283966053210485318?hl=id,4,"Satu-satunya wisata pantai di Kota Sampang. Pantai Selat Madura jadi ombak tidak besar, pasir lembut cocok untuk anak2 kecil. Ada wahana naik perahu dan naik Kuda dengan harga yang standard.
Pergi kesana saat libur tahun baru jadi ramai banyak pengunjung. Air laut sedang pasang jadi airnya keruh kecoklatan. Fasilitas cukup lengkap, ada Musholla, kamar mandi cukup banyak, dan permainan anak2 . Sayangnya banyak sampah dan kurang teraawat. Kamar mandi bau dan kotor.",9 bulan lalu,2025-01-01T05:46:38,,,,59,111,1,,,"[{""name"":""Waktu kunjungan"",""value"":""Hari libur nasional""},{""name"":""Waktu antrean"",""value"":""Tanpa mengantre""},{""name"":""Sebaiknya buat reservasi"",""value"":""Tidak""}]","[{""id"":""CIHM0ogKEICAgICfo-vRmQE"",""url"":""https://lh3.googleusercontent.com/geougc-cs/AB3l90DJTTaXN0Q0v2hMxzRZRKG8VcevFZjA0N5OLMTcAa4FN7INmO1RK2LC7mxUmWO6IpX6mZFoZnLriA5cR6k5wbsoZpcnX2ftBVU-lfwMic68vsjxYE1_loQR-LekzI5hFHtQejMn=s1024"",""caption"":null,""width"":5504,""height"":3096},{""id"":""CIHM0ogKEICAgICfo-vRWQ"",""url"":""https://lh3.googleusercontent.com/geougc-cs/AB3l90Dy3L6kL7kCi2wpl5jJe9JN96nmVGMNRVj6pLXQlfhOvTwNJHIsWKUZ3ZphDCjgbjj3d8lsO-KhCB9WzXnD6Ia2D3Iv7idNrM-iFbFbQ_m06loF6bzEffuhsq_9ONODKqMlO9dx=s1024"",""caption"":null,""width"":3096,""height"":5504},{""id"":""CIHM0ogKEICAgICfo-vR2QE"",""url"":""https://lh3.googleusercontent.com/geougc-cs/AB3l90AwZlPIgk0Fz3bBqt0aky44mCqCdGSsQpfjFJnEinfL0e8LoJPfO6TcpiToAW0TMI3WiL4Lp8m_3RV6xTGRVuZ3v5LJYcOAw-inGrs-waxLwf687Crdr1fdHyHCj9UQSF7uKN-3yA=s1024"",""caption"":null,""width"":3096,""height"":5504},{""id"":""CIHM0ogKEICAgICfo-vROQ"",""url"":""https://lh3.googleusercontent.com/geougc-cs/AB3l90DBUMBolS7xLz3jWo7zE897N0ygC4mDVMWUeMn79En_0XwWYpVuh_IWBGpSQU4ioiDPFf_SQyyehKq9QwdTnU58sCFmUYb9Kw47_uhx31WBki-Oh5JdKmBZL_X_JOKWisESxKhb=s1024"",""caption"":null,""width"":3096,""height"":5504},{""id"":""CIHM0ogKEICAgICfo-vRuQE"",""url"":""https://lh3.googleusercontent.com/geougc-cs/AB3l90Csw7wEjfQG845ysaDfPRAxDshHgpy-uOJ_xoY1dHnWzSkxcGPEmEp8SYPdw9uxpm5xyLu_ITETQULnz9xO_J59Oqni2zWjs67lVrA4Tlzpmd_N7SVxcT8_IzNWTQFZyCTx9NqhUA=s1024"",""caption"":null,""width"":3096,""height"":5504},{""id"":""CIHM0ogKEICAgICfo-vReQ"",""url"":""https://lh3.googleusercontent.com/geougc-cs/AB3l90CO2JsHuopzY1HQCr7MnlOVRaVDoFelUvUUX6TeEi5Q3-87L4WmKKRGSm8TqH9iEhAYrq80li_ewQZq6HBouhQRUWep8QpHliDK-6a057TL7EaJGkFAd1ZOIHb9CQpksNcX_bx5=s1024"",""caption"":null,""width"":3096,""height"":5504},{""id"":""CIHM0ogKEICAgICfo-vR-QE"",""url"":""https://lh3.googleusercontent.com/geougc-cs/AB3l90BbfdKK23TWfTyW0w75NUK0rp4UTLke3HDoIa2MdS1OaNa373zSFPviOUBvVMxpDUDg2Eo0e_0qKSjChr8EJioaVdvEjTVEMQ9UKgw_jG7afNOg0tpSUtu2U4MlvXY37PFW_NBn4A=s1024"",""caption"":null,""width"":3096,""height"":5504},{""id"":""CIHM0ogKEICAgICf48GEpwE"",""url"":""https://lh3.googleusercontent.com/geougc-cs/AB3l90Cig9Vn1_I2LXNeugeeOqUtR0GEG1xFtciDkR4utgcpny8hYl0nc_W3cjwuzYUiSePtSrQQWOyd1xv6XLkXnGywJeNWJ96lHb-Ogf5XkAenWrJlv5oUccC5nTYUAK-C-bJx8n3LSg=s1024"",""caption"":null,""width"":5504,""height"":3096},{""id"":""CIHM0ogKEICAgICf48H8Wg"",""url"":""https://lh3.googleusercontent.com/geougc-cs/AB3l90AoM7zCCK3O2G7IS9DYFSsR3MoV5bvU9NL8b6QjDKG7OifP5vMgjFd3w1s0Uo6FmQNCwFKdb53ytU19QX7YLOfjps6fBKSxxB0vXfPdQZ2A9MnlvQk0fMgyYqpezAjCfKeBV7_N=s1024"",""caption"":null,""width"":3792,""height"":5056},{""id"":""CIHM0ogKEICAgICf48H82gE"",""url"":""https://lh3.googleusercontent.com/geougc-cs/AB3l90DSzAkD8YPgBaOTtqqt3tgmNkXBb-SolCE45vl-pqMxil9e6yria0yJXh1OG7Xxj2do6Loj_7VTrrVcYNDLHPMsgq25igNaLjUpBusFYZjKBplsQBY9RrIZKO8bmmNsuEG1XXX-rQ=s1024"",""caption"":null,""width"":5056,""height"":3792},{""id"":""CIHM0ogKEICAgICf48H8Og"",""url"":""https://lh3.googleusercontent.com/geougc-cs/AB3l90D57GujDKu1jANstLLNzPxkpDLf_ZShKpbo4oJWYfut8fZswlJjomInUq8XBUsiuYJauyL3nb6_ScglgroKjZvgy9AhIZff9jGzvPsXVii4GMcqRHQ9E-7ySBK1vNDnr3TZamUa=s1024"",""caption"":null,""width"":3792,""height"":5056},{""id"":""CIHM0ogKEICAgICf48H8ugE"",""url"":""https://lh3.googleusercontent.com/geougc-cs/AB3l90B3pDd-GG3oSvHKdxXnHSR9BZ3RazOz6knVQLDlz_U2erikl5Skh-P2oZTKb6NtkejurC6sTMOw6ulcGPhHWI2M6pWt_4A04IvXoZAx30b5ZC1MNsvmBL31WLcg7afaabdHSRd9gA=s1024"",""caption"":null,""width"":3792,""height"":5056}]"
ChIJuTyS8GyB1y0ROKsBatwY5S4,"Pantai Wisata Camplong ,hotel, Dan Resto",ChdDSUhNMG9nS0VJQ0FnSUNfM0lLS2dRRRAB,https://www.google.com/maps/reviews/data=!4m8!14m7!1m6!2m5!1sChdDSUhNMG9nS0VJQ0FnSUNfM0lLS2dRRRAB!2m1!1s0x0:0x2ee518dc6a01ab38!3m1!1s2@1:CIHM0ogKEICAgIC_3IKKgQE%7CCgwI7LiWvAYQ2NH8pAE%7C?hl=id,Arum Shadewi,105734544500208952906,https://www.google.com/maps/contrib/105734544500208952906?hl=id,5,"Kasih bintang 5 krn sesungguhnya pantai ini bersih lho..
Mushola nya juga bersih..
Minusnya ya emang ga begitu bagus pemandangannya hehe..
Lumayan kalo di Madura mau transit abis lelah perjalanan..",9 bulan lalu,2025-01-13T23:06:20,,,,81,269,1,,,"[{""name"":""Waktu kunjungan"",""value"":""Hari biasa""},{""name"":""Waktu antrean"",""value"":""Tanpa mengantre""},{""name"":""Sebaiknya buat reservasi"",""value"":""Tidak""}]","[{""id"":""CIHM0ogKEICAgIC_3IKKkQE"",""url"":""https://lh3.googleusercontent.com/geougc-cs/AB3l90Dur91h-qWBgNo6cxH1crM2uGWPMVDv66PHsvre_BAqRZK77bUFz8t1IJRzuCUB_UEu9vaiXIF-zN8_vLlKEaqu6PEN8CvkpQC8vdfkiK2Q6eKqfgANea8rXNpwYVEe0Erk74e-cQ=s1024"",""caption"":null,""width"":1080,""height"":1920},{""id"":""CIHM0ogKEICAgIC_3IKKIQ"",""url"":""https://lh3.googleusercontent.com/geougc-cs/AB3l90AZSEb5Y2Uw6Ng5cMOXvmNd8zzNFz5qYuK7TTXRBBxchP3aUectHILxoe4At4CLaIjbhEPmt_pSxRG6JitcRVHC11INmITgsGMTowdsP-deJwJhJCdo_ZBX-C1yBOOwOSDgulGZ=s1024"",""caption"":null,""width"":2252,""height"":4000},{""id"":""CIHM0ogKEICAgIC_3IKKoQE"",""url"":""https://lh3.googleusercontent.com/geougc-cs/AB3l90ASItSHhEi-Znx8yuyo4faNNKL3kkxPJdiFnduU8X34VcuKWH-phQmVz7RCEjWP9xkJZQR-QxCw25RcmPPWCCaiGc3_k7lo_2j06o8cfvfImrmn4AkuZVDb3R_aMzQWu78n22CLKQ=s1024"",""caption"":null,""width"":2252,""height"":4000},{""id"":""CIHM0ogKEICAgIC_3IKKYQ"",""url"":""https://lh3.googleusercontent.com/geougc-cs/AB3l90DmGFhOrWjw0XOrjACYp68WONJbp1vIVM4F0nYV9edW0AUzlDyNHkGsWxcpaQGL7jT7d4zE_yomlgwZexDO1ZRQxHm5lyj4spWD75sfrPK2jbcwtcIW_XeOqjbEpXu9nrrvN0Tf=s1024"",""caption"":null,""width"":2604,""height"":4624},{""id"":""CIHM0ogKEICAgIC_3IKK4QE"",""url"":""https://lh3.googleusercontent.com/geougc-cs/AB3l90BIKrPsOAZaaH3FAcaHaQphGTxr9ltgyY1JdFBBwyA8-ksffx-822YL1utQBLBHImwpiVQDRSdAKve8Vr1hba6zXc6NCR7zpwTzGwfmBF6HtbWVbTzpYv6FB8bOdXs07zK0FM-N=s1024"",""caption"":null,""width"":2604,""height"":4624},{""id"":""CIHM0ogKEICAgIC_3IKKEQ"",""url"":""https://lh3.googleusercontent.com/geougc-cs/AB3l90BJZUb6Me-RbuxAHyZGR7j_zWTdA3mY6pYXjthAjebxyOMqfF1jZWwAdwpaTBvNPEX0_FEj5K6ZcY2E6UMlUfY_lOKSASMlwpPXrAHuklyJ-XFTyd_lPZaWcslKt8pTM_BoHLPb=s1024"",""caption"":null,""width"":2604,""height"":4624},{""id"":""CIHM0ogKEICAgIC_3IKKUQ"",""url"":""https://lh3.googleusercontent.com/geougc-cs/AB3l90AEbdnY6WP4WHJ7H8cJkyn0sIFnky308-RVMT-vdEh84jOaVp_le3GJsykUcSBzMI5XkJ0zhzyPe_OoJftTaYX8aPpacHz4biccukYGsjTzA5aScBJfHeXmIfc3Z2QGjXWJz58u=s1024"",""caption"":null,""width"":1080,""height"":1920},{""id"":""CIHM0ogKEICAgIC_3IKK0QE"",""url"":""https://lh3.googleusercontent.com/geougc-cs/AB3l90AYvFcpfD5DKqPIndpBcA1fQ9lflFY-jKEtsCqL326JsbzbSznxbYcXfOuj7ApHd7NvElCaHP5GHbHRaKWDvJoI7U8vf-kw58v0i9uSwONogKark2LfuAP_3FPJfoqzqpCbwq3V=s1024"",""caption"":null,""width"":2252,""height"":4000},{""id"":""CIHM0ogKEICAgIC_3IKKMQ"",""url"":""https://lh3.googleusercontent.com/geougc-cs/AB3l90BSttMLO8admzrH3BQUL9MEG8b7E3NAVN5NLOUTPlBdwAZyGFU4MgZOt3ERw9M2R9K25Qm1qjHwL7lRM8AyJX9pG2mlo0cCNcnJNa8obKiZG7WAwYFCvxI9W3kXr3X-uMjB8fX3=s1024"",""caption"":null,""width"":2604,""height"":4624}]"
ChIJuTyS8GyB1y0ROKsBatwY5S4,"Pantai Wisata Camplong ,hotel, Dan Resto",Ci9DQUlRQUNvZENodHljRjlvT21obldETnlOamxTVTFSbldrNHhXREZRY1ZNM2VFRRAB,https://www.google.com/maps/reviews/data=!4m8!14m7!1m6!2m5!1sCi9DQUlRQUNvZENodHljRjlvT21obldETnlOamxTVTFSbldrNHhXREZRY1ZNM2VFRRAB!2m1!1s0x0:0x2ee518dc6a01ab38!3m1!1s2@1:CAIQACodChtycF9oOmhnWDNyNjlSU1RnWk4xWDFQcVM3eEE%7C0cc1Uur1UwS%7C?hl=id,Karel Malibunga Hurulean,104247035833380969886,https://www.google.com/maps/contrib/104247035833380969886?hl=id,4,"Hanya kurang perawatan saja, pantainya Indah",2 bulan lalu,2025-08-16T06:37:35,,,,76,147,1,,,"[{""name"":""Waktu kunjungan"",""value"":""Hari biasa""},{""name"":""Waktu antrean"",""value"":""Tanpa mengantre""},{""name"":""Sebaiknya buat reservasi"",""value"":""Tidak""}]","[{""id"":""CIABIhAIZw3wzsvUysaOiYLSv-rL"",""url"":""https://lh3.googleusercontent.com/geougc-cs/AB3l90DwY-9461FwAZYAORal9JmFKygWrYteM0sJLmni6wGQjR6vYxrkpBCxEzD0j7c7A4qTMNjftsALZ-L9TnQC_A0Ru6OhEvXBTgvjBaM5_reDB35c8KtLVVqGIRS3U51ckyH5KEeVhZjjMa-S=s1024"",""caption"":null,""width"":4064,""height"":3048},{""id"":""CIABIhCJIN47Wl5y9TFkuwv-6nkb"",""url"":""https://lh3.googleusercontent.com/geougc-cs/AB3l90ACalMKmtmNJpoejqaSmnQkSan3C9V8xlTbbJeYWLTEQ9jEq8Q6DdkJE7oPIbX23Rg2DmE5NBBdONK6UyI-9G3zyLUk4-VAXyRhL_ay2XWM7KThEAoX-CAoAa9yIXOER8re3xEN8NrcY4k=s1024"",""caption"":null,""width"":3048,""height"":4064},{""id"":""CIABIhBn4ZOHlgKWf2QKroHFAH75"",""url"":""https://lh3.googleusercontent.com/geougc-cs/AB3l90CgOdAN8gIol9eZ8gSOXsCxKG7rau_II_Nyncrnttlm7erPh4RX6c5XwpoBXq5LOagD5-8mRxTC41AJ_4dSDkpEe1XGoaCsXczAWHJhQuRqocg5odGsWb7pHWkIM10CZb8mms6iBfgGhPgm=s1024"",""caption"":null,""width"":1080,""height"":1920}]"
ChIJuTyS8GyB1y0ROKsBatwY5S4,"Pantai Wisata Camplong ,hotel, Dan Resto",ChdDSUhNMG9nS0VJQ0FnSUR0N2NEb3JBRRAB,https://www.google.com/maps/reviews/data=!4m8!14m7!1m6!2m5!1sChdDSUhNMG9nS0VJQ0FnSUR0N2NEb3JBRRAB!2m1!1s0x0:0x2ee518dc6a01ab38!3m1!1s2@1:CIHM0ogKEICAgIDt7cDorAE%7CCgwI6eSHrgYQkNmnygM%7C?hl=id,Soviya Agustina,104874741142014119965,https://www.google.com/maps/contrib/104874741142014119965?hl=id,5,"Ini kedua kalinya main di pantai Camplong, keadaannya masi sama dengan tahun lalu... Ada banyak permainan anak-anak sewaktu akan masuk pantai, seperti ayunan, jungkat jungkit, perosotan besar terbuat dari semen, cuma semua alat permainannya sudah mulai usang, ada yang berkarang, tapi masi berfungsi dengan baik. Ada musholla, ada mukenah, tempat wudhu. Kaca Musollanya kinclong, bersih, terawat. Memasuki pantai ada banyak penjual makanan, mainan anak, ada yg jual srikaya (mungkin sedang musimnya), ada anak-anak yang sedang berlatih pramuka, ada segerombolan anak TK rekreasi. Ada mercusuar dekat pantai, tapi jauh. Tempat bilas ada, cuma d suruh bayar, untuk kencing 2000 dan untuk buang air besar 3000,tiket masuk k pantai 15.000.untuk bersantai ada gubuk kecil disekitar pantai.",setahun lalu,2024-02-06T08:40:08,,,,66,2220,1,,,"[{""name"":""Waktu kunjungan"",""value"":""Akhir pekan""},{""name"":""Waktu antrean"",""value"":""Tanpa mengantre""},{""name"":""Sebaiknya buat reservasi"",""value"":""Tidak""}]","[{""id"":""CIHM0ogKEICAgIDt7ZT7WA"",""url"":""https://lh3.googleusercontent.com/geougc-cs/AB3l90BrbN5Pp_v4-wd9lNT30J_zvaLi8_YUw-KBTW_-ZB8e4VM2qw6DtoR77C0gFzq_8NtIA2fDDvH23YwRNkPbPpAyaP-q75vuqXMOXGcMWi-e5n0HceTQY6sqzRmtEI2adTDEEU5w=s1024"",""caption"":null,""width"":1920,""height"":1080},{""id"":""CIHM0ogKEICAgIDt7ZT7iAE"",""url"":""https://lh3.googleusercontent.com/geougc-cs/AB3l90BLABFwTMxyWgxyL1kVMfeADdU0wAkVML7qN-1aS-_WKS8kQ_3aEutfdBsNlWFo1WlVX3595G6DDxXORRUaIMwLNyD98L-U03DLdPkgdFPr8iSng_Jij7DYZZPJWNRNJZiSfFMsLA=s1024"",""caption"":null,""width"":4000,""height"":2252},{""id"":""CIHM0ogKEICAgIDt7ZT7SA"",""url"":""https://lh3.googleusercontent.com/geougc-cs/AB3l90DQPUZwRcfKAToO2iocNqGUBFKGPP5DvhA7prLPU6SFZYYFQAtnYcjD5gwiDgKPCXIRwKehJIwAe4eDPB9LhG-LwACaksaNzOuBmvKdM4OrWxdlS1kcAei9m5fMvXkXqtTgD5fs=s1024"",""caption"":null,""width"":2252,""height"":4000},{""id"":""CIHM0ogKEICAgIDt7ZT7yAE"",""url"":""https://lh3.googleusercontent.com/geougc-cs/AB3l90AcKjD6VqHeXYf7DBZrV4GlSRwutNmERh4by1nIHfXEAKjo9tc62vpqZKdGIBqrddU4XNsu8igdTztslg3rmXKJUoPfGezNjdoLZFS0WNBO0xq8zQR1l6sR9w93jPdUr1Od75QV4w=s1024"",""caption"":null,""width"":4000,""height"":2252},{""id"":""CIHM0ogKEICAgIDt7ZT7KA"",""url"":""https://lh3.googleusercontent.com/geougc-cs/AB3l90AL7lyRdpZ0wBWdcTApFYGKXXeDY26H-CwQlW4mrB_eec4KYX7TNQ-YjTqSbFLRdxN99ZbgfGye4vHjtyzLTsZj78ALYc1ggMzsR5AG0qZOQlBUOhPa5pmWAg2_SRyK6ZYQX10n=s1024"",""caption"":null,""width"":2252,""height"":4000},{""id"":""CIHM0ogKEICAgIDt7ZT7qAE"",""url"":""https://lh3.googleusercontent.com/geougc-cs/AB3l90Dx7PwrAdmBN8dWEK_iDloQpUKkEPLsgX1t37z4dDJ-jSV6hbG3VsrqjrBzByKltEMOKBApzacMr-f5dNoEtUKxD5J64S-_IiBwst5wD_TxY98o-uSHIrWA6G7mYOqbbQf82VcZSw=s1024"",""caption"":null,""width"":4000,""height"":2252},{""id"":""CIHM0ogKEICAgIDt7ZT7aA"",""url"":""https://lh3.googleusercontent.com/geougc-cs/AB3l90At1G79sO8NzF8OQDII_bjV2Yxy-DpV4G4nKK7s-ytZTQLkVa1sinDRq-KCeNSxbfhgY1saoUryIF79jInZ8JOJGXQK3qEjmkCJRIyA64d1wNHis7fyGzKzNSR7G9HuzIpXqHs=s1024"",""caption"":null,""width"":2252,""height"":4000},{""id"":""CIHM0ogKEICAgIDt7ZT76AE"",""url"":""https://lh3.googleusercontent.com/geougc-cs/AB3l90DK-Q91hlHgowHwapN3JvBZfPpM2V5zEo3Gbt8PwTWYBbuKR0RSBm3rLwWwgzVO0XR1sfut7XOK87muNvJ_Ht-pA5OIE5uvMkmi6JxBTlkAQ8c0ArXLX8TCPwFBvHGrIqKvcGvI=s1024"",""caption"":null,""width"":4000,""height"":2252},{""id"":""CIHM0ogKEICAgIDt7ZT7GA"",""url"":""https://lh3.googleusercontent.com/geougc-cs/AB3l90D1b2VWcIQHOroYJbxcyaPDZw1Jr1TKrPygKCMqOS1S9TF0hf2YqEN6nBk-OXxiTKksH0IJlPh-_Fekx_Uejv0E3Kss-n_nk9PGlOrbX5ra0LV5fTHBTLNe25da1Imu1W1nYQNN=s1024"",""caption"":null,""width"":2252,""height"":4000},{""id"":""CIHM0ogKEICAgIDt7ZT7mAE"",""url"":""https://lh3.googleusercontent.com/geougc-cs/AB3l90BfcyjYrmIJMJ2jdn6eP2vlINFf-P-570T66jYv2CWSn_dHEJLsGnRvLMHBQjHUuBcNSeP9UYaZjv2Vs2-xe9OTL_XwXymRYTapVI3mgQfV7YcnShjQfg5Cn2AaRxjTjRnpPB2ODA=s1024"",""caption"":null,""width"":4000,""height"":2252},{""id"":""CIHM0ogKEICAgIDt7ZT72AE"",""url"":""https://lh3.googleusercontent.com/geougc-cs/AB3l90ApuiNNtFxp7LsTM3t4wYScCGjqjXrIDXb1oQrmTvJe3yVES3tKM5waCkMf4N5z6jz0vRZhts-V0MT9s2wsm3URhhrt5LEOd_6Bn9UPlFQZZsyuX3Cvh5vo8yaxmwr0dJwk8UAt=s1024"",""caption"":null,""width"":4000,""height"":2252},{""id"":""CIHM0ogKEICAgIDt7ZT7OA"",""url"":""https://lh3.googleusercontent.com/geougc-cs/AB3l90CGyvwzh3thYNAetyrCVdlGIJ43mno2Tnzx_K9dtjY-kIeoJlpcs26GNEgpuu0RLcnTm-jfr0OUi13770ZIxWRpAmLLemkCatXBMji096bSb2BRbirXPhudwEUobMH1BGa3UfsD=s1024"",""caption"":null,""width"":4000,""height"":2252},{""id"":""CIHM0ogKEICAgIDt7ZT7uAE"",""url"":""https://lh3.googleusercontent.com/geougc-cs/AB3l90D05Z_Ppd9krLA662YW3gcmqRgsIdRrcPuo9kfyLWbVlSeQteg5mkcrwW8XGISxgEbpjGDy9iEQo2YDYfpkOc25qlu-_O1w5eyJ1xgA1-Ro6qybsGkc2L9r8f8GJi4Jo3gKTWXbMw=s1024"",""caption"":null,""width"":2252,""height"":4000},{""id"":""CIHM0ogKEICAgIDt7ZT7eA"",""url"":""https://lh3.googleusercontent.com/geougc-cs/AB3l90CQwHMqRIeq9MmU4ZI8FypfxshWYUm-TxCaWWmfamKzIHFPPjhXLpJ9jXZWuGDh8ig90J9_-KklCR1D1ahtBwYgcosurJQIyRMcyVcgIHISZAjIKCVItF_et5dsHCtnDmvZVPXC=s1024"",""caption"":null,""width"":1080,""height"":1920},{""id"":""CIHM0ogKEICAgIDt7ZT7-AE"",""url"":""https://lh3.googleusercontent.com/geougc-cs/AB3l90DYXH2b1asWE86Q15fTN4zJczq2IU4Y603sX16li0DggMcXGmq9uVDS-KZiRurwOM1an2exIS1j-Yf6fq_iC4k4EVAxvuST4WV9gWbN-nhGNWxCknPh4VHmxOBq6pSyCweaH1uVxw=s1024"",""caption"":null,""width"":4000,""height"":2252},{""id"":""CIHM0ogKEICAgIDt7ZT7BA"",""url"":""https://lh3.googleusercontent.com/geougc-cs/AB3l90DUKni0iq_QXIpk2s51K3WTM5N-qkIsehEo1zsrWvaiAO4CWh3ocWVZtZXrPY1b9odRoWMKVMHpLFGlOA6u6y1YyAadeFiw_BU3xi7464outFvqukBADgY3zMAaVSUgCKZFfSVl=s1024"",""caption"":null,""width"":4000,""height"":2252},{""id"":""CIHM0ogKEICAgIDt7ZT7hAE"",""url"":""https://lh3.googleusercontent.com/geougc-cs/AB3l90DJ1Cs0fxInnty-YCT6X3yBQoB4GhqwxF3bl_rzXEOOpodvCVgjWoS9p4KYnMiUNiUqRdRka2yxrMUV4SqnsF-FF7ulKsAUa-aFMdY5abixVQx8SEA8erF70kvWx3dGsgWJ32XCYQ=s1024"",""caption"":null,""width"":2252,""height"":4000},{""id"":""CIHM0ogKEICAgIDt7ZT7RA"",""url"":""https://lh3.googleusercontent.com/geougc-cs/AB3l90Ayv3-7hITrpEU_3m9k2vLvTxP_7QsSGqyvDjTPyYqClsuHe6FzQjVLeGyDr-3_sEKp9xUczgjomb1FfpXi2WlhWY3MRVvKoePzNWgncyttMy3Tudnehbyf_PsTeseRnhO8fV4=s1024"",""caption"":null,""width"":4000,""height"":2252},{""id"":""CIHM0ogKEICAgIDt7dSI4QE"",""url"":""https://lh3.googleusercontent.com/geougc-cs/AB3l90DLleWiXXjNAH-N60qb6YPzKFOVbiw3OipDhsnSynHx5QcaBRQNu7HWFBlmIw1ZPEqS5mwc613dj2yiWmPpxFnnosvdGs7cCk5fkgiKbc4dVoBGPLNJ6t_NYJtvDGYvKiUKGSG4ig=s1024"",""caption"":null,""width"":4000,""height"":2252},{""id"":""CIHM0ogKEICAgIDt7dSIEQ"",""url"":""https://lh3.googleusercontent.com/geougc-cs/AB3l90DvWtxv7kPmMeZgc-YkqtUOXDz9lTDJIK1D8VKtSQNWdUll3FPtSydj_Xwxs89kTVREj3gF7VKy9eiDr_tyJVf-2NtbRMFCnw0FsCqHcDHd7tptQsnYf5XxOGutYD9owQX6rIGO=s1024"",""caption"":null,""width"":4000,""height"":2252},{""id"":""CIHM0ogKEICAgIDt7dSIkQE"",""url"":""https://lh3.googleusercontent.com/geougc-cs/AB3l90DT45za90iwyqrQw9LmYr9_-UHZNQwOJFHRonMlySRaVjjZWa75canue07L4sDbR_Bz16Y1V4JTAORLvHD18zhnEa1s2m2HDuz0LZi9LGyOoZakfgBW1w0WTNX9HOkx_NMHp7A1MQ=s1024"",""caption"":null,""width"":2252,""height"":4000},{""id"":""CIHM0ogKEICAgIDt7dSIUQ"",""url"":""https://lh3.googleusercontent.com/geougc-cs/AB3l90BrIBcwG37cu_-yso6liLmYeuEoLEaCfl51kRzIM-OBhd9bnYg8paRAEeTglagpy5R-ri5NkDLpvUYOZf2iIbh32RBXwx_3mh4EqFmWm19MHh4A-jmc1ywf8nbZL2usRA7-iaNr=s1024"",""caption"":null,""width"":2252,""height"":4000},{""id"":""CIHM0ogKEICAgIDt7dSI0QE"",""url"":""https://lh3.googleusercontent.com/geougc-cs/AB3l90BCUHFNt-sbsPQYD68pp6ScLe8I0EJ9fu0FUBycFBF4bMO-478wUG-gpqrOmzqiXePTM52pUMn8M3NEKJYWzS8bNFD9wirA6nJ8DxYR1bf6ohz3hjV9FTeQd66pPe55aAlwy_X7SA=s1024"",""caption"":null,""width"":2252,""height"":4000},{""id"":""CIHM0ogKEICAgIDt7dSIMQ"",""url"":""https://lh3.googleusercontent.com/geougc-cs/AB3l90AhHh8J-pRdsqMSnu2LwsdQZqNWZnJvNsWPtqd2wcadcvBkuNO0zgsRtmNcJ2ZwmJLA7NPdJEjzxkiZdfZh75QCTsMdw-ctcKMYyLJpwEEqH4NW4jHoWaWb8hnHqVFsyfOwNqWz=s1024"",""caption"":null,""width"":4000,""height"":2252},{""id"":""CIHM0ogKEICAgIDt7dSIsQE"",""url"":""https://lh3.googleusercontent.com/geougc-cs/AB3l90BwPEJjAz-zygFjWI7i8u0J_LqUDPlqQsaon90TJ095eO2KOebInb9rJ8cpVTz6arnYqndhDTaoElc553HIC8ADwx1tBpZm8wEwGkgCYeg0gm76jE6h9QXnhfsZ3FL5QenH-Ieqmg=s1024"",""caption"":null,""width"":2252,""height"":4000},{""id"":""CIHM0ogKEICAgIDt7dSIcQ"",""url"":""https://lh3.googleusercontent.com/geougc-cs/AB3l90BqUO1MgonA8YbTAUwWsNVx4rmFJepcL5xiWk3_shMekoDAam5I1iMS8HCOimNrIUNukCbBY10C_uKRgtCUe0HP8arja85axuvlR3YXQBEDgcqUQAOO-bIYQtKAx99cbVANqfZQ=s1024"",""caption"":null,""width"":4000,""height"":2252},{""id"":""CIHM0ogKEICAgIDt7dSI8QE"",""url"":""https://lh3.googleusercontent.com/geougc-cs/AB3l90D2XsWqHzThb1vZ84W-XBzmChmcgaT4eqALx39QI81DUvdZPkDnWKEw574aw2HeKvXOCewwIba1_bgnZ3rBbOBk2V8FqHZmFTH8aY5f_Z1xxqbqMni6loX35YWmhM9456eQ6Ld_5g=s1024"",""caption"":null,""width"":1080,""height"":1920}]"
ChIJRWDI3jnL2S0RZNOoqG40F74,Pantai resor,ChZDSUhNMG9nS0VJQ0FnSUN3OU1YR1pnEAE,https://www.google.com/maps/reviews/data=!4m8!14m7!1m6!2m5!1sChZDSUhNMG9nS0VJQ0FnSUN3OU1YR1pnEAE!2m1!1s0x0:0xbe17346ea8a8d364!3m1!1s2@1:CIHM0ogKEICAgICw9MXGZg%7CCgwI7t2g2QUQwNO9kAE%7C?hl=id,Fardatun Ni`mah,104820710436108700172,https://www.google.com/maps/contrib/104820710436108700172?hl=id,4,"Pantai berpasir cantik dan ombak yang cukup memikat.. sayang entah pengelola atau pengusaha ATV terlalu ""galak"" pada pengunjung penikmat pasir sehingga disuruh2 minggir .. parkir luas namun kurang rapi pengaturannya..",7 tahun lalu,2018-06-18T22:11:14,,,,1010,2652,1,,,[],"[{""id"":""CIHM0ogKEICAgID4wJWVFw"",""url"":""https://lh3.googleusercontent.com/geougc-cs/AB3l90CokMc6ZBBVpFu-lSTfdTElBEQMbzJEsk2ODf1mMMcCjnlJ0KWncR9fAuLB9PgDaQeppqfF69CRsVhbfDIeGCeCU8scuLLMNStqrJ3G_yGJxKWmsmT_pom5kVVUMYKYOiJ8fkc=s1024"",""caption"":null,""width"":3072,""height"":4096},{""id"":""CIHM0ogKEICAgID4wPmW4gE"",""url"":""https://lh3.googleusercontent.com/geougc-cs/AB3l90ATav9qClGDeydbF8PITXEA1BfmU-55Rox8PB6CI19WR-f1MOebxFcu-9E4cghGHAolnBqp064vnGe5vTwBQCi9YAUOt5ZqsYJVLqnyErSGDwVz4OpS7V3wQ8ODFr692MAkTstqiA=s1024"",""caption"":null,""width"":3120,""height"":4160},{""id"":""CIHM0ogKEICAgID4wOW30QE"",""url"":""https://lh3.googleusercontent.com/geougc-cs/AB3l90AGCEugheejAHeAy8UBbIGK6H69OTQTiDd9totq7L_vzlFXm1WzFIxESElaSr6I7aOIdwoR97RFouDBgNexiQcXLn1ie8PZ6rJMa2R1ZvqoOWmSv6NupCsfNijbL-lHpwpo3t7j9g=s1024"",""caption"":null,""width"":4160,""height"":3120},{""id"":""CIHM0ogKEICAgID4wOW3Lg"",""url"":""https://lh3.googleusercontent.com/geougc-cs/AB3l90CeKNlqMhOZk7PIBJkcjrCCeceoxLkxsbHFFkEhqMSEZ6HmR8Exsu6rELHzQxM0qDTAD0uiGPPH0b02FMdWEMHL5LA_QQCE5ari1txYGr6DcRypQPTdw_zcli5CLEf5e9JngLwk=s1024"",""caption"":null,""width"":4160,""height"":3120},{""id"":""CIHM0ogKEICAgICk6PnCMA"",""url"":""https://lh3.googleusercontent.com/geougc-cs/AB3l90DRj6_sKQXdqzqV0iTmMBjOdxnwPnjaRLe_yt-sZa0i8BYKi90mj4yQH3hFB40a30DlVhH0V2kUhLUmBbRhKvYOEd_m3aPKBfDmYPgoqC0xDiU7ftsQhr-4sdIRvPiz5sw70JBs=s1024"",""caption"":null,""width"":4160,""height"":3120},{""id"":""CIHM0ogKEICAgID4wJXWzAE"",""url"":""https://lh3.googleusercontent.com/geougc-cs/AB3l90CwAnRatXXhCvIKjq2y_u3uGoQrsLgx4r3pkjgu8jw1Z0rOfREAxoRb1WL7sOnYSgyXjlwzE8nxeq4FcDwrhClpuDtrwfbupnGVtU-Oejh6UnJRRjJvwtywyQQxcWP6C06JwjdjVg=s1024"",""caption"":null,""width"":4160,""height"":3120}]"
ChIJRWDI3jnL2S0RZNOoqG40F74,Pantai resor,ChZDSUhNMG9nS0VJQ0FnSUNBaHFDOUFnEAE,https://www.google.com/maps/reviews/data=!4m8!14m7!1m6!2m5!1sChZDSUhNMG9nS0VJQ0FnSUNBaHFDOUFnEAE!2m1!1s0x0:0xbe17346ea8a8d364!3m1!1s2@1:CIHM0ogKEICAgICAhqC9Ag%7CCgwIl6G10wUQgNTmnwM%7C?hl=id,Nikito Pradana,109158418338020567946,https://www.google.com/maps/contrib/109158418338020567946?hl=id,4,"Lokasi di sebelah timur air terjun toroan dengan pemandangan yg cukup bagus, dengan deburan ombak yang cukup kencang, dengan beberapa karang yang menonjol dibibir pantai.",7 tahun lalu,2018-01-28T04:19:39,,,,15,272,1,,,[],"[{""id"":""CIHM0ogKEICAgIC4g87ROw"",""url"":""https://lh3.googleusercontent.com/geougc-cs/AB3l90CbhlMaKsJ_B0AdW8NYUn1IwSS1VzuJ9u5R6auhIwb9kxd0DsJlcT21PffLgDmOmF0mcieEFtfgpoobdyiJYR9QVOdim4bSuk2-FfXV1mNiYhJaNsLQwUq-6a6SvfIB5sASaoh9=s1024"",""caption"":null,""width"":3000,""height"":4000},{""id"":""CIHM0ogKEICAgIC4g87RRw"",""url"":""https://lh3.googleusercontent.com/geougc-cs/AB3l90CZmP5Ml-YHXGq745ukau7vJC-R6-xws-KnV2wu_NxMg-KYMCnphbfCBsS4XGnreFdhrrJAs-rh1MoIgRvuEMza4xd3WnNH-axrIZ0bULIDNPS-9tTLAcPvP2EI0vlSmcPtYss=s1024"",""caption"":null,""width"":3000,""height"":4000},{""id"":""CIHM0ogKEICAgIC4g86BGA"",""url"":""https://lh3.googleusercontent.com/geougc-cs/AB3l90AusuIO6M_JSCTwbzDV8FfEeqdcIibhBTOEo9PE6ez1lSSbbD0FiKXuzRiw-s_zDCFOVkZrMQDgOCSTHgBqdO4Rcw2rjuIFsAuiepVhRMRYljNr-xGeZmz5FE94KfdY020km4PG=s1024"",""caption"":null,""width"":4000,""height"":3000},{""id"":""CIHM0ogKEICAgIC4g86hmwE"",""url"":""https://lh3.googleusercontent.com/geougc-cs/AB3l90DNsBkZMwtMq74YXr7dIQn7oguLxsB43hmdqMEQFD5QGYBgqla9YeIzLUonBl3mqT05yKVWibFwmguepH5pQraAPDUNha-T4qcu0-1FZjZ_e9hZRmAUxIk2Ylp4LXwjQQ4Z_CxbEw=s1024"",""caption"":null,""width"":4000,""height"":3000},{""id"":""CIHM0ogKEICAgIC4g86x0AE"",""url"":""https://lh3.googleusercontent.com/geougc-cs/AB3l90ABqyn7_YBWrkqYYjUkN8kEWIcgh1w_rwL7idSNl9u2Sx9s7nJY0rNx_Ffqdc9cI9wsJtb1V9ShmRkdKv7bTvCaj-OqhxEtijKslxbHvBaJcl6Css51HlL_NkMOBsSBFpNSVqtj=s1024"",""caption"":null,""width"":4000,""height"":3000},{""id"":""CIHM0ogKEICAgIC4g87R5wE"",""url"":""https://lh3.googleusercontent.com/geougc-cs/AB3l90DExFSow4OpZ2pbe5RfSOYYwmV0GNjJw2TgbKKJHiLlqSghkJGBsnyGDrSjhSontCMlirmojOwbQBhE2NELfV6SOEpqxNm8pY9G6BV2kpzn88rn-eDvtPIQHvOkDoLfhSC4UIuO=s1024"",""caption"":null,""width"":3000,""height"":4000},{""id"":""CIHM0ogKEICAgIC4g86xRA"",""url"":""https://lh3.googleusercontent.com/geougc-cs/AB3l90Dn8QggVN23SyRWLMWyXZrYwbWD7DH8Vtgxrm6alSLKDceBKr7BLc1AN13dpk0yGlraezQ8WbToppnGpjmiipGS_n8hVn35sBn4e97fzttZW5Mxp2gSlBlXx51giPC6uzm3yEQ=s1024"",""caption"":null,""width"":3000,""height"":4000},{""id"":""CIHM0ogKEICAgIC4g86x9AE"",""url"":""https://lh3.googleusercontent.com/geougc-cs/AB3l90AcLFl85K8k4HfbikjR_luwrj6vRn3M2FBL9FzKuxRkDyX9abUm8Dx_-VPrV6zGKhUPRMZIngCXmXkeUtEtxmzvdvmBpgClu5ElhSgT3Dng9vK46wVKM3llGd2q1Il8k3zN5EgE=s1024"",""caption"":null,""width"":4000,""height"":3000},{""id"":""CIHM0ogKEICAgIC4g86hDw"",""url"":""https://lh3.googleusercontent.com/geougc-cs/AB3l90DiaP1cGtuhrpn5DWVPjbOpCFkMjp3YX-76j5Zbo1wuevVEnGTUNFO1eVsvNRfls7n3OcdydhN5lN2Fd5ZOtYHnBif6dkZlvije_QTmmtj7vsSw42cboQBKAe7fg3ERW0wTrWva=s1024"",""caption"":null,""width"":3000,""height"":4000},{""id"":""CIHM0ogKEICAgIC4g86BygE"",""url"":""https://lh3.googleusercontent.com/geougc-cs/AB3l90CsCoQ07Lbo5HaGgUJqwERtoGQWanIjiAXtznIJxvvcyhLMdGaUYbcZxrhT_hDu_JPUantcTluMJ1ZQ4E-VmCFnQXklokUwtpsxXj5maiE6CrdWyLmU9osEkBNnTWDjBWpivtEmBA=s1024"",""caption"":null,""width"":4000,""height"":3000},{""id"":""CIHM0ogKEICAgIC4g86xpAE"",""url"":""https://lh3.googleusercontent.com/geougc-cs/AB3l90BcEeY0h9G4ixKq4d_K-q0NzzaRFV0vcTrrp5js_JM2FHC9spPjgHe9Di0HLZ4e3kgZJdnRiv-SodxCGN6We2_B4b1HB8HfySIXVoXOExOTw2uG2WPYOPVlJYlWuIZQblnc8_VfhQ=s1024"",""caption"":null,""width"":1280,""height"":958},{""id"":""CIHM0ogKEICAgIC4g86Bag"",""url"":""https://lh3.googleusercontent.com/geougc-cs/AB3l90DN5GFsWJ4UWb71OT9NbUpMkhMRdfCTcTJzpwk7wQB6cZ9BdwbvPrRgvW4M78e5LJ1PMIgAienMz4CFBtUBYit7XkGFYE2Xb613YnZCVVAyvyaDKYDZs207V-niLS3F092j3MQ=s1024"",""caption"":null,""width"":1152,""height"":864},{""id"":""CIHM0ogKEICAgIC4g86hiwE"",""url"":""https://lh3.googleusercontent.com/geougc-cs/AB3l90CQ5Y9FmNBF7xjsxNAA7H28j9W47yiiMirdVVwbiPWbwPxfNjZw7vJLb4QCWGG5k6zVAiyWqmXtt-ig28n6V_Mdhy9zTGXB6q6MVw8ZrXSguuhQCLRkKS_RpsMYXSxbqRVMFGJ1-A=s1024"",""caption"":null,""width"":1280,""height"":958}]"
ChIJRWDI3jnL2S0RZNOoqG40F74,Pantai resor,ChZDSUhNMG9nS0VJQ0FnSUNReE9peWZnEAE,https://www.google.com/maps/reviews/data=!4m8!14m7!1m6!2m5!1sChZDSUhNMG9nS0VJQ0FnSUNReE9peWZnEAE!2m1!1s0x0:0xbe17346ea8a8d364!3m1!1s2@1:CIHM0ogKEICAgICQxOiyfg%7CCgwI6bWG2gUQwJ_G8QI%7C?hl=id,laila wati,115873253727289127787,https://www.google.com/maps/contrib/115873253727289127787?hl=id,4,"Pantai pasir putih yang bersih dan luas dengan hamparan pasir putih yang lembut serta laut yang cukup jernih dan ombak yang tidak terlalu besar, bagua buat bermain dan mandi di laut",7 tahun lalu,2018-07-08T04:59:35,,,,3,12,,,,[],"[{""id"":""CIHM0ogKEICAgID4gaj0PA"",""url"":""https://lh3.googleusercontent.com/geougc-cs/AB3l90BC21tTamWyny6jspmSCdZyIi3UCSenMpETQmXSApm6oK8mJHET7xXmKiLqA-GXrGcdZ5MeOj4a2wS749XWQKrM67xTZHaMD-6P8SHHgbFMgDAYPJE6hfI1kWHXa6jiT6a39n0=s1024"",""caption"":null,""width"":4160,""height"":3120},{""id"":""CIHM0ogKEICAgID4gaj0Ag"",""url"":""https://lh3.googleusercontent.com/geougc-cs/AB3l90BMFgnKzgvxtkBOAP5hS1qYcAP49ddkQ754p1LYUKCyjUcEX-QJJncG8z34Kp_7zUe0n3Jkn5VHz1QLHLD2sbSPIiUR4bX3Qnv2c0gDJFxGVXIS7UTD1b82rYeZIFBi3OnuUqm4=s1024"",""caption"":null,""width"":3120,""height"":4160},{""id"":""CIHM0ogKEICAgID4gaj0HA"",""url"":""https://lh3.googleusercontent.com/geougc-cs/AB3l90BtiCZNaL6LO9-_fN9yTzRNn2Se8r8FBXMj5S8zztxqybLMb-HodilY2i7170ByeL_RtVgrEPyTEeIWF-0YWPwPFK52NhsYnxd4A6O8W0M3oM2pEeKWaJ5qoHJSmD_WEfyz2BM=s1024"",""caption"":null,""width"":4160,""height"":3120}]"
ChIJRWDI3jnL2S0RZNOoqG40F74,Pantai resor,ChdDSUhNMG9nS0VJQ0FnSUNnM2Fqd21RRRAB,https://www.google.com/maps/reviews/data=!4m8!14m7!1m6!2m5!1sChdDSUhNMG9nS0VJQ0FnSUNnM2Fqd21RRRAB!2m1!1s0x0:0xbe17346ea8a8d364!3m1!1s2@1:CIHM0ogKEICAgICg3ajwmQE%7CCgwIkIqR1gUQwIv2ggI%7C?hl=id,Tentang Madura92,102736154566192253788,https://www.google.com/maps/contrib/102736154566192253788?hl=id,5,Pasirnya halus dan pemandangan yabg sangat bagus. Ada wahana bermain juga sih.,7 tahun lalu,2018-04-04T03:21:27,,,,343,3481,1,,,[],"[{""id"":""CIHM0ogKEICAgICEkdn4Ag"",""url"":""https://lh3.googleusercontent.com/geougc-cs/AB3l90DXJVktGpzAnEKAj70PdkZjDX16fPXqKz-82S8N4gF_FqtqvuiM88hdZr1IbU3cDzXSxtSm-u2Z1y1FN6NH5L3T6GYwxE2Y44109Zgy6kpPzAMgHMIQp8tF_pgQhjfKy99BB2JE=s1024"",""caption"":null,""width"":3120,""height"":4160},{""id"":""CIHM0ogKEICAgICEkZmAhwE"",""url"":""https://lh3.googleusercontent.com/geougc-cs/AB3l90DxaRk_uhsK0uO1BTXRi8B9ksxahQoNHVfrS8rgkWGzvZpPVGb0ZZU8Vymvk7wzpX2Pv-ZzbT60DaoY-v_1Hm9mEjlluGR90M89n8_lmj7ySEPnGaxRJOoLcBzBDYNYSB0twUM9=s1024"",""caption"":null,""width"":3120,""height"":4160},{""id"":""CIHM0ogKEICAgICEkanQMg"",""url"":""https://lh3.googleusercontent.com/geougc-cs/AB3l90Alej5Ta8vnOQkZFPjKG6Xn67TSAlJdXx6cVa5dheH25IsN9DvHkP9XDXPQMpmY2sofN8_1JfRgJZxHsHGk-CoVIAHP0TLNo2MWBTDBS2lQV61Cu_hjAfNs0CXOLp1LVBDQFkI-=s1024"",""caption"":null,""width"":3120,""height"":4160},{""id"":""CIHM0ogKEICAgICEkYmXNw"",""url"":""https://lh3.googleusercontent.com/geougc-cs/AB3l90BYQWvvzzIbBR6_ZO-Xlc9JubY78DejDytIWwJK0AanTjYN2N2jvRia0OIDYucj-_rpd_UlWqgqD1f6Cs2l8khxfcKnYQu0XbOSlEgWj80sI7Tmru8sW0x8qk9FBqbhDfxZmh8t=s1024"",""caption"":null,""width"":4160,""height"":3120}]"
ChIJRWDI3jnL2S0RZNOoqG40F74,Pantai resor,ChdDSUhNMG9nS0VJQ0FnSURnanQyWV9RRRAB,https://www.google.com/maps/reviews/data=!4m8!14m7!1m6!2m5!1sChdDSUhNMG9nS0VJQ0FnSURnanQyWV9RRRAB!2m1!1s0x0:0xbe17346ea8a8d364!3m1!1s2@1:CIHM0ogKEICAgIDgjt2Y_QE%7CCgsIraLc0gUQwNa1Pw%7C?hl=id,AL Badrut Tamam,110962052933693733771,https://www.google.com/maps/contrib/110962052933693733771?hl=id,5,Tolong fasilitas kamar mandi di tambahi kdang airnya kwalahan abis.,7 tahun lalu,2018-01-11T07:21:29,,,,17,289,1,,,[],"[{""id"":""CIHM0ogKEICAgID4qMuTYg"",""url"":""https://lh3.googleusercontent.com/geougc-cs/AB3l90CJRirG-GC-DSiKB0-vZOJ1GDsc5mkugithCFOQ1lC-oNrwYOwa0_Om_IMLN_-meYc969SuYWhqwCVlUgD9PXs-l7mwAjpZ7Tws74hJkxpBKdVTAeH5qAsmlpdvCqL1U8hmASCa=s1024"",""caption"":null,""width"":4096,""height"":3072},{""id"":""CIHM0ogKEICAgID4qMuLRw"",""url"":""https://lh3.googleusercontent.com/geougc-cs/AB3l90Ch2b1hI7SwxPmtJUNgF_TIawYOZGNRWaQDbLdIgTdHMaDSPITBhajRE3RymVvPH3g63xF2F44jTk_6Lp51hQpQYIOD888rGqw3GJhgago-4nu2zjfmLlKDU_ML7Vac8sZCJyFK=s1024"",""caption"":null,""width"":4096,""height"":3072},{""id"":""CIHM0ogKEICAgID4qMu9Jg"",""url"":""https://lh3.googleusercontent.com/geougc-cs/AB3l90De5CFGazpFKTX3gVdiHXnkf_FVIiSo9osbyBFzsaM3D0jJf9SC7QmlSUAw9IuSPcCLCn8n4qLTEXfWh4ewbyhZqsP31y3r201O-WLTVk-A9hXiZV42uUvU4l0Ez1zl6_HseBLv=s1024"",""caption"":null,""width"":4096,""height"":3072},{""id"":""CIHM0ogKEICAgID4qMu9Vg"",""url"":""https://lh3.googleusercontent.com/geougc-cs/AB3l90CsEysWxGAaDHyJUzQTeb0r5NYbORkVdkwipruXeYy5qDZ6VCYIGhxnbWYUXMGuzBBQ9BS2ZTmmtvMAHXcYJuvNpzbr2TPbCX8Bf70MQ5Jq_vMRQ1Rn4DQzD3uYDyG5pUVXzlW9=s1024"",""caption"":null,""width"":1536,""height"":2048},{""id"":""CIHM0ogKEICAgID4qMuTmgE"",""url"":""https://lh3.googleusercontent.com/geougc-cs/AB3l90AUxysQ2JZ6ZHcx7LIUNx1rkeosUKfzPDaxnlapRmYNxCSxKwrPnbCBsEaPG4774AVZlDExIOclWQ2Na4_wsLUU2HzagOrmeQYO6uc8kRUTR93IH1Upq3XV7m5Wbox-Q4JEuznt=s1024"",""caption"":null,""width"":2048,""height"":1536},{""id"":""CIHM0ogKEICAgID4qMuTSg"",""url"":""https://lh3.googleusercontent.com/geougc-cs/AB3l90DMWOKTBR_rSO_i1_nYMlyzqve4YRCzLkmmbdxsQJbZ2kFDrCNvHwHaKqVr1BeO4FYGJPVZfVmdXaXgURTQh1IIOlJ9Bjw1fG5waLtrEmh3BybDGQVTNV8w68Z7RJWYfE7CHrXN=s1024"",""caption"":null,""width"":3072,""height"":4096},{""id"":""CIHM0ogKEICAgID4qMuTXg"",""url"":""https://lh3.googleusercontent.com/geougc-cs/AB3l90ABC_dFn1vf5i11xtol42w3RNceOchGbs4FSzN72r6BcMlenzzWjnriVG0VZQte_0vcxOWMCHyGKvkNOlUeKbYCkUbT3klASvU01H7ZEAm52yYqVFFXrVmIBMX0B9GHjBdCLi9d=s1024"",""caption"":null,""width"":1944,""height"":2592},{""id"":""CIHM0ogKEICAgID4qMu9Rg"",""url"":""https://lh3.googleusercontent.com/geougc-cs/AB3l90CPJBcDOOX8ynIy_DJqUwhfW6go5R4WGidQhqCE4GajqFjIJ-CG2jTMtT9-E-OYvZrBsJ-u7sb2bZsLS2O6mYlERaDpkAWcNGlBtlg6A_03cZLJ1cMlrY1z98mSl1iZ_E7ppoo=s1024"",""caption"":null,""width"":4096,""height"":3072},{""id"":""CIHM0ogKEICAgID4qMuLmwE"",""url"":""https://lh3.googleusercontent.com/geougc-cs/AB3l90AXA-47_M9n__cXDHYagYAHezQhia4lhOkzinJ31oyPtYG0HyhmtDhVNh6N6O5NmGfuY6uBXhEIzYDUz9N01gYZfL8uf3sdTss1WAttL7Dl5R7ZjZ2oSSOAPxLYuBwD4jM0KEx1mg=s1024"",""caption"":null,""width"":4096,""height"":3072},{""id"":""CIHM0ogKEICAgID4qMu9YQ"",""url"":""https://lh3.googleusercontent.com/geougc-cs/AB3l90CGejBVRbAtSa2hlbIvvdWuQDw88b6Mr4ytD-GA-8Ov6hMWfvOCs1L9tgaSnW3T1Uj6RIugqpM1BTnmDPwteC9iSRR5YIRnGrHPR_-VTOKey6Thx6MlijshYVcZZ3R8gIqFlrc=s1024"",""caption"":null,""width"":4096,""height"":3072},{""id"":""CIHM0ogKEICAgID4qMuTjgE"",""url"":""https://lh3.googleusercontent.com/geougc-cs/AB3l90DDBmftUOn4IipxzjLkz-poHokqBBqm1fjTtm0nzfbGTEMrsj-tYvemFEehAEJuJRb-uDZfS7J5naDZh1V2p-nZgJsw7an5TozrZZMvJkWqET24Ok9dxFeogPGiG8RzeRM2NACl=s1024"",""caption"":null,""width"":4096,""height"":3072},{""id"":""CIHM0ogKEICAgID4qMu9eQ"",""url"":""https://lh3.googleusercontent.com/geougc-cs/AB3l90A3EbFeHXrmJ_n7s_LMpRYYsbwH6bLObRuGZzN45ovE7ZkyNOVXcoI_rWX3YdX0Ifr82vOQeazoS2DGtaoMNjW5E0c0Gfcr7qslNduGRGhne_n0fscxSP2K7lbNqRmSQOeLyOsE=s1024"",""caption"":null,""width"":4096,""height"":3072},{""id"":""CIHM0ogKEICAgID4qMuLWw"",""url"":""https://lh3.googleusercontent.com/geougc-cs/AB3l90AE5_UuU_8gU_DRjz3qWJ519V2dewkWqZMJzXOD_9G6S8e4DobwvQv9EdVdP906vxmAXkuVK0CffEEeIiie9xXaquQT_7WfnChWavFRgAxUoZnyt-6w9QQf2Ztn0KWJf2KbQ3Vh=s1024"",""caption"":null,""width"":4096,""height"":3072},{""id"":""CIHM0ogKEICAgID4qMu9FQ"",""url"":""https://lh3.googleusercontent.com/geougc-cs/AB3l90Duu8DUr_81UYnK1pNDOU2UfQ2HU0RI4l4GRVdB4P5HicfWg_MWAgJzVincqVuCeAMpy2DdDy2Mpd5OCN0hsrZkZmqUiXgmgBQVijYiCisYXi6UYyfWzfYPaS6U6vA73I4heEkh=s1024"",""caption"":null,""width"":4160,""height"":3120},{""id"":""CIHM0ogKEICAgID4qMuThgE"",""url"":""https://lh3.googleusercontent.com/geougc-cs/AB3l90BIMNlTWgm5kuEmT6VNoL8Ikj0mLV--KSc2AU0x5DdWb1iptwgY14OoY5RQeXA_-crpWWO9houAB8B2GSbKfYajh1FIc-dZN9kVkp8XCLzYZkLSKnFtpQcqeg7mVl-ioh4mKMH15Q=s1024"",""caption"":null,""width"":4096,""height"":3072},{""id"":""CIHM0ogKEICAgID4qMuTAg"",""url"":""https://lh3.googleusercontent.com/geougc-cs/AB3l90BX8SQr3OOp2gcYvCax7eQCnW8_Fr8shmc20JcTdmXRnJ8ho5qGsWFwShHe-FOpy4i_GCUmAzEMjPjtYh3fV10US16ltZmMLM4zaMCmWAKkQj4sGeSeSTf3z_9uHCauQKYnsaqX=s1024"",""caption"":null,""width"":4096,""height"":3072},{""id"":""CIHM0ogKEICAgID4qMuT_gE"",""url"":""https://lh3.googleusercontent.com/geougc-cs/AB3l90AhkK1Fj41XbxHYHLnKEXTnCVSzK1rmoI2mp22b3G_80lptK1ISr5BueoCOOyT50g9OqVfEu04jzyVjwo5_Yl8yjfrwMIkn5q-3JD17gmVRcRHCBxy9-KcTj84-t_SE1e13yMidwA=s1024"",""caption"":null,""width"":4096,""height"":3072},{""id"":""CIHM0ogKEICAgID4qMuTCg"",""url"":""https://lh3.googleusercontent.com/geougc-cs/AB3l90AO7yDQv2qXR-kyQdYa5Op-MSIeX7MEITgKBJd9aMWqI9X4Nxt9U6EokzIUPUZrXnFmidR5hhLm8Me6rDrNwgOTHXfHnSh3LshpdHZR5oLoyHhqbeLTFXdpJHY1hCNmtkMBNVpI=s1024"",""caption"":null,""width"":4096,""height"":3072},{""id"":""CIHM0ogKEICAgID4qMu95gE"",""url"":""https://lh3.googleusercontent.com/geougc-cs/AB3l90D2XF0vbMG39Vt5yKh-HvgtAZ0HFbX6ZS4ejhWVIqjwVNeEtrpYOX8u8rE2aZhYQ0p3AR8SmMBDsbd5J0FQMam6pN1WqWcwEnguYcIZqhklMIlqj2gECnbtzzlKLhGiwtV5IHMVNQ=s1024"",""caption"":null,""width"":4096,""height"":3072},{""id"":""CIHM0ogKEICAgID4qMuTrAE"",""url"":""https://lh3.googleusercontent.com/geougc-cs/AB3l90CWiUH2w42b9TMMGusb2CePIUiPC7Gfr_knSSWsejRs6PRQQ7e5mSN6NzznEV2-se4iLgRhbjPWjBCdpUltWSOquHxnJK1pXWD49-EuLIPhpW1optUSvouG8fa5kKXxVhCAn_-PVA=s1024"",""caption"":null,""width"":4096,""height"":3072},{""id"":""CIHM0ogKEICAgID4qMuTfg"",""url"":""https://lh3.googleusercontent.com/geougc-cs/AB3l90Cde9mkKRKa4M7t-c36KKMOmUgTOD09E6x6kaFxMGbKMjAxdzpIONwRHFvFZ7TVGRHQGUX5JVzetkGYAyVTrcXMLGigUN3JNQP-l-g1zFR33P6jaFferwK61fl-NLspuSW_SN6O=s1024"",""caption"":null,""width"":2592,""height"":1944}]"
ChIJRWDI3jnL2S0RZNOoqG40F74,Pantai resor,ChZDSUhNMG9nS0VJQ0FnSUNBazdTbk9nEAE,https://www.google.com/maps/reviews/data=!4m8!14m7!1m6!2m5!1sChZDSUhNMG9nS0VJQ0FnSUNBazdTbk9nEAE!2m1!1s0x0:0xbe17346ea8a8d364!3m1!1s2@1:CIHM0ogKEICAgICAk7SnOg%7CCgwIgNro1AUQwJf6pgM%7C?hl=id,Mariana Susanti,117820176903536728344,https://www.google.com/maps/contrib/117820176903536728344?hl=id,5,tempatnya bagus banget...rekomendasi tempat wisata di madura bagian utara,7 tahun lalu,2018-03-03T05:02:27,,,,2,26,1,,,[],"[{""id"":""CIHM0ogKEICAgIDE4dfORA"",""url"":""https://lh3.googleusercontent.com/geougc-cs/AB3l90A2d6F8711C7Cazew6qhK2CMZ9_5eeoSsYd2zaBriHAfYctnBsF8H3RTe4f0YVzbALpfbWWf8BtkuHOcjbPASb_uIcMMys9OYhTnxnSGyRMoyyoez-yvv4w9zW5oaw2ZihwdRsm=s1024"",""caption"":null,""width"":1024,""height"":576},{""id"":""CIHM0ogKEICAgIDE4dfOJA"",""url"":""https://lh3.googleusercontent.com/geougc-cs/AB3l90DGzpdf0y3rRu0pTr02gp6Zm6n5UlVrF0BC5ZDjnKsy9EtQF8ipmNQ3FQBmbYLEkfolS8DYRlfuaxAcoMKallTx-Z4EIi-RbD52FsR85F4pEufI3ILoT38aiZZHcJiwFydZPOk7=s1024"",""caption"":null,""width"":688,""height"":576}]"
ChIJRWDI3jnL2S0RZNOoqG40F74,Pantai resor,ChdDSUhNMG9nS0VJQ0FnSUNRMmNyYXhnRRAB,https://www.google.com/maps/reviews/data=!4m8!14m7!1m6!2m5!1sChdDSUhNMG9nS0VJQ0FnSUNRMmNyYXhnRRAB!2m1!1s0x0:0xbe17346ea8a8d364!3m1!1s2@1:CIHM0ogKEICAgICQ2craxgE%7CCgwI2rbw0wUQgLGs0gM%7C?hl=id,Adi madura Falconry,114786698816592331632,https://www.google.com/maps/contrib/114786698816592331632?hl=id,5,"Pemandangannya bagus,ada kamar mandinya",7 tahun lalu,2018-02-08T09:40:03,,,,44,32,1,,,[],"[{""id"":""CIHM0ogKEICAgID4q5v72wE"",""url"":""https://lh3.googleusercontent.com/geougc-cs/AB3l90CnwSBBOVH2i5s16Fmzr6eb7jd4K976JVOb4eDztlujoHPRE9NkJEoH4lxdMVqN6IUjEn5lbLYPoyA_iq3j044_7YdMuZ7BcBvmT2dPInpyEIibpTlcGMFQ2IgK4UoWQigSBEt6xg=s1024"",""caption"":null,""width"":3984,""height"":5312},{""id"":""CIHM0ogKEICAgID4q5v7fQ"",""url"":""https://lh3.googleusercontent.com/geougc-cs/AB3l90DBPFpznNzDV7r5NtGLdyO3tn7M51rRv1_vS7BxtKGLizeMikE9CUf9rzzfHOZU0szK7nqWNxX6ZOBnTu-15WhCW2VqzthHpgvIVfUI2o2bWBZ3bF7-V3lA0yYYGlMbDkCA8BLT=s1024"",""caption"":null,""width"":3072,""height"":4096},{""id"":""CIHM0ogKEICAgID4q7va1gE"",""url"":""https://lh3.googleusercontent.com/geougc-cs/AB3l90Bzff0hsQBdRzZmrkbDUVjLPrSxD2CcK41Pq-6wNWGKmGNB6TZHpGKZwfhak3rrHFCBG3YtciGgQrPIAe1sEQbVttOgyPp2hIVcQn5HPsnOLIGq7G0T_BS-tU0WNSYnjRRhvDnBHA=s1024"",""caption"":null,""width"":3984,""height"":5312},{""id"":""CIHM0ogKEICAgID4q5v7gwE"",""url"":""https://lh3.googleusercontent.com/geougc-cs/AB3l90BmgbvvASv55krga-eFG_XXqcPXLo1vmUJrNkqGy3yXwNv7yxtbtuShObBnlI6o7VvpCs208WxbNbLX-qjL0eYzvatZ5mDqHTlzqxTF4ZW4dv47hpzfqL_PLVVpA2Wpxb0OpoMe=s1024"",""caption"":null,""width"":3072,""height"":4096},{""id"":""CIHM0ogKEICAgID4q7vazgE"",""url"":""https://lh3.googleusercontent.com/geougc-cs/AB3l90DgjyGNCqFiYLhilUUezeyUvItBDx4G9-o8nDxiAPQFLXfha2wsYTYdTIf9617NalBWz2n5Fvgns9YjkCmwCSIOTn5FCw-69nq384lGk80nnsi_VDuj9xYZzNvAI2Y6HMC2PNeE=s1024"",""caption"":null,""width"":3984,""height"":5312},{""id"":""CIHM0ogKEICAgID4q7vaEQ"",""url"":""https://lh3.googleusercontent.com/geougc-cs/AB3l90DIUG8dStt3lRBsIbYLdWCb93wYNXevuup3DzdqKToEzFjhmpo-Pr2lyPc5k4yf2vQ0TTftQ7q9meTk2ClZPcUQQgdd8Wst6gBQfolt1mAN8pnRpiU8QAhOKVASXN9HuV0ZzLL4=s1024"",""caption"":null,""width"":3984,""height"":5312},{""id"":""CIHM0ogKEICAgID4q7vadg"",""url"":""https://lh3.googleusercontent.com/geougc-cs/AB3l90CZrEGKMiLR1D3HFOJT6TUaKxN2FqiyppAHglQvj_jjZTxsh6hk62WY6CfdYzpC16VCsjwisy6se5F023mPnCWUzj-G5IewCpi1IF2wHGlS2pkyrCFDVXkrv_N33RRiG830i7k=s1024"",""caption"":null,""width"":1836,""height"":3264},{""id"":""CIHM0ogKEICAgID4q7vaLg"",""url"":""https://lh3.googleusercontent.com/geougc-cs/AB3l90CLRo4iCh6M58zV03vjnhWl3InbYnnFo_tWiKP5yD4Dw_pQac5uOw8GTOVOmG6PnTVqmi_9Cp6syiVtF9O7ZJyjVc0kQLU5t3ZlXn571i8WTfsM1ke1t5VSbSje6Zw86XcwRyFt=s1024"",""caption"":null,""width"":1836,""height"":3264},{""id"":""CIHM0ogKEICAgID4q7vatgE"",""url"":""https://lh3.googleusercontent.com/geougc-cs/AB3l90CuYzwT0Ca94FNSYqv307BoPPymCPYoiHRunZanhUmDEF8fXrRmZhzQHKI5L2RKjXgVdb-IL5f9rPwdzev25pmQm_Bn1dOJsFx-5g4eXIPKSnpF_sf6zyADGm8qKZiepR0SJrTRqw=s1024"",""caption"":null,""width"":1836,""height"":3264}]"
ChIJRWDI3jnL2S0RZNOoqG40F74,Pantai resor,ChdDSUhNMG9nS0VJQ0FnSURHbjk2WmdBRRAB,https://www.google.com/maps/reviews/data=!4m8!14m7!1m6!2m5!1sChdDSUhNMG9nS0VJQ0FnSURHbjk2WmdBRRAB!2m1!1s0x0:0xbe17346ea8a8d364!3m1!1s2@1:CIHM0ogKEICAgIDGn96ZgAE%7CCgwI-JHfjQYQiM2FggI%7C?hl=id,dedy irawan,109550627050747996161,https://www.google.com/maps/contrib/109550627050747996161?hl=id,5,"Bagus,, klo bs di tingkatkan lg wahana mainannya",3 tahun lalu,2021-12-13T22:27:23,,,,16,17,1,,,[],"[{""id"":""CIHM0ogKEICAgIDGn77Q-wE"",""url"":""https://lh3.googleusercontent.com/geougc-cs/AB3l90Db93fVVZutDW9HkU8-Yp-sU1_WVapKTrQjSZoTsyOS4G4BH06_A7agwaXE1dVrtuEKc0K4SyMi3CjJnT5icxcTuNIBdoBVQkuMiZKvD6NpsmtjdI77NN53KKTyZH4vmPuRGV2xew=s1024"",""caption"":null,""width"":1080,""height"":1080}]"
ChIJ8-fMxuCI1y0RjLZm0Yhad28,Pantai Batu Putih,ChZDSUhNMG9nS0VJQ0FnSUNRLVB5S0JnEAE,https://www.google.com/maps/reviews/data=!4m8!14m7!1m6!2m5!1sChZDSUhNMG9nS0VJQ0FnSUNRLVB5S0JnEAE!2m1!1s0x0:0x6f775a88d166b68c!3m1!1s2@1:CIHM0ogKEICAgICQ-PyKBg%7CCgwIjOKy1gUQgKqFxAM%7C?hl=id,Ronny Hidayat,101788863362334481205,https://www.google.com/maps/contrib/101788863362334481205?hl=id,5,"Pantai Batu Putih
*
Pantai kecil di kawasan perkampungan nelayan yang terletak di Kec. Sreseh Kab. Sampang, posisi Sreseh ini cukup rumit ya, sebab lokasinya dengan Sampang kota terpotong oleh sungai, dan jika kita ingin menuju kota, harus memutar melewati Blega, karena tidak adanya jembatan yang dibangun untuk menghubungkan belahan sungai.
Seperti pantai di perkampungan nelayan pada umumnya, selalu ada sampah rumah tangga yang bertebaran. Dengan bibir pantai yang pendek, mungkin cuma 300 meteran (hitungan ngawur) suasana yang ditawarkan cukup bisa dinikmati, khususnya jika anda berada di sisi timur pantai, dimana kondisi pasir lebih bersih dari sampah dan tidak ada pohon bakau kecil yang menghalangi anda untuk bermain air atau sekedar bersantai sambil memandangi lautan yang akan terlihat pulau Mandangin di kejauhan, pulau kecil yang terlihat cukup padat jika dilihat dari citra satelit.
Sepertinya nyebrang kesana boleh juga. 
Di sisi barat pantai ada bengkel perbaikan perahu tradisional, proses pengecatan masih sangat2 tradisional, mempergunakan benang sebagai garis bantu. 
Bisa dibilang menemukan pantai ini adalah sebuah kebetulan, tadinya saya kira cuma pantai belakang rumah nelayan yang hanya sekian petak, ternyata lumayan. Sebab tidak ada petunjuk apa2, hanya berdasar rasa penasaran setelah melihat bengkel perahu, akhirnya saya beranikan diri untuk masuk ke jalan setapak rumah orang yang kebetulan terlihat bibir pantainya dari tepi jalan, dan hasilnya... tadaaa...
Jangan lupa bahagia.....
*
#deOranje
#Trailveling
#Traveling
#EnjoyLife
#PantaiBatuPutih
#Sampang
#Madura
#JawaTimur
#Indonesia
#CrossX150
#ViarNewCrossX150
#BikePacker
#MotoPacker
#MotoTravel
#MotoAdventure
#TrailNusantara
#TrailIndonesia
#NusantaRide
#DirtBike
#DualPurpose
#DualSport
#SoloTraveler
#SoloAdventurer
#Adventurider
#Nature
#Beach
#WhiteStoneBeach
#TraditionalBoat
#TraditionalBoatWorkshop
#WonderfulIndonesia
#VisitIndonesia",7 tahun lalu,2018-04-10T05:54:39,,,,273,401,1,,,[],"[{""id"":""CIHM0ogKEICAgID4ldXYmwE"",""url"":""https://lh3.googleusercontent.com/geougc-cs/AB3l90ABMGbAvP9nyuiuq-qbjQGBt4IdbGw-cATlUTbY5Y7bFVJbnB6HLW1C0oN0JM15wlycSykAfg3yzgjke1JYzZBlPTqOjJCKEFd5iBVSUnDYNO_kwdpvkTWX9JMXtk2DB2oZGl02=s1024"",""caption"":null,""width"":3024,""height"":1702},{""id"":""CIHM0ogKEICAgID4leW2NA"",""url"":""https://lh3.googleusercontent.com/geougc-cs/AB3l90B2lDMh6HclAYPPHUSbcRLtB0DWgaSfh9wfF_j-ZyRXQu4wE29abBX44dFax77Pt5rUb7taPrRO0ku0mlzBSZaqQy-1acU3pYuy6KJSCcWBVPVE2waC8EDHA_pAVL1jH13iO7rx=s1024"",""caption"":null,""width"":3024,""height"":1702},{""id"":""CIHM0ogKEICAgID4leW2wgE"",""url"":""https://lh3.googleusercontent.com/geougc-cs/AB3l90ANJ36RraI26w9lhUiU8ESihqyqmzf6SaIz0Z69xwi_NDcI_s9D3cjsxAPJTGOaWvfuA3Kq9xX5CtYCcCHeMOYQJuvzhQIl3PeDOtkcvctPy56uWmx2kwQt-BBCbgybOeUxCN03=s1024"",""caption"":null,""width"":6894,""height"":2320},{""id"":""CIHM0ogKEICAgID4lZXa3gE"",""url"":""https://lh3.googleusercontent.com/geougc-cs/AB3l90A3cI_nJrmQB1RczLYfaqw22qGqRrqFZn5R3dtCDHQGCfJydtgMYrAMmE_m6BjQBr8TZkijn6V_NGASBDD2102ijcZF8ajFj5mc2Gvnj2xC4604SBtkCZt6irI-ALdKRwq_ikC0uA=s1024"",""caption"":null,""width"":3024,""height"":3025}]"
ChIJ8-fMxuCI1y0RjLZm0Yhad28,Pantai Batu Putih,ChdDSUhNMG9nS0VJQ0FnSURvcmJ1ajJBRRAB,https://www.google.com/maps/reviews/data=!4m8!14m7!1m6!2m5!1sChdDSUhNMG9nS0VJQ0FnSURvcmJ1ajJBRRAB!2m1!1s0x0:0x6f775a88d166b68c!3m1!1s2@1:CIHM0ogKEICAgIDorbuj2AE%7CCgwI0bGk6AUQwNTV9wE%7C?hl=id,Lisa Fatmala Official,110904493123274799656,https://www.google.com/maps/contrib/110904493123274799656?hl=id,5,"Pantai Batu Putih adalah pantai yang berada di Dsn. Batu Putih Ds.Sreseh Kec.Sreseh Kab.Sampang,tepatnya di sebelah selatan laut madura-jawa atau tepatnya di utara PULAU MANDANGIN di madura.
Pantai Batu Putih bukan hanya pantai yang cantik, indah di pandang oleh mata, tetapi juga pantai tempat sumber rezeki bagi warga setempat...
Kenapa di bilang tempat sumber rezeki...????
Karena pantai ini mempunyai banyak macam bintang yang boleh di makan contohnya,ikan,udang,kerang(macam2 jenis kerang),kepiting,rajungan, lorjuk (bahasa madura),tiram, se'e(bahasa madura) dan banyak lagi jenis siput yang bisa di makan.
Intinya pantai batu putih adalah tempat mata pencaharian orang batu putih mencari binatang -binatang di laut yang bisa di makan.
Dan juga tempat untuk berfoto-foto (kalau mau ambil gambar di sarankan datang sore).
Pantai Batu Putih memang terbaik",Diedit 6 tahun lalu,2019-03-19T08:34:40,,,,24,106,1,,,[],"[{""id"":""CIHM0ogKEICAgIDEwubRbQ"",""url"":""https://lh3.googleusercontent.com/geougc-cs/AB3l90ABODpmU-WEYiZ_76KID9fG8Fc_ii4HYBssE0EQmJXe-eRe7p0y45kSUaHH8XCSNFRYM_hBcV507KvRq-O6vptRJL6DWa0JCcA_5g-DQNmge3no5lxSTIFZBeKkIFwK1JrCH-Vz=s1024"",""caption"":null,""width"":2448,""height"":3264},{""id"":""CIHM0ogKEICAgIDEwtbe6wE"",""url"":""https://lh3.googleusercontent.com/geougc-cs/AB3l90ANG59R-W7AecaqceP26iEC75ft5oKQw42BOT2nYu9S5iti5El5iWBmCS3O1VnlDBkkpQqRj-FPKVtySaE5yThJPh0PMaJDxMZzbbsBmk4K6xkbwUm3IAhPGbj0VQbma2RABQVsyg=s1024"",""caption"":null,""width"":1840,""height"":3264},{""id"":""CIHM0ogKEICAgIDEwvaFSQ"",""url"":""https://lh3.googleusercontent.com/geougc-cs/AB3l90C42I-lnFuaiLc3WSaQUUWP2y22NW_CSSfCT3UvW0rEACMFVpYc_VNxzY0cH-Bj1RJqu9wxJtNnPcq6GjlT7yfEKeKp-dPHttqaOgpGvTonxbNtL4OucRLQz0xMeF6KsrinkTEg=s1024"",""caption"":null,""width"":3264,""height"":1840},{""id"":""CIHM0ogKEICAgIDEwrbbXA"",""url"":""https://lh3.googleusercontent.com/geougc-cs/AB3l90BgSwuxZETZ8DUwJQdo3lRRZhRdkVt5fodNBTopEqKbuOMDLAZBe33GlpnP3IrJQDDAFcTQiQ9z7_XKuFaG0N_rpszTKJRyd2L1wIMd0AB0XjrbKa5kMPcrAbhGA8BN0M3VxzQs=s1024"",""caption"":null,""width"":1280,""height"":960}]"
ChIJ8-fMxuCI1y0RjLZm0Yhad28,Pantai Batu Putih,ChZDSUhNMG9nS0VJQ0FnSUNZaC0zQk9nEAE,https://www.google.com/maps/reviews/data=!4m8!14m7!1m6!2m5!1sChZDSUhNMG9nS0VJQ0FnSUNZaC0zQk9nEAE!2m1!1s0x0:0x6f775a88d166b68c!3m1!1s2@1:CIHM0ogKEICAgICYh-3BOg%7CCgwIuYX25QUQkMuenQE%7C?hl=id,dedy bendot,106501330012194319284,https://www.google.com/maps/contrib/106501330012194319284?hl=id,5,"Pantainya bagus, pemandangannya asri, hanya saja perlu perawatan dan perkembangan.
Jangan lupa jaga kesopanan, kebersihan, dan kelestarian lingkungan pantai batu putih.",6 tahun lalu,2019-04-22T08:58:52,,,,71,136,1,,,[],[]
ChIJ8-fMxuCI1y0RjLZm0Yhad28,Pantai Batu Putih,ChdDSUhNMG9nS0VJQ0FnSURZZzQzZTlBRRAB,https://www.google.com/maps/reviews/data=!4m8!14m7!1m6!2m5!1sChdDSUhNMG9nS0VJQ0FnSURZZzQzZTlBRRAB!2m1!1s0x0:0x6f775a88d166b68c!3m1!1s2@1:CIHM0ogKEICAgIDYg43e9AE%7CCgwI54GJ5wUQuKHzlQM%7C?hl=id,bochah pasuruan,116851048075428826185,https://www.google.com/maps/contrib/116851048075428826185?hl=id,5,Pantai batu putih sangat indah dan sejuk,6 tahun lalu,2019-05-20T05:53:08,,,,7,16,1,,,[],[]
ChIJ8-fMxuCI1y0RjLZm0Yhad28,Pantai Batu Putih,Ci9DQUlRQUNvZENodHljRjlvT2tkdmRVMXJlamQ1T0ZGZmRIVlJibUUwVld0YVJuYxAB,https://www.google.com/maps/reviews/data=!4m8!14m7!1m6!2m5!1sCi9DQUlRQUNvZENodHljRjlvT2tkdmRVMXJlamQ1T0ZGZmRIVlJibUUwVld0YVJuYxAB!2m1!1s0x0:0x6f775a88d166b68c!3m1!1s2@1:CAIQACodChtycF9oOkdvdU1rejd5OFFfdHVRbmE0VWtaRnc%7C0cYYup-mfxe%7C?hl=id,Thamrin Cules,106595524319273967288,https://www.google.com/maps/contrib/106595524319273967288?hl=id,5,,2 bulan lalu,2025-08-02T16:37:09,,,,0,0,,,,[],[]
ChIJ8-fMxuCI1y0RjLZm0Yhad28,Pantai Batu Putih,ChdDSUhNMG9nS0VJQ0FnSUNYa19fNHdnRRAB,https://www.google.com/maps/reviews/data=!4m8!14m7!1m6!2m5!1sChdDSUhNMG9nS0VJQ0FnSUNYa19fNHdnRRAB!2m1!1s0x0:0x6f775a88d166b68c!3m1!1s2@1:CIHM0ogKEICAgICXk__4wgE%7CCgwI98XSuAYQ6LK5gQE%7C?hl=id,Jual beli Karung surabaya (Rizky),104172330563259786383,https://www.google.com/maps/contrib/104172330563259786383?hl=id,5,,setahun lalu,2024-10-20T06:28:07,,,,10,4,1,,,[],[]
ChIJ8-fMxuCI1y0RjLZm0Yhad28,Pantai Batu Putih,ChZDSUhNMG9nS0VJQ0FnSURqbm9xVVBnEAE,https://www.google.com/maps/reviews/data=!4m8!14m7!1m6!2m5!1sChZDSUhNMG9nS0VJQ0FnSURqbm9xVVBnEAE!2m1!1s0x0:0x6f775a88d166b68c!3m1!1s2@1:CIHM0ogKEICAgIDjnoqUPg%7CCgwI79rTsQYQsLOlggI%7C?hl=id,Sakau Sakau69,108970824768942243987,https://www.google.com/maps/contrib/108970824768942243987?hl=id,5,,setahun lalu,2024-05-03T13:58:07,,,,0,0,,,,[],[]
ChIJ8-fMxuCI1y0RjLZm0Yhad28,Pantai Batu Putih,ChZDSUhNMG9nS0VJQ0FnSUR0aHBuN1RnEAE,https://www.google.com/maps/reviews/data=!4m8!14m7!1m6!2m5!1sChZDSUhNMG9nS0VJQ0FnSUR0aHBuN1RnEAE!2m1!1s0x0:0x6f775a88d166b68c!3m1!1s2@1:CIHM0ogKEICAgIDthpn7Tg%7CCgwIrqb8rQYQ2MuJywE%7C?hl=id,Arifullah Romadhon,109712552835457010121,https://www.google.com/maps/contrib/109712552835457010121?hl=id,5,,setahun lalu,2024-02-04T04:31:42,,,,1,5,,,,[],[]
ChIJxyJywwLG2S0R8NARhMOKO5U,Pantai Batu Kerbuy,ChdDSUhNMG9nS0VJQ0FnSURDbXBIcWtRRRAB,https://www.google.com/maps/reviews/data=!4m8!14m7!1m6!2m5!1sChdDSUhNMG9nS0VJQ0FnSURDbXBIcWtRRRAB!2m1!1s0x0:0x953b8ac38411d0f0!3m1!1s2@1:CIHM0ogKEICAgIDCmpHqkQE%7CCgwI6Ler-wUQgNbgiAI%7C?hl=id,Desi Natalia (Sita),106861853532652363160,https://www.google.com/maps/contrib/106861853532652363160?hl=id,5,Pantai yg sangat exotic nuansa yg alami dgn nelayan tradisional pemandangan laut yg semilir sejuk asri adem indah,5 tahun lalu,2020-09-23T05:21:54,,,,77,252,1,,,[],"[{""id"":""CIHM0ogKEICAgIDCmpHtHA"",""url"":""https://lh3.googleusercontent.com/geougc-cs/AB3l90Bsw2QuzimaFQOkiCaU1Y1HOURYOsBBIlnGHe8RFNEQqrXgnBQTfPjwmhjyH6NsOAoEqyP8bD4zss7mmRj2xV9oOU0ffsYkcnnI6lmJEIs-9QZdgq0cf6LsQS96xQPPqyTiozA2=s1024"",""caption"":null,""width"":480,""height"":481},{""id"":""CIHM0ogKEICAgIDCmpHtnAE"",""url"":""https://lh3.googleusercontent.com/geougc-cs/AB3l90BGSf5cvl7QlJa4-kZMgJfIoVx6u5_isUIzckTQe1VGz1X9MstJ7h4oC8iBV4UQaCVnrwRztl-ALT3XUovYJNnkN3PrjbTeGlhOzaPsmNEhtxbSbtT3Eag3TICsYSIKNq8kPPh5QQ=s1024"",""caption"":null,""width"":480,""height"":355},{""id"":""CIHM0ogKEICAgIDCmpHtXA"",""url"":""https://lh3.googleusercontent.com/geougc-cs/AB3l90CAglbgkuNRXeHOTkmWkA5_eSF_4mZWl4222yIV1jfoc29XG0eIB_UBBI2KoLnYKUbnos5NFhpmd8yqvEJo_Pd3oOxlRPhlEBC-dHizLibrdjlLYlhMR1qa3ITC0xVKTcBCpuw=s1024"",""caption"":null,""width"":480,""height"":534},{""id"":""CIHM0ogKEICAgIDCmpHt3AE"",""url"":""https://lh3.googleusercontent.com/geougc-cs/AB3l90BRZf2javK8sPrWd0MTpPb5Tx7fuSzDhz8gICr3G7ET4DoA9KJ4C9r-HQlSEaxU7VuNCpvspnN5W2EbK-qiLKnGn5IqmR1mAnskFqiSMk5-eO7L6VQBZgXSn9U01i_U87KRQvpz=s1024"",""caption"":null,""width"":480,""height"":803},{""id"":""CIHM0ogKEICAgIDCmpHtPA"",""url"":""https://lh3.googleusercontent.com/geougc-cs/AB3l90D5f5Cq0QsblKZO1mnXlprJgOFQ-RVqv54Ek6fCQmN1CQUGawa_y9m_tM1QgryCvx5zqHfQfq-6zo5kI45a8BoZqbSmM8kq0a9Vux5azrSLGZE1VkPJ-lRKaam05cLxWUAqgddU=s1024"",""caption"":null,""width"":480,""height"":742}]"
ChIJxyJywwLG2S0R8NARhMOKO5U,Pantai Batu Kerbuy,ChZDSUhNMG9nS0VJQ0FnTURvbVptZ053EAE,https://www.google.com/maps/reviews/data=!4m8!14m7!1m6!2m5!1sChZDSUhNMG9nS0VJQ0FnTURvbVptZ053EAE!2m1!1s0x0:0x953b8ac38411d0f0!3m1!1s2@1:CIHM0ogKEICAgMDomZmgNw%7CCgwIhLKzwAYQ0KeK8QI%7C?hl=id,Lisa Nur aini,116062199212476746922,https://www.google.com/maps/contrib/116062199212476746922?hl=id,5,"duh seru bangett sampe ga mau pulang,untuk tempatnya bersih bagu suasana nya tenang bngt pokok nya rekomen deh buat  kalian yang mau santai1",5 bulan lalu,2025-04-26T13:00:52,,,,2,0,,,,[],[]
ChIJxyJywwLG2S0R8NARhMOKO5U,Pantai Batu Kerbuy,ChZDSUhNMG9nS0VJQ0FnSURnaTk3WUhREAE,https://www.google.com/maps/reviews/data=!4m8!14m7!1m6!2m5!1sChZDSUhNMG9nS0VJQ0FnSURnaTk3WUhREAE!2m1!1s0x0:0x953b8ac38411d0f0!3m1!1s2@1:CIHM0ogKEICAgIDgi97YHQ%7CCgsI2vy92wUQwKKsLA%7C?hl=id,taufiq dhubeng,108522051125650725095,https://www.google.com/maps/contrib/108522051125650725095?hl=id,5,Ini pantai nya ketika senja cukup memberikan kesempatan untuk menikmati apa yang ada di pikiran kalian,Diedit 7 tahun lalu,2018-08-10T10:04:25,,,,51,99,1,,,[],"[{""id"":""CIHM0ogKEICAgICk7uTQ8AE"",""url"":""https://lh3.googleusercontent.com/geougc-cs/AB3l90B062KHprvaZUUiNjtcMAXdrpbJpQ2CdLEPAd9p1LJ5KMXRxIWCS0v32GF77Lb-2qFHqkRQUKVymURFk5t6W3GvFiCAeVPVYQNw4WO7HLEXp7xf5IClEKKuXZQsunOPTL8EKPEe=s1024"",""caption"":null,""width"":4160,""height"":3120}]"
ChIJxyJywwLG2S0R8NARhMOKO5U,Pantai Batu Kerbuy,ChZDSUhNMG9nS0VJQ0FnSUQ5b2NISFFnEAE,https://www.google.com/maps/reviews/data=!4m8!14m7!1m6!2m5!1sChZDSUhNMG9nS0VJQ0FnSUQ5b2NISFFnEAE!2m1!1s0x0:0x953b8ac38411d0f0!3m1!1s2@1:CIHM0ogKEICAgID9ocHHQg%7CCgwIz5TcrwYQ0LG2gwE%7C?hl=id,Baank HERTO'98 Indonesia,109341367303007683538,https://www.google.com/maps/contrib/109341367303007683538?hl=id,5,"Pantai Batukerbuy sangat lah elok....
Saya kangen dg keindahan Pantai nya
Pantai yg punya banyak kenangan indah yg tak terlupakan di masa kecil ku
Bangai mana pun pantai Batukerbuy sangat lah top ke indahnya
Saran :
- jagalah ke indahan pantai Batukerbuy
- jagalah kebersihannya
- jangan di tambang pasir nya Krn berdampak negatif THD pantai nya dan berakibat negatif THD perumahan di sekitar pantai
- Ber Kometmen untuk menjaga ke indahan pantai Batukerbuy",setahun lalu,2024-03-17T15:15:20,,,,339,64,1,,,[],"[{""id"":""CIHM0ogKEICAgID9ofH4lwE"",""url"":""https://lh3.googleusercontent.com/geougc-cs/AB3l90CKyEhhrNFwLADi4N9un8yd75CMyK6skmxTnVo6C_72hWRUHwNXyibIrfXPSwCJ_pTw8XFjhvYGmXplNmawAaE1X_wCaufDe1ca1-jr5m8d0gpdZUovT0MfQMX5DqqgYQrZj9hXpA=s1024"",""caption"":null,""width"":1200,""height"":1599}]"
ChIJxyJywwLG2S0R8NARhMOKO5U,Pantai Batu Kerbuy,ChdDSUhNMG9nS0VJQ0FnSUNZNlpxU3VnRRAB,https://www.google.com/maps/reviews/data=!4m8!14m7!1m6!2m5!1sChdDSUhNMG9nS0VJQ0FnSUNZNlpxU3VnRRAB!2m1!1s0x0:0x953b8ac38411d0f0!3m1!1s2@1:CIHM0ogKEICAgICY6ZqSugE%7CCgwI4drQ5QUQqMiA2AM%7C?hl=id,joree makagiansar,104557147740689314244,https://www.google.com/maps/contrib/104557147740689314244?hl=id,4,"Bagi traveler yang akan ke pamekasan jangan lupa mampit di pantai batu kerbuy. Pantainya lumayan bagus. Pasirnya bukan putih, bukan juga hitam....tetapi bisa dipakai untuk berenang krn ombaknya tidak tinggi sehingga aman nagi anak-anak yang ingin bermain pasir di pantai. Ditempat ini juha ada penyewaan kuda untuk dipakai berputar-putar sekitar pantai. Banyak cottage-cottage untuk duduk bagi yang hanya ingin melihat pantai. Banyak juga penyewahan perahu bagi yang ingin menikmati laut. Jangan kuatir, parkiran cukup luas. Untuk sampai ke area ini perlu menyewa kendaraan. Karena tidak ada kendaraan umum yang melewati.",6 tahun lalu,2019-04-15T06:59:09,,,,164,286,1,,,[],[]
ChIJxyJywwLG2S0R8NARhMOKO5U,Pantai Batu Kerbuy,ChdDSUhNMG9nS0VJQ0FnSUN3NDdIZW9RRRAB,https://www.google.com/maps/reviews/data=!4m8!14m7!1m6!2m5!1sChdDSUhNMG9nS0VJQ0FnSUN3NDdIZW9RRRAB!2m1!1s0x0:0x953b8ac38411d0f0!3m1!1s2@1:CIHM0ogKEICAgICw47HeoQE%7CCgwI-a3MzAUQwJr7zwM%7C?hl=id,AMAL DINA,113689621683536511527,https://www.google.com/maps/contrib/113689621683536511527?hl=id,5,Bagoss recommended banget gan kalo mau liat #photomadura,8 tahun lalu,2017-08-15T15:44:22,,,,230,644,1,,,[],"[{""id"":""CIHM0ogKEICAgID4hZyu-gE"",""url"":""https://lh3.googleusercontent.com/geougc-cs/AB3l90DfLVb7NW7DTZWQ-v6Kedixzby-Ihw7rHyQiogyWt19jedspkxCKBXlfpQ2VsH6LdiGZdDLIarLVMo0Alf8W3b5BrEKEaBBvFdF022VqcNYcHwTGzQf_8Tn-JVDFS9hvcyg8PvL=s1024"",""caption"":null,""width"":998,""height"":998}]"
ChIJxyJywwLG2S0R8NARhMOKO5U,Pantai Batu Kerbuy,ChdDSUhNMG9nS0VJQ0FnSUNJb2JQRnd3RRAB,https://www.google.com/maps/reviews/data=!4m8!14m7!1m6!2m5!1sChdDSUhNMG9nS0VJQ0FnSUNJb2JQRnd3RRAB!2m1!1s0x0:0x953b8ac38411d0f0!3m1!1s2@1:CIHM0ogKEICAgICIobPFwwE%7CCgsIk9TM3wUQvPy9Kg%7C?hl=id,Soft Stoicism,111198616526519742267,https://www.google.com/maps/contrib/111198616526519742267?hl=id,5,"Tempat ini sangat bagus bagi penggemar pendaki, dari penggunungan perbukitan lembah sungai yang mengalir ke laut, dengan air terjun yang berpayung seperti goa..
Menurut saya sangat indah dan pas bagi wisata alam..",6 tahun lalu,2018-11-19T21:20:54,,,,6,2,,,,[],[]
ChIJxyJywwLG2S0R8NARhMOKO5U,Pantai Batu Kerbuy,ChZDSUhNMG9nS0VJQ0FnSURJZ0pENVNBEAE,https://www.google.com/maps/reviews/data=!4m8!14m7!1m6!2m5!1sChZDSUhNMG9nS0VJQ0FnSURJZ0pENVNBEAE!2m1!1s0x0:0x953b8ac38411d0f0!3m1!1s2@1:CIHM0ogKEICAgIDIgJD5SA%7CCgwIhsbU4AUQu4Dx0gE%7C?hl=id,Arvan Prawira,100724222209130742521,https://www.google.com/maps/contrib/100724222209130742521?hl=id,5,"Pantai dengan pasir putihny, tersedia dermaga yang bersih dan tangkis ombak yg memberikan kenyaman bagi yang mau berenang tanpa harus takut gelombang ombak.",6 tahun lalu,2018-12-15T15:48:57,,,,10,16,1,,,[],[]
ChIJXwj-LF171y0R6SC30BkzF04,Wisata Teluk Jumiang,Ci9DQUlRQUNvZENodHljRjlvT2poVVZWQlNhbTF0YW01VVlXNTVUbk5qVFdsdGJrRRAB,https://www.google.com/maps/reviews/data=!4m8!14m7!1m6!2m5!1sCi9DQUlRQUNvZENodHljRjlvT2poVVZWQlNhbTF0YW01VVlXNTVUbk5qVFdsdGJrRRAB!2m1!1s0x0:0x4e173319d0b720e9!3m1!1s2@1:CAIQACodChtycF9oOjhUVVBSam1tam5UYW55TnNjTWltbkE%7C0cd3-PfwayH%7C?hl=id,Zaini Marsuki,112312304249277520627,https://www.google.com/maps/contrib/112312304249277520627?hl=id,5,Ingin lebih mudah akses untuk orang lain biar tidak seperti pengalaman saya di desa orang,2 bulan lalu,2025-08-19T09:12:58,,,,3,5,,,,[],"[{""id"":""CIABIhAf_pOs9U6dwjQ9IoirnruX"",""url"":""https://lh3.googleusercontent.com/geougc-cs/AB3l90AuMHeYo0AbTjDr8ruXarppaTeNnC8NDraYnPHk1EUrDHbHmQj2AN1CXEfAyUrOSl5clu00tKS2UPAe4n1fGQgSYydjkrWkbKYSSjBh1N4t0f4wu9JmwY_GpfE1wK4iD4ipNC9lj6PZHFFs=s1024"",""caption"":null,""width"":2080,""height"":4624},{""id"":""CIABIhA1fM0vFQ9j-CioV76Ptdic"",""url"":""https://lh3.googleusercontent.com/geougc-cs/AB3l90BLwS_l73HGqV1esbcA1pvrCZd9M79M-gLPyN1YQgUyk7Ow2jrtoP_WGOHBZyUj9bOLNJRzxtqPdkKF0WxaC4P6sH94Yvr77HemKokP4ESe8Aa6M8_IKuMpKwqLLpZd1TT9MlK1t-wyhXRO=s1024"",""caption"":null,""width"":4624,""height"":2080},{""id"":""CIABIhCdbVKnQPhRzlLn4ckruMIF"",""url"":""https://lh3.googleusercontent.com/geougc-cs/AB3l90C_8BWap8JZZ6j_CMl7psqcdgC-peVVajIwYoahgN_dGsnf6bhutYcqkZoyZVM9snFMCGPWa2Pjb-V_YF-8zMIA0HUDM4RHZSW__Ig_MiNi_VRBtZf-TyhZ4ZhigpOBqteRqvv1UckhW7Tl=s1024"",""caption"":null,""width"":2080,""height"":4624}]"
ChIJXwj-LF171y0R6SC30BkzF04,Wisata Teluk Jumiang,ChZDSUhNMG9nS0VNREZ2S1dLNGV1c1hREAE,https://www.google.com/maps/reviews/data=!4m8!14m7!1m6!2m5!1sChZDSUhNMG9nS0VNREZ2S1dLNGV1c1hREAE!2m1!1s0x0:0x4e173319d0b720e9!3m1!1s2@1:CIHM0ogKEMDFvKWK4eusXQ%7CCgsIjsGKwQYQwJGJAg%7C?hl=id,Choirul Anam,115659770862680217546,https://www.google.com/maps/contrib/115659770862680217546?hl=id,5,Pantai jumiang bawah pantai yg bersih pemandangannya sangat exsotis. Enak untuk ngefress fikiran dan cocok buat renang anak atau dewasa bisa juga untk terapi penyakit struk. Warung andalan WARUNG AZZALFA,5 bulan lalu,2025-05-13T01:29:50,,,,1,18,,,,[],"[{""id"":""CIHM0ogKEI3jw6fC2M6QoQE"",""url"":""https://lh3.googleusercontent.com/geougc-cs/AB3l90D3-LKpEqKhxv2cvnoq2enNV2fLIC_KKJWxH12iW9E5q_9bdHt3OGPnrAgvima-dj0u4DP2SDdiHhFkqR_W9WlkUqDzjKHZExYtzNfUrI52CUwnt66CDbPzROLeCt83vx9gnijSGA=s1024"",""caption"":null,""width"":720,""height"":1280}]"
ChIJXwj-LF171y0R6SC30BkzF04,Wisata Teluk Jumiang,ChdDSUhNMG9nS0VJQ0FnTURJN3BuSDlnRRAB,https://www.google.com/maps/reviews/data=!4m8!14m7!1m6!2m5!1sChdDSUhNMG9nS0VJQ0FnTURJN3BuSDlnRRAB!2m1!1s0x0:0x4e173319d0b720e9!3m1!1s2@1:CIHM0ogKEICAgMDI7pnH9gE%7CCgwI5b7cvwYQwJ2lmwI%7C?hl=id,Deah Rama A,101215262189652201921,https://www.google.com/maps/contrib/101215262189652201921?hl=id,5,"Umumnya pantai di Pamekasan lah ya, tapi yg satu ini kalo musim hujan bisa asri dan hijau, kalo musim kemarau berasa kaya musim gugur",6 bulan lalu,2025-04-10T01:31:17,,,,25,38,1,,,"[{""name"":""Waktu kunjungan"",""value"":""Hari libur nasional""},{""name"":""Waktu antrean"",""value"":""Tanpa mengantre""},{""name"":""Sebaiknya buat reservasi"",""value"":""Ya""}]","[{""id"":""CIHM0ogKEICAgMDI7pnHTg"",""url"":""https://lh3.googleusercontent.com/geougc-cs/AB3l90DfPwGst7pioj52meKlHisRfGwGLaGftsWJvHpt4KOMCd4h-Fievn2diF4I2ZgKQ8XdG3D8FbenRzLhlp5J2JoiYvvSdH2uTNoy1A8RH1Pe3ibW2l5D43deXn_rpjkR1izZMKm4=s1024"",""caption"":null,""width"":2206,""height"":2942},{""id"":""CIHM0ogKEICAgMDI7pnHzgE"",""url"":""https://lh3.googleusercontent.com/geougc-cs/AB3l90BNITHazpbLDdN6m-5emMRuYLW39UGY2GtP70FVD0vp7ilS4v6jIg5XkkGttwpl00YJAskpfpo1CfSRWs19uV4s_npJFJkdYWSqvW8xnaAyfAmRxAB04wvZn9xwQsbvSc1fL8NTJw=s1024"",""caption"":null,""width"":2448,""height"":3264}]"
ChIJXwj-LF171y0R6SC30BkzF04,Wisata Teluk Jumiang,ChdDSUhNMG9nS0VJQ0FnTUNRbEpUSHd3RRAB,https://www.google.com/maps/reviews/data=!4m8!14m7!1m6!2m5!1sChdDSUhNMG9nS0VJQ0FnTUNRbEpUSHd3RRAB!2m1!1s0x0:0x4e173319d0b720e9!3m1!1s2@1:CIHM0ogKEICAgMCQlJTHwwE%7CCgwI6OKPvgYQwN-2kQE%7C?hl=id,Ryan Almer,117662090501069399153,https://www.google.com/maps/contrib/117662090501069399153?hl=id,5,"Pantai Jumiang di Pamekasan itu bener-bener surga tersembunyi! Pertama kali ke sana, langsung jatuh cinta sama suasana pantainya yang tenang dan adem. Pasirnya putih bersih, air lautnya juga jernih banget, bikin betah buat berlama-lama main air atau sekadar duduk santai menikmati pemandangan.
Yang bikin pantai ini makin istimewa, ombaknya nggak terlalu besar, jadi aman banget buat keluarga yang bawa anak-anak. Apalagi, banyak spot foto instagramable yang bisa bikin feed Instagram kamu makin kece.",7 bulan lalu,2025-03-02T05:49:28,,,,113,116,1,,,"[{""name"":""Waktu kunjungan"",""value"":""Hari biasa""},{""name"":""Waktu antrean"",""value"":""Tanpa mengantre""},{""name"":""Sebaiknya buat reservasi"",""value"":""Tidak""}]","[{""id"":""CIHM0ogKEICAgMCQlNTAUw"",""url"":""https://lh3.googleusercontent.com/geougc-cs/AB3l90ApFgK8i8nlRIb-JcUs-GVM3pdXFHe9T8el1pJwTVWd5tcb3T7m0V9XS5JrCJsaiX_RWq95SIZL0nFZ6zEpwzMeqpwwvgfs6QFtG3baErdqGyzGmq6wBH0Sp_eQuVhlUBoopJwO=s1024"",""caption"":null,""width"":960,""height"":1280},{""id"":""CIHM0ogKEICAgMCQlNTA0wE"",""url"":""https://lh3.googleusercontent.com/geougc-cs/AB3l90BOe2Ty2i6ehqCR267jAxRmzuMcWNhM0qlSnZRvGCBnJ73Rbp_Kp1ccWCFrIx1VSlnSRiuUgW2oLgL9XYYgVNvqlG4QMMPEjAnDkNuzBwy8Z0-p_chtuWbJtLYfJ9cQuTZNtu7suw=s1024"",""caption"":null,""width"":464,""height"":848}]"
ChIJXwj-LF171y0R6SC30BkzF04,Wisata Teluk Jumiang,ChdDSUhNMG9nS0VJQ0FnSUNxNHJPTXR3RRAB,https://www.google.com/maps/reviews/data=!4m8!14m7!1m6!2m5!1sChdDSUhNMG9nS0VJQ0FnSUNxNHJPTXR3RRAB!2m1!1s0x0:0x4e173319d0b720e9!3m1!1s2@1:CIHM0ogKEICAgICq4rOMtwE%7CCgsI5OvhhQYQ4PKYSQ%7C?hl=id,Rahma Aisyah,115604424906824413662,https://www.google.com/maps/contrib/115604424906824413662?hl=id,4,"Akses menuju pantai sangat mudah karena jalan sudah teraspal semua dan jarang ada yang rusak. Lokasi pantai mentok paling ujung. Tiket masuk sangat affordable 2k/person dan parkir mobil 5k. Untuk tempat parkir mobil bisa ditaruh dimana2 asal rapi dan tidak mengganggu pengunjung karena di dalam ngga ada jukir yang ngatur. Tempatnya sangat luas, jadi seru banget kalau bawa anak kecil. Ada banyak pendopo yang bisa dipakai untuk duduk, ada semacam tower juga. Bawa tikar juga silahkan. Ada lumayan banyak penjual makanan dan minuman tapi kalau hari kerja ngga lengkap. Infonya kalau hari Minggu baru deh ada yang jual makanan besar kayak ikan bakar. Oh iya, pantai ini kurang cocok kalau niatnya pengen berenang. Jadi nanti kita cuma bisa menikmati pantainya dengan melewati tangga2 menurun ke dekat pantai. Spot fotonya ya ini tangga2 dan batu2 ini. Recommended banget datang kesini pas sore. Adem. Untuk fasilitas kamar mandi dan mushola kayaknya kurang terawat. Itu aja sih minusnya. Selebihnya sangat worth it dengan tiket masuk cuma 2ribu. Harga jajanan juga sangat terjangkau.",Diedit 4 tahun lalu,2021-06-01T08:56:00,,,,279,327,1,,,[],"[{""id"":""CIHM0ogKEICAgICqktKPsQE"",""url"":""https://lh3.googleusercontent.com/geougc-cs/AB3l90AdL2OhypIKukDHTGgWKwc0-TSAzO_OJ0ovY0lbEVDV8fWxQiIJTYnhJYVinF7KAwDJPA6-DYI31jN39Y5iPU1SrZv3UAQ4LUB8CAPUsA5WPY9aLqUJehtR-JMAIpoqTw_2VHJ6bg=s1024"",""caption"":""Another spot foto"",""width"":1836,""height"":3264},{""id"":""CIHM0ogKEICAgICqktKPcQ"",""url"":""https://lh3.googleusercontent.com/geougc-cs/AB3l90AAu7Mi5TLxHrLjgMYapES7UgdK1fwp-s2wQQIvzLYDik5vpAMVkWkYm5uOtxH3qmqlDz68QV60K_8MWT-na1mciyPGVdiXDkrsUuAfa0nrQMWY-snwCJz3t-MzVkSltko-sxR7=s1024"",""caption"":null,""width"":1836,""height"":3264},{""id"":""CIHM0ogKEICAgICqktKP8QE"",""url"":""https://lh3.googleusercontent.com/geougc-cs/AB3l90BQG_HKtdsds5InIVmMMxSgebjXlNTYwasPYNCQOCQPjxuTGBwv5Su3BxNrYLiB4AebH-LHSsYPJgc-m-5Hln-G8P0HWTdDy2GhP4c1-zsCrOlhHGFDbqGmwlIHCyryWtgHyBGF4g=s1024"",""caption"":""Kios makanan ringan"",""width"":1836,""height"":3264},{""id"":""CIHM0ogKEICAgICqktKPCQ"",""url"":""https://lh3.googleusercontent.com/geougc-cs/AB3l90BlaAnHuqcQJAwaARrgirbS47iy3qrxiT52aMlkUVE16U5AXnwyzgccXRuN8sYGgfOkCHEmS8tfE41l4-_JKNab09lvUSvP3wrnhpf72hp_ZRAhuNawsewOpim9seQabvpXwjQ=s1024"",""caption"":null,""width"":2250,""height"":4000},{""id"":""CIHM0ogKEICAgICqktKPiQE"",""url"":""https://lh3.googleusercontent.com/geougc-cs/AB3l90BzxYEqagpHJgM0rKZwh_gBMra-BT13iOUeTFhaW3cZUQ18w4WoYv03yRcD17cww5AAZZIhm3IdJL0it6jy6xO1X04a13S2Ngv9VEbAgCdo9Be3Cv01j9gmq7DLTxAwdg7pOUa_6g=s1024"",""caption"":""Pendopo untuk nyantai"",""width"":2250,""height"":4000},{""id"":""CIHM0ogKEICAgICqktKPSQ"",""url"":""https://lh3.googleusercontent.com/geougc-cs/AB3l90BT3JswQ_HSy7v6rhogW7AtljLo7HKab6E21esIEbT_IuWlNSAQi_3maIFojbQh1yt12tQ7NNELLuuWaqiWNIrtm2K5Tv7HOdPL32_EQ5SnPNT_80cHkY8qwjtMSpNdDVkE1UY3=s1024"",""caption"":null,""width"":1836,""height"":3264},{""id"":""CIHM0ogKEICAgICqktKPyQE"",""url"":""https://lh3.googleusercontent.com/geougc-cs/AB3l90BpJdw8lbY3fxCk6CcBiYuvs3C8z5WsGTYQexj8fLUYhq4HUfs39j81fvMvr6cxWnmh346--MlldBSgvBt7tQBsfdNbBUUH68J6JiZRqeMqmfeMxEfGm1dDCthTChqx30L9QKCEbw=s1024"",""caption"":null,""width"":1836,""height"":3264},{""id"":""CIHM0ogKEICAgICqktKPKQ"",""url"":""https://lh3.googleusercontent.com/geougc-cs/AB3l90BBQR8ptUInZXYUE5HPNPiCby4sSqCX7dAuUEHs5Rj-WSq-tDC3FxQrxvpkOHvuvKeoSuDKe6mu48Xd-3LqTZWKCV9NaZhJ56qKjeffUW4oOXQ1ebAMTS4o133BSbIyuKBWUrrG=s1024"",""caption"":null,""width"":1836,""height"":3264},{""id"":""CIHM0ogKEICAgICqktKPqQE"",""url"":""https://lh3.googleusercontent.com/geougc-cs/AB3l90BLlMyJgjn6zWFBPDr6ipkwd9wzP1ZP1JAw8WGg6eCbb1nBwIQp1mujBmGCkcPZiOyOQ0QA4TrUbLNji19ImaYopZd8ZV43V9_zIiHr6cj3L_eSkZXf2cZciYvQvXtCaOYFz64w7Q=s1024"",""caption"":null,""width"":1836,""height"":3264},{""id"":""CIHM0ogKEICAgICqktKPaQ"",""url"":""https://lh3.googleusercontent.com/geougc-cs/AB3l90DoxpTpbWBF8DUjiI540dsxewCnV_sgkRawHI_tv7vY6Kx-nNqgbVPJBPyTgSvuLzTO_NdCyDxcN8HeYGhLt1TZsnImnw9944QO0CrfPhAlvhR6lYZULgHKx0fSF-g5luAT0WxH=s1024"",""caption"":""Pemandangan pantai dari jembatan"",""width"":1836,""height"":3264},{""id"":""CIHM0ogKEICAgICqktKP6QE"",""url"":""https://lh3.googleusercontent.com/geougc-cs/AB3l90DXs5SDgLgaKeqYHEPGet_79SqQV2TDvq3_CfpntjY8y-RvhZ3PWNBhesIUQELieK2HQG2ACUJrLv2kU8dCsmxElD95rar3KK9Hb_72QnMUd-hnC4qa5PR2A7LX9FRr7dITHoR8=s1024"",""caption"":null,""width"":1836,""height"":3264},{""id"":""CIHM0ogKEICAgICqktKPGQ"",""url"":""https://lh3.googleusercontent.com/geougc-cs/AB3l90ABLMDn93GeQRn9iR5AF8b8OVxS1CjIUfifujTprjJYQVioD-gwcqyoqyWZaBcJschfXeFPuA1ZGSFU0wIVqxk5ThNAOJsh6v4Vri80D7NR18tVdd_qF6lFF-oO3WveyiORfz_M=s1024"",""caption"":""Beberapa anak tangga mengalami kerusakan"",""width"":1836,""height"":3264},{""id"":""CIHM0ogKEICAgICqktKPmQE"",""url"":""https://lh3.googleusercontent.com/geougc-cs/AB3l90CSqNpCTztVA3fPoR6ZQAhIqSQ2D-TR-DQ64C8p-lB1SUsBudUOFfmUHMAHOp252NDyJcF9ksETAUYisfuzAOWPSEQ8bpKHN0qXsLFAjt9BzMHpI-Ja91RWV9WOFtJaDKPGN0zIkQ=s1024"",""caption"":null,""width"":1836,""height"":3264},{""id"":""CIHM0ogKEICAgICqktKPWQ"",""url"":""https://lh3.googleusercontent.com/geougc-cs/AB3l90C_7zxBphpq9zrj394fyTp3lzLYewPjm4_VTLiBphv_XrgKmu13YSXHMO8GK_qypgwNw5OPyMotNuFSbHU3eh3IkGdA3n8dQ-UWZ76XzGsBn1yDG97_oQtGM0H7MWVJNvQI4qo=s1024"",""caption"":null,""width"":1836,""height"":3264},{""id"":""CIHM0ogKEICAgICqktKP2QE"",""url"":""https://lh3.googleusercontent.com/geougc-cs/AB3l90DFc6OT1UJ3Yx0SXPqvrWtA5lM3fLOo_RFLoitoryB4Slv1BjjqhxWsWIAfb2s3Ol_iRhvc0srmXYO3HCKdEA8GJKi5GDqoUJeRQAu_2hqz5mlf6GgfVEcpRtW-lhzvrgf_J5awEg=s1024"",""caption"":null,""width"":1836,""height"":3264},{""id"":""CIHM0ogKEICAgICqktKPOQ"",""url"":""https://lh3.googleusercontent.com/geougc-cs/AB3l90CKXuX59xGsTeDBD74itdLtcBs61WkOqaa49LOGC_QfbUzZispHN3JzwSGIXFKlebmyNPwZY_h-6HPW-ohsn3mNXkxHO_UxdhPtK51IjZCXe-aEvXixEdp34VMkxQAgcxcBLqy2=s1024"",""caption"":null,""width"":1836,""height"":3264},{""id"":""CIHM0ogKEICAgICqktKPuQE"",""url"":""https://lh3.googleusercontent.com/geougc-cs/AB3l90CWIfcwdGk82aiJe303i1JclkniocE9o4EAOVPtnt0W58Z8se1o-MHLkOGMgXvOOj7dY8O_HToM8o1z0mAUXLpEt_z13u-xjmQmbjU4E0oAJufWkLxYhdoMJ8BjYSYR7W_4mHm-gQ=s1024"",""caption"":""Tempat parkir"",""width"":1836,""height"":3264},{""id"":""CIHM0ogKEICAgICqktKPeQ"",""url"":""https://lh3.googleusercontent.com/geougc-cs/AB3l90AoCTIZmLj2I-_m73EduyeM1rNjmcqeKZBagt5_WCgdVcCbLFuL-UgeS8Oxfwvs3wP6VTpAW_NX7R0Yj_SormIJGDHT7HuUizyEFhIL6asgNMZ8evgBn2z8J3PB2AyXZvDw0UIA=s1024"",""caption"":""Akses jalan"",""width"":1836,""height"":3264},{""id"":""CIHM0ogKEICAgICqktKP-QE"",""url"":""https://lh3.googleusercontent.com/geougc-cs/AB3l90AhvTgaBvIcGfPuQ0Cr7oLL9U2FbenD5a9Am0T7IUKxN6IyFGPuqr7q9taAGK7L8yLo7MxIKsGuIlRwq1bx9uH1MKuDIB549tKqcWBKEC50w_GoOB6wuBCdZz9OHaWJVtkuCCTBYg=s1024"",""caption"":null,""width"":1836,""height"":3264},{""id"":""CIHM0ogKEICAgICq6qqH3gE"",""url"":""https://lh3.googleusercontent.com/geougc-cs/AB3l90C7g7Ak7n0dIB_L-Pr5Si0IdTkTflf2NSYufKMwOb3_kusZXHDQNnvOsSNLL8ZBf5foFK0pqIkcrqFN-s1G9EElzIs_T7YSFTXIkY9EkAT13mGL2iiUGjguHcjY02H7COqrXa2XEA=s1024"",""caption"":null,""width"":1836,""height"":2802},{""id"":""CIHM0ogKEICAgICq6qqHPg"",""url"":""https://lh3.googleusercontent.com/geougc-cs/AB3l90AAS03UD7ueaekXaWqKZ3MubU-ccjtZ6trr6p9t_FhzzBPOOr9bDEUGi5uoIOH48SrDGlP7cXDSOaxypRrtF3TEzXXKtvly7ccDKWCorn9xseRKcuEpD6h4gebx5Au0-_GsYHFD=s1024"",""caption"":null,""width"":1836,""height"":3264}]"
ChIJXwj-LF171y0R6SC30BkzF04,Wisata Teluk Jumiang,ChZDSUhNMG9nS0VJQ0FnSUQwMU9pVmFnEAE,https://www.google.com/maps/reviews/data=!4m8!14m7!1m6!2m5!1sChZDSUhNMG9nS0VJQ0FnSUQwMU9pVmFnEAE!2m1!1s0x0:0x4e173319d0b720e9!3m1!1s2@1:CIHM0ogKEICAgID01OiVag%7CCgwImIr17QUQuNX5rwE%7C?hl=id,Novira Erika,114305995869812982967,https://www.google.com/maps/contrib/114305995869812982967?hl=id,5,"Bagus banget buat spot foto. Buat spot foro prewedding atau post wedding juga oke bangetlah pokoknyaaa. Aplg tuk foto tema eksotis romantis  Banyak penjual makanan dan minuman. Ada rujak, campur lorjuk, rujak campur dll makanan khas pamekasan. Ada es degan murni juga yg segar cocok diminum saat ke pantai. Banyak banget spot foto yg instagramable tp sayang ga sempet foto di banyak spot karena sudah sore dan bawa baby  jalannya sudah bagus, dlu terakhir kesini jalannya masih rusak. Tp sekarang jalannya sudah oke  tiket masuk tadi seorang 2000",Diedit 5 tahun lalu,2019-10-24T10:20:01,,,,59,105,1,,,[],"[{""id"":""CIHM0ogKEICAgICMlpa-eQ"",""url"":""https://lh3.googleusercontent.com/geougc-cs/AB3l90AjyNky8eaGXe1a4ZiIF7nVe256w45qXChiqobq4ZVJGXsBnNoPXDyHpox7k_7UtuJYcSRALgbDD-eDz7OtE2HtATZL01v6H8rPMSIbdaLZYyV2tTNtJMr69-FWQ9JXqSjDajjr=s1024"",""caption"":null,""width"":3024,""height"":4032},{""id"":""CIHM0ogKEICAgICMlpa-LQ"",""url"":""https://lh3.googleusercontent.com/geougc-cs/AB3l90CoTm3nSR6KVutsTi97sPm8I5S8fbK4ziHxbFk9UyZjriFsN_CAN1w2O_fj5ro83V7ASOjK1dSbeN_UkpJRNXXCkjl9PZRmU_Jzt6ML71bATkAUULfnLBnHlnkiq515k1DotBIU=s1024"",""caption"":null,""width"":3024,""height"":4032},{""id"":""CIHM0ogKEICAgICMlpa-6QE"",""url"":""https://lh3.googleusercontent.com/geougc-cs/AB3l90BXpnNxFPALq3MIUnmnVoSjmOenn6rj8Ct73uEmeA9WKbFZBFsa4obYkOFYxdVnGSdqsXyClCAikQDqybUONBBdphxzTdaoYPm4EdU_BFIkoBYGbADLFIcchotMmn3onc-3UfMH=s1024"",""caption"":null,""width"":3024,""height"":4032},{""id"":""CIHM0ogKEICAgICMlpa-qQE"",""url"":""https://lh3.googleusercontent.com/geougc-cs/AB3l90Cwfl0UtXj1mAKHe5lzWt6Z4qPmof8kE05TdtsbzewSACEdcoZE-ldwXq6xs63s_IqiMK8nLdhA0yh5r4zVdDGeFc6ER8nhBW3--iKjDVC5Rnn-0DLXAkqh5oVm-QN8eTOul0Tg1g=s1024"",""caption"":null,""width"":4032,""height"":3024},{""id"":""CIHM0ogKEICAgICMlpa-NQ"",""url"":""https://lh3.googleusercontent.com/geougc-cs/AB3l90DWcXJwdddLa7LJWYBvOoDcZdjiu32N6FtOfwFp09vC3zwXNe7-HkvQqkUG-g_o9ycfCSEKH5xN5g6-mKU8yLZOnuFgDpC3pFthXrCNnmZLpnbuIy5rSGJOIF0UEBS0VxKqVpQ=s1024"",""caption"":null,""width"":4032,""height"":3024},{""id"":""CIHM0ogKEICAgICMlpa-zQE"",""url"":""https://lh3.googleusercontent.com/geougc-cs/AB3l90BH4keTyvaXEBUqOglkZIF-EH6ZuBvAFjNH5pR-LslZ-52ohOsh0RoYCTg5B6I_VuLmDd-thTgZZ8KC45_aXznGbF9ZRJzvbStyYTfPspi6HL--sLAVNQDm_3O-gfzkhwlVASm8ug=s1024"",""caption"":null,""width"":3024,""height"":4032},{""id"":""CIHM0ogKEICAgICMlpa-dQ"",""url"":""https://lh3.googleusercontent.com/geougc-cs/AB3l90BAyRGHkfpXUxhsanLAuPPq3BsmceUHYW9hvJ8O9wGcAueqROplc31CXKACM0d6yFZfHvBMliAnrlaNlB2ObR0FUI9HNae-I5hDnnXxNLwml4S6xIBc66aJMG4BovPJPKkUbeny=s1024"",""caption"":null,""width"":3024,""height"":4032},{""id"":""CIHM0ogKEICAgICMlpa-9QE"",""url"":""https://lh3.googleusercontent.com/geougc-cs/AB3l90DwJf0CKCxpDOGc_V_CdkwEjYLDk4z4_lh6Z2GP19QrWFKcxgq-Ihum1rFWh7oDBxek79yXk5N6OjQAYVKvAb6k-DUPOjCjZ02oVVCuwKS73tKKhxLzEmqaRvmqsQLvVfFcjzfbLA=s1024"",""caption"":null,""width"":3024,""height"":4032},{""id"":""CIHM0ogKEICAgICMlpa-ZQ"",""url"":""https://lh3.googleusercontent.com/geougc-cs/AB3l90BHW38Yrzhoka-iW8OFOH8JIPAzd7Fgtl09hOlRWyfykD5w_H184XLJqEirUuuAX3RPhEbf2nJTVe426pDjD0LgGfIhoJLSuLaZvGP9BRDv2pl7SkuUzevoqOBeFnHNkScyzUs=s1024"",""caption"":null,""width"":3024,""height"":4032},{""id"":""CIHM0ogKEICAgICMlpa-uQE"",""url"":""https://lh3.googleusercontent.com/geougc-cs/AB3l90C4P7zRnVjuNVg16560DVPhDNt7C3hyMh_MIC7BYhajRBQUw0qDn7KDX-Kf0frA_weFzqeqZxgzcRfjLgVFB5XUDcBO_5W_Zhh1M7xMQ5Bf2w43P3minq3NZgIti4y2pKoPkOLfcg=s1024"",""caption"":null,""width"":3024,""height"":4032},{""id"":""CIHM0ogKEICAgICMlpa-RQ"",""url"":""https://lh3.googleusercontent.com/geougc-cs/AB3l90BiqNOBYp8y8JPxtSKFXUhJDfmrFHnkq-KoHFjUQAijQ3Y71Uob2cVQzu055NrUp3Yn0gUnw8pYuzGH7YeAOV2boFPccAfyNChvelgzdQelyWvg7d5UyghKMXjgKmAhCpr_HmQ=s1024"",""caption"":null,""width"":3024,""height"":4032},{""id"":""CIHM0ogKEICAgICMlpa-OQ"",""url"":""https://lh3.googleusercontent.com/geougc-cs/AB3l90DqmbmqMCZAc3HquVX90Ah4GW5B2VemXCaXT_stz6HnUFxZXnx8KtRkk23donam08hSmdjDzemJ0SNY6aORpj19lGa0keHNXFfE6L1dXAaDkJDoqYwpeGA2371ItNEozpkQ84F9=s1024"",""caption"":null,""width"":3024,""height"":4032},{""id"":""CIHM0ogKEICAgICMlpa-BQ"",""url"":""https://lh3.googleusercontent.com/geougc-cs/AB3l90APTUYZ2lDUAeeC2T0L-fBwUjJS00HTpCKfWIIZsDCPD5EcOqVCRNQsCrz5S7krgKt4yPAuWkiTwQu6hUnLao4nPWdwbl7pr2A6C2yy4KT-1-5uOu3xFxWL4fcjbea1Ga9D-94=s1024"",""caption"":null,""width"":3024,""height"":4032},{""id"":""CIHM0ogKEICAgICMlpa-rQE"",""url"":""https://lh3.googleusercontent.com/geougc-cs/AB3l90DedGdKu9tfcI_lSAppqOPdaIsNK6WcFGglko4Ow3Mzr5s7Qt2hdxim_IMJWCL5xyltYvJ6hnD5OmwQim6c3tu-J-RAmalyK5X8OIrSFi3Hxyjei7emxv8SOTpBiafqQiLD89CC=s1024"",""caption"":null,""width"":4032,""height"":3024},{""id"":""CIHM0ogKEICAgICMlpa-FQ"",""url"":""https://lh3.googleusercontent.com/geougc-cs/AB3l90CgnKjgQSFbWEGCEh48mSz-wj_4Dg7BBAr87O_cm_a4vPJnwZzeca0KD7QqNiRjwrpGE0vZfEcOOXmf-haIuwslFdS-EXASTcC4F3v5FGSHl3XHzxj6fRB39Vr9lqvIPhJ47aZJ=s1024"",""caption"":""Harga tiket masuk objek wisata paseser jumiang"",""width"":3024,""height"":4032}]"
ChIJXwj-LF171y0R6SC30BkzF04,Wisata Teluk Jumiang,ChZDSUhNMG9nS0VJQ0FnSUM0X3VDNEpREAE,https://www.google.com/maps/reviews/data=!4m8!14m7!1m6!2m5!1sChZDSUhNMG9nS0VJQ0FnSUM0X3VDNEpREAE!2m1!1s0x0:0x4e173319d0b720e9!3m1!1s2@1:CIHM0ogKEICAgIC4_uC4JQ%7CCgwIw8vn5wUQ8K7EkAE%7C?hl=id,Nyonya Niken,110388786098021410095,https://www.google.com/maps/contrib/110388786098021410095?hl=id,4,"pantai jumiang terbagi jadi 2 pintu masuk. yaitu jumiang bawah dan jumiang atas, sebenernya saya kurang tahu istilah tepatnya, hanya saja tiap ke sini saya dan keluarga mengistilahkan jumiang bawah dan jumiang atas.

jumiang bawah yaitu area pantai, dulu para pemuda sekitar tarik karcis masuk di depan pintu masuk jumiang bawah, karena untuk jumiang atas kan harus melewati pintu ini.

hari ini saya ke pantau jumiang, tidak ada yang jaga pintu jumiang bawah, sepertinya sepi.

para penuda sekitar tarik karcisnya di pintu masuk jumiang atas.
harga karcis mobil Rp 5.000 dan Rp 2.000 per orang.

pantai jumiang makin cantik, adem banyak pohon besarnya.
walaupun makin banyak penjual makanan dan minuman tapi saya rasa menambah keramaian.

ada tangga melingkar ke bawah namanya tangga selfie, harus hati-hati untuk naik turunnya.
saran saya jangan pakai rok pendek, jangan pakai rok terlalu lebar dan jangan pakai high heels.

pemandangannya luar biasa bagus, semoga pantai jumiang makin baik dan tetap terjaga kebersihannya.",6 tahun lalu,2019-06-07T04:19:15,,,,211,2017,1,,,[],"[{""id"":""CIHM0ogKEICAgIDc_-OAew"",""url"":""https://lh3.googleusercontent.com/geougc-cs/AB3l90B1DTfpqPq2y24rbPW54dg8VcjV0WYHmWMevlTmhLYND1FIgJyB-rLSGeshpeKpyB7YOhlW36pO84F4SBh0mZgVv-McI0MpT6Zd4zRefBy39EbpYIlaSydxNCXgNfnje1HcwEs=s1024"",""caption"":null,""width"":4128,""height"":2322},{""id"":""CIHM0ogKEICAgIDc_53v_AE"",""url"":""https://lh3.googleusercontent.com/geougc-cs/AB3l90Bj149SKj-Hkp-VFojVJLq1aPvPLuctR3ugHULcktq2fHRWcQaAzQKbeL9YYdXNNaMkUuEHhjLBhMRXt0IXYgAPrNQIibxXtOfLe6oYWjNp9_akcfdcSdOAc8D1G9vd7sHLDqkreg=s1024"",""caption"":null,""width"":4128,""height"":2322},{""id"":""CIHM0ogKEICAgIDc_9PPrwE"",""url"":""https://lh3.googleusercontent.com/geougc-cs/AB3l90CpozGFRdUr1Mmzd60IkuEJosKRRTP8I9WUa4QrwGBFEAR3JPWiXvygMPb682EvWMKELtvSzN9Vyw4URf425mI3aZy3QoQgRDcv_MUP7WOkNVy0LhtPBXkKcGt3DvRXcKf0sDFSPg=s1024"",""caption"":null,""width"":2322,""height"":4128},{""id"":""CIHM0ogKEICAgIDc__2PqwE"",""url"":""https://lh3.googleusercontent.com/geougc-cs/AB3l90BD5gpg1KVHw6bSZcysPd9eQDXBj24j6kMKj41qnJGIjZhXOQ8bvNK7Jysj8iW4e4GmXA2qGsvfLj1Qe6x42bIVpdTDBggLqR4fGUihlaYm75QkNGpNsw_6FBI2R-IMx7VOw1xD3g=s1024"",""caption"":null,""width"":4128,""height"":2322},{""id"":""CIHM0ogKEICAgIDc_-PAeA"",""url"":""https://lh3.googleusercontent.com/geougc-cs/AB3l90C0HyltU-Y0sDzANxtJZGK7DKLNIU87VQgjhpZ-rzKpCiSHmzEjAQZtrAoItncImSsUL9lUu0W_3VcAcP1MVMzB4xBxAz7MzP5Xkh2PFODsSTucCzpp_eU2as2KY_8TphDnQu7K=s1024"",""caption"":null,""width"":4128,""height"":2322},{""id"":""CIHM0ogKEICAgIDc_53vBg"",""url"":""https://lh3.googleusercontent.com/geougc-cs/AB3l90BEhcAZEQoJzpWkahcXVeFKcRXe_H570iXNIeDH9EcfZTFdGE4AtB08E8Z24VnybEZR1eDjmVYKNzMB0odmtZsNhBVd61utT_3ow4WVlMHY0eLtQ7-70s5-kqhkoWPUctqSI0Y=s1024"",""caption"":null,""width"":4128,""height"":2322},{""id"":""CIHM0ogKEICAgIDc__2PuwE"",""url"":""https://lh3.googleusercontent.com/geougc-cs/AB3l90B3c2lWEMlhpQdi4SX70oSI0_ymF2nxrhyigaf5f88p8bElRjFrbrisAkwkhu_km0F8i7wArRcRexPZFAIZdAipOnZjxA5nvLe1fcNMlpbUpNk4070vMknngcOM1hHCmbF3-atj=s1024"",""caption"":null,""width"":4128,""height"":2322},{""id"":""CIHM0ogKEICAgIDc_82bFA"",""url"":""https://lh3.googleusercontent.com/geougc-cs/AB3l90CdjdAxeAI7SQ7QkfOuGw-1SvYc9yiANBRtdlQTl1d-1uJPh1CX0SCnF2cZjtAB21UzT_Sm6WZNkeZP8HqBNBQ7xxNYBsCpGH6gUJNgCaHooW4LI5OfZWK3OZWJ86iViSPN05s=s1024"",""caption"":null,""width"":4128,""height"":2322},{""id"":""CIHM0ogKEICAgIDc__1P"",""url"":""https://lh3.googleusercontent.com/geougc-cs/AB3l90Ak0r6uBvuBy9xF1o2PPiCzWi4-FXVSSCyOhlfjSatqT3FVi-TP-cnODOjBmImgj0X-8LsiLCa5GdQ6vwHp7bPwqaqR-9c7QZAhKAM1Ug10vIbkOQmUqfHTl6hj6WTgQ7Ob=s1024"",""caption"":null,""width"":4128,""height"":2322},{""id"":""CIHM0ogKEICAgIDc_82blAE"",""url"":""https://lh3.googleusercontent.com/geougc-cs/AB3l90AW3vCwBXuAxt1rHT2ppbPWMblwH0xq6-nRauqGTwF0G2opi78MGfKnRXvlv8924GtgoHLjctALtkONWrWjwwreTwQ25RUr3zLFmHL43vH5rD-Ll0g0nAsBqzt655areyMSOEHB3w=s1024"",""caption"":null,""width"":4128,""height"":2322},{""id"":""CIHM0ogKEICAgIDc__2PGw"",""url"":""https://lh3.googleusercontent.com/geougc-cs/AB3l90DGTCfb62D0EtV5RmGvErXt7dwsHVJnspTxF-MAqOzEVh4ZJNmvkmJx8pQ1I6ztl8tU9WHvywGFrD9K9kt4-hLoF7mBiAk5GRE-iXqNuIS-2qD98PBu2YN_wwEkFC1AD4X1JqIW=s1024"",""caption"":null,""width"":4128,""height"":2322},{""id"":""CIHM0ogKEICAgIDc_-PAbA"",""url"":""https://lh3.googleusercontent.com/geougc-cs/AB3l90A9K-lynMN6sWYgCd2s6H_bpu7yHcBjeQlTGC9MWoSy1i9nuQlYPR0NmR5wEGvjZS4ttFYU56QU7QHDc7uB1-1HYvnyN9kiFENaTbnWVFdAfI6dWRg6X8PHx8HGcphBzUuqyPTO=s1024"",""caption"":null,""width"":4128,""height"":2322},{""id"":""CIHM0ogKEICAgIDc_9OvFA"",""url"":""https://lh3.googleusercontent.com/geougc-cs/AB3l90CSGD8n9bFdqwbbKNmMwqKrqRpGfsk1LDzsWX4SYUaKbj69yC2FO0y94lhrc--jHKJxa8lSnavQ7rteL05N77wQrJwUCneUJeeho4_76x1YXi87GCWQbXTOknHfp0m-19sfmrjT=s1024"",""caption"":null,""width"":4128,""height"":2322},{""id"":""CIHM0ogKEICAgIDc_4vP7wE"",""url"":""https://lh3.googleusercontent.com/geougc-cs/AB3l90BYI5zch1cMGefctFulz0VxRlZ9_CV2JzwMUkFRAdI5_c-Un7dCn7Qin6oV_e4R9JyOuI1SCVOYFbg651iL05Z1qmCl12k3LCfzIYMnBu1Xye4aTX9HvSlF-_ApPjeF_ZFYxhko=s1024"",""caption"":null,""width"":4128,""height"":2322},{""id"":""CIHM0ogKEICAgIDc_-PA2AE"",""url"":""https://lh3.googleusercontent.com/geougc-cs/AB3l90BLgsE1kkX9ggkGTabCrRBQZq-9pFMNIe4o0pJYsxYcu4Ul0dVzq2JnVbO2AuYM9yQjqHrLAcipZhQgWusiQHKLdg24Dj3G3fnAhxPddrR-SQL6oMRrERLnkzYJLivh8S0biH7VEA=s1024"",""caption"":null,""width"":4128,""height"":2322},{""id"":""CIHM0ogKEICAgIDc__2PgwE"",""url"":""https://lh3.googleusercontent.com/geougc-cs/AB3l90A6V-pnAyGG3bg-IzGGenbQP1eFjFAmMmGl3u0d9qBClFKjnySGd_TbP5_UgqxouhVEYa_ELXO03R9i71A0w_RuoVmo_S7f5Q0nlE_4N8LonYkRmDq0VdQLSYm59PtYIO0gFTOfUQ=s1024"",""caption"":null,""width"":2322,""height"":4128},{""id"":""CIHM0ogKEICAgIDc_9PP5wE"",""url"":""https://lh3.googleusercontent.com/geougc-cs/AB3l90BdVeIrBqO-TeD78dRuCixsdhgstdsR1BcTY_5Uuk8Z2z508zD_T1uK33rUDG7QN40Y6lPqbnaIpaqY6jkj9SevHNJ-aCjUJm2mQQW_KMu1vM9C6Kc5z6iOIDrTvSYfehRLtCFt=s1024"",""caption"":null,""width"":4128,""height"":2322},{""id"":""CIHM0ogKEICAgIDc_53vCA"",""url"":""https://lh3.googleusercontent.com/geougc-cs/AB3l90Aq6bOqQG7fKua7x4TheSk1ElXCLmt5gdmuG8_ncJeWyf355InF_znI1BCUphrcAcLab03u11Yu_o7fUpb2OFXIs7hxaqxtf3w5emFHW09rOsrsNdwIZJvTIQWNKtcR4WNjQGg=s1024"",""caption"":null,""width"":4128,""height"":2322},{""id"":""CIHM0ogKEICAgIDc_-PABA"",""url"":""https://lh3.googleusercontent.com/geougc-cs/AB3l90C1DHcunT48lzCMUqQEbF5xVrKWEEaHZ37S9xwvUB821ui1VGjfwDewwFe0ikZ9wMetByRzrh5lOKdsEAChbXLbssSayQJyTIXXVmkmOt1S76FswnBBh9tXC07ogDKpz-jyyUnY=s1024"",""caption"":null,""width"":4128,""height"":2322},{""id"":""CIHM0ogKEICAgIDc__2P6wE"",""url"":""https://lh3.googleusercontent.com/geougc-cs/AB3l90CjPc65uUrRW_jkYF_K5bd0wD7BjZFaGhboH4k2Wr-xoFMwRuo_3jQgAIw-r5Lc1-G_EOnh5trFnye_O_RqppkXY8EZQHVBys1Tz5Xp9mbtGFuoYJHTggKyK07kqHguxTEz4XlT=s1024"",""caption"":null,""width"":4128,""height"":2322}]"
ChIJXwj-LF171y0R6SC30BkzF04,Wisata Teluk Jumiang,ChZDSUhNMG9nS0VJQ0FnSURJdGNpakNnEAE,https://www.google.com/maps/reviews/data=!4m8!14m7!1m6!2m5!1sChZDSUhNMG9nS0VJQ0FnSURJdGNpakNnEAE!2m1!1s0x0:0x4e173319d0b720e9!3m1!1s2@1:CIHM0ogKEICAgIDItcijCg%7CCgsIjo_z4QUQuYC5WA%7C?hl=id,Sirajul Munir,100051583095799466248,https://www.google.com/maps/contrib/100051583095799466248?hl=id,5,"Wisata Pantai Jumiang, kini menjadi destinasi wisata favorit bagi masyarakat Pamekasan. Anda bisa menyaksikan panorama laut dari atas bukit melihat warna lautnya yang biru.

Pantai Jumiang di Pamekasan ini bebas dari ombak besar dan pemandangannya juga indah. Sangat cocok dijadikan lokasi take shoot prewedding.

Cukup membayar tiket masuk sebesar 2.000 ribu rupiah saja, Anda sudah bisa menikmati panorama birunya Pantai Jumiang dari atas bukit.

Tak hanya itu, spot-spot foto seperti bunga-bunga, ayunan, gubuk yang langsung menghadap ke laut, sangat cocok untuk anda jadikan sebagai baground yang indah untuk berfoto mengabadikan momen bersama keluarga dan juga kerabat.",6 tahun lalu,2019-01-14T17:29:30,,,,61,651,1,,,[],"[{""id"":""CIHM0ogKEICAgID4-4DZ2QE"",""url"":""https://lh3.googleusercontent.com/geougc-cs/AB3l90DvD1BUm8kXKWoxN78Ypa8-N0GHruldtQ5lEqSOp7bjBisnrmPkOoQGqBtP0Gosur5GIw8un9_kH58-PFhDYd1oPfben_rEDqm1E9dZa5ydpXGBEYR_QcEjz5qF4p9AoC4tYo_28g=s1024"",""caption"":null,""width"":4000,""height"":2250},{""id"":""CIHM0ogKEICAgID4-4DZRg"",""url"":""https://lh3.googleusercontent.com/geougc-cs/AB3l90CrWFc3DxirfObaU4Jb6MDluIQVzXaviRmzzZqk3ZyQkXVkAl2lx_H2Xbjri57opP4q12pMpEzVaQ8wj8CrL2nyvXsR3Rrng8MbpzIzlee0GEG_Li9VvUVZqI5M37dDMVFzheDa=s1024"",""caption"":null,""width"":4000,""height"":2250},{""id"":""CIHM0ogKEICAgID4-4DZsgE"",""url"":""https://lh3.googleusercontent.com/geougc-cs/AB3l90AZLLvhcx1g_tPYYmXIc3n3mWXUVefrY3EsOXZVdQWy2wQBs94U6x2S5RiAtGtjt-drzkIIiipZbznoHPfC6ySAiEnfTzItYKOG0E1yJN6wLI29lMlkTSWmXwoqhRGobxmyD15bnw=s1024"",""caption"":null,""width"":4000,""height"":2250},{""id"":""CIHM0ogKEICAgID4-4C06QE"",""url"":""https://lh3.googleusercontent.com/geougc-cs/AB3l90DI5ewEJZTX57_K4ZyHC2y8WK57rTWZIPAYmhuPrJhN9zcaK3ETo1uAm0PY9noWFZ8Hk4RSCToIRGD5amrjB1lcB9jQWD-2Y7FfvofDJzb5Z6IKxV50RiNoGe2Zcmu4KFarEHMxnA=s1024"",""caption"":null,""width"":4000,""height"":2250},{""id"":""CIHM0ogKEICAgID4-4DZTg"",""url"":""https://lh3.googleusercontent.com/geougc-cs/AB3l90AdnFsNyDUQGV2iK5RuPs9Yc_Q5ahq36Ira-04hw4mBydjgR0TxKr5WRFuDpiUJsRZUqFmIu0R0YoyhBf2z-XTRozmxdvhzue5Aq6ZXdNZRbkrCeYXQFM9Ip37jQTzgT8rTzEcl=s1024"",""caption"":null,""width"":1280,""height"":960},{""id"":""CIHM0ogKEICAgID4-4DZIQ"",""url"":""https://lh3.googleusercontent.com/geougc-cs/AB3l90DtGPxHOdhZxOQJmpO2Ou8arwR3Usr-l-kJH8LiTKuGgJfxze_ZodT6GNtVZPW6kNZa8Ri0cb7A3td1Yw0eMKdMhbI_L8T0qX_niTWN1DM1JzZDu8UK5dlvFftk_IKn6vT_srIb=s1024"",""caption"":null,""width"":1040,""height"":585},{""id"":""CIHM0ogKEICAgID4-4C0Zw"",""url"":""https://lh3.googleusercontent.com/geougc-cs/AB3l90AgFRgfFPdumjlWh1-mlsh6Q1_9qPUkIDFOgrBzxseERs84Ip0nvpYmPkUI0H2xH4IOlmqb5MeoFqQ5fv9yfrs4jnhX98lUV7_RsgpVA9Lc7DpWKCc3hDLE5K6r-TEmLxhRLW65=s1024"",""caption"":null,""width"":1040,""height"":585},{""id"":""CIHM0ogKEICAgID4-8CAmwE"",""url"":""https://lh3.googleusercontent.com/geougc-cs/AB3l90CZ1VfEZGubYhnnTA0Ooubfv85y7mbD8bJ0U-87_t7b2rHj4QOf8srZ5gt03Mbpg3nRxKtlO_ItaAElSJId_9njfLSOdwMBs0AqA1l7yLvj5pUXVllzPbgNzEn4xuxNpc7oOvs7XA=s1024"",""caption"":null,""width"":4000,""height"":2250}]"
ChIJ5_K-zr171y0RI4RR5PjYAY4,Pantai kepala Burung majungan,ChdDSUhNMG9nS0VJQ0FnSUN1NV9YSG93RRAB,https://www.google.com/maps/reviews/data=!4m8!14m7!1m6!2m5!1sChdDSUhNMG9nS0VJQ0FnSUN1NV9YSG93RRAB!2m1!1s0x0:0x8e01d8f8e4518423!3m1!1s2@1:CIHM0ogKEICAgICu5_XHowE%7CCgsIwYjDlwYQuOPRIg%7C?hl=id,Relaxing Music Plus,118002330140061029389,https://www.google.com/maps/contrib/118002330140061029389?hl=id,3,"akses ke pantai ini bagaimana? saya bingung jalurnya, tolong yang tau hubungi saya di 085234568849 via whatsapp dan bantu saya jalan menuju pantai ini",3 tahun lalu,2022-08-08T08:07:29,,,,3,0,,,,[],[]
ChIJ5_K-zr171y0RI4RR5PjYAY4,Pantai kepala Burung majungan,ChZDSUhNMG9nS0VJQ0FnSURKX3JpT2ZnEAE,https://www.google.com/maps/reviews/data=!4m8!14m7!1m6!2m5!1sChZDSUhNMG9nS0VJQ0FnSURKX3JpT2ZnEAE!2m1!1s0x0:0x8e01d8f8e4518423!3m1!1s2@1:CIHM0ogKEICAgIDJ_riOfg%7CCgwIm8TXpQYQwK3nogE%7C?hl=id,edi subianto,111929235598902905221,https://www.google.com/maps/contrib/111929235598902905221?hl=id,5,disebelah selatan tambak garam,2 tahun lalu,2023-07-18T00:51:39,,,,35,7,1,,,"[{""name"":""Waktu kunjungan"",""value"":""Hari biasa""},{""name"":""Waktu antrean"",""value"":""Tanpa mengantre""},{""name"":""Sebaiknya buat reservasi"",""value"":""Tidak""}]",[]
ChIJ5_K-zr171y0RI4RR5PjYAY4,Pantai kepala Burung majungan,ChZDSUhNMG9nS0VJQ0FnSUQ5LTR5cU13EAE,https://www.google.com/maps/reviews/data=!4m8!14m7!1m6!2m5!1sChZDSUhNMG9nS0VJQ0FnSUQ5LTR5cU13EAE!2m1!1s0x0:0x8e01d8f8e4518423!3m1!1s2@1:CIHM0ogKEICAgID9-4yqMw%7CCgwIiKXxrwYQgM-grwE%7C?hl=id,Ferdi Yansyah,117016901730703338663,https://www.google.com/maps/contrib/117016901730703338663?hl=id,5,Suasananya sangat bagus,setahun lalu,2024-03-21T15:30:16,,,,1,0,,,,[],[]
ChIJ5_K-zr171y0RI4RR5PjYAY4,Pantai kepala Burung majungan,ChdDSUhNMG9nS0VJQ0FnSUQyNUt6eWtBRRAB,https://www.google.com/maps/reviews/data=!4m8!14m7!1m6!2m5!1sChdDSUhNMG9nS0VJQ0FnSUQyNUt6eWtBRRAB!2m1!1s0x0:0x8e01d8f8e4518423!3m1!1s2@1:CIHM0ogKEICAgID25KzykAE%7CCgwI097WkwYQ2PihvgE%7C?hl=id,Syamsul Arifin,109019739120897376492,https://www.google.com/maps/contrib/109019739120897376492?hl=id,5,Bagus,3 tahun lalu,2022-05-06T23:29:23,,,,4,7,,,,[],[]
ChIJ5_K-zr171y0RI4RR5PjYAY4,Pantai kepala Burung majungan,ChdDSUhNMG9nS0VJQ0FnSUR4M04tTHBnRRAB,https://www.google.com/maps/reviews/data=!4m8!14m7!1m6!2m5!1sChdDSUhNMG9nS0VJQ0FnSUR4M04tTHBnRRAB!2m1!1s0x0:0x8e01d8f8e4518423!3m1!1s2@1:CIHM0ogKEICAgIDx3N-LpgE%7CCgwI49TvowYQqIWziQM%7C?hl=id,Salsa putri,113479645547435017705,https://www.google.com/maps/contrib/113479645547435017705?hl=id,5,,2 tahun lalu,2023-06-04T01:35:31,,,,0,1,,,,[],"[{""id"":""CIHM0ogKEICAgIDx3N-L5gE"",""url"":""https://lh3.googleusercontent.com/geougc-cs/AB3l90C570_nP8hMW6b6GxlfTnOqsLLMytNOR7_vvBR92dqb0NhHLKjcBWwouq-hH89xcsLweIC7RFjc6jKgH_-9Guico27JztGzhaPBeM4AlVowzybke-4i2o2dKX8Jxs-jpZ2NfRtv=s1024"",""caption"":null,""width"":3468,""height"":4624}]"
ChIJ5_K-zr171y0RI4RR5PjYAY4,Pantai kepala Burung majungan,ChZDSUhNMG9nS0VQbk53ZkdUdE9XeEZBEAE,https://www.google.com/maps/reviews/data=!4m8!14m7!1m6!2m5!1sChZDSUhNMG9nS0VQbk53ZkdUdE9XeEZBEAE!2m1!1s0x0:0x8e01d8f8e4518423!3m1!1s2@1:CIHM0ogKEPnNwfGTtOWxFA%7CCgsImJWiwQYQwN3Pew%7C?hl=id,Kopka Khoirudin,116558157068006562193,https://www.google.com/maps/contrib/116558157068006562193?hl=id,3,,5 bulan lalu,2025-05-17T13:09:44,,,,0,0,,,,[],[]
ChIJ5_K-zr171y0RI4RR5PjYAY4,Pantai kepala Burung majungan,ChZDSUhNMG9nS0VJQ0FnSUQyMUt5eEZREAE,https://www.google.com/maps/reviews/data=!4m8!14m7!1m6!2m5!1sChZDSUhNMG9nS0VJQ0FnSUQyMUt5eEZREAE!2m1!1s0x0:0x8e01d8f8e4518423!3m1!1s2@1:CIHM0ogKEICAgID21KyxFQ%7CCgsIsqLZkwYQgKeqQQ%7C?hl=id,Abiem Mahfudz,116867794759773815616,https://www.google.com/maps/contrib/116867794759773815616?hl=id,5,,3 tahun lalu,2022-05-07T10:59:50,,,,0,5,,,,[],[]
ChIJ36iIkcx_1y0RGisOdnPiows,Pantai Sampang Pesisir,ChdDSUhNMG9nS0VJQ0FnSUNPMDVuQTRBRRAB,https://www.google.com/maps/reviews/data=!4m8!14m7!1m6!2m5!1sChdDSUhNMG9nS0VJQ0FnSUNPMDVuQTRBRRAB!2m1!1s0x0:0xba3e273760e2b1a!3m1!1s2@1:CIHM0ogKEICAgICO05nA4AE%7CCgwI_8e6lQYQqML_2wI%7C?hl=id,Dinda Anggraini,109138672687526177307,https://www.google.com/maps/contrib/109138672687526177307?hl=id,5,"Tempat yang bagus jika dikunjungi pagi maupun sore hari, karena merupakan halaman sepi yg cocok untuk berfoto foto. Kalau malem airnya surut jadi lebih rekomendasi kesananya pagi hari saja.",3 tahun lalu,2022-06-19T03:45:33,,,,52,49,1,,,"[{""name"":""Waktu kunjungan"",""value"":""Akhir pekan""},{""name"":""Waktu antrean"",""value"":""Tanpa mengantre""},{""name"":""Sebaiknya buat reservasi"",""value"":""Tidak""}]","[{""id"":""CIHM0ogKEICAgICO05nCOg"",""url"":""https://lh3.googleusercontent.com/geougc-cs/AB3l90B4Oc_0yTHl92nlKyWbs2SRCkSdhu5yLacQvBpMYG48yeCXS1W5SPDToSgvOpBNlic5UKPqRpMSHm38BEylECKqLtNkihmItb1Xd25DB9EgtQR56V34DvKTWIXyroMqpKAlOup_=s1024"",""caption"":null,""width"":4032,""height"":3024},{""id"":""CIHM0ogKEICAgICO05nCugE"",""url"":""https://lh3.googleusercontent.com/geougc-cs/AB3l90B-OiRzjzjIWwklcNv7k7zYeqWwyn7HDN6SKfKt5qTEKpLKSti86Woc8DnxD3BjWaMe1IqThtnyexmzRUL0lDi9qpXwWWuRLXj73qGP_ZMmYztir_XQwAnckzgFj2d07zgLWVEyLw=s1024"",""caption"":null,""width"":3024,""height"":4032},{""id"":""CIHM0ogKEICAgICO05nCeg"",""url"":""https://lh3.googleusercontent.com/geougc-cs/AB3l90A6UE_agDrQNyX3E9cpCpX0AqlrK8kd1vwHMzfbuc1VtfrNUearzAPi1da8IkfH3ifLaJk3D2gxEudJkJUTd4ZLTg2mbsXTsz6NqAKpIn31fSR3kqdquBu36-CR5oTWIjDAbrtX=s1024"",""caption"":null,""width"":3024,""height"":4032}]"
ChIJ36iIkcx_1y0RGisOdnPiows,Pantai Sampang Pesisir,ChZDSUhNMG9nS0VJQ0FnSUMxckozdUR3EAE,https://www.google.com/maps/reviews/data=!4m8!14m7!1m6!2m5!1sChZDSUhNMG9nS0VJQ0FnSUMxckozdUR3EAE!2m1!1s0x0:0xba3e273760e2b1a!3m1!1s2@1:CIHM0ogKEICAgIC1rJ3uDw%7CCgwI2puhrAYQkNPM7gE%7C?hl=id,NANDA ATIQOH NURFANI,118113463444269618757,https://www.google.com/maps/contrib/118113463444269618757?hl=id,5,Mayan airnya biru mungkin lebih menarik kalo di buat wisata,setahun lalu,2023-12-24T15:27:22,,,,8,13,1,,,[],"[{""id"":""CIHM0ogKEICAgIC1rJ3uzwE"",""url"":""https://lh3.googleusercontent.com/geougc-cs/AB3l90Ax_y8OwS_YPS99fHnwYSoj2abY3MTDEguaqLUb-gQi9B305lqT9zCrWrszroSVdnKGoRqWhSqZNs0MpRKxzumcnZlYWimki3RPEA3Sy8eBVkRBDX6OeGiaEd0GMf1cUBRoa3O10Q=s1024"",""caption"":null,""width"":3060,""height"":4080}]"
ChIJ36iIkcx_1y0RGisOdnPiows,Pantai Sampang Pesisir,ChdDSUhNMG9nS0VJQ0FnSURCZ1p2ZTVRRRAB,https://www.google.com/maps/reviews/data=!4m8!14m7!1m6!2m5!1sChdDSUhNMG9nS0VJQ0FnSURCZ1p2ZTVRRRAB!2m1!1s0x0:0xba3e273760e2b1a!3m1!1s2@1:CIHM0ogKEICAgIDBgZve5QE%7CCgwIja-tngYQsOje9AI%7C?hl=id,Moh Narji,110786387934828131915,https://www.google.com/maps/contrib/110786387934828131915?hl=id,5,"Setiap plang k madura pasti mampir k sini .. laut lepas yg bersih bnget .. bisa maen"" sepuasnya",2 tahun lalu,2023-01-21T03:10:05,,,,5,1,,,,[],"[{""id"":""CIHM0ogKEICAgIDBgZveVQ"",""url"":""https://lh3.googleusercontent.com/geougc-cs/AB3l90CTT5KAIW4CDWOm0JsUT3pu0kzHMbRdV-gF3Rr_Zfo8heL4-s8345D1k4TsCeasGzw2RX0PXWoVf3mD-FoauxK_Mcv85swcWYTkJNIAW_xOdkdOMrK3r60f3T9HIwER-mXsu6BO=s1024"",""caption"":null,""width"":640,""height"":480}]"
ChIJ36iIkcx_1y0RGisOdnPiows,Pantai Sampang Pesisir,Ci9DQUlRQUNvZENodHljRjlvT25CU1RrUlFkVkpKVG5oNlZVODJNbGM1ZDIxMFMyYxAB,https://www.google.com/maps/reviews/data=!4m8!14m7!1m6!2m5!1sCi9DQUlRQUNvZENodHljRjlvT25CU1RrUlFkVkpKVG5oNlZVODJNbGM1ZDIxMFMyYxAB!2m1!1s0x0:0xba3e273760e2b1a!3m1!1s2@1:CAIQACodChtycF9oOnBSTkRQdVJJTnh6VU82Mlc5d210S2c%7C0cd2M4iYdHM%7C?hl=id,Anak Kemarin,114889605181252741079,https://www.google.com/maps/contrib/114889605181252741079?hl=id,4,Ok bagus,2 bulan lalu,2025-08-19T08:28:53,,,,123,1479,1,,,[],[]
ChIJ36iIkcx_1y0RGisOdnPiows,Pantai Sampang Pesisir,ChdDSUhNMG9nS0VJQ0FnSURSenQyQ3hnRRAB,https://www.google.com/maps/reviews/data=!4m8!14m7!1m6!2m5!1sChdDSUhNMG9nS0VJQ0FnSURSenQyQ3hnRRAB!2m1!1s0x0:0xba3e273760e2b1a!3m1!1s2@1:CIHM0ogKEICAgIDRzt2CxgE%7CCgwIzKWfogYQsOjxxAI%7C?hl=id,ayu lestari,109372015925955949589,https://www.google.com/maps/contrib/109372015925955949589?hl=id,5,"Ini aslinya tanah kosong sih, mungkin nanti mau dibangun sebuah rumah atau bangunan lain entahlah",2 tahun lalu,2023-04-25T13:17:00,,,,263,332,1,,,"[{""name"":""Waktu kunjungan"",""value"":""Hari libur nasional""},{""name"":""Waktu antrean"",""value"":""Tanpa mengantre""},{""name"":""Sebaiknya buat reservasi"",""value"":""Tidak""}]",[]
ChIJ36iIkcx_1y0RGisOdnPiows,Pantai Sampang Pesisir,ChdDSUhNMG9nS0VJQ0FnSUNlMTRmdHlBRRAB,https://www.google.com/maps/reviews/data=!4m8!14m7!1m6!2m5!1sChdDSUhNMG9nS0VJQ0FnSUNlMTRmdHlBRRAB!2m1!1s0x0:0xba3e273760e2b1a!3m1!1s2@1:CIHM0ogKEICAgICe14ftyAE%7CCgwI3NDGmQYQqPGE5gE%7C?hl=id,Abong Bong,101225902325169159652,https://www.google.com/maps/contrib/101225902325169159652?hl=id,5,Kalo mau lihat view Pantai pas pinggir jalan raya. Cocok banget melipir kendaraan nya kesini.,3 tahun lalu,2022-09-26T13:25:48,,,,108,227,1,,,[],[]
ChIJ36iIkcx_1y0RGisOdnPiows,Pantai Sampang Pesisir,ChZDSUhNMG9nS0VJQ0FnSURKd3NEWktBEAE,https://www.google.com/maps/reviews/data=!4m8!14m7!1m6!2m5!1sChZDSUhNMG9nS0VJQ0FnSURKd3NEWktBEAE!2m1!1s0x0:0xba3e273760e2b1a!3m1!1s2@1:CIHM0ogKEICAgIDJwsDZKA%7CCgwIsriprgYQ6OqUjwM%7C?hl=id,Naufal El Fany,106025205366195557301,https://www.google.com/maps/contrib/106025205366195557301?hl=id,4,"Tempat nyore yang bagus... Tenang, indah, meski bukan tempat wisata",Diedit setahun lalu,2023-07-13T11:23:15,,,,132,480,1,,,"[{""name"":""Waktu kunjungan"",""value"":""Hari biasa""},{""name"":""Waktu antrean"",""value"":""Tanpa mengantre""},{""name"":""Sebaiknya buat reservasi"",""value"":""Tidak""}]",[]
ChIJ36iIkcx_1y0RGisOdnPiows,Pantai Sampang Pesisir,ChdDSUhNMG9nS0VJQ0FnSUNOMGZ2RDBBRRAB,https://www.google.com/maps/reviews/data=!4m8!14m7!1m6!2m5!1sChdDSUhNMG9nS0VJQ0FnSUNOMGZ2RDBBRRAB!2m1!1s0x0:0xba3e273760e2b1a!3m1!1s2@1:CIHM0ogKEICAgICN0fvD0AE%7CCgwIhaeUrQYQ6PyyiQE%7C?hl=id,Novansyah Abadi,101077486254819188871,https://www.google.com/maps/contrib/101077486254819188871?hl=id,5,Mempermudah mencari alamat,setahun lalu,2024-01-15T11:14:10,,,,2,1,,,,[],[]
ChIJjYKgpmR71y0RiM1H-9T7aww,JUMIANG BEACH,ChdDSUhNMG9nS0VJQ0FnTUNZbXREeHV3RRAB,https://www.google.com/maps/reviews/data=!4m8!14m7!1m6!2m5!1sChdDSUhNMG9nS0VJQ0FnTUNZbXREeHV3RRAB!2m1!1s0x0:0xc6bfbd4fb47cd88!3m1!1s2@1:CIHM0ogKEICAgMCYmtDxuwE%7C0cTCNsUsf7q%7C?hl=id,Rahilben Thalib,111226775924138732555,https://www.google.com/maps/contrib/111226775924138732555?hl=id,5,Bagus sih banyak tempat buat duduk dan klo mau nyari makan juga banyak warung2 mini nya dan terawat pantai nya MasyaAllah dan parkir mobil juga bisa dimasukin ke deket pantai nya harga per orang 5k dan parkir 5k,Diedit 3 bulan lalu,2025-05-03T13:17:22,,,,91,113,1,,,[],"[{""id"":""CIHM0ogKEICAgMCYmtDxBw"",""url"":""https://lh3.googleusercontent.com/geougc-cs/AB3l90CfV9C7_VZuhHbaBdlqIQjabpLMMXo6mfrM_QFa7rEuD6agwds0qhvrh76eNdb9xfaJWB8JmOS5Ua55IWXHKd6aTIxbXf2-HSinZ7F33rxJZkBjvfdTAG-8Ax6xs8UhI-R9rHji=s1024"",""caption"":null,""width"":1080,""height"":1920},{""id"":""CIHM0ogKEICAgMCYmtDxhwE"",""url"":""https://lh3.googleusercontent.com/geougc-cs/AB3l90DrY7wOwz-pI1Z0Vl0vQYSHxh_I9umYhmJf-fdzsyDuDxXUfTFixSEGdaoJ6sTSKp4vvmOjZdqUeEIbpLsqapEssIK3Dyf9YikLQaXTxazlYcnDH0GA95X5CZQbS9VYI2S-7HtnXw=s1024"",""caption"":null,""width"":1440,""height"":3248},{""id"":""CIABIhBE5yEILg1S6EqEZ0EU1DOr"",""url"":""https://lh3.googleusercontent.com/geougc-cs/AB3l90C8CzriA1MXy3GaEsyLMxXSiWlgavR5dYOYElYBobGSLzqJOv23TYsvIj3SCgP-b4IfPoj9WOXTQI9FRhbgFrIqp5Z2h8wnlDvvgM1nlq2c_1m_Yz328FGpIyNWZ6aso1skKhEDldxaydE=s1024"",""caption"":null,""width"":1440,""height"":3248}]"
ChIJjYKgpmR71y0RiM1H-9T7aww,JUMIANG BEACH,Ci9DQUlRQUNvZENodHljRjlvT2t4aFJFczJWa0ZpWVRZd05sOTRUazFOU20xaGJIYxAB,https://www.google.com/maps/reviews/data=!4m8!14m7!1m6!2m5!1sCi9DQUlRQUNvZENodHljRjlvT2t4aFJFczJWa0ZpWVRZd05sOTRUazFOU20xaGJIYxAB!2m1!1s0x0:0xc6bfbd4fb47cd88!3m1!1s2@1:CAIQACodChtycF9oOkxhREs2VkFiYTYwNl94Tk1NSm1hbHc%7C0chQAY8rsjd%7C?hl=id,Af Shin,112884885953007900153,https://www.google.com/maps/contrib/112884885953007900153?hl=id,4,"Tempatnya bagus, menarik , tapi jgn lupa jaga kebersihan juga ya, supaya tempatnya tetap bersih dan terawat",sebulan lalu,2025-09-01T14:51:15,,,,1,0,,,,[],[]
ChIJjYKgpmR71y0RiM1H-9T7aww,JUMIANG BEACH,ChdDSUhNMG9nS0VJQ0FnSURENjc2MjRBRRAB,https://www.google.com/maps/reviews/data=!4m8!14m7!1m6!2m5!1sChdDSUhNMG9nS0VJQ0FnSURENjc2MjRBRRAB!2m1!1s0x0:0xc6bfbd4fb47cd88!3m1!1s2@1:CIHM0ogKEICAgIDD67624AE%7CCgwIl5HvsAYQ2JiGqAE%7C?hl=id,Jaml Ludin,114888814117464043127,https://www.google.com/maps/contrib/114888814117464043127?hl=id,1,"14 April 2024, niat hati pengen refreshing, tapi demi apa pantainya kurang terawat, jembatan roboh, semak belukar ga di tebang, bangunan yang tingkat juga pada patah kayu pegangannya, mohon perbaikan biar enak di pandang",setahun lalu,2024-04-14T12:14:15,,,,2,0,,,,[],[]
ChIJjYKgpmR71y0RiM1H-9T7aww,JUMIANG BEACH,ChdDSUhNMG9nS0VJQ0FnSUMxaktPNTF3RRAB,https://www.google.com/maps/reviews/data=!4m8!14m7!1m6!2m5!1sChdDSUhNMG9nS0VJQ0FnSUMxaktPNTF3RRAB!2m1!1s0x0:0xc6bfbd4fb47cd88!3m1!1s2@1:CIHM0ogKEICAgIC1jKO51wE%7CCgwIrsKfrAYQuPPnhQI%7C?hl=id,Jaka Abdillah Annaf Rahman,105920564527323675596,https://www.google.com/maps/contrib/105920564527323675596?hl=id,4,"Bagus, tinggal dijaga kebersihan dan kerapian pantainya",setahun lalu,2023-12-24T07:43:42,,,,169,599,1,,,[],[]
ChIJjYKgpmR71y0RiM1H-9T7aww,JUMIANG BEACH,ChZDSUhNMG9nS0VJQ0FnSUNGNVlIdUV3EAE,https://www.google.com/maps/reviews/data=!4m8!14m7!1m6!2m5!1sChZDSUhNMG9nS0VJQ0FnSUNGNVlIdUV3EAE!2m1!1s0x0:0xc6bfbd4fb47cd88!3m1!1s2@1:CIHM0ogKEICAgICF5YHuEw%7CCgwIzJb9qQYQqP_CsQI%7C?hl=id,saechu dealova,105737544483392821545,https://www.google.com/maps/contrib/105737544483392821545?hl=id,5,Pantainya bagus,setahun lalu,2023-10-30T06:21:00,,,,1,0,,,,[],[]
ChIJjYKgpmR71y0RiM1H-9T7aww,JUMIANG BEACH,ChdDSUhNMG9nS0VJQ0FnSURwbm8zQTFRRRAB,https://www.google.com/maps/reviews/data=!4m8!14m7!1m6!2m5!1sChdDSUhNMG9nS0VJQ0FnSURwbm8zQTFRRRAB!2m1!1s0x0:0xc6bfbd4fb47cd88!3m1!1s2@1:CIHM0ogKEICAgIDpno3A1QE%7CCgwI3pSTpwYQ2IKS3gE%7C?hl=id,bagus dharmawan,112017556048823301633,https://www.google.com/maps/contrib/112017556048823301633?hl=id,5,,2 tahun lalu,2023-08-22T14:46:54,,,,0,4,,,,[],[]
ChIJlU8GO8h71y0RZq6dxaILlso,Wisata pantai padelegan Village,ChdDSUhNMG9nS0VJQ0FnTURvMWRXbXZ3RRAB,https://www.google.com/maps/reviews/data=!4m8!14m7!1m6!2m5!1sChdDSUhNMG9nS0VJQ0FnTURvMWRXbXZ3RRAB!2m1!1s0x0:0xca960ba2c59dae66!3m1!1s2@1:CIHM0ogKEICAgMDo1dWmvwE%7CCgwIvq63wAYQoNiI7gI%7C?hl=id,Rikno Suwardi,107277843604802508404,https://www.google.com/maps/contrib/107277843604802508404?hl=id,5,Bagus dan indah pada waktu air pasang...mantab,5 bulan lalu,2025-04-27T07:05:34,,,,18,43,1,,,[],"[{""id"":""CIHM0ogKEICAgMDo1dVm"",""url"":""https://lh3.googleusercontent.com/geougc-cs/AB3l90CvM8hI0vwGchCHAMtlok0k4jYjbxOdpOzsSRdT_AIFeFRm0y_6O33JfebF_3AdFzCouBQAXDln4K6fHyaEOZXZ1xjfDClBq9u_ldY9VU1GjUUCCxG19X4CMY6J0ayhfM1N1g=s1024"",""caption"":null,""width"":1872,""height"":3328}]"
ChIJlU8GO8h71y0RZq6dxaILlso,Wisata pantai padelegan Village,ChZDSUhNMG9nS0VJQ0FnSUNKbWFIZEhnEAE,https://www.google.com/maps/reviews/data=!4m8!14m7!1m6!2m5!1sChZDSUhNMG9nS0VJQ0FnSUNKbWFIZEhnEAE!2m1!1s0x0:0xca960ba2c59dae66!3m1!1s2@1:CIHM0ogKEICAgICJmaHdHg%7CCgwI8Zv7pAYQqLeA0gE%7C?hl=id,Abuhasan Alfarisi,101116054091433070616,https://www.google.com/maps/contrib/101116054091433070616?hl=id,3,"Di bilang gak terawat ada karcis, mau bilang Terawat banyak sampah berserakan",2 tahun lalu,2023-06-30T12:42:16,,,,8,2,,,,[],[]
ChIJlU8GO8h71y0RZq6dxaILlso,Wisata pantai padelegan Village,ChdDSUhNMG9nS0VJQ0FnSUNoMXRiVzFBRRAB,https://www.google.com/maps/reviews/data=!4m8!14m7!1m6!2m5!1sChdDSUhNMG9nS0VJQ0FnSUNoMXRiVzFBRRAB!2m1!1s0x0:0xca960ba2c59dae66!3m1!1s2@1:CIHM0ogKEICAgICh1tbW1AE%7CCgwIuYejnwYQ2Nv96AE%7C?hl=id,Galih Rifanda,114193652516169392064,https://www.google.com/maps/contrib/114193652516169392064?hl=id,5,Mantul untuk wisata alam di selatan pamekasan,2 tahun lalu,2023-02-12T10:46:54,,,,2,3,,,,[],"[{""id"":""CIHM0ogKEICAgICh1tbZAg"",""url"":""https://lh3.googleusercontent.com/geougc-cs/AB3l90DKeD4-8Q0cy2rU6SJPUSPS0-Mc5oT4-j35cDqs89qy0e_tmWNfrbrGWjwEyeBEeAqt_L2a6bdRh0wFID28fRZ_M0hFjWVQI3ntN7Ph8tiUiNBjCb9Fk7Wg41yADF9fJCVuDsA=s1024"",""caption"":null,""width"":3840,""height"":2160}]"
ChIJlU8GO8h71y0RZq6dxaILlso,Wisata pantai padelegan Village,ChZDSUhNMG9nS0VJQ0FnSUNtbXU3blVREAE,https://www.google.com/maps/reviews/data=!4m8!14m7!1m6!2m5!1sChZDSUhNMG9nS0VJQ0FnSUNtbXU3blVREAE!2m1!1s0x0:0xca960ba2c59dae66!3m1!1s2@1:CIHM0ogKEICAgICmmu7nUQ%7CCgsIv5acjgYQyJ2dKA%7C?hl=id,Liliksuryadi Suryadi,113348715958509613618,https://www.google.com/maps/contrib/113348715958509613618?hl=id,4,Padelengan padem awu. Pamekasan madura. Lumayan bagus untuk hangout. Msh trus di kembangkan,3 tahun lalu,2021-12-25T12:14:55,,,,42,92,1,,,[],[]
ChIJlU8GO8h71y0RZq6dxaILlso,Wisata pantai padelegan Village,ChdDSUhNMG9nS0VJQ0FnSUN4aTZyb3VnRRAB,https://www.google.com/maps/reviews/data=!4m8!14m7!1m6!2m5!1sChdDSUhNMG9nS0VJQ0FnSUN4aTZyb3VnRRAB!2m1!1s0x0:0xca960ba2c59dae66!3m1!1s2@1:CIHM0ogKEICAgICxi6rougE%7CCgsIisq_owYQ0NLvGQ%7C?hl=id,ummul quro,103536067374196695537,https://www.google.com/maps/contrib/103536067374196695537?hl=id,5,Bagus poul,2 tahun lalu,2023-05-25T22:45:30,,,,18,12,1,,,[],"[{""id"":""CIHM0ogKEICAgICxi6roBg"",""url"":""https://lh3.googleusercontent.com/geougc-cs/AB3l90BkidrrsYmy39GgyLYgylepi04lQFt-qlOyV0Ta0mB4sntk4iCFwxSG89wsD-KJcuczqUtEQto0ljGqk4e5eqcjMnv6l08Fz-SUx2QBoxtVCCNJPp0uxHFgCrqzX7ltRoNXPyll=s1024"",""caption"":null,""width"":899,""height"":1600}]"
ChIJlU8GO8h71y0RZq6dxaILlso,Wisata pantai padelegan Village,ChZDSUhNMG9nS0VJQ0FnSURfOFB5Qk5nEAE,https://www.google.com/maps/reviews/data=!4m8!14m7!1m6!2m5!1sChZDSUhNMG9nS0VJQ0FnSURfOFB5Qk5nEAE!2m1!1s0x0:0xca960ba2c59dae66!3m1!1s2@1:CIHM0ogKEICAgID_8PyBNg%7CCgwI7de7vAYQiNzm3QI%7C?hl=id,Aulia Akbar,109671491316612048064,https://www.google.com/maps/contrib/109671491316612048064?hl=id,3,"50/50, antara bagus dan tidak",8 bulan lalu,2025-01-21T00:35:57,,,,3,4,,,,[],[]
ChIJlU8GO8h71y0RZq6dxaILlso,Wisata pantai padelegan Village,Ci9DQUlRQUNvZENodHljRjlvT2tGb09FZFVRMmRCYjJremNGaHdkbWhzWkRGVmFWRRAB,https://www.google.com/maps/reviews/data=!4m8!14m7!1m6!2m5!1sCi9DQUlRQUNvZENodHljRjlvT2tGb09FZFVRMmRCYjJremNGaHdkbWhzWkRGVmFWRRAB!2m1!1s0x0:0xca960ba2c59dae66!3m1!1s2@1:CAIQACodChtycF9oOkFoOEdUQ2dBb2kzcFhwdmhsZDFVaVE%7C0cunCD_T2-R%7C?hl=id,rahmankhalil76 em,104080593237938607749,https://www.google.com/maps/contrib/104080593237938607749?hl=id,5,,seminggu lalu,2025-10-12T04:49:18,,,,8,19,1,,,[],[]
ChIJvYEibAnY2S0Rm_yq2s6LRgo,Wisata Pantai Talang Siring Madura,Ci9DQUlRQUNvZENodHljRjlvT2toZkxUY3piRkZFZGxvMVRVaFNUVlphZDBwalZFRRAB,https://www.google.com/maps/reviews/data=!4m8!14m7!1m6!2m5!1sCi9DQUlRQUNvZENodHljRjlvT2toZkxUY3piRkZFZGxvMVRVaFNUVlphZDBwalZFRRAB!2m1!1s0x0:0xa468bcedaaafc9b!3m1!1s2@1:CAIQACodChtycF9oOkhfLTczbFFEdlo1TUhSTVZad0pjVEE%7C0cOWNOhbHIo%7C?hl=id,Nifi Maulidya,103334865036530433426,https://www.google.com/maps/contrib/103334865036530433426?hl=id,5,"sebenarnya ini tempat wisata yaa, tapi karna ada tugas dari kampus jadinya tumbuhan bakaunya di jadikan sebagai edukasi, sangat bermanfaat
semoga saja ada edukasi ttg tumbuhan bakau di pantai talang siring",3 bulan lalu,2025-07-03T05:33:13,,,,42,137,1,,,"[{""name"":""Waktu kunjungan"",""value"":""Hari biasa""},{""name"":""Waktu antrean"",""value"":""Tanpa mengantre""},{""name"":""Sebaiknya buat reservasi"",""value"":""Tidak""}]","[{""id"":""CIABIhBjTK0LqQuMyUD3Zn1K5q2o"",""url"":""https://lh3.googleusercontent.com/geougc-cs/AB3l90ARC04K73MV4iDkw4EmkoPlisatSK-Bsh4r7lpK46o6gmAY2sekjDOLRLoUOQaswd2V26Uxdou943jzVnD_izBTBAF9M-mf9F1i7yf0ehe_wXhBHp8wqjP-Qfc-UHRk9RgQmDzIAG5eDSJv=s1024"",""caption"":null,""width"":2604,""height"":4624},{""id"":""CIABIhArD-MIC408jfLn-Bccn2Oc"",""url"":""https://lh3.googleusercontent.com/geougc-cs/AB3l90D2EN6N9KYE9phekbYgEmIETNZPVV7s140tuAcoXR_vUxIqTntPtnF-Gql-tAd3mEFCO47jNL6ru4bzpxC9jsZjbkoFAV36EQTyXDGWExc6AQHrnEDPrHRB2FRUWSgc85LXRDPbKNyVIhIr=s1024"",""caption"":null,""width"":4624,""height"":2604},{""id"":""CIABIhD_dWzAP8S6ym_OVGNtx-26"",""url"":""https://lh3.googleusercontent.com/geougc-cs/AB3l90CJPE2zeIgmA_2ekCAM4tcXpQKwsgqp8dzP4EiYb4fq2XEXdmQTP4aEbPe_vIUgEtY0koXWH-WFxkEO-41YUHqipwgHct3aDi4P7fFQdfQvO0_YXhHRuSu8k-ETW5lOHeaqsGyKkHty5PtO=s1024"",""caption"":null,""width"":2604,""height"":4624},{""id"":""CIABIhCtnqzpI2XUcMT5M25tGxRe"",""url"":""https://lh3.googleusercontent.com/geougc-cs/AB3l90CpNGHDTDFaBJYwY6AtsKj4wqqQ34od9P1yfHjdMhFmspgnB_1L1xT57E06BktWwKOUT_3Tqa1R1vUcPjSpW4F6pihQGbhiyyXmXnHcyDUlG9gaN1skoAxjY5mxl1d0FtIVl_KiLq2tJZU=s1024"",""caption"":null,""width"":2604,""height"":4624},{""id"":""CIABIhBtURlI8OyWG8FNAPOyW7X6"",""url"":""https://lh3.googleusercontent.com/geougc-cs/AB3l90B6-TqFyb2wKcTfupqRteOIa-Fmaim9fl20RPsBQihUFiEN6GknxqemVioYyw2yJ5RUtWk5d_aaiSmVx9fEqpKw6NShfHzDlmbkARMrjEasEaTIEPphQ8Qvyg1hDfhLCiwbKZh4WDQiaWmU=s1024"",""caption"":null,""width"":2604,""height"":4624},{""id"":""CIABIhC0nAlFogO_JygnbGi66U-3"",""url"":""https://lh3.googleusercontent.com/geougc-cs/AB3l90D3V6XqyznBhqZMNV9D8PW2JqenKrJqJ5vOaygWKE8EhE8tWLzjKIdFIXP9-a8OsRwQC0xXRmap4qfxW1usYKGkCvdnY1VBDBUeIQXS1ganN750CXuiYE5vBky86BcRegshV_vsXSnyRfw=s1024"",""caption"":null,""width"":4624,""height"":2604},{""id"":""CIABIhB6SnUunHP28fu_jydtJMyi"",""url"":""https://lh3.googleusercontent.com/geougc-cs/AB3l90BW2pa3g36cCijUGK2-EGU7GlwZwMT75m1uZBOzFKzqO5C67Dtp_2F-NHKKJa9OARKaQUd98r_G1XPzfyDMyYsZPJhEXbj7kwd6d2iNyF2BxaB7xOt9IKC1I6_YilVm5aJ1kqZDCanmoJV4=s1024"",""caption"":null,""width"":2604,""height"":4624}]"
ChIJvYEibAnY2S0Rm_yq2s6LRgo,Wisata Pantai Talang Siring Madura,ChdDSUhNMG9nS0VJQ0FnSUM0cnNpZHFRRRAB,https://www.google.com/maps/reviews/data=!4m8!14m7!1m6!2m5!1sChdDSUhNMG9nS0VJQ0FnSUM0cnNpZHFRRRAB!2m1!1s0x0:0xa468bcedaaafc9b!3m1!1s2@1:CIHM0ogKEICAgIC4rsidqQE%7CCgwIkPfj5wUQoJSYjwI%7C?hl=id,aisyah pinkk,109978754414474955007,https://www.google.com/maps/contrib/109978754414474955007?hl=id,4,"Ombaknya lumayan kenceng, kalau bawa anak kecil sebaiknya hati2 jangan melewati tembok pembatas. Ada wisata mangroove dengan hanya bayar 200rupiah per orang, ada banyak mainan anak2 seperti ayunan, perosotan, dan kolam renang. Dan banyakk sekali warung makan di sekitar lokasi., oh iya.. Masuk sini cuma kena biaya 8ribu, tapi pas weekday, saya kurang tau kalau weekend harganya smaa saja atau lebih tinggi. Terletak dinujung timur pamekasan hampir masuk sumenep. Kalau untuk sekedar mampir (bukan tujuan wisata utama) tidak apa2, tapi kalau sebagai tujuan utama menurut saya kuramg recomend.",6 tahun lalu,2019-06-06T11:40:00,"Tiket masuk tetap 2000/orang,, baik hari biasa, weekend, ataupun hari raya...",4 tahun lalu,2021-05-21T08:18:21,51,283,1,,,[],"[{""id"":""CIHM0ogKEICAgIDE7uDkfA"",""url"":""https://lh3.googleusercontent.com/geougc-cs/AB3l90BvvMzhfkNIZ-PmvIIFFRgnTL0uGIGRHnWPLD-c7E6fOqlqNekMItgjIrNiNW4v8B2YR7NoF45Xrx6aS9vAnnMoxFsiA0mDIfm7D4xxad7RV2OhZ2Cj3VIYmsVNjLNskIU8kbU=s1024"",""caption"":null,""width"":4160,""height"":3120},{""id"":""CIHM0ogKEICAgIDE7oCxpAE"",""url"":""https://lh3.googleusercontent.com/geougc-cs/AB3l90DA-Yev3MJtqiocTl6CTl4WFF4dc71481_P82jlWVDNDcBeCnH1FOaag83K_8JSb-Bk6Tnuuit5ISEAK2tTGwQUy5Sa07M41y4qwOvvwnEtq0vqaiMXw_dBL6jB0mgzkt8AuZRH_Q=s1024"",""caption"":null,""width"":4160,""height"":3120},{""id"":""CIHM0ogKEICAgIDE7uDkmAE"",""url"":""https://lh3.googleusercontent.com/geougc-cs/AB3l90DdT6jPBMsQgbOtDtgaEQUKuaVy36cqDuW91n7k8rdM4JX5NwbZSsX-YZ8YaWjoETOI3bmfIf4qQ7G78iRMmw38o4qG7ryU5ByY7qQg_X6AMsCtyQ_HSrYc-jYaU8OTDofHqoS1mQ=s1024"",""caption"":null,""width"":3120,""height"":4160},{""id"":""CIHM0ogKEICAgIDE7oCxJA"",""url"":""https://lh3.googleusercontent.com/geougc-cs/AB3l90AvNsudgBkMhfBVD4Jhy3rGJpod9mI8JykS6iKnS-oMe81LIK-BDMIL7MksLelxaEmYEQVt3TwpAldfbKZ8SacDALv9Efrar3f_gw8CmLrOQW6psj4BVNeHkebtfjop70681Qq6=s1024"",""caption"":null,""width"":4160,""height"":3120},{""id"":""CIHM0ogKEICAgIDE7pD0swE"",""url"":""https://lh3.googleusercontent.com/geougc-cs/AB3l90CESr3G3xgvTYXTEL3Nd2Th5bmcEy9Rg7YB5eGRvgVXjCPnvKqWuwJ7Thg4bufzl0HL1rmcn-s8q2wrm-hBN0LiR-27PfqqPFtI2PViYhGMe2q8SsrJx8-cO_Djl4kBi0B6VpZPtA=s1024"",""caption"":null,""width"":3120,""height"":4160},{""id"":""CIHM0ogKEICAgIDE7pD0Kw"",""url"":""https://lh3.googleusercontent.com/geougc-cs/AB3l90Bmo7DrVVgQDOIGUFtqDDLRAs7rQm3JR5ZMyMx4winjjVhnPYlQC9xiSd4m66wbB9-UPZjOPRRGKywirk12JXyM1gGib4UcYGhaBf3UbgvmemnT8gJMAwPQbIMldWoO8kGcwYgG=s1024"",""caption"":null,""width"":4160,""height"":3120},{""id"":""CIHM0ogKEICAgIDE7sDf-wE"",""url"":""https://lh3.googleusercontent.com/geougc-cs/AB3l90C83JCoDOXh5L6TXrmw8_zJcdEKIpMfHqtzp-KhUU-wlEAZssvvJJh-LEmUnosCQVSaUoVa07_sJknVt_RJ3d8l_wVZQSYA5PD4URm_M1f1ggP-Bm7PrtBcAKI74HRvAtC4dkDWSQ=s1024"",""caption"":null,""width"":4160,""height"":3120},{""id"":""CIHM0ogKEICAgIDE7pD0cw"",""url"":""https://lh3.googleusercontent.com/geougc-cs/AB3l90BVnRZzMqGv5wvIliQfyEaMDOu7SexL4Z_NorEbBKLPrVYjWwdJtRfomZCNAgvEsNmowvxOIe4A_MpDVU6U_AgewaAAR2yyjrjhkjJMeDAZZCckmiaj_AjphvcZO0pQN6YFWujx=s1024"",""caption"":null,""width"":3120,""height"":4160},{""id"":""CIHM0ogKEICAgIDE7pD0Sw"",""url"":""https://lh3.googleusercontent.com/geougc-cs/AB3l90CJxzsolksGmgWhrQlg4r07rItJP9-wTEwGWgsJY534mCJGvAhKAEIwSDktyFd-a6S3ZolBcalz0UxWYt00sf2hS_tYe12SkT2253VIDV_r170lnJy-YyZV4hNRTQapXuZQ765G=s1024"",""caption"":null,""width"":4160,""height"":3120},{""id"":""CIHM0ogKEICAgIDE7sDffw"",""url"":""https://lh3.googleusercontent.com/geougc-cs/AB3l90B2OS_xXvTengCgExplMB8rAeI-Rj6vwZMPA4VCYu91hzYo5kji2CkI8EQWtz7S8EVN4qWdaq-OXC2OoFShBvMkOg6JISiD6wSkywdK93l7I1npCRYjL_iJhQKSDvAlouoVRabn=s1024"",""caption"":null,""width"":4160,""height"":3120},{""id"":""CIHM0ogKEICAgIDE7sC_JA"",""url"":""https://lh3.googleusercontent.com/geougc-cs/AB3l90CD1niFvo0f4J_0Kjz2yl-xNmz3OO93kt_Zaoy1Nd2uYanxVL_8oUd9cndwre4bfiRjfd8sdlLyzVOfZdlquQJThz4l0UaTV8Tm-fIWyBRJa8NhYxyPP9mRaegbsXlRonXaokw=s1024"",""caption"":null,""width"":4160,""height"":3120},{""id"":""CIHM0ogKEICAgIDE7oCxxAE"",""url"":""https://lh3.googleusercontent.com/geougc-cs/AB3l90DtLwjVEjDn3ykj4J9Ipas7yZ7QSnonUz_8Z_jnVgB2W5giKs2bvIQ8DXELCB3_dAGkeINSrP59z8FtCBKCgUywwIULa7QGFTCv3eMURkJwa7zntVRV384EEZ6iYp222alTd_rMbw=s1024"",""caption"":null,""width"":4160,""height"":3120},{""id"":""CIHM0ogKEICAgIDE7sDfJw"",""url"":""https://lh3.googleusercontent.com/geougc-cs/AB3l90AtUEKPm4K55cy_5ahhxXTLMOwsg6QCHCgrh2UDeJ2bJ4p8dRPmkLXygiks7bGlu34Yn8I7taQP8LsupLcrvwTkZu6A79dXVxOdRKSuePqboVfiHsEp0_G8rnIAec43s0NsMxwd=s1024"",""caption"":null,""width"":4160,""height"":3120},{""id"":""CIHM0ogKEICAgIDE7sDfXw"",""url"":""https://lh3.googleusercontent.com/geougc-cs/AB3l90A13TaP7ENpR3QdPOLU69qOb48F70TuiChDseLwuGENC-tcsL6mGVy5PQwIhltBYl65gBwAwtMAC5kTf2dVRIi4kATaPZ0R8rn0_gqjA7qpJNfZMPByKfWprmtCCPVsaOuEuEiQ=s1024"",""caption"":null,""width"":4160,""height"":3120},{""id"":""CIHM0ogKEICAgIDE7sDfew"",""url"":""https://lh3.googleusercontent.com/geougc-cs/AB3l90DuJ3irub2b_9zFfthNbwSPzZATwNXxqFmriFEXZl1RFcT37NEr49h-QqGBJ4teBN9BhomFiWq0PnkoBQQk-LdCd-FfU6jObWUsvy1IA7HaSRoMkNLzAHOEuz6dbxGOrZxx9XEE=s1024"",""caption"":null,""width"":3120,""height"":4160},{""id"":""CIHM0ogKEICAgIDE7uDkQg"",""url"":""https://lh3.googleusercontent.com/geougc-cs/AB3l90DrFLtKqCvq7AvZZAbNJefqFXB8DKHfXsDGbbGC8GQwghkVH1QjxJxRqUwroE2WMmP6ULG2hGHTFvO2FJ48blZpSMbVuafw_aJxyIqTywAenVU5cQHMv9um6Ydl-l5mdINMFXY8=s1024"",""caption"":null,""width"":4160,""height"":3120},{""id"":""CIHM0ogKEICAgIDE7uDkIg"",""url"":""https://lh3.googleusercontent.com/geougc-cs/AB3l90AZhqXw_qZLBPRkqGoQ2N_MzTUG7AbERWrqohLbA-rmz4qO5YuMpgxQlmYlNCryrQJORvRPji-INJMEXFCTDd4Ef5JhzTEzvN8cQc6fb-WQWOSncmljaHtdGkQip-b4crb5B9HA=s1024"",""caption"":null,""width"":3120,""height"":4160}]"
ChIJvYEibAnY2S0Rm_yq2s6LRgo,Wisata Pantai Talang Siring Madura,ChZDSUhNMG9nS0VJQ0FnSUN1azV5VFFREAE,https://www.google.com/maps/reviews/data=!4m8!14m7!1m6!2m5!1sChZDSUhNMG9nS0VJQ0FnSUN1azV5VFFREAE!2m1!1s0x0:0xa468bcedaaafc9b!3m1!1s2@1:CIHM0ogKEICAgICuk5yTQQ%7CCgwImIa0lwYQ6PD6nAE%7C?hl=id,Aniza Official,116582666844521963340,https://www.google.com/maps/contrib/116582666844521963340?hl=id,4,"Duduk di pinggiran pantai sambil melihat laut lepas rasanya plong.... apalagi di temani oleh angin sepoi yang menyejukkan.. tapi buat para pengunjung.. perlu di perhatikan lagi ya sampahnya ... kasihan petugas d sana...
*Untuk duplikat menara eifelnya kurang terawat sepertinya...
*Untuk masuk dan foto ke tempat mangrove mesti bayar tiket lagi. Tapi sayangnya jembatan kayunya ada yang rapuh dan perlu perbaikan.
*Untuk karcis sepeda motor 2.000 + per orang juga 2.000 untuk masuk ke sana... parkirannya kurang mendukung sih menurutku....
Udah gitu aja.. semoga kedepannya bisa lebih baik...
Makasih... semoga membantu",3 tahun lalu,2022-08-05T11:45:25,,,,14,17,1,,,[],"[{""id"":""CIHM0ogKEICAgICuk9yOzAE"",""url"":""https://lh3.googleusercontent.com/geougc-cs/AB3l90Bzr3TOG0BHSNKGsC_-MKP0ERXqwcmXAaz_-KCGOigZn2vwmwQfxMpY7mjJmU0LzIS2-cUftA96yaVE5iSDtCjoiHtx0cNI_xCOur9a71UzwzBW0FXsNLaOAL9w0W7mNz4iRal_=s1024"",""caption"":null,""width"":3264,""height"":1836},{""id"":""CIHM0ogKEICAgICuk9yOLA"",""url"":""https://lh3.googleusercontent.com/geougc-cs/AB3l90BQDKky-ECXqh_0VFCzNRBNQ66lnncJi1tLEf6JBIvV_HdqAIqUH2K9Lss9rRYjo_xNSCR4jTuCD1Te2gdhDSRO6iaZQpzGAfhTDk3vb8-F1aOSxkkArcTXh7x2T-Nj6q30cPJr=s1024"",""caption"":null,""width"":1836,""height"":3264},{""id"":""CIHM0ogKEICAgICuk9yOrAE"",""url"":""https://lh3.googleusercontent.com/geougc-cs/AB3l90B0mrUdYRluBjhW3Fg9arN2iGz-Cl5LBiqLbQ_FWdhmLWFa2oPtvo_-ckznC0-k06xNs7xNwnERnCQ4TzuSTol_0PsvH2o2xBvFIxunCx0QkVACnRRPnZ1yj1sWoY8jQq2_lZX4fg=s1024"",""caption"":null,""width"":4608,""height"":2240},{""id"":""CIHM0ogKEICAgICuk9yObA"",""url"":""https://lh3.googleusercontent.com/geougc-cs/AB3l90AD3Dbb9tuf3F6GlWc7UnrEIpsTuwSSktbpBVGARjeHPccOkrODR8SRsfwsTYoUbUye36M2j1Fqvtadjt8l5VxuEJ-8zWACPQbi_AzaB1VNTrSsMDwtsZB5ghm4xZzMoei6lMBG=s1024"",""caption"":null,""width"":4608,""height"":2240},{""id"":""CIHM0ogKEICAgICuk9yO7AE"",""url"":""https://lh3.googleusercontent.com/geougc-cs/AB3l90Chh4UXKZ0D6CRi6qE2_tRznftQqm0BAAt6pjZFobz_1zYlAathdo7fF0h4NsglKn0m2q_fmg_FvTOGuqrmyYzxZrgow0j1cMQAkP_71kW48PpWJVa4YG8VUrzKx5qKnxm9uCKytA=s1024"",""caption"":null,""width"":4608,""height"":2240},{""id"":""CIHM0ogKEICAgICuk9yOHA"",""url"":""https://lh3.googleusercontent.com/geougc-cs/AB3l90BM_X_ZyP9Aqjmbd8WNUSCbfoClc63opXWBTst9lXin466tcvQLZvW2IQLn9_lDS8IgvFxn2pylmB5MY93hXbRjUmTONsuHXP0DGOgtRFYBcsw7HTxw2sQSLW8fa4VaHevdsXtt=s1024"",""caption"":null,""width"":2240,""height"":4608}]"
ChIJvYEibAnY2S0Rm_yq2s6LRgo,Wisata Pantai Talang Siring Madura,ChZDSUhNMG9nS0VJQ0FnSURrX19lVUNREAE,https://www.google.com/maps/reviews/data=!4m8!14m7!1m6!2m5!1sChZDSUhNMG9nS0VJQ0FnSURrX19lVUNREAE!2m1!1s0x0:0xa468bcedaaafc9b!3m1!1s2@1:CIHM0ogKEICAgIDk__eUCQ%7CCgwI49yn6QUQsM-i7wI%7C?hl=id,DAT.,102022561147821300638,https://www.google.com/maps/contrib/102022561147821300638?hl=id,5,"Pantai yang sejuk, cocok untuk berekreasi bersama keluarga. Memiliki beberapa spot foto asik dan fasilitas lengkap. Yang terpenting, di dalam area pantai berdiri beberapa warung yang menjual makanan minuman ringan berat hingga khas pamekasan. Uniknya di dalam area pantai terdapat wisata hutan mangrove yang lokasinya instagramable banget untuk berswafoto yang memanjang hingga kurang lebih 80meter ke tengah laut lepas.",6 tahun lalu,2019-07-13T14:44:51,,,,362,3460,1,,,[],"[{""id"":""CIHM0ogKEICAgICUsoXycA"",""url"":""https://lh3.googleusercontent.com/geougc-cs/AB3l90BwpCV2h963JB5eCTK8iq2QB4ZuhVoV5LNibrCAnK08MHC3p-uA15cwSkhpqLcaMEuXrnXc5lysHpUoEueiNNQ1qOIc8owfWuA3PMp4GXLjDmlfZpBbxzh7SOEIR90KRX8ol7U=s1024"",""caption"":null,""width"":4000,""height"":2250},{""id"":""CIHM0ogKEICAgICUsoWyHw"",""url"":""https://lh3.googleusercontent.com/geougc-cs/AB3l90AKDCS8o2_IO0BEftCzPCKrrZ2h5gCpvY_1oWk0B8CDrYCAwqdjWA55pExbD3plZ6EVmVqsb7ORBKi3WDMJJNIZb-XvstOu1mlTP2iFg65X6s6mjo_octa7B6UlFlIJCC63M7Kq=s1024"",""caption"":null,""width"":2250,""height"":4000},{""id"":""CIHM0ogKEICAgICUsrnfCw"",""url"":""https://lh3.googleusercontent.com/geougc-cs/AB3l90CrcxxhMg8Ag1lOYXzA9YeTHMlkbz8cndpc6V0k-HKVFM1qcy67qCAsialcXzDwqpmlwBhA-9WbqoeIeponeFNEkoH-Q_Gv68DNA6F-SzUpx1wKde5a3ZCSwZpXhk4wZz84I4HB=s1024"",""caption"":null,""width"":4000,""height"":2250},{""id"":""CIHM0ogKEICAgICUsoWyrwE"",""url"":""https://lh3.googleusercontent.com/geougc-cs/AB3l90DzUCP2vL2o2wv3Sh4RFPH8_kmGUh0Q-WIdXnN8mVomDvG8D4OWu8--yAUw-Cyq3R3Nnxk7BmjldkqxjlHbOAnVm4r1bK7AyzBk_Nw3GtJvdn1ccVCk_DRkDXyydEKWezFpXeeVPQ=s1024"",""caption"":null,""width"":4000,""height"":2250},{""id"":""CIHM0ogKEICAgICUsoWyXw"",""url"":""https://lh3.googleusercontent.com/geougc-cs/AB3l90DfT0HHW7_dTMDXv9Z-x_b6fpO9JUSGAY-a8wi3bV-OgDpXWjlJ4SVINaKsQdADvmA2PeUiJ34DCvhH11kFpX86CbiskYU2KxUBtAFo12mWVlZ6ftLXUEvqwYY92qsvnReKXTUy=s1024"",""caption"":null,""width"":4000,""height"":2250},{""id"":""CIHM0ogKEICAgICUstmdAg"",""url"":""https://lh3.googleusercontent.com/geougc-cs/AB3l90D5sThoP_mQG_eQ5TB6y9BQgVywwmoQchUjTZuGEiCu2h_rKrBFuMmIFi6Gj7UO-MVpHCT4QogYDAMbadETbyZw3kwJWZQo_z6lxqBLgTi6sSrIzQa_D_f9FRHymNuzS0fdNRs=s1024"",""caption"":null,""width"":2250,""height"":4000},{""id"":""CIHM0ogKEICAgICUstmd-gE"",""url"":""https://lh3.googleusercontent.com/geougc-cs/AB3l90BE712_YyKB-u_KqLLHseYAycuW2UngQPh6fGMYXJvUeQ4P63lGmxwmZJBjtpV1jM2lUmb2h43_DmI_Xh0eypnR4MdTzkE6b-mV48wlz6hbsCgaNhwmygaRC-iPX8BL6htMH9-4xQ=s1024"",""caption"":null,""width"":4000,""height"":2250},{""id"":""CIHM0ogKEICAgICUsrm_SA"",""url"":""https://lh3.googleusercontent.com/geougc-cs/AB3l90BNAXvv4WSe5IpnDtKIPK-MSIV6jdIAP9ITRz54UkwpREaS4SUF9wRW_jcmSxLyiCxN9TTct22T9nt2-U8vA-SsFGObMZOLtG_JRzfx_YrCtVV-0xXrmrtb9LcnBT6RXksHEKE=s1024"",""caption"":null,""width"":4000,""height"":2250},{""id"":""CIHM0ogKEICAgICUstmdxgE"",""url"":""https://lh3.googleusercontent.com/geougc-cs/AB3l90CUrm54u65w-jjI2uUK7vUeaLUSNHqFoIvi3gspZC2NHADtuSB3G7Xi4Ykb7j_bCZo2YMor-BJOCEZJPLHc3UL6yLv18YTWwqYFFiJmffIRmFBYo9b6waNwQFHPxSA1KYElbW7yoQ=s1024"",""caption"":null,""width"":4000,""height"":2250},{""id"":""CIHM0ogKEICAgICUstmdaA"",""url"":""https://lh3.googleusercontent.com/geougc-cs/AB3l90Aabutx4vxNm2KK4IyIrXzU8dKFd2U1fCoiu-xm1OnEpU78Dq55AGFMtnrNzO3sNcO27-kr7Ya8CvfZweLzs6l6cyPV31aMhGJjoew-MBzbkakl4sjzFLEVd1wdAbxa3nVtBmiv=s1024"",""caption"":null,""width"":4000,""height"":2250},{""id"":""CIHM0ogKEICAgICUsoXyCA"",""url"":""https://lh3.googleusercontent.com/geougc-cs/AB3l90BN0mW4JoEP42_kxV55CTjhkyMxqcf0IOtzobE--YDodUjCNoxz73yzhqgXZ-fe2eQNECAmQLGkFRLJoFpQuOpY_BWspvGIwKBCiZJp3lHhhItrvap8nCUcoUw5gxWrPaTePMUz=s1024"",""caption"":null,""width"":4000,""height"":2250},{""id"":""CIHM0ogKEICAgICUsrm_yAE"",""url"":""https://lh3.googleusercontent.com/geougc-cs/AB3l90CSCXDN6p_RwkBR-v2Wm00FT-r44_pHRrLn3OJVnUHdYMjy72rpBi2_j8-rU1T2ab61EmjsbkEuaMNgor6ZRRg3VIAw5Ql37wYupElo8pgx4M6WKYswCJl7sjvAD0iwY1-ooaMQtQ=s1024"",""caption"":null,""width"":4000,""height"":2250},{""id"":""CIHM0ogKEICAgICUstmdPA"",""url"":""https://lh3.googleusercontent.com/geougc-cs/AB3l90BFquuc5jtbaBHsb8nTdXh0OkOVSqom_EE1EGGn-cNuOPX1h6xPEIIK0ysDuudFP6flYLxPxK-6uaJG_WQ89zLMjrzvpmdITq5rwNxSFgzrN5W6GuxWT9SflvdorRpYF4sQxvu4=s1024"",""caption"":null,""width"":2250,""height"":4000},{""id"":""CIHM0ogKEICAgICUuN_phgE"",""url"":""https://lh3.googleusercontent.com/geougc-cs/AB3l90BMGd9MGCFo4fuYgH1qBAZ5URUfiyrcvP-CFJHb3YUxnRyhRI_esY9PglzfJuQYDe_aP9WM4aByVWWw77ZTs_u5VOrSvKAQnCX_iLYB-0Ny-z4a8d1m1IurkCJ7wzqSTQnbtlSI8g=s1024"",""caption"":null,""width"":4000,""height"":2250},{""id"":""CIHM0ogKEICAgICUuP_2AQ"",""url"":""https://lh3.googleusercontent.com/geougc-cs/AB3l90CYNir64aydc8VZg4UwIupV4Gb1hFaqDipfUeGMxha4jOPjd8tWoZR43swBwZJCOopSUukIfnBJNhFe1R2cIgDyEcSaBI7nsnfNOhShHAuC3pzqQO_ADSw6yodvyoSpNRK4oNKQ=s1024"",""caption"":null,""width"":4000,""height"":2250},{""id"":""CIHM0ogKEICAgICUuP-bDg"",""url"":""https://lh3.googleusercontent.com/geougc-cs/AB3l90BYpsp4CU4Kxs6sznRtcso2OVhygs95dRoPrHIpq0kuOmE4QwGPWUHgd7ojz5Y2kU_ghp_cTXGjD7EX9hnvVDrqysL0n5ANlfDJKohUas_NNUxvB0JH8P-eARdjPnRAhPN8e6aP=s1024"",""caption"":null,""width"":4000,""height"":2250},{""id"":""CIHM0ogKEICAgICU-IDdQQ"",""url"":""https://lh3.googleusercontent.com/geougc-cs/AB3l90Ch8z3AceVBYAgLsKsDkLIVYP0fgneMm5yP1tPsHYub01YuI9MNmCDtDwkO07U5ZSQitBiof876PygrRhpnlLVd0UI0tQ730bQqN4Ch9hkcWm9g60cfX6I25iCFRFqslRqOSpTF=s1024"",""caption"":null,""width"":3967,""height"":2231},{""id"":""CIHM0ogKEICAgICU-MCg2AE"",""url"":""https://lh3.googleusercontent.com/geougc-cs/AB3l90CUkAGYyiWLFR-doGOMPuRiWsRw5byznMwJFnFgPf42P6c4etHE2ZL5AFNVR_7gPXQeUqyVUvuhEmCRjXvxYe5YcYAxmxDldsdpUS29ZKgTA9guQi7u7fQFHSwJIrpyrO3sRU_swg=s1024"",""caption"":null,""width"":3370,""height"":1895}]"
ChIJvYEibAnY2S0Rm_yq2s6LRgo,Wisata Pantai Talang Siring Madura,ChdDSUhNMG9nS0VJQ0FnSUQydHVmYnJnRRAB,https://www.google.com/maps/reviews/data=!4m8!14m7!1m6!2m5!1sChdDSUhNMG9nS0VJQ0FnSUQydHVmYnJnRRAB!2m1!1s0x0:0xa468bcedaaafc9b!3m1!1s2@1:CIHM0ogKEICAgID2tufbrgE%7CCgsIt-z-kwYQ-PXlPA%7C?hl=id,Gloria Bali Official,102819921251070279575,https://www.google.com/maps/contrib/102819921251070279575?hl=id,2,"Saya datang ke tempat ini sore hari kurang lebih 10hari habis idul fitri 2022. Sedikit pengunjung dan tempat kurang terawat, kami sekeluarga berempat 2anak dan 2dewasa pakai mobil dikenakan karcis masuk 14rb Rp. Kesan pertama di pintu masuk mobil karyawan di pintu masuk yg narik karcis kurang frendly , klo suasananya adem, ada kolam renang anak dan tempat bermain anak. Seandainya terawat bersih pastinya super tempat ini, karna letaknya pas dipinggir jalan raya,,",3 tahun lalu,2022-05-14T14:00:52,,,,238,1061,1,,,[],"[{""id"":""CIHM0ogKEICAgID2tpe4iwE"",""url"":""https://lh3.googleusercontent.com/geougc-cs/AB3l90BRtjwB2NcoaUdSVKgYXdYOKQW1RgSraC378nFvMaJUmqU9Rt2qGi59aSft7qccZRqSHeyGsRHf5Oh2tpLZdBGkzE7aJiLTJcEiN0qmFnFzm4U8af9mqWSbALSumhO5uHLALZZfaw=s1024"",""caption"":null,""width"":3120,""height"":4160},{""id"":""CIHM0ogKEICAgID2tpe4Sw"",""url"":""https://lh3.googleusercontent.com/geougc-cs/AB3l90Dha-WoIPETSRly7W-qYLLdoB0pG23Ky0sLz8Xy5j2KeDiAYIBbzjEhMCDesZ96uTax3RTnb9vEuifKU5b4K0kgc07rDMlMp7aqfFRfLauYegPjWlrAnJ8cWKBBEbdhChy8c5B4=s1024"",""caption"":null,""width"":3120,""height"":4160},{""id"":""CIHM0ogKEICAgID2tpe4ywE"",""url"":""https://lh3.googleusercontent.com/geougc-cs/AB3l90B5hfDIkc3Pk8V1G4EdrsbXoXEPT0lUAyEt4fmYgubEhHPAljQJ1Kw71MkExlzW5hZhDwXuWMFWTLwmZ0qRMSSm1BBlZ5LEsjXRQmkKK1YZmNwm_0M6L-AF9O3rxnwfTy_-kru4FQ=s1024"",""caption"":null,""width"":3120,""height"":4160},{""id"":""CIHM0ogKEICAgID2tpe4Kw"",""url"":""https://lh3.googleusercontent.com/geougc-cs/AB3l90DwC19JmR1aSRgfhaz01TIaHHrF2_4hlpHausJ9YtR-Yw2iHtyg9LGxr5oXVBiYf1SEqGcACXd6aaC2-3N7uxKIvYclkR6J3j1UoC62f-nSg93oh-jD9iDkvyA6eCMsgqOLu-Y=s1024"",""caption"":null,""width"":3120,""height"":4160},{""id"":""CIHM0ogKEICAgID2tpe4qwE"",""url"":""https://lh3.googleusercontent.com/geougc-cs/AB3l90Cdr5VNVHaIBQgiMPs8wk38aPrDVhRng2zn3oszR108OGz75jI_HS8nyq0S16lhgmk4Txa5tJK7N0kxoELMmbFu65zoSGzcp4VYCXo0GHqbHLWKF83IWVt_gKrzXoHYF7pSh9r_tg=s1024"",""caption"":null,""width"":3120,""height"":4160},{""id"":""CIHM0ogKEICAgID2tpe4aw"",""url"":""https://lh3.googleusercontent.com/geougc-cs/AB3l90Dgc2QgaaXMStWvXQlncqPqSTJDiWw2x30K-F1IlUSfZtDOZaeJksrPXlnzWtEIh9dpUO3ywyLrJJIpqsuhKgFSYyssMrY0TRdFScArJeZQVq3D0iGaovJ0qFxf1fGGcbDyr_XJ=s1024"",""caption"":null,""width"":3120,""height"":4160},{""id"":""CIHM0ogKEICAgID2tpe46wE"",""url"":""https://lh3.googleusercontent.com/geougc-cs/AB3l90BbmTh_M9cLOiuTun_LNHNenIXLbT_e4T3IJzohm7zoAHFUi1rWYxn_YYUuX_CcnCWuYPi7i4bM6TLE2XC87h_xVVvK-8ZWIgUr-6kZwfFQwIHvaHHnTmS9bt4oSTsU6L6esUPu=s1024"",""caption"":null,""width"":3120,""height"":4160},{""id"":""CIHM0ogKEICAgID2tpe4Gw"",""url"":""https://lh3.googleusercontent.com/geougc-cs/AB3l90D4Cbfmqvbbw9vKE6QYSx1ZDsJeO2X56UqNgIVdqwdChmimSJr1qqQQ-uWu3m9E4Ikkg0LT17k9eu8miiJk4F0_c3cHYCz1bnzp395m6U0NB1DRUYnVaxboLExSFCP6wM2q6WJB=s1024"",""caption"":null,""width"":3120,""height"":4160},{""id"":""CIHM0ogKEICAgID2tpe4mwE"",""url"":""https://lh3.googleusercontent.com/geougc-cs/AB3l90BNFcXAmJO4sPIPzLOisx7HlJ29aeqxCUmqvgA90v1Po_tiIz_ZNiZWWT-_M2owRIkhD4o7eDqCecnDT4_1OosiinIoIAiiDYVxdIciIGvUqvr37A11iNZkDalD1YDA_7t3z87J=s1024"",""caption"":null,""width"":3120,""height"":4160},{""id"":""CIHM0ogKEICAgID2tpe4Ww"",""url"":""https://lh3.googleusercontent.com/geougc-cs/AB3l90Bo-yS6y6saVlREYFuJwTlV44XNtYW0mBW1WvzTwbZVRcqC24sGoUyh2fgsDPBlFPZfrPMeCcizNsoqZSIdX0GiRWBdJXH2vx9rRH8CjUyn5xHcRtIe9Ns7MsBeBoG1HEMtu7k-=s1024"",""caption"":null,""width"":4160,""height"":3120},{""id"":""CIHM0ogKEICAgID2tpe42wE"",""url"":""https://lh3.googleusercontent.com/geougc-cs/AB3l90Ap5saThLnuFmE56w5CdhnJSIoVQVtcO7dvhBJx1WUCWcnJUVD7ZFrTdA8sTAQMnCOwUmDm1UxIvjZNtjokMZEdg94VVTHOguG16ab6_pNsKrlh9D-L6r6HvboARglgPHDn6d74=s1024"",""caption"":null,""width"":4160,""height"":3120},{""id"":""CIHM0ogKEICAgID2tpe4Ow"",""url"":""https://lh3.googleusercontent.com/geougc-cs/AB3l90BIOmDGzcRETTMk_31gmE6xAnAknx955EdqRM7StZysy3lW1XYo74Du_3OMgLJK0iuHqxBZTc3hbdR5k45kfSkNBLZHvzEdfBhpc7cywmPHWrXD0lD9NFQLaVB90WYL5eZLQHY=s1024"",""caption"":null,""width"":4160,""height"":3120},{""id"":""CIHM0ogKEICAgID2tpe4uwE"",""url"":""https://lh3.googleusercontent.com/geougc-cs/AB3l90CaaCU5eNy1-rfGNajyuahkrOkm6qzqed57Vet2-FOeGGyb1-StpvMopqdOPHMkfysSITGzzd3CQHoBNoVe9AO7QFZe-8kJTH2fZ--SsDhoT45dZAJAE5_99Nq9kMFdfKPrA76mLA=s1024"",""caption"":null,""width"":4160,""height"":3120},{""id"":""CIHM0ogKEICAgID2tpe4ew"",""url"":""https://lh3.googleusercontent.com/geougc-cs/AB3l90CYOP2_vwjI56uRYxnLpMBfAxR-oA8PsE8GtHH8YwLBKUdOdgNn9t_vMNCzAZf-aCFWLS-j3wIEmMW_4dr6PFCx7a_XMtezJmkZ7vHnuep0ZUapOL_jVjIbCGUyTKIw9pTap_8=s1024"",""caption"":null,""width"":4160,""height"":3120},{""id"":""CIHM0ogKEICAgID2tpe4-wE"",""url"":""https://lh3.googleusercontent.com/geougc-cs/AB3l90BtF0F24He5xEBEOw55HhALQtIiv4G6JRh98pXvByhFkbHTqEh1z-BRgeZyjUP9BGlAijwxunS0rAV3oBlYNX1xbwiFLLxwZTVSfGQJfsKxJ5nB7icllnJt09ZkUQpkYzURT44_6g=s1024"",""caption"":null,""width"":4160,""height"":3120},{""id"":""CIHM0ogKEICAgID2tpe4Bw"",""url"":""https://lh3.googleusercontent.com/geougc-cs/AB3l90AJ59r2meG6M3q4loYUcFE632U2f9FCMr3DFiGVs_Pq62P1WVRkXKBzE6tzVBO8Y_SH3VryWXrbyL1egW0KOMDNlTRgImYY5qe-EBWg5BhI5TxfLd3Z7IHTmW3vsgmNaAZTpJc=s1024"",""caption"":null,""width"":4160,""height"":3120},{""id"":""CIHM0ogKEICAgID2tpe4hwE"",""url"":""https://lh3.googleusercontent.com/geougc-cs/AB3l90CwmBFuOUoK0sxa7JL-XqtEI3zo9rCrMngb1T3J6tDB0O7iMJ-MRWEz05JIFy6GWMTyBZgeVox34ciQZlk79uzc-Qa2ZVVAuqwjHGHfJRqE1j1iH1tSjsAAU2houMTkAfTJKtJCcw=s1024"",""caption"":null,""width"":3120,""height"":4160}]"
ChIJvYEibAnY2S0Rm_yq2s6LRgo,Wisata Pantai Talang Siring Madura,ChZDSUhNMG9nS0VJQ0FnSUR2aUtXbFVnEAE,https://www.google.com/maps/reviews/data=!4m8!14m7!1m6!2m5!1sChZDSUhNMG9nS0VJQ0FnSUR2aUtXbFVnEAE!2m1!1s0x0:0xa468bcedaaafc9b!3m1!1s2@1:CIHM0ogKEICAgIDviKWlUg%7CCgsI58aDuwYQwLqpVA%7C?hl=id,Par Yn,105265113907196728007,https://www.google.com/maps/contrib/105265113907196728007?hl=id,3,"untuk parkiran lumayan luas tapi untuk bus besar mungkin parkir di luar...
untuk vieu lumayan kami singgah saat air surut jadi buat anda dan kluargga ataupun rombongan singgah lah saat air pasang...",10 bulan lalu,2024-12-17T02:35:19,"Untuk bus besar ada tempat parkir tersendiri yaitu di halaman depan kantor, jadi jangan khawatir mengenai tempat parkir...",9 bulan lalu,2024-12-24T03:30:54,6,6,,,,[],"[{""id"":""CIHM0ogKEICAgIDviKWlsgE"",""url"":""https://lh3.googleusercontent.com/geougc-cs/AB3l90AzPerib2JnYLS7luXVAggWykqRBhEEUaOqcwzrvqmG6tT7QdfySfSoB-_EP-jrLiGYs0Xj-nNgw2BOef5LFiLZ-V53UQcQIkmlMQA5xJ3lg3nlKMoaufw-jZBkwVFtKqVw6zEALw=s1024"",""caption"":null,""width"":1200,""height"":1600}]"
ChIJvYEibAnY2S0Rm_yq2s6LRgo,Wisata Pantai Talang Siring Madura,ChdDSUhNMG9nS0VJQ0FnSURJdHZYN3R3RRAB,https://www.google.com/maps/reviews/data=!4m8!14m7!1m6!2m5!1sChdDSUhNMG9nS0VJQ0FnSURJdHZYN3R3RRAB!2m1!1s0x0:0xa468bcedaaafc9b!3m1!1s2@1:CIHM0ogKEICAgIDItvX7twE%7CCgwInLu84QUQ-4-MwwI%7C?hl=id,Nurul Wijiani,113599703031762662996,https://www.google.com/maps/contrib/113599703031762662996?hl=id,4,Tempat yang lumayan menyenangkan untuk berwisata di pamekasan atau sekedar singgah bersama keluarga. Tiket murah 2rb per orang. Ada playground untuk anak-anak. Terdapat warung dan pedagang asongan di area pantai. Sekarang dibuka juga wisata mangrove di dalamnya. Nambah biaya 2rb per orang untuk masuk wisata mangrove. Boleh piknik di kawasan pantai.,6 tahun lalu,2019-01-04T08:39:47,,,,113,21,1,,,[],"[{""id"":""CIHM0ogKEICAgIDE06mopwE"",""url"":""https://lh3.googleusercontent.com/geougc-cs/AB3l90A5Zy-hoU3EZaJGJ3R1H5PPiK6sTK1KsUEETI5pRHPlLKmj6dC08Zgseado5q-Yd-ZznokZbpOFptES-Dt0qjxR5nbJnIE8fLHAKWjgyN4Pu4F10Zs7L8n6KQ5t6CgrmxjNAvTP-g=s1024"",""caption"":null,""width"":4000,""height"":3000},{""id"":""CIHM0ogKEICAgIDE06moew"",""url"":""https://lh3.googleusercontent.com/geougc-cs/AB3l90Cs9LUK01QIwZJD0WwleIyo30Nlh4x36-jfmxJlqHkYbb204iszyVwp3L13yJCOAQwcsMtawE_34tqI-mnKVt6WJt57B710z7w-x5bzHBta553MDBYpNcdyHVM521qSpC60gDWL=s1024"",""caption"":null,""width"":3000,""height"":4000},{""id"":""CIHM0ogKEICAgIDE06moHw"",""url"":""https://lh3.googleusercontent.com/geougc-cs/AB3l90AmAVEmJpDv1zLn89ovkohzoZ-eig9ODfozlXaqonK4224u95FBbik87egAOYGqQf_7OEDBG5WGX2gOTu25JRyot4b1TTAVKyJSK4DOSqZkEUmOVNrQmweafzBvfqlAINJq6Hf-=s1024"",""caption"":null,""width"":3000,""height"":4000},{""id"":""CIHM0ogKEICAgIDE06moXw"",""url"":""https://lh3.googleusercontent.com/geougc-cs/AB3l90BAI5r8l6OJ59uO8ckzCUTC3KTUs8EsNr5LFUFaMwnWPsD1wViqzvjs-L2aPy7XI-0XooRbOdP1o0_qY2sqjK4Qnd1HUEZVQhaqGVXiCZMopalN5F1kon7j2q9GpWaqJTK_roI=s1024"",""caption"":null,""width"":3000,""height"":4000},{""id"":""CIHM0ogKEICAgIDE06mohwE"",""url"":""https://lh3.googleusercontent.com/geougc-cs/AB3l90AO6mkSHRjSvWH5I4VU2xk2mmHPuWFjVg8ZeJGuXblW7H--Ezas3ONkzbnnX_z3CsfrHeTdbEtC2jrKRAJm8LZW2M0b-44nS3DN3WKYmXM2Og25i9fRA6bQRkQdImR0LBDQdpfw=s1024"",""caption"":null,""width"":3000,""height"":4000},{""id"":""CIHM0ogKEICAgIDE06moRw"",""url"":""https://lh3.googleusercontent.com/geougc-cs/AB3l90D8vTdYcXb-JZCn3UtksVm9jWTsAGzb9BGKOCdYE5Ep_hhNhOWRAgxdKGb_9VDcFPLUFPCiWhAc-BILVO0p8ov7nhtuVUsJXMTAuxcsLMiDZVGaQMYvs43XbZ-ENYsvmsPmXhtc=s1024"",""caption"":null,""width"":3000,""height"":4000},{""id"":""CIHM0ogKEICAgIDE06moTw"",""url"":""https://lh3.googleusercontent.com/geougc-cs/AB3l90Ci9Hlf9b7XsVNZ8Mt0oZ7dLASiJIJRbGrt4qNL3WrV3g6DlC2jmjfARkoGi3i6rMbCgAAANdB5qf3tC_ab5oKlOJ8y1TJhDiX1R0TSOl5yHgLwzPKFNkRmpifJlPib8F12b0Us=s1024"",""caption"":null,""width"":4000,""height"":3000},{""id"":""CIHM0ogKEICAgIDE06moxwE"",""url"":""https://lh3.googleusercontent.com/geougc-cs/AB3l90AAPydPUngJgbzv3JvlQTO29gH_B2g4j9AGQ_i7JnYp-l--4G1zLcfDUrXBLeb3NoIaK7-mRe6sspgpFHEW5oUKx1JI1EUe5a9ldXiSIF-O6uV1gJ64l0_Zhube53Gk8EmkvG18=s1024"",""caption"":null,""width"":4000,""height"":3000},{""id"":""CIHM0ogKEICAgIDE06moBw"",""url"":""https://lh3.googleusercontent.com/geougc-cs/AB3l90BXnt8t9PpSnQRPbyXqBXp8if6Kr4qeT9GfkxtjQygAUR3LMnOhbAGSKZvY4W0TzQoRe0iJUdGUfBvHj11gBk5_0UlfyIkY3TJ0TVmj9Lvxd31sU39JhmDNG2cmo00RLaVgQy-5=s1024"",""caption"":null,""width"":4000,""height"":3000},{""id"":""CIHM0ogKEICAgIDE06mo7wE"",""url"":""https://lh3.googleusercontent.com/geougc-cs/AB3l90BCz6Bgm2Si0-__CczeXFP8LwoWe1f-__fHJ_KAZBGafxfWwa3x4cQyNd9eJHePlr5PYZU-zJur8NCCNsdO2jqB063HqJ24H1jeWZIA0QKyFb92wNzBKLCvOEhxmk3v8gwNvw-74g=s1024"",""caption"":null,""width"":4000,""height"":3000},{""id"":""CIHM0ogKEICAgIDE06monwE"",""url"":""https://lh3.googleusercontent.com/geougc-cs/AB3l90AAk0QBoOb-wuG59yOYm6YkdMuSyL61RfWwhZ8-N7aEDFBM9DXqeYKmaZfjUZ9_xDR2FIDy4ElT6E5xIXdXciq_TLU4jl4iKtmMNRAdrc_fcoxz4Q9RfmSle_9xPD5u_2iILX2zHA=s1024"",""caption"":null,""width"":4000,""height"":3000}]"
ChIJvYEibAnY2S0Rm_yq2s6LRgo,Wisata Pantai Talang Siring Madura,ChZDSUhNMG9nS0VJQ0FnSURXbUpLbkl3EAE,https://www.google.com/maps/reviews/data=!4m8!14m7!1m6!2m5!1sChZDSUhNMG9nS0VJQ0FnSURXbUpLbkl3EAE!2m1!1s0x0:0xa468bcedaaafc9b!3m1!1s2@1:CIHM0ogKEICAgIDWmJKnIw%7CCgwI-vq8kQYQyOu-uwE%7C?hl=id,Ummiyatun,113322745534619632931,https://www.google.com/maps/contrib/113322745534619632931?hl=id,5,"Lumayan bagus viewnya, cocok buat melepas penat menikmati angin sepoi-sepoi dan deburan ombak sambil main ayunan. Kondisinya cukup bersih, fasilitas lumayan lengkap ada kamar mandi+mushalla juga, banyak mainannya juga. Yokkk kesini...",3 tahun lalu,2022-03-14T13:04:08,,,,8,34,1,,,"[{""name"":""Waktu kunjungan"",""value"":""Hari biasa""},{""name"":""Waktu antrean"",""value"":""Tanpa mengantre""},{""name"":""Sebaiknya buat reservasi"",""value"":""Tidak""}]","[{""id"":""CIHM0ogKEICAgIDWmNKqYQ"",""url"":""https://lh3.googleusercontent.com/geougc-cs/AB3l90CgbAEIb_87kbSZTblbKqwfTBQCoi_k9pBidmM-z4tz-Vbsu6GL0TzcaeQOvGHu31rvgKb-OyZfOwY78z8pc-ErQzUjcYGWF-MBwhk9dIB7b6zd3LU0n0iRoVd1K-JDZbWz5A4W=s1024"",""caption"":null,""width"":3000,""height"":4000},{""id"":""CIHM0ogKEICAgIDWmNKq4QE"",""url"":""https://lh3.googleusercontent.com/geougc-cs/AB3l90BtBZgQs29gAnFKtHxu8SdVegF3FqjtZW5mmxNctL8YvaXiCJZNxlP4otKGZF6GQFOorXAlYPMh17tw6W-D-bSkRlTUoJNb6B_04XkOuXmtXX0DFKzat5w3cBmqYzG9-c5qCV-2ZA=s1024"",""caption"":null,""width"":3000,""height"":4000},{""id"":""CIHM0ogKEICAgIDWmNKqEQ"",""url"":""https://lh3.googleusercontent.com/geougc-cs/AB3l90AdzeqF92yHShAZMiDNg1ZsoM0LW76-or_m8PlmjTk--V0IB19IPTF1JuTp6IePukjmffESgBclqdGYJ2sBO1UiEL3_PNxNw7YucTEeSb5eM89mS4EBpNrgbra6049Ls3ZXbKY=s1024"",""caption"":null,""width"":3000,""height"":4000},{""id"":""CIHM0ogKEICAgIDWmNKqkQE"",""url"":""https://lh3.googleusercontent.com/geougc-cs/AB3l90AAKSfeMUywwlCtDefPDqYT__fZfqTy8CtiDsCdE7gnrNRwDU30YqyllNIaoYVM-DTwaT2THcd3145DhoqIzKnpdKnqUlZ_GqsRaVjFR5sNdjPeOXW0PssWagpm1AFh-HqV3cMHCQ=s1024"",""caption"":null,""width"":3000,""height"":4000},{""id"":""CIHM0ogKEICAgIDWmNKqUQ"",""url"":""https://lh3.googleusercontent.com/geougc-cs/AB3l90DOQ-XFfcn7zeoolmCYAy0bmIdakNYec9VvlgFQt_6jZvtDQnUQKrV86sRJ4jIbtoL0YV9iQufs7nx0LNlSyJYxEfiXXiGxJijnsJ6fVfwaUd3U-_9K4IiOKsPcOW3G-vEKjHHT=s1024"",""caption"":null,""width"":3000,""height"":4000},{""id"":""CIHM0ogKEICAgIDWmNKq0QE"",""url"":""https://lh3.googleusercontent.com/geougc-cs/AB3l90DvPxHtquWvZWZPdDAaJBGwWj_3SI6KNVbYboFRmnZF9OxyvWROVJh6UbhZ2mFkN3Vi7FEIDgYMS7W8961Gxg17M7NUHrJRW650zqR2sQs7dRWaXWBTRDjSpiLwzIVVQKlyrAsAcw=s1024"",""caption"":null,""width"":3000,""height"":4000},{""id"":""CIHM0ogKEICAgIDWmNKqMQ"",""url"":""https://lh3.googleusercontent.com/geougc-cs/AB3l90CNP_q-v5CV_KURoX7UK-_y8tf0aRrYXuFp1LWe1aYGitQZxEZ-X0tw2W6iVrcx77QctlxF6PT-V5OKviv-8Xq1HeHX5Yvg_-LildeM9NlrSIwE3YDIUgyMUvqNvQSvn2jFO6A=s1024"",""caption"":null,""width"":3000,""height"":4000},{""id"":""CIHM0ogKEICAgIDWmNKqsQE"",""url"":""https://lh3.googleusercontent.com/geougc-cs/AB3l90BRNC1Px67X1d2IQBD1KGqGbpgtsFaWtgUjI_oikCzn992HGTE-azdCSsbjseU9tzYKq_SLnHxChjM1NAtmRAKjDpJrqu32i49GgrpI2DlXVohfzaBYu3yS9NDcxHEibgML7Sy60Q=s1024"",""caption"":null,""width"":3000,""height"":4000},{""id"":""CIHM0ogKEICAgIDWmNKqcQ"",""url"":""https://lh3.googleusercontent.com/geougc-cs/AB3l90CmbwPmWciTxkUlEkghpkj5oIi3x7tAnY1qFL-TtZkDm7fayZGctbHmgXgumCU6L_0wb6M9Od6lcZbYJxDzjEFEtLzIPQD7gf-CJa0zISOSzN1RNxvK6TPWcAWswQo-nsDyAiaL=s1024"",""caption"":null,""width"":3000,""height"":4000}]"
ChIJ3bSaOqB_1y0RLDfld7gxnAE,pantai branta tlanakan pamekasan,ChdDSUhNMG9nS0VOQ01nYUtCaHZ2dzZRRRAB,https://www.google.com/maps/reviews/data=!4m8!14m7!1m6!2m5!1sChdDSUhNMG9nS0VOQ01nYUtCaHZ2dzZRRRAB!2m1!1s0x0:0x19c31b877e5372c!3m1!1s2@1:CIHM0ogKENCMgaKBhvvw6QE%7CCgsI7s2VwQYQ-OSccg%7C?hl=id,ALFIAN DARMAWAN,106300110104636144963,https://www.google.com/maps/contrib/106300110104636144963?hl=id,4,"Buat santai dan menikmati lautan sambil nongkrong ditemanin segelas kopi dan jajan disini mantap sih, apalagi view pada saat sunset indahnya masyaa Allah. Gak rugi buat kesini untuk bersantai santai untuk menenagkan hati",5 bulan lalu,2025-05-15T04:00:46,,,,170,130,1,,,"[{""name"":""Waktu kunjungan"",""value"":""Akhir pekan""},{""name"":""Waktu antrean"",""value"":""Tanpa mengantre""},{""name"":""Sebaiknya buat reservasi"",""value"":""Tidak""}]",[]
ChIJ3bSaOqB_1y0RLDfld7gxnAE,pantai branta tlanakan pamekasan,Ci9DQUlRQUNvZENodHljRjlvT25CTldtVXlaR1ZKT1VOUFptOXFNM3BaVFc1MFVsRRAB,https://www.google.com/maps/reviews/data=!4m8!14m7!1m6!2m5!1sCi9DQUlRQUNvZENodHljRjlvT25CTldtVXlaR1ZKT1VOUFptOXFNM3BaVFc1MFVsRRAB!2m1!1s0x0:0x19c31b877e5372c!3m1!1s2@1:CAIQACodChtycF9oOnBNWmUyZGVJOUNPZm9qM3pZTW50UlE%7C0cPnhYAktb6%7C?hl=id,Kamila Milea,108221693998229811679,https://www.google.com/maps/contrib/108221693998229811679?hl=id,5,Pantai sangat indah bagus sekali,3 bulan lalu,2025-07-07T03:13:39,,,,3,1,,,,"[{""name"":""Waktu kunjungan"",""value"":""Hari biasa""},{""name"":""Waktu antrean"",""value"":""Tanpa mengantre""},{""name"":""Sebaiknya buat reservasi"",""value"":""Tidak""}]","[{""id"":""CIABIhD2FK3TqU1tjStO2VMp_nt4"",""url"":""https://lh3.googleusercontent.com/geougc-cs/AB3l90CyEQF5CSLXU-a67S3YJVjlZ-i3Gtm5HWbmg2jjpiX8fwQo7FpyM83SBPeOsWup0j-1NRrCKD2KGf7m1tfdXRBvSudPIJPS98IaiGq00CVLingf2DB_nQk0Eg4SGy2jrh6vRNfzIvll8JBQ=s1024"",""caption"":null,""width"":3468,""height"":4624}]"
ChIJ3bSaOqB_1y0RLDfld7gxnAE,pantai branta tlanakan pamekasan,Ci9DQUlRQUNvZENodHljRjlvT2xZNU1XOUJOeTA0UVdONlZERndkVFF6TXpKWmNrRRAB,https://www.google.com/maps/reviews/data=!4m8!14m7!1m6!2m5!1sCi9DQUlRQUNvZENodHljRjlvT2xZNU1XOUJOeTA0UVdONlZERndkVFF6TXpKWmNrRRAB!2m1!1s0x0:0x19c31b877e5372c!3m1!1s2@1:CAIQACodChtycF9oOlY5MW9BNy04QWN6VDFwdTQzMzJZckE%7C0cSw_wIF5WO%7C?hl=id,MS Kretek,110637725714114730679,https://www.google.com/maps/contrib/110637725714114730679?hl=id,1,"Kotor , sistem parkir aneh , minta karcis tapi pantai tidak di rawat , penuh sampah",3 bulan lalu,2025-07-16T15:47:08,,,,4,24,1,,,"[{""name"":""Waktu kunjungan"",""value"":""Hari biasa""},{""name"":""Waktu antrean"",""value"":""Tanpa mengantre""},{""name"":""Sebaiknya buat reservasi"",""value"":""Tidak""}]",[]
ChIJ3bSaOqB_1y0RLDfld7gxnAE,pantai branta tlanakan pamekasan,ChZDSUhNMG9nS0VJQ0FnSURYbWZlcUxBEAE,https://www.google.com/maps/reviews/data=!4m8!14m7!1m6!2m5!1sChZDSUhNMG9nS0VJQ0FnSURYbWZlcUxBEAE!2m1!1s0x0:0x19c31b877e5372c!3m1!1s2@1:CIHM0ogKEICAgIDXmfeqLA%7CCgwIjuqCuQYQiIDusAE%7C?hl=id,Rahilben Thalib,111226775924138732555,https://www.google.com/maps/contrib/111226775924138732555?hl=id,4,Agak kurang sih klo ke aku pantai nya,11 bulan lalu,2024-10-29T10:12:30,,,,91,113,1,,,"[{""name"":""Waktu kunjungan"",""value"":""Akhir pekan""},{""name"":""Waktu antrean"",""value"":""Tanpa mengantre""},{""name"":""Sebaiknya buat reservasi"",""value"":""Tidak""}]","[{""id"":""CIHM0ogKEICAgIDXmfeq7AE"",""url"":""https://lh3.googleusercontent.com/geougc-cs/AB3l90DpJW2cbHepdUL0BL9OV0iocY_rYfRE7UwW4Piz-9fc1SayPDTJekf1lsLd4oUxbDyqh-Mek0pwRZNJjWT4KrBErv0-BrnL-3MKHaYyhXeOspmhLTaEs2VI2TAOIu75QAl-goRi=s1024"",""caption"":null,""width"":1080,""height"":1920}]"
ChIJ3bSaOqB_1y0RLDfld7gxnAE,pantai branta tlanakan pamekasan,ChdDSUhNMG9nS0VJQ0FnSUNydk5YRDB3RRAB,https://www.google.com/maps/reviews/data=!4m8!14m7!1m6!2m5!1sChdDSUhNMG9nS0VJQ0FnSUNydk5YRDB3RRAB!2m1!1s0x0:0x19c31b877e5372c!3m1!1s2@1:CIHM0ogKEICAgICrvNXD0wE%7CCgwIx6-dtAYQ6OiK3gE%7C?hl=id,Syarif Yahya,102724375171564764365,https://www.google.com/maps/contrib/102724375171564764365?hl=id,5,Bersih sejuk cocok untuk loburan,setahun lalu,2024-07-05T02:17:43,,,,4,3,,,,"[{""name"":""Waktu kunjungan"",""value"":""Akhir pekan""},{""name"":""Waktu antrean"",""value"":""Tanpa mengantre""},{""name"":""Sebaiknya buat reservasi"",""value"":""Tidak yakin""}]",[]
ChIJ3bSaOqB_1y0RLDfld7gxnAE,pantai branta tlanakan pamekasan,ChZDSUhNMG9nS0VJQ0FnSUNkc05Ed2ZnEAE,https://www.google.com/maps/reviews/data=!4m8!14m7!1m6!2m5!1sChZDSUhNMG9nS0VJQ0FnSUNkc05Ed2ZnEAE!2m1!1s0x0:0x19c31b877e5372c!3m1!1s2@1:CIHM0ogKEICAgICdsNDwfg%7CCgsIl4KcrgYQgOy_XA%7C?hl=id,4_bambang arief,110591240064771516027,https://www.google.com/maps/contrib/110591240064771516027?hl=id,5,"Bagus, fasilitas kurang",setahun lalu,2024-02-10T04:52:39,,,,191,152,1,,,[],[]
ChIJ3bSaOqB_1y0RLDfld7gxnAE,pantai branta tlanakan pamekasan,ChZDSUhNMG9nS0VJQ0FnSURya3ZfWERREAE,https://www.google.com/maps/reviews/data=!4m8!14m7!1m6!2m5!1sChZDSUhNMG9nS0VJQ0FnSURya3ZfWERREAE!2m1!1s0x0:0x19c31b877e5372c!3m1!1s2@1:CIHM0ogKEICAgIDrkv_XDQ%7CCgsImrLZtAYQgJeRWQ%7C?hl=id,Haidar Rialdi,100057705408623173644,https://www.google.com/maps/contrib/100057705408623173644?hl=id,5,,setahun lalu,2024-07-16T11:27:22,,,,1,0,,,,"[{""name"":""Waktu antrean"",""value"":""Tanpa mengantre""},{""name"":""Sebaiknya buat reservasi"",""value"":""Tidak""}]",[]
ChIJ3bSaOqB_1y0RLDfld7gxnAE,pantai branta tlanakan pamekasan,ChZDSUhNMG9nS0VPNktzTDZ0eVpPTE9REAE,https://www.google.com/maps/reviews/data=!4m8!14m7!1m6!2m5!1sChZDSUhNMG9nS0VPNktzTDZ0eVpPTE9REAE!2m1!1s0x0:0x19c31b877e5372c!3m1!1s2@1:CIHM0ogKEO6KsL6tyZOLOQ%7CCgwIk5HAwgYQ4Mm-rQI%7C?hl=id,Roosi Rachma Kemala,113191427005547678057,https://www.google.com/maps/contrib/113191427005547678057?hl=id,1,,4 bulan lalu,2025-06-16T12:05:39,,,,68,80,1,,,[],[]
ChIJK7FZRrpZ1y0Rt6vXaZEAGFg,Pantai Sembilan Sumenep,Ci9DQUlRQUNvZENodHljRjlvT25wSWJqVk9PSGRRY0ZkcWNqRnJkVWM0U1ZoTmQzYxAB,https://www.google.com/maps/reviews/data=!4m8!14m7!1m6!2m5!1sCi9DQUlRQUNvZENodHljRjlvT25wSWJqVk9PSGRRY0ZkcWNqRnJkVWM0U1ZoTmQzYxAB!2m1!1s0x0:0x5818009169d7abb7!3m1!1s2@1:CAIQACodChtycF9oOnpIbjVOOHdQcFdqcjFrdUc4SVhNd3c%7C0cOTt8MzbEf%7C?hl=id,Harits Arya Ramandika,106940158697476581109,https://www.google.com/maps/contrib/106940158697476581109?hl=id,5,"Pantai yg menakjubkan. Harga penginapan tidak mahal, makanan & minuman juga masih wajar. Bisa ngecamp & main sepuasnya. Ada banan boat & ATV.  Pengelola juga baik & ramah, benar worth it & pgn ke sana lagi.Terima kasih atas keramahannya Pak Sutlan  . Ayo rame2 ke sana",3 bulan lalu,2025-07-03T02:43:21,,,,3,12,,,,[],"[{""id"":""CIABIhCFZo3tooqRMmEhrkm0S1L2"",""url"":""https://lh3.googleusercontent.com/geougc-cs/AB3l90Aigvg9d2q_-kVRlJW0XhTagVwgQXySxWd0oxMyQji6QuPP6aJDqIbCL7mIxVuQQnZ9kQ53klfkh8IcHVFlHl5d4BgSVw_2KIdfyXlnxCg2hpzcQRh-eegnK2gJguaAyBSO4yag7Ln1FZtq=s1024"",""caption"":null,""width"":1600,""height"":1200},{""id"":""CIABIhB6vQWMSdZSfhN598LjPSG6"",""url"":""https://lh3.googleusercontent.com/geougc-cs/AB3l90CiMsQ10PIS7NOOEJClAiw8Y_OG3aUVtpb5Ydz1B18otWuGYjMOEKBF6hVCf5MgoT_NjK5f1GKKWas6dgRvMmUYgAr-NXWy1f365kKD8YPHMAuQT3n5ghpSQaFcBGTU1ZjHT24VJCxFwfbO=s1024"",""caption"":null,""width"":1040,""height"":492},{""id"":""CIABIhB4xpLRH_3YdSfOdlh0NXdN"",""url"":""https://lh3.googleusercontent.com/geougc-cs/AB3l90AZS0oCI86PI-PqbelXoDWl4hxcDwXUwM4vS6xqsUYateLgiYyUqiAKGHNjFU_ziMICl-V-ykW3xfUCFiX2-Ci6uOmGSS0W7SoYGsmdT7XBIQ10pgBNMvWgEOamadSpjtt2ooIKmh_QYKc=s1024"",""caption"":null,""width"":1040,""height"":492},{""id"":""CIABIhAGD8iIzjQughZo345SZmvI"",""url"":""https://lh3.googleusercontent.com/geougc-cs/AB3l90D5fRObAPr1zOi6L4ojWidDxh8qPE4lvz7Mwjpi83lnbsdLCHYCfKjRAJLmWc67HeXYFs89xklTDkzMl03hsBiQT6t1EN-kLhzSjrGsthCZTr8PM-qnV3pQVp4PoUp2UpCs9JkG88s0w95_=s1024"",""caption"":null,""width"":652,""height"":1156},{""id"":""CIABIhCZUfish4cGwVN-RIQij8jT"",""url"":""https://lh3.googleusercontent.com/geougc-cs/AB3l90C3Cbjn3LcDQ42nvDNf_aG453vzBgO74fMxclIPAc_jYJ823Xkte_mWpWZeRN3_7fBQLBC0w6CfN-qE7OKapdzTa4dhFjBoreCzolRFMBXN9-o4DWQAIj0pVRDxDgKmcsdP_EHszd3EEUc=s1024"",""caption"":null,""width"":1600,""height"":1204},{""id"":""CIABIhDxn05jvURdWoOQuenfJUwz"",""url"":""https://lh3.googleusercontent.com/geougc-cs/AB3l90Cy3kbRbWUhN88VMqneXI6FWM0B6KtAP9XTLxcsrBlI2MrHLnwhNbYefqDRDt9doNM0XQSMMrtlil0q0DIs8mmwFWZqCtsMZdhU80ZwgcsP1SSG25mzVJHMqeE56vrcTBrXqCcCr5APWvGh=s1024"",""caption"":null,""width"":1201,""height"":1600},{""id"":""CIABIhBUE5X4v0Z9Hvhm9auscFZs"",""url"":""https://lh3.googleusercontent.com/geougc-cs/AB3l90Db7yoMc0co0juEHWa9GI3aBAQGnD1ILlIEtT46Sy691-nfY489EGs0rZbqQxZCXuC4NwsgYWG8LF7H0i63rDbUhjnrDN-qZvmTw6I3nDbF5Gj6h23-peqmRVk96-oAFk3bixi-JP2Pdkfb=s1024"",""caption"":null,""width"":652,""height"":1156},{""id"":""CIABIhAhPLeDuOpjtZyUo0ybB353"",""url"":""https://lh3.googleusercontent.com/geougc-cs/AB3l90AnU3vEplyljtC9QF6ztxo6S0cGEOaQVASFmdXU-jdtg2eto0NQdN-T77fdwiX872d3h4mHyW3NGlBUvR5j-8WYEjR3QEGKb4bGjvGAZVQ3Yvc6UK8bU6uhoyqWkDIbNQ_lUpliMY56ig09=s1024"",""caption"":null,""width"":902,""height"":1600}]"
ChIJK7FZRrpZ1y0Rt6vXaZEAGFg,Pantai Sembilan Sumenep,Ci9DQUlRQUNvZENodHljRjlvT25WbVNpMVpaMjVTYmxsT1IyWkhPSEIzTm1KQ1dHYxAB,https://www.google.com/maps/reviews/data=!4m8!14m7!1m6!2m5!1sCi9DQUlRQUNvZENodHljRjlvT25WbVNpMVpaMjVTYmxsT1IyWkhPSEIzTm1KQ1dHYxAB!2m1!1s0x0:0x5818009169d7abb7!3m1!1s2@1:CAIQACodChtycF9oOnVmSi1ZZ25SbllOR2ZHOHB3NmJCWGc%7C0cUiIVAsNXr%7C?hl=id,Novia Sabrina,107992155622929083648,https://www.google.com/maps/contrib/107992155622929083648?hl=id,5,"Pantai yg masih asri & terjaga, terletak di kab sumenep. Untuk akses kesana menggunakan kapal motor dg harga yg terjangkau 15 rb sdh dapat view laut yg baguss poll. Tiket masuk pantai juga murmer just 15k sangat worth it utk dikunjungi dg keluarga",2 bulan lalu,2025-07-22T01:09:52,,,,27,26,1,,,[],"[{""id"":""CIABIhAmDp1hL98uiwb84wLr5lx_"",""url"":""https://lh3.googleusercontent.com/geougc-cs/AB3l90BAXOlGHcXfwfua4mR6GviDxTs4euASTWZd2ziXMaL0PoBxGDCS1dDn4in2pGM3pj-1KnlO91gJkExq9b9ZIL3ZS8U7EiBoWl1I-LOxRgvDKVZmQaT58VUitfnHK89YMbUSURhftd0SGIo=s1024"",""caption"":null,""width"":2604,""height"":4624},{""id"":""CIABIhDOjaI0PSw7mqZbR9RqUa4u"",""url"":""https://lh3.googleusercontent.com/geougc-cs/AB3l90A3rLpEkTcfeXLMD_zjlQWs5RJyyPSXiY5Y9zZV6edJpH1bCzkf1tXUaQan97fIDJEfi1rwe356KLb1BP77ZEbn-VSpkw9BIuD0xLqfCXIO4d2Lrp32QO0y5gq4DXRYXeT61JDj75m2v8jI=s1024"",""caption"":null,""width"":2604,""height"":4624},{""id"":""CIABIhDqr_wJpREPLPICKza3LN3v"",""url"":""https://lh3.googleusercontent.com/geougc-cs/AB3l90BasF3Zy1MsL1fHX0pEkbFZvjd7oXS7MWt-bCoaet8eifyYY8tfSLAZ84GlPPHjoW9Ijd92Xp_yLrIx4cO579ecd5mov690Rc2EgTqt6qh14BtGlU4gOP5UJ7rLfQp65g7fbPoiHpgVcYNs=s1024"",""caption"":null,""width"":2604,""height"":4624},{""id"":""CIABIhABh79kzBkdUeUJiHznWpc-"",""url"":""https://lh3.googleusercontent.com/geougc-cs/AB3l90CNohKNVpogNgsbT3EzqPFRmkeNgw4YZjAsPJzmilB7BYLK2xILbitp4eme-BR1cBbeVCUK2GnLkPEDbDoATmL47ywUBOJGAfy5Fii60H1L-_SZVPZsh9bDqbMIugJwBJVhGj6WjctoL9mr=s1024"",""caption"":null,""width"":2604,""height"":4624},{""id"":""CIABIhBhOGEKgGh50kHUWojsPoPX"",""url"":""https://lh3.googleusercontent.com/geougc-cs/AB3l90BrSK10sGd4iH1zrEqYWiDUWTgVjf_STodTjhNTwqW-JIc7pUsnSsEqfmEvttPIPoAY8Zq9ij2m5lnYKUBTAiGlFlRA0olSjt4i1GxLpNtos1XVIXRLGKiRBEUjnWqmUT1oHUuBsbcrn7w=s1024"",""caption"":null,""width"":2604,""height"":4624}]"
ChIJK7FZRrpZ1y0Rt6vXaZEAGFg,Pantai Sembilan Sumenep,ChZDSUhNMG9nS0VJQ0FnSUNkMk5DTVdREAE,https://www.google.com/maps/reviews/data=!4m8!14m7!1m6!2m5!1sChZDSUhNMG9nS0VJQ0FnSUNkMk5DTVdREAE!2m1!1s0x0:0x5818009169d7abb7!3m1!1s2@1:CIHM0ogKEICAgICd2NCMWQ%7CCgsIoriirgYQqOSyaQ%7C?hl=id,Intan B,114112489580203000539,https://www.google.com/maps/contrib/114112489580203000539?hl=id,5,"Hidden gems jatim.. masih tenang dan sepi banget.. Pantai lumayan bersih. Pasir putih lumayan campur pecahan kerang. Bisa snorkling tipis2. Penginapan relatif murah, nyaman. Makanan tersedia jangan khawatir pokoknya. Listrik aman. Namun dihemat energi yaa.. karena sumber energinya adalah solar. Air aman, tidak payau. Recommended!",setahun lalu,2024-02-11T10:06:26,,,,23,47,1,,,[],"[{""id"":""CIHM0ogKEICAgICd2NCMuQE"",""url"":""https://lh3.googleusercontent.com/geougc-cs/AB3l90B_bY6euBGWj2uW8zft7Se6CzNwEA2T2GPBk3Mw9SXhz4vadvD2FIByTMq-mGZLj2SfseCbiYOLsH8yuvNmuGVrWKMsaIuI34YQIvklF1kNmRRFVkdQnyiox3JEZz8BvBxBbEbccA=s1024"",""caption"":null,""width"":1920,""height"":1080},{""id"":""CIHM0ogKEICAgICd2NCMeQ"",""url"":""https://lh3.googleusercontent.com/geougc-cs/AB3l90BKgPoiAJw3B1ccUrkZr9nFh0H_mfViNYuqQNoVu0l47JhjbGDQjQfRsiK0zNcmDVDLoXA-slKrO6U8JcihGota5U4BzGuaGRojeVZ0ZcyIAhOyvjU9tUuwUQ6H4S8-lR-KmNU=s1024"",""caption"":null,""width"":3024,""height"":4032},{""id"":""CIHM0ogKEICAgICd2NCM-QE"",""url"":""https://lh3.googleusercontent.com/geougc-cs/AB3l90Ae5_5KdRoSql2mtnoQ42QCQdhajoYW6r5TueJqhub78iT9urqXysBtQ3S67VGl8TmFHV2-EJB2YGvQekcfRY97Sr4bd2mFENo1juX_JQkg2ATcxWtSukoPbuV8VNnYgcoX02b_Bg=s1024"",""caption"":null,""width"":4032,""height"":3024},{""id"":""CIHM0ogKEICAgICd2NCMBQ"",""url"":""https://lh3.googleusercontent.com/geougc-cs/AB3l90AMV9A6jpazUi9AS3ABquo0lGrDyjKSj13j1kVXsv2ZuLlD6doQHGwOI2kEnNx9Fbm0OVBcCOXFUGv9_WFKPoUzD0AHUAzcCGYAYM14UA-9JrfClH4YjKo0Uj8-tynPurakIw1R=s1024"",""caption"":null,""width"":4032,""height"":3024},{""id"":""CIHM0ogKEICAgICd2NCMhQE"",""url"":""https://lh3.googleusercontent.com/geougc-cs/AB3l90CKwUamPIZPbPhi9f9dscg1IB9p9onNhcfHED_0hSLpErUXcAcQXUkLl6cXzEDqHjSASf2bz9AZoecGpZHaJUAy0jVI8CiWWGbsI2G79Sbdq1S3iFjp3qoydbwBSWJTW3TxwGo-jA=s1024"",""caption"":null,""width"":4032,""height"":3024},{""id"":""CIHM0ogKEICAgICd2NCMRQ"",""url"":""https://lh3.googleusercontent.com/geougc-cs/AB3l90AHodNBfFyU8DJtuGrn6KydXa6YVtSXgprKgevkgVCyJI1q0oTs_l8boxdebtl75H0qxiiSFE9JITiOOTCw62kf9y17XJkePyhb5wRPFLBL1xQhAr-2Ie_wx8SR8ECUkpDSfxzR=s1024"",""caption"":null,""width"":4032,""height"":3024},{""id"":""CIHM0ogKEICAgICd2NCMxQE"",""url"":""https://lh3.googleusercontent.com/geougc-cs/AB3l90CXOzXXC5NCm0QYxQb7JhnMwnPpE7N_qm-YnlhTueMBAICx8OhDNC1gIBa6PRG2Ox2pDm8W3O-btdexKoJV2LC5hlLFxY2kKM265zD3aN-vDxjl876IVz2DwYYoh9yVSdudIbWt=s1024"",""caption"":null,""width"":4032,""height"":3024},{""id"":""CIHM0ogKEICAgICd2NCMJQ"",""url"":""https://lh3.googleusercontent.com/geougc-cs/AB3l90AwJRZLXrauqHeUAW7DG1hV_Hf6xsdDNVBLgzmAeEXCsc4rfI50eKBGMfLwsssPdqTSd6Wl-LpPOEMPEoDYTls8fDX1mzcimDQ-xEfmNlIr0Z7kFEQ1YXhZxWGdiQ2D3qWBwgLu=s1024"",""caption"":null,""width"":3024,""height"":4032},{""id"":""CIHM0ogKEICAgICd2NCMpQE"",""url"":""https://lh3.googleusercontent.com/geougc-cs/AB3l90D0smmhVPwyOlmjhoT7K46RQ5IfE0eCri34FAHVae2q-KZXaRTlJyRMyXAQe-DE07KEQ_K9b_tADpCuE9hwl8b47jnf0JoNXwLCaSN6yQagSPqiVMKgdHBqCMFLEDRFPUTrmprsYQ=s1024"",""caption"":null,""width"":4032,""height"":3024},{""id"":""CIHM0ogKEICAgICd2NCMZQ"",""url"":""https://lh3.googleusercontent.com/geougc-cs/AB3l90DVrDOidO7ACxriBHzd0eIUjSxMr-2Kc5yl8o-qjW5sFXa8akaQdY5BE5Fd8KGSwu7TiOadt701xkUCEhZZ9jkQzehSX_0vsdaiKiANL7jFu1lKcbLEYD4lRg41IJJOh2GYoJ5i=s1024"",""caption"":null,""width"":4032,""height"":3024}]"
ChIJK7FZRrpZ1y0Rt6vXaZEAGFg,Pantai Sembilan Sumenep,ChZDSUhNMG9nS0VJQ0FnSURiXzRhSEZBEAE,https://www.google.com/maps/reviews/data=!4m8!14m7!1m6!2m5!1sChZDSUhNMG9nS0VJQ0FnSURiXzRhSEZBEAE!2m1!1s0x0:0x5818009169d7abb7!3m1!1s2@1:CIHM0ogKEICAgIDb_4aHFA%7CCgsIlILitQYQuKaeHg%7C?hl=id,Ekho Pratama,117767781086462289833,https://www.google.com/maps/contrib/117767781086462289833?hl=id,5,"Wisata pantai yang relatif masih alami yang berada di Pulau Giligenting di gugusan pulau-pulau di selat Madura di selatan Sumenep, tepatnya di Desa Bringsang.

Pantainya bersih dan tenang dengan pasir putih dan desiran angin dan ombak yang membuat rileks. Banyak pondok dan gazebo maupun kursi santai yang tersedia di sepanjang pantai. Tersedia juga vila/bungalow resor yang dapat digunakan untuk menginap. Air di kamar mandinya menyegarkan dan tidak payau. Tersedia juga banyak warung yang menyediakan makanan maupun kebutuhan sehari-hari. Musola dan masjid juga tidak jauh dari pantai ini. Tersedia juga wahana permainan banana boat dan speed boat.

Untuk menuju ke pantai ini harus menyeberang dari Pelabuhan Tanjung Saronggi di Pulau Madura dengan menggunakan perahu kayu. Sepeda motor bisa diangkut masuk ke perahu kayu dengan ongkos yg terjangkau. perjalanan menyeberangi Selat Madura dari Tanjung ke pelabuhan Bringsang di Giligenting memerlukan waktu sekitar 20-30 menit. Ombak laut cukup tinggi di jam-jam tertentu, sehingga disarankan pintar-pintar untuk memilih waktu penyeberangan. sepertinya waktu ombak cukup tenang adalah pada siang hari antara jam 10 sampai 12 siang.

Pantai ini tidak jauh dari pelabuhan Bringsang, bisa langsung dijangkau dengan berjalan kaki sekitar 5 menit ke arah timur begitu perahu merapat ke dermaga.",setahun lalu,2024-08-11T04:55:58,,,,116,57,1,,,[],"[{""id"":""CIHM0ogKEICAgIC7wLnn4AE"",""url"":""https://lh3.googleusercontent.com/geougc-cs/AB3l90CeXeDKYTCYpvzz9sp2wN9QJ3qOL92U1OKEnJtn1jNsCRaiX6SZuWg0bSgm0ry65iClUwliXQJPXbIigqFFFz6ElDAAa1UksvcFndMSOBSIYKSYzfnuwYCZ5Q9FdG65m9F5ReuC0g=s1024"",""caption"":null,""width"":4624,""height"":3472},{""id"":""CIHM0ogKEICAgIC7wLnnEA"",""url"":""https://lh3.googleusercontent.com/geougc-cs/AB3l90D6TpLTfeZi1hgEIeVO-16DXiFTsyX8WXqi2mFkxKof3dxiA1DsB0v1DwRBsa8upRQTOb7IBHee8c0ZKig1Pf9sSibyCYbIz93cgCWj0Z6MXqLdYnVWrRXnFGQKONRQ796akvI=s1024"",""caption"":null,""width"":1280,""height"":720}]"
ChIJK7FZRrpZ1y0Rt6vXaZEAGFg,Pantai Sembilan Sumenep,ChdDSUhNMG9nS0VJQ0FnSURua1phdnRBRRAB,https://www.google.com/maps/reviews/data=!4m8!14m7!1m6!2m5!1sChdDSUhNMG9nS0VJQ0FnSURua1phdnRBRRAB!2m1!1s0x0:0x5818009169d7abb7!3m1!1s2@1:CIHM0ogKEICAgIDnkZavtAE%7CCgwIm-GLuAYQuKeOtgM%7C?hl=id,Silvanus Prihantono (SUX),112749650575216431685,https://www.google.com/maps/contrib/112749650575216431685?hl=id,4,"Pantainya cukup bagus, ombaknya tenang, jadi aman untuk renang dekat, banyak spot berteduh.

Sayangnya harga jajan, minum dan makan cukup mahal, mungkin mengingat akses logistim agak jauh dari pulau utama jadi bisa dimaklumi

Hiburan malam terutama malam minggu terbilang berisik dan cukup lama. Saya lupa mulai jam berapa hiburan live musicnya, tapi musik baru berhenti sekitar jam 10 malam saya menginap di kamar deluxe 1 dan cukup menganggu untuk volumenya (kaca kamar sampai bergetar). Beberapa teman saya yg di vip (vip 1 dan vip 2) lebih terganggu katena lebi mendekat ke spot live event.

Pemandangan malam bagus karena bisa melihat bintang. Waktu acara saya ada kendala listrik mati dari pusat, tapi itu bisa bikin lihat bintang jadi jauh lebih jelas.

Penduduk lokal atau lengelola dan penjual sebenarnya cukup ramah meskipun ada 1 yg jutek tapi yg banyak yg berdahabat

Ringkasan : Bagus banget hanya saja saya terganggu di volume suara hiburan malamnya",setahun lalu,2024-10-06T20:18:35,,,,41,17,1,,,[],"[{""id"":""CIHM0ogKEICAgIDnkZavDA"",""url"":""https://lh3.googleusercontent.com/geougc-cs/AB3l90AoqNGJuhX_bFIvpU8NrnMGgW_wYEdvmRJYVODs5Bre3xXb3nv470rq1JADMhnwx2vc3bjgNa4Ic1xAPEmFtfNFhEFKTpy_v_dhBGgMdGRgNDEAUBuc3mzWiuQxu-aYicBkWwoz=s1024"",""caption"":null,""width"":3264,""height"":2448},{""id"":""CIHM0ogKEICAgIDnkZavjAE"",""url"":""https://lh3.googleusercontent.com/geougc-cs/AB3l90DcQhBUr7NtzL5peSRrRHlKgZouhlX1fD-jhvPTaXPODhhVWpxPYIwGYMc31ntjh7gqQve-fM_x9GUlDaVV0t1G99k9yzl-WVxX9eE7WyRk8px_fe0LxTu5XWYqVi6-N1T7zU-vJA=s1024"",""caption"":null,""width"":9248,""height"":6944},{""id"":""CIHM0ogKEICAgIDnkZavTA"",""url"":""https://lh3.googleusercontent.com/geougc-cs/AB3l90A42jTeqLeJgdgaosMEw_e9tuleZCjZgg0Nr3hQ2Iw2AGC-QPF3odE5xEC861nhCXKjzXWLFJ3O_StTKZWcP7oJ2c6oTKnlNISPRvwol0JmTNOGNyv4DyKerR-YBBGyt4NfwLWg=s1024"",""caption"":null,""width"":1920,""height"":1080}]"
ChIJK7FZRrpZ1y0Rt6vXaZEAGFg,Pantai Sembilan Sumenep,ChdDSUhNMG9nS0VJQ0FnSUNmeEt5VndnRRAB,https://www.google.com/maps/reviews/data=!4m8!14m7!1m6!2m5!1sChdDSUhNMG9nS0VJQ0FnSUNmeEt5VndnRRAB!2m1!1s0x0:0x5818009169d7abb7!3m1!1s2@1:CIHM0ogKEICAgICfxKyVwgE%7CCgwI1_qyuwYQgPGmxQE%7C?hl=id,Dany Anandika Afrianto,108490881314128473494,https://www.google.com/maps/contrib/108490881314128473494?hl=id,5,"Bagus suasananya....pantainya jg bersih, ada penginapannya jg. Jd enak bisa bermalam di pinggir pantai. Oia ada wahana banana boatnya jg lho....",9 bulan lalu,2024-12-26T02:20:07,,,,48,87,1,,,[],"[{""id"":""CIHM0ogKEICAgICfxKyVYg"",""url"":""https://lh3.googleusercontent.com/geougc-cs/AB3l90BJl_yOba9xd4BEAjkTSTXbGkfrRjNwmALBSlAgcCwrgKKm2SFM4djSj1yRG92i3GVy9hNqmoNkkZvdbEoMGcgrOVCdGQ8bLfj-KPq3s8waD4Kd6fSpg8wJU2i5rGfK-oW_bowV=s1024"",""caption"":null,""width"":3680,""height"":6528},{""id"":""CIHM0ogKEICAgICfxKyV4gE"",""url"":""https://lh3.googleusercontent.com/geougc-cs/AB3l90D1017bxM1esfyRbXdW34QJCzIm27inCciKt5iivSc28v8J2bCTWaCp9Wyj2hPCO7f3OgjW-8WXMDxuA2Yq4ZqQDEpB_0gkr44eGoGfhPtb3gUo1UAmX9eTGpH6AhHO3PKUORbR=s1024"",""caption"":null,""width"":2592,""height"":4608},{""id"":""CIHM0ogKEICAgICfxKyVEg"",""url"":""https://lh3.googleusercontent.com/geougc-cs/AB3l90BDD3H17VNwImp1plMPt5etEYo_VR7PUE3wgzr_lggEL_JjL6a-MO3h5iZUqH09hKmxfNA5FdGpRt9XXaN482fNhOWonwkxgY6c3U2ytfU07rU0eMi9hADPqQuBTrkNd-z864XS=s1024"",""caption"":null,""width"":2592,""height"":4608},{""id"":""CIHM0ogKEICAgICfxKyVkgE"",""url"":""https://lh3.googleusercontent.com/geougc-cs/AB3l90ApXTfYUc8W80hQxUWqMNaN613Ialhbk08imemOvnmDqMLevTOAxRHNAt7tjXsWh8oBiwpa9R5ussXA3L3LcHlCZbNphe4H51R6s1PsZ6CYAmQJz48TOZJFXJF5EziQKVhHcEFXbg=s1024"",""caption"":null,""width"":3680,""height"":6528},{""id"":""CIHM0ogKEICAgICfxKyVUg"",""url"":""https://lh3.googleusercontent.com/geougc-cs/AB3l90A7S8f5GOSG9L88oVR8MDyUOG8UZoZjmtjTxIE9HDn_xV9-H92XuMRR4YvGnyIT5QBwLZMU3Apdd1EPKxeRLJ_7V7a0BOt0ifpRAApNsbXbBPwAhiJRPygHd6noycFY2icHcHE=s1024"",""caption"":null,""width"":2268,""height"":4032},{""id"":""CIHM0ogKEICAgICfxKyV0gE"",""url"":""https://lh3.googleusercontent.com/geougc-cs/AB3l90BftUwvsW48Hy1l1t3QHnwGwvJW7JmahEoHcIQ0VVb7tupYWfyxgBaCnTniYmIuRgMUJgeg3yi0aF5gBsI99MraMcpyUqN1ZdlBWn28WaV8QCh69_x9XCH8_A_0Q7UHsoVNn3E9=s1024"",""caption"":null,""width"":2268,""height"":4032},{""id"":""CIHM0ogKEICAgICfxKyVMg"",""url"":""https://lh3.googleusercontent.com/geougc-cs/AB3l90A0g7KaBkRrk532Ft4TOKTj3UqqVpDp5l4WNGzPnOHNle0ODRQaKrpefmzubZkdB3sw_29lMLi64wElzeeqLaOnfBP0meafw-8Tm2EGVFqYxPl2MKR-6m9-Nufdm8bXBIy38v9g=s1024"",""caption"":null,""width"":1088,""height"":1920},{""id"":""CIHM0ogKEICAgICfxKyVsgE"",""url"":""https://lh3.googleusercontent.com/geougc-cs/AB3l90AfRqdU_ThijxlvYT4tx8JyebevDwk4Mn_BzF1ihtLM9sKCD5AJ0mJ0EPRPHSCwzTh0myji3QXOA2jtV_SgPYdWCZ1MktfAkKgdiiN1IVSp7hzD8fr2NBciCdLjQMvuOYs9NXhGOg=s1024"",""caption"":null,""width"":4608,""height"":2592},{""id"":""CIHM0ogKEICAgICfxKyVcg"",""url"":""https://lh3.googleusercontent.com/geougc-cs/AB3l90Cu1OfbsC5zwr6-qQD2QwFqCVSDZXGwwrUXfb3A0jWVD3pXhLZSOQ0V1B3obivWKc23QTd5UCGgGa9vSP1S0KuGGNfY9ByUJV2EocP05d-s8gV1Zlcr4M3W336HVub72gLiCoY=s1024"",""caption"":null,""width"":4608,""height"":2592},{""id"":""CIHM0ogKEICAgICfxKyV8gE"",""url"":""https://lh3.googleusercontent.com/geougc-cs/AB3l90Aj2Wkc3Y3avrqRqZP1eGyKb5mP2LrA4ZaPuZbG6riOgjaBL2V_AkvKpVjmiQnq-UZ8Zes78_jUX4c4O_WvThmd2ZtU68WIEuR0s9i8LA2L_mMVLzfy15NuqXIWtn_-lS9BELaLvg=s1024"",""caption"":null,""width"":4608,""height"":2592},{""id"":""CIHM0ogKEICAgICfxKyVCg"",""url"":""https://lh3.googleusercontent.com/geougc-cs/AB3l90AJ57CdFNith6pc3B4HkWk7rINB5QHZdxsi3T3umpg_MArJ9fsRBvcP1uHtFnK-3Q2A_lQgai_rvATbhv_UzdV5amEjd5a8v8XhTPekFY_pJHUVEuM9P_DS9ZnOCQzf9dGjMSvS=s1024"",""caption"":null,""width"":4608,""height"":2592},{""id"":""CIHM0ogKEICAgICfxKyVigE"",""url"":""https://lh3.googleusercontent.com/geougc-cs/AB3l90D_8WLh-sivjYs9jvEP6s2ePZSgUFl8lt-3yC_MeDY9-559sxhUW8tgWT5sktO-MEMWroMJfdQWW-Hv9oNS9fiMZ89efwEbXUgdYoUR3Gljv8R0CVFOdLF73JJMeGFle9LPxwvMCQ=s1024"",""caption"":null,""width"":4608,""height"":2592},{""id"":""CIHM0ogKEICAgICfxKyVSg"",""url"":""https://lh3.googleusercontent.com/geougc-cs/AB3l90Bapq2JKd_saQR62OtqoYNEXgwaYVDcovFbisi8kmfWQCBDjE994yyuWK8M4OG00Vb4Uzqo2mAdMfqm65aEjKnSItt96Alh_Eg49vOiblV1KYHQk1ZSw-MnV9zC_nUqAJacuhbb=s1024"",""caption"":null,""width"":2268,""height"":4032}]"
ChIJK7FZRrpZ1y0Rt6vXaZEAGFg,Pantai Sembilan Sumenep,ChZDSUhNMG9nS0VJQ0FnSUNoNXYtN0tBEAE,https://www.google.com/maps/reviews/data=!4m8!14m7!1m6!2m5!1sChZDSUhNMG9nS0VJQ0FnSUNoNXYtN0tBEAE!2m1!1s0x0:0x5818009169d7abb7!3m1!1s2@1:CIHM0ogKEICAgICh5v-7KA%7CCgwIoKTaugYQ6PinmwE%7C?hl=id,Muhammad mukti,110114081467426373604,https://www.google.com/maps/contrib/110114081467426373604?hl=id,2,"Pantainya bagus. Pasir putih ombak juga gak gede2.
Aksesnya paling dekat nyebrang dari pelabuhan tanjung ya gaes.

Parkir bisa di dekat situ. Kisaran 5k untuk sepeda motor.

Untuk jadwal kapal dari pagi sampai terakhir jam 5 sore. Terakhir ke sini biaya sekali nyebrang 15k.
Kalau mau bawa motor bisa juga. Kurang tau tambahan biayanya berapa.

Worth it sih tempatnya. Tapi sekarang udah banyak fasilitas yang rusak dan tidak terawat. Termasuk dermaga yang instragramable ada lampu2nya sekarang udah hilang
Wkwk.

Kalau mau nginep juga disediakan penginapan ala2 cottage.

Saran sih kalau mau muterin pulaunya mending bawa motor lebih enak.

Update:
Parkir mobi di pelabuhannya nggak kira2 sampe 20k sendiri. Nyebrang nya aja 15k, tiket masuk 15k. Kgk nginep padahal.
Nyebrangnya pun juga nunggu penumpang penuh. Datang telat, mereka ngga mau nyebrangin kecuali nyarter sendiri 300k sekali Berangkat.
Pantes lama2 sepi ini destinasi wisata. Banyak yang ke sana karena penasaran pertama kali, selebihnya kapok
Kalau kayak gini terus lama2 nggak ada yang mau datang",Diedit 10 bulan lalu,2023-02-12T03:41:47,Tanks,2 tahun lalu,2023-02-12T04:43:22,87,120,1,,Tangki,[],"[{""id"":""CIHM0ogKEICAgIChlsCf5wE"",""url"":""https://lh3.googleusercontent.com/geougc-cs/AB3l90CkhFS-_pFLTI2W25QgbAYjventIURQeltMJbUjmb0tL2zVsUE9VPHm1OcbEymCMwGc01FuE7BkkIa1m0KYlIFrCglpag65fChxlLe7Z7eI5w0fCRd-QAneB39xDrx8VHR6rDr8OA=s1024"",""caption"":null,""width"":4000,""height"":3000},{""id"":""CIHM0ogKEICAgIChlsCfFw"",""url"":""https://lh3.googleusercontent.com/geougc-cs/AB3l90Auodpz2jC75HyXklYVQaFSWA6TiMfysKh3rmdEUHroa7hXL9CkZ5ZEUeHa5kUj9B-z67EfLC6vcwwSzLVUtuihX9xxSe2MA6_Po3ckkxzGwL_JBm82-U7GMOvuugDAn0nDrz4J=s1024"",""caption"":null,""width"":1920,""height"":1080},{""id"":""CIHM0ogKEICAgIChlsCflwE"",""url"":""https://lh3.googleusercontent.com/geougc-cs/AB3l90CKYaAqwsR2lrqzXFppvfSFkjIcdaUb5QP2WJxIqfKYGCPOhOu5MS5BtUVIvvKGcrnHvQ88KJfPj4tonAsZy3_urTyqR1xlinXmscBRUhyJoET9L_vaztFljchOA_U0Hbg9Fm7S7w=s1024"",""caption"":null,""width"":4000,""height"":3000}]"
ChIJK7FZRrpZ1y0Rt6vXaZEAGFg,Pantai Sembilan Sumenep,Ci9DQUlRQUNvZENodHljRjlvT201YVRuVjZPRUV6UmxFNVozWmtjVE5mTm1kdk5FRRAB,https://www.google.com/maps/reviews/data=!4m8!14m7!1m6!2m5!1sCi9DQUlRQUNvZENodHljRjlvT201YVRuVjZPRUV6UmxFNVozWmtjVE5mTm1kdk5FRRAB!2m1!1s0x0:0x5818009169d7abb7!3m1!1s2@1:CAIQACodChtycF9oOm5aTnV6OEEzRlE5Z3ZkcTNfNmdvNEE%7C0clhNHtyDc2%7C?hl=id,Clara Siregar,104570357607639002791,https://www.google.com/maps/contrib/104570357607639002791?hl=id,5,"Pantainya bersih banget, penduduknya ramah-ramah. Nyeberang naik kapal dari sumenep harganya 15rb/orang + buat ke pantainya bayar lagi 15rb/orang. Bisa main di pantai seharian. Seru bangett....",sebulan lalu,2025-09-14T14:49:54,,,,98,72,1,,,[],[]
ChIJ38K6-iPq2S0RFGbAc2cXUIU,Pantai Slopeng,ChZDSUhNMG9nS0VJQ0FnTUNJN2JYZEZBEAE,https://www.google.com/maps/reviews/data=!4m8!14m7!1m6!2m5!1sChZDSUhNMG9nS0VJQ0FnTUNJN2JYZEZBEAE!2m1!1s0x0:0x8550176773c06614!3m1!1s2@1:CIHM0ogKEICAgMCI7bXdFA%7CCgwIzvO8vwYQqMv23QI%7C?hl=id,Nathifa Dwi Hessaputri,100047025609048711230,https://www.google.com/maps/contrib/100047025609048711230?hl=id,3,"Lautnya indah ya tipe pantai yang banyak karangnya hati hati karangnya banyak yang lumutan di bawah batu dan karang karangnya kadang banyak kepiting kecil kecil, kutu laut, dan hewan lainnya yg kecil kecil di karangnya juga kadang ada pecahan kaca kecil kecil. Tipe pasirnya berwarna cokelat ke orenan. Sayangnya di pinggirnya banyak sampah dan kamar mandi sedikit. Banyak yang jual jajanan khususnya pentol gapek. Dan toko oleh olehnya ada cuma aga jauh sdikit dari pantai",6 bulan lalu,2025-04-04T01:45:50,,,,18,61,1,,,[],"[{""id"":""CIHM0ogKEICAgMCI7bXd1AE"",""url"":""https://lh3.googleusercontent.com/geougc-cs/AB3l90AI7hQVFZ2ZJISbdGfx0ONZaWKQXDs1etRqLGg0oPijjkovBXVj839kNWV14gPdRUF1Zq44iFUmZ2jnrMyVH8tr5rZ3ym1ywrcAgJ6-Q23qz4KUVitz_0vDKtt45K-11NQYv6Krbg=s1024"",""caption"":null,""width"":2992,""height"":4000},{""id"":""CIHM0ogKEICAgMCI7bXdNA"",""url"":""https://lh3.googleusercontent.com/geougc-cs/AB3l90CHFAPgSA31TUoV9sFusK1-TIwmSxU4HIGBPLtXq0VLa5WoKeN0s-ky6JwRc9eqnSjI6MdlCXUFzlAgkOi1_0hajTTDJPKRXbeY5yohESyeAgdOeRb2zd7LamlrnYkwMxjwJMDz=s1024"",""caption"":null,""width"":2992,""height"":4000},{""id"":""CIHM0ogKEICAgMCI7bXdtAE"",""url"":""https://lh3.googleusercontent.com/geougc-cs/AB3l90BBtFahQjKLr6Zl5vTJcr4LoF44IT1jY1p4rbCqLCFgimI6y1l0wEWFRxCYh-mMqaWs1JFFftyt3G0g_a5ziUXF0phzqEn73dC4Jv6yV9VCvDLF7jFez3fT3d0wreYJGjNy2UpRcQ=s1024"",""caption"":null,""width"":2448,""height"":3264}]"
ChIJ38K6-iPq2S0RFGbAc2cXUIU,Pantai Slopeng,ChdDSUhNMG9nS0VJQ0FnTUNJLXZpOXZRRRAB,https://www.google.com/maps/reviews/data=!4m8!14m7!1m6!2m5!1sChdDSUhNMG9nS0VJQ0FnTUNJLXZpOXZRRRAB!2m1!1s0x0:0x8550176773c06614!3m1!1s2@1:CIHM0ogKEICAgMCI-vi9vQE%7CCgsI6IivvwYQ2OSWOQ%7C?hl=id,Rifki Aulia Rahman,107603466396124900029,https://www.google.com/maps/contrib/107603466396124900029?hl=id,2,"Pantai Kotor, Sampah berserakan. HTM 20k perorang 10 ribu per mobil
Ditawarin tanpa karcis jadi 10k perorang

Air wudhu mati, air km mati, kebersihan buruk",6 bulan lalu,2025-04-01T10:48:08,,,,13,22,1,,,[],"[{""id"":""CIHM0ogKEICAgMCI-vi9Aw"",""url"":""https://lh3.googleusercontent.com/geougc-cs/AB3l90CteVNjowatLY7_EjnodZdYcnPKuJYS8i-laReGWuPwd_h0WcRgb2V-6DNfwIsvIFVnFWT2y_TayjvHnlUdW5hZqrPGOoXsVmmr2ZlTttrdGgOdv3PoHHSS-X5SorVn4o9yQ1si=s1024"",""caption"":null,""width"":3000,""height"":4000},{""id"":""CIHM0ogKEICAgMCI-vi9gwE"",""url"":""https://lh3.googleusercontent.com/geougc-cs/AB3l90BsEwqXlSH-4pu1IbsFlVuDKQRm1w0meiFWLST_YM5_pbG8YufBuhSNO_AZmxmfpT6DHPV2qyOhxXEXRRlJ-YtWeZQ4F5hxVKwyk9GYQY_JhCR3PtdHfmgjSQsyajW1ttUAhNQl=s1024"",""caption"":null,""width"":3000,""height"":4000},{""id"":""CIHM0ogKEICAgMCI-vi9Qw"",""url"":""https://lh3.googleusercontent.com/geougc-cs/AB3l90CLnZ8Z1bGPsHRd7mIbHHnrtHZUHh5byngivgiTqNdUQ7NsxfqEnsPwdkePdz6orelxxVjdb-7EuyYJVos7uyUgFGsTB_vbSK5yakVfeYwZsM46lVMdoKovhRmOxPnZmMKn-Xe1=s1024"",""caption"":null,""width"":3000,""height"":4000},{""id"":""CIHM0ogKEICAgMCI-vi9wwE"",""url"":""https://lh3.googleusercontent.com/geougc-cs/AB3l90Dx4jo_SFghyn6i0VURpa0vrlwaRYl3JxTIvI2UI2L9OPv7UYE1a94rK72z0asIWypq0tdIiPTxUVt_t7dMH0thtHRxjytM-qiNKQE0S70AL_vrG_qkKah9nFlfQWMBpln1hFiGmA=s1024"",""caption"":null,""width"":3000,""height"":4000},{""id"":""CIHM0ogKEICAgMCI-vi9Iw"",""url"":""https://lh3.googleusercontent.com/geougc-cs/AB3l90CkoVTxjYf411d16YkDfa4rk2opSdHnOKdmUDhiXi7xMugDIp7PE-oQALHtnll0qLdm4cB5CtH6Wl6-pLyiVMjBCMj9iMonXkAnYTqmGxXtJbtIZKwRRYpIKuX2xsJzXD0ma_E=s1024"",""caption"":null,""width"":3000,""height"":4000},{""id"":""CIHM0ogKEICAgMCI-vi9owE"",""url"":""https://lh3.googleusercontent.com/geougc-cs/AB3l90CSi1-0wGVg5Q8RLCphiuTft0uI8m06PZTDUJMH7dc6z1bP4L6nusJqeuDc4LeLXy4HfpO1yAeQYHzcYUqDGJOxF2K0JrHQfDWtodoP_XYG55mMjPGMZCJRbcoi4E50eXUf9Tra=s1024"",""caption"":null,""width"":3000,""height"":4000},{""id"":""CIHM0ogKEICAgMCI-vi9Yw"",""url"":""https://lh3.googleusercontent.com/geougc-cs/AB3l90D1U42fW9bXa-lzKu0xgibAYzlCZGjeTkIbGVtmFFcdj5TzO5j9fchGsw6QkUxDwMYFndvuMAx2CR6ooNrdgqFrs_UjUAqKS0ySWDsJtAVrdlIG78_fMqzSKo3F2WXNQ2JmQkdL=s1024"",""caption"":null,""width"":4000,""height"":3000}]"
ChIJ38K6-iPq2S0RFGbAc2cXUIU,Pantai Slopeng,ChZDSUhNMG9nS0VJQ0FnTURBeDl5SUpREAE,https://www.google.com/maps/reviews/data=!4m8!14m7!1m6!2m5!1sChZDSUhNMG9nS0VJQ0FnTURBeDl5SUpREAE!2m1!1s0x0:0x8550176773c06614!3m1!1s2@1:CIHM0ogKEICAgMDAx9yIJQ%7CCgsIyrCxvQYQ-In8ag%7C?hl=id,Andi Brata,112704627129612447677,https://www.google.com/maps/contrib/112704627129612447677?hl=id,4,Salah satu pantai madura yang sudah lama dan masih bertahan hingga sekarang. Banyak penjual makanan jadi tak perlu khawatir kelaparan. Untuk pasir bersih namun bagian pojok ada beberapa plastik kotor jika dibersihkan maka area bermainnya lebih luas. Harga tiket masuk dan parkiran normal.,8 bulan lalu,2025-02-12T08:14:02,,,,1576,5100,1,,,[],"[{""id"":""CIHM0ogKEICAgMDAx9yI5QE"",""url"":""https://lh3.googleusercontent.com/geougc-cs/AB3l90CRBIT8N0cMMlOZEvzF8ay735BeRZGQje6J0t_K0y4n2NMJN9pZ55mFSo8AwKQRXG4mWa9jNxOjLYsxYkpHmeF3xBuNC3fvfStYH-KkPq42PQUWRu3eJp1fehTswNCW-nqUNIh2fA=s1024"",""caption"":null,""width"":1080,""height"":1920},{""id"":""CIHM0ogKEICAgMDAx9yIFQ"",""url"":""https://lh3.googleusercontent.com/geougc-cs/AB3l90A5QuauBjY60I91VNQE34ngBpVt6A3Xj2Hj1iKVuBbTq5n3o3uEhOGfHCTilJDjCBCs2JLP3bQlbhYlFoWfUF2WAdfsMG7RWZ-T52AnO5t4enEgD5pVVp2XVG-GTBXa4xJH_B6Q=s1024"",""caption"":null,""width"":1080,""height"":1920},{""id"":""CIHM0ogKEICAgMDAx9yIlQE"",""url"":""https://lh3.googleusercontent.com/geougc-cs/AB3l90BR2jUyBVCtqJUYYLKSu1DA-PGIYkb1jhQxEK3p9sMrNlRwmA_GNODzW0aZIAVey86lHZniLo2joRGsOjIPLddI6_8sebQi6-4u2omgrFzJRWk4WScYtxdB0VN2r1T9tEYi50Jj7w=s1024"",""caption"":null,""width"":1080,""height"":1920},{""id"":""CIHM0ogKEICAgMDAx9yIVQ"",""url"":""https://lh3.googleusercontent.com/geougc-cs/AB3l90C5Xd55gu0aZaauKUBugGeZ2ov3uZseO1-jziI_OrzRhdu48W8S5RbkFk5mebpILn7VWMUyrOLvP9yOOn8yRLc1lrNZgmDCPl_g5FMygwB4aRomjuVUBzcWQAS_qoo-AKw5uLuj=s1024"",""caption"":null,""width"":1080,""height"":1920},{""id"":""CIHM0ogKEICAgMDAx9yI1QE"",""url"":""https://lh3.googleusercontent.com/geougc-cs/AB3l90BIZ-cmTgX5-XtWhi0uStG_eP1k6CrNXbyvh9NaXWzDsL4SnF3ijNqjU14q8ZW8SrZmjzpLiG1jrTQzX5vxncpsqo5CFpRDPldCtU0OgfszE-Rm2WOpVpfKiMFh5kBinXMEpXDkWA=s1024"",""caption"":null,""width"":1080,""height"":1920}]"
ChIJ38K6-iPq2S0RFGbAc2cXUIU,Pantai Slopeng,ChZDSUhNMG9nS0VJQ0FnSUNIa05Hb0VnEAE,https://www.google.com/maps/reviews/data=!4m8!14m7!1m6!2m5!1sChZDSUhNMG9nS0VJQ0FnSUNIa05Hb0VnEAE!2m1!1s0x0:0x8550176773c06614!3m1!1s2@1:CIHM0ogKEICAgICHkNGoEg%7CCgsIg_jJtgYQwL_xcw%7C?hl=id,Yanuar Dwi Ramadhan,113337406492152238427,https://www.google.com/maps/contrib/113337406492152238427?hl=id,3,"Kami datang kesini ketika Ba'da sholat Jumat.
Sebenarnya pemandangan yg disajikan sangat bagus karena didukung view air laut biru dgn hamparan pasir putih halus.
Namun ketika kami datang, banyak warung yg masih tutup, belum ada wahana seperti ATV dan berkuda alias masih sepi 
Tempatnya cukup bersih namun sangat perlu diperhatikan oleh Dinas setempat terkait fasilitas, kebersihan, kuliner agar lebih menarik minat pendatang ",setahun lalu,2024-08-31T02:07:38,,,,9,17,1,,,[],"[{""id"":""CIHM0ogKEICAgICHkNGo0gE"",""url"":""https://lh3.googleusercontent.com/geougc-cs/AB3l90Al2EMlIrCS2XJCeogRoCVb9vNiZWQrn24w9c63bbpfp6ZXXJw7UrWzesBA201KYOYPgoVb86Vm5enGUefjkPUigL4MYno2XyMDpHNw6XOJ5o6L4h4w85zmB2zJbLJBfZEO_75Igw=s1024"",""caption"":null,""width"":1080,""height"":1920},{""id"":""CIHM0ogKEICAgICHkNGoMg"",""url"":""https://lh3.googleusercontent.com/geougc-cs/AB3l90BQBVwCVy9RX84sm6svSRBRcWeYorPGtKpNxXVf0X3mHEyw0BNCs9pEee1G4JZHoDlP1JSiUC1UmKJCpbVCBFOHgt-hs_2ruITQJeiR-XTNY_8jfkeRh_MoT4yjyZNPIBedHJRc=s1024"",""caption"":null,""width"":3024,""height"":4032},{""id"":""CIHM0ogKEICAgICHkNGosgE"",""url"":""https://lh3.googleusercontent.com/geougc-cs/AB3l90CR6-zwhcuXZqkx1HcuMrQyAqePJhos6XPH5QWstKZuvSY3cVxFZtZrtTFrmiyhiq73rfgdszmTbINvHl4tPG2v4-QlOFDJ1I77uN5qtYGKhjgX0vRwT3-TLQSmihXBymS8bWwffQ=s1024"",""caption"":null,""width"":4032,""height"":3024},{""id"":""CIHM0ogKEICAgICHkNGocg"",""url"":""https://lh3.googleusercontent.com/geougc-cs/AB3l90BHF9X1GwE2Aaeqmv1yLaKLCyFNgiwokfX0r_AiygrFbL-57dQ_e061vpdgtriVotDl8Q_6ZLw0OoWBTxwLUxXwF-StfZGMAD7IVcP80BysS0hN4zypJ3cTAAxwwNy2O0UZaMTL=s1024"",""caption"":null,""width"":4032,""height"":3024},{""id"":""CIHM0ogKEICAgICHkNGo8gE"",""url"":""https://lh3.googleusercontent.com/geougc-cs/AB3l90ABU0_7rkbbSOgz7LPf853hW3RNQ1oxEvjG9FVvB2eIM9cGK2Uc35tpqt3G_a29UaHa27-qqLTJlkgV2ciLo3DNUs-yRBpRdfkZB3k97wsqQNM2D2PzON7UXLYV8VQXnXhO1u9g=s1024"",""caption"":null,""width"":3024,""height"":4032},{""id"":""CIHM0ogKEICAgICHkNGoCg"",""url"":""https://lh3.googleusercontent.com/geougc-cs/AB3l90Cs8ABrLY9hAbzYiQNT8xN2snF47ZyhmaJATnKk17YtrvZJki8FdXbbEdi5OtRIAKKHcpLwSGYF3iXL2YkpfRyqysagInVfrs9rs35Zg7x7C_ACFDTCJvAnD7qzOQcTTGOssM4=s1024"",""caption"":null,""width"":5712,""height"":4284},{""id"":""CIHM0ogKEICAgICHkNGoigE"",""url"":""https://lh3.googleusercontent.com/geougc-cs/AB3l90AWwxAmZgUwWHVL7YY9UCaSj_PQMc_xZs8afN95eAbE-QTCurMZ-xr5gUsatbqdFeWukzgKt6EzlazSCkVnnZgiJzYBXvT6CUSM7eAefc6nj0U_bxzB1a_lz586nBLQw5KJRm1UEg=s1024"",""caption"":null,""width"":5712,""height"":4284},{""id"":""CIHM0ogKEICAgICHkNGoSg"",""url"":""https://lh3.googleusercontent.com/geougc-cs/AB3l90CfSGEuB30m1jH_ITssZLPGQh1Y9KUD26XKimZ4JaZxBjcYOvr7LwQeox3QX9C6rWy3cqV_ZS9tz50UnCj0gCJwL9G4Vrq6uB38ixbS7g-XY1D6BudmT1UKWDipiXmPer4hOuZT=s1024"",""caption"":null,""width"":4032,""height"":3024},{""id"":""CIHM0ogKEICAgICHkNGoygE"",""url"":""https://lh3.googleusercontent.com/geougc-cs/AB3l90ClMMzW_5Iim5hBWLxNJvgluydxw8BLVUzMnayb_ZFZJcul9DKOy96a1xkA3H4WaltPOq5V1S5ViOPkqGdn--YENKCla6CeCP1P9YSyM2FKwGy5oajPwmNrEh-NXFnRUBOSEjbNGw=s1024"",""caption"":null,""width"":3024,""height"":4032},{""id"":""CIHM0ogKEICAgICHkNGoKg"",""url"":""https://lh3.googleusercontent.com/geougc-cs/AB3l90DmOPjNgXovr3mpTb_DlVia9K7bJTDYoLGPG6CbUXUVdS4BLjOHABZ5WO905rSiy5civRvpSFMifh6_eYkhRA6YElVZXy8O2nSipPNttuCPuzJGGwVGpPhSON9pgwlGPVE7YBOE=s1024"",""caption"":null,""width"":3024,""height"":4032},{""id"":""CIHM0ogKEICAgICHkNGoqgE"",""url"":""https://lh3.googleusercontent.com/geougc-cs/AB3l90DZQQGiXAABYodLSnA1UuhILz942fUlKiG7u22gxOp9ZCiF8INA07IYXvj_rWMrfcOPxUsvhN-Y6jaFlEILiNWny5J9Nb6DFcN_SJq0B3NZhAZpY3y-zqMJnqdoL2SmzXj1Wxg_=s1024"",""caption"":null,""width"":4032,""height"":3024},{""id"":""CIHM0ogKEICAgICHkNGoag"",""url"":""https://lh3.googleusercontent.com/geougc-cs/AB3l90DNss_m6UequJ8t8D-G5mACuHDZ4MFPDGFzbjN-1jOd5MbPfgrqR7xrF_N4lkwZ7R9ZNruI3uEJA85016NG0SfXgvpBcouvsGc8XTMY88f-03jFWxkeScHsTdCSkry3siSOlZk=s1024"",""caption"":null,""width"":4032,""height"":3024}]"
ChIJ38K6-iPq2S0RFGbAc2cXUIU,Pantai Slopeng,Ci9DQUlRQUNvZENodHljRjlvT21SSlUyeGtSbWhIV1Y5S1pGOVZka1ZGZEU5cVZHYxAB,https://www.google.com/maps/reviews/data=!4m8!14m7!1m6!2m5!1sCi9DQUlRQUNvZENodHljRjlvT21SSlUyeGtSbWhIV1Y5S1pGOVZka1ZGZEU5cVZHYxAB!2m1!1s0x0:0x8550176773c06614!3m1!1s2@1:CAIQACodChtycF9oOmRJU2xkRmhHWV9KZF9VdkVFdE9qVGc%7C0ceH1IX8emm%7C?hl=id,Ivan Prayoga,101605894012358794126,https://www.google.com/maps/contrib/101605894012358794126?hl=id,5,"Pantai Slopeng di Sumenep adalah destinasi wisata bahari yang memikat dengan pasir putih luas dan garis pantai yang panjang. lautnya biru jernih, cocok untuk bermain air maupun menikmati pemandangan. Daya tarik utamanya adalah bukit pasir yang unik, menjadikannya spot foto alami yang menawan. Selain itu, pengunjung juga bisa mencoba pengalaman seru dengan naik kuda atau menjelajah pantai menggunakan motor ATV. Suasananya sejuk dengan angin pantai yang menenangkan, sangat pas untuk rekreasi keluarga atau liburan santai. Fasilitas cukup tersedia, harga tiket terjangkau, dan warga sekitar ramah. Pantai Slopeng benar-benar memberikan pengalaman liburan yang indah dan ramah di kantong.",sebulan lalu,2025-08-23T01:59:47,,,,84,1042,1,,,[],[]
ChIJ38K6-iPq2S0RFGbAc2cXUIU,Pantai Slopeng,ChdDSUhNMG9nS0VJQ0FnSUR6cU1pTTJnRRAB,https://www.google.com/maps/reviews/data=!4m8!14m7!1m6!2m5!1sChdDSUhNMG9nS0VJQ0FnSUR6cU1pTTJnRRAB!2m1!1s0x0:0x8550176773c06614!3m1!1s2@1:CIHM0ogKEICAgIDzqMiM2gE%7CCgwI_7qKswYQqN_9kAM%7C?hl=id,Putri Nurina,106072233286514184068,https://www.google.com/maps/contrib/106072233286514184068?hl=id,3,"Ke sini sore hari, pengunjungnya tidak begitu ramai dan air laut surut, ombaknya tidak begitu besar.
Suka sama tekstur pasirnya yang lembut. Berbeda dengan Blitar, yang tekstur pasirnya msh jelas butiran2nyaa keindahan ciptaan Allah tiada obat, masyaallah

Untuk kebersihannya kurang dan harus ditingkatkan lagi, banyak sampah-sampah berserakan, kalau ini bukan hanya PR petugas sini saja, tapi juga kesadaran pengjung untuk merawat alam kita",setahun lalu,2024-06-07T05:41:19,,,,47,151,1,,,[],"[{""id"":""CIHM0ogKEICAgIDzqMiMRg"",""url"":""https://lh3.googleusercontent.com/geougc-cs/AB3l90CZmBp-_ncXBLhc-EEpsCHd0cAySxSoBBTkg5xbkJE7aTGm-X7ad2HYika1x22v3AgLxDUiA1Kwfg2m-RUCrEV9KLgf859iVurP38ecsmDXxO0AM3_Y5-MjIGHWfehF-_Kh4I9H=s1024"",""caption"":null,""width"":720,""height"":1280},{""id"":""CIHM0ogKEICAgIDzqMiMeg"",""url"":""https://lh3.googleusercontent.com/geougc-cs/AB3l90BbMuc-UhEkgfb2JrS4Xgvf0rU-DjlOl_Tug9TnOfMl8WUWP0_-qwJgggHIV863umNuDb0eGmua12HWz02cqR9viV-tpTzEO4Y_yF8Ep2BlaKe92D4pX_xx8Pk7wZ1-YttE01sI=s1024"",""caption"":null,""width"":1200,""height"":1600},{""id"":""CIHM0ogKEICAgIDzqMiM-gE"",""url"":""https://lh3.googleusercontent.com/geougc-cs/AB3l90B8hBSVmyxMT5YqeLyj2c1kFmvWDm1lePc49keDHmMAECLjDeTzx09NIuG4jc0MtRI72WRkMYI5X04tyK3tDFUkOgDIpOzn_QpUYOBHUyG-s3JzdvcNT6Y0P1_tCmQ7oBxbInIXsw=s1024"",""caption"":null,""width"":3072,""height"":4080},{""id"":""CIHM0ogKEICAgIDzqMiMBg"",""url"":""https://lh3.googleusercontent.com/geougc-cs/AB3l90A_BAck77JxQyOBs92KBkT2NUBrmOYUR2aCRqAWTeE79QX8nSraK3YTyzteqMAAZaq1HzS_B5Op0lqs4bL4lunTGisvbqSIjmjk-Phw8i5UHFzJNFdJwR8q6-oSyhTAWoN6TcJT=s1024"",""caption"":null,""width"":3072,""height"":4080},{""id"":""CIHM0ogKEICAgIDzqMiMhgE"",""url"":""https://lh3.googleusercontent.com/geougc-cs/AB3l90CaRI3f51Wn2TMBsqGddum_UEAqgWmZFtYTPnjx3junJyH1wMZrYM9KQImYvPylFcjIIMU-nyDOdKQZy5tOlb6BGshR1RAMKZfUenZXHXMrsojyiQI3P3SBDhf-FsjDflMyOCYD=s1024"",""caption"":null,""width"":3072,""height"":4080},{""id"":""CIHM0ogKEICAgIDzqMiMxgE"",""url"":""https://lh3.googleusercontent.com/geougc-cs/AB3l90CMfJpbufnxJ8gTlnwABjEZXKUWPBgEJGgUGwzMB8IP5BBHCiyc2hADwqSPMhzDRMB_oO2vNwV2ADAyEZ2ZxywweHS0ZKN09F9XagK-nwe5EVHWWD6D0F4cw4Ut1Ehd_d3iqDHd=s1024"",""caption"":null,""width"":720,""height"":1280},{""id"":""CIHM0ogKEICAgIDzqMiMJg"",""url"":""https://lh3.googleusercontent.com/geougc-cs/AB3l90CYYqwsB7c_dBC4X05z89JZFU1yP_TC8-C93fnKkYnsW9497K-SNaLfHXFSt0_9yiUojxWeS7H3l7uMIpO8t1Pu02HF9-IgRygxIMtSudYYKNHHNdE8YLndCKvOVALxOfj83erD=s1024"",""caption"":null,""width"":3072,""height"":4080},{""id"":""CIHM0ogKEICAgIDzqMiMpgE"",""url"":""https://lh3.googleusercontent.com/geougc-cs/AB3l90AFGspRnvsAmP7DQnyzmYpkluk7g0RQv9BXqSPcHY4x70--C9wyceYAZEnR2gGBcI_zQDz3imY4D6a5uKIfWIgJF0_7abmyFGCUmBuLMvT6rIpKXQVlfNKqHaEQlis9yFdTxiQaCQ=s1024"",""caption"":null,""width"":3072,""height"":4080}]"
ChIJ38K6-iPq2S0RFGbAc2cXUIU,Pantai Slopeng,ChZDSUhNMG9nS0VJQ0FnTUNJeWZDTEpnEAE,https://www.google.com/maps/reviews/data=!4m8!14m7!1m6!2m5!1sChZDSUhNMG9nS0VJQ0FnTUNJeWZDTEpnEAE!2m1!1s0x0:0x8550176773c06614!3m1!1s2@1:CIHM0ogKEICAgMCIyfCLJg%7CCgwIy-a3vwYQ6LvAywM%7C?hl=id,luluk lailiah,105037131365290104849,https://www.google.com/maps/contrib/105037131365290104849?hl=id,1,"Pantainya disko'an..
Kayak mantenan ae..
Sy pribadi pemudik, merasa tak nyaman..

Alam pantai mnrut sy sudah indah dg yg alami, lebih asri suara desiran ombaknya tergantikan dg dangdutan yg aahhhg.... Mengubah keindahan alaminya..",6 bulan lalu,2025-04-03T02:32:43,,,,4,4,,,,[],"[{""id"":""CIHM0ogKEICAgMCIyfCL5gE"",""url"":""https://lh3.googleusercontent.com/geougc-cs/AB3l90DaqKu26clQhvZ7BMMJwsk4Y2mVI-ogj9e3iTN7OUYE5k7D3CDlbxHtJyavZ9vRQ7vmubEnZnpkN3LsQb7Tw1bjazqTYnacHxzjHFywd0eC2XdZfZI4MIMy-wkjhbFDBYosRm9dAw=s1024"",""caption"":null,""width"":3048,""height"":4064}]"
ChIJ38K6-iPq2S0RFGbAc2cXUIU,Pantai Slopeng,ChdDSUhNMG9nS0VJQ0FnSUNQeU52LTNBRRAB,https://www.google.com/maps/reviews/data=!4m8!14m7!1m6!2m5!1sChdDSUhNMG9nS0VJQ0FnSUNQeU52LTNBRRAB!2m1!1s0x0:0x8550176773c06614!3m1!1s2@1:CIHM0ogKEICAgICPyNv-3AE%7CCgwInOL6uQYQqIme1QM%7C?hl=id,Jelajah Surga Nusantara,109305670718855515059,https://www.google.com/maps/contrib/109305670718855515059?hl=id,4,"Pantai Slopeng, salah satu pantai yang berada di Utara Pulau Madura. Pantai ini areanya cukup luas. Akses menuju lokasi sudah jalan aspal yang masih bagus, namun lebar jalannya cukup sempit.

Area parkir untuk kendaraan berada di depan area setelah gerbang masuk, areanya cukup luas, muat untuk mobil dan bis keluar masuk.

Pantai ini masih sepi pengunjung dan seperti masih kurang terawat, fasilitas masih banyak yang rusak.

Tiket masuk juga bisa dibilang cukup mahal kalau melihat dari fasilitasnya yang kurang memadai.",10 bulan lalu,2024-11-21T04:03:40,,,,236,907,1,,,[],"[{""id"":""CIHM0ogKEICAgICPyNv-fA"",""url"":""https://lh3.googleusercontent.com/geougc-cs/AB3l90DUVL47K-dspDh1jtxh57ZgknKwCXAG19EnYRkYINrQar9uhZCn6l2u1GWExjH5izgzCHw9LQWHghoUsdkp4X4uUjMwNfledKdZDqel5LplXLx3NQ0w0o8VUnxlWUbQJlucKMq2=s1024"",""caption"":null,""width"":1080,""height"":1920},{""id"":""CIHM0ogKEICAgICPyNv-_AE"",""url"":""https://lh3.googleusercontent.com/geougc-cs/AB3l90Cjp5sfXgkM0lULI_Fat4fv2RDDDOneNKJPRob_X4hEX4Y0HZsxdapes33ve6s1wFkhLeW5AEGwH4rDONBDBYXgwGWSzFfnWcOjR_61pCgYD3JUwHvu8VfsCE7OQ95nVJlV4Oi-XQ=s1024"",""caption"":null,""width"":1080,""height"":1920},{""id"":""CIHM0ogKEICAgICPyNv-Ag"",""url"":""https://lh3.googleusercontent.com/geougc-cs/AB3l90DRPOm7K_zPPbyuAipFQXwYmGrJFXg6A1Kghtx1_-a61XQBhLx9R3T79xFlLUeaQ3r4BR6d7pieEakdrU218rQRTdUmrCEJ8ZwDVWCpawfNix0tj7QJdtT_i3VYQ0Au5RkGoV0=s1024"",""caption"":null,""width"":2250,""height"":4000},{""id"":""CIHM0ogKEICAgICPyNv-ggE"",""url"":""https://lh3.googleusercontent.com/geougc-cs/AB3l90CqZLc6-Sh5TvWVvMBSaHDVgbGKMKJ06CcXp4sJyiPxsLWbAcQ2SZych8s0NN7FW8SMH6nu8XfZziIdng08_a2XhFpwJAgt3zM6wd0UUfPc_9G-NuF1V81pidnhULS8Yno0gwbngw=s1024"",""caption"":null,""width"":1080,""height"":1920}]"
ChIJnyIruV_j2S0RnurBImAySUs,Pantai e Kasoghi,ChZDSUhNMG9nS0VJQ0FnTURJaE5IRVpnEAE,https://www.google.com/maps/reviews/data=!4m8!14m7!1m6!2m5!1sChZDSUhNMG9nS0VJQ0FnTURJaE5IRVpnEAE!2m1!1s0x0:0x4b49326022c1ea9e!3m1!1s2@1:CIHM0ogKEICAgMDIhNHEZg%7CCgwIjpvNvwYQ6M_09QE%7C?hl=id,Skaaleta_,109969970009060833468,https://www.google.com/maps/contrib/109969970009060833468?hl=id,1,"Dulu pernah kesini masih oke banyak pengunjung, tp ternyata skrg udh ga work it lagi buat di kunjungi, mungkin kurang dpt perhatian dr pemerintah setempat ato gmn g tau tp di sini masih ada polisi yg jaga",6 bulan lalu,2025-04-07T03:59:10,,,,3,3,,,,"[{""name"":""Waktu kunjungan"",""value"":""Hari libur nasional""},{""name"":""Waktu antrean"",""value"":""Tanpa mengantre""},{""name"":""Sebaiknya buat reservasi"",""value"":""Tidak yakin""}]","[{""id"":""CIHM0ogKEICAgMDIhNHytQE"",""url"":""https://lh3.googleusercontent.com/geougc-cs/AB3l90DqKTZAorcxFjiZAMWUyeCROSlo79J9FcGjiwYcObKsgPQP2tYN32mcAq2WWr__bgY1opX0gu1hRxrplEJN37xMxIHYibnag6FB0f7yR2xlhpn_OhFtXUEjIMNwv1UAiNE7BrXEtg=s1024"",""caption"":null,""width"":2156,""height"":2880},{""id"":""CIHM0ogKEICAgMDIhNHydQ"",""url"":""https://lh3.googleusercontent.com/geougc-cs/AB3l90Cnim2ug6wpvwSkmWxAMz2WOwxSQxYBHLMey8dXrkeZe-8JscFS_a_G7wz92A5E2br-LfHi61zfxbypXhkuo34ZEXgSYYugqI5xbeyBjgTe1scW4kdp6uqGr23ZmLtKdhui40NU=s1024"",""caption"":null,""width"":2156,""height"":2880},{""id"":""CIHM0ogKEICAgMDIhNHy9QE"",""url"":""https://lh3.googleusercontent.com/geougc-cs/AB3l90CD1TnjcUwQZ3tf3wp71fSTeOGUOBnjKzYTsgW5i8GalcsuV695hla7UHUVevbA7pcSu9kOS0yrcq1UJH5kdvbv1RwUtb-UgZyqI-Q70lDy4zinw2Zsk7IMLMr4I-R53yVIjmFeHA=s1024"",""caption"":null,""width"":2160,""height"":3840},{""id"":""CIHM0ogKEICAgMDIhNHyDQ"",""url"":""https://lh3.googleusercontent.com/geougc-cs/AB3l90BUSIbxC9_QsxylVRkGK8M_6KZI0KXNvCfCu8odrRHQ1N9rKmPk4I4I3v7faNGf7_XJHOX3zLODUmCGgV22UMHaUrz7xIEGYhNXhpLN2_sXBdMkw7z0IAP7BhysCG79d011KOHO=s1024"",""caption"":null,""width"":1546,""height"":1751}]"
ChIJnyIruV_j2S0RnurBImAySUs,Pantai e Kasoghi,ChdDSUhNMG9nS0VJQ0FnSURfdWFIVXJnRRAB,https://www.google.com/maps/reviews/data=!4m8!14m7!1m6!2m5!1sChdDSUhNMG9nS0VJQ0FnSURfdWFIVXJnRRAB!2m1!1s0x0:0x4b49326022c1ea9e!3m1!1s2@1:CIHM0ogKEICAgID_uaHUrgE%7CCgwIzLvTvAYQuPDksAI%7C?hl=id,Afifa Mumtaza,109579324865220894210,https://www.google.com/maps/contrib/109579324865220894210?hl=id,4,"Walau tidak terlalu luas dan harus berjalan kaki dari parkiran sekitar 5 menitan, pemandangan nya bagus, adem, ombaknya tidak terlalu kencang, cocok untuk berenang dan bermain pasir bersama keluarga.",8 bulan lalu,2025-01-25T12:49:16,,,,24,245,1,,,"[{""name"":""Waktu kunjungan"",""value"":""Akhir pekan""},{""name"":""Waktu antrean"",""value"":""Maks 10 mnt""},{""name"":""Sebaiknya buat reservasi"",""value"":""Tidak""}]","[{""id"":""CIHM0ogKEICAgID_uaHUHg"",""url"":""https://lh3.googleusercontent.com/geougc-cs/AB3l90CQh7HR8wdw9X55XW2ZE3hIuSLrFTAzEzs0Yvyw4dyZJVMK3WcTCCo1FgEaen5EicxU0fF7eWmN_9hcB4D7q23KyULNu7c7hA-okZa5Ex27bjyX151vjft3hq3RpIGhcj4FVZcA=s1024"",""caption"":null,""width"":4160,""height"":3120},{""id"":""CIHM0ogKEICAgID_uaHUngE"",""url"":""https://lh3.googleusercontent.com/geougc-cs/AB3l90DZd71oHbxyZ9nXXYDiuz9gJz_ZNvoRwd0UUT8CxgVh89bG1Th8GdzwLOw0MIP2DakZQG07geD_cxGyIpafvzDhhgkTTPzRdqBodq1YAULJWUD7Au7lrXmQTF9TZebja-UAQ_WVyg=s1024"",""caption"":null,""width"":2304,""height"":4096},{""id"":""CIHM0ogKEICAgID_uaHUXg"",""url"":""https://lh3.googleusercontent.com/geougc-cs/AB3l90Apes6vZKz63TEPcqBvLqboSt_8N09Sk_TwIhJZoMQwQvpSTah5VrWSZCUx6F3_IwPYHRpXy-DDwfca2AGIptgKBAEgicMHTWApbADqpLQra3_mq-_H74IFMmwTv4d32lCKyvp3=s1024"",""caption"":null,""width"":3120,""height"":4160},{""id"":""CIHM0ogKEICAgID_uaHU3gE"",""url"":""https://lh3.googleusercontent.com/geougc-cs/AB3l90CwR5xLz9LV2r1sBsZ98urAOKLE_-fC2uXeNkvGm-AwwpQDEcpGBTFSCIqbTPRIekV14FpHaYBmUHv2IjfhYeqVY_aufajhSBvBf8dgxtPhL4XlIRLzoqMqw4laLC3ldFgB_4XqPg=s1024"",""caption"":null,""width"":3120,""height"":4160},{""id"":""CIHM0ogKEICAgID_uaHUPg"",""url"":""https://lh3.googleusercontent.com/geougc-cs/AB3l90AxStrXX4kxei8XVYA3lF8r57Gk5EX_aE-vr3Eg87g1at6mfv4NuHcG3nVG0c-G0yxkYcvmoKOZhdXMaXD9J5tyq3A7ukPsSzyWQu4bvGJxRrFfmS_AKYYdCX-g7laEl3LBz9XZ=s1024"",""caption"":null,""width"":2304,""height"":4096},{""id"":""CIHM0ogKEICAgID_uaHUvgE"",""url"":""https://lh3.googleusercontent.com/geougc-cs/AB3l90AnnKc-3JnTHNaoz9GpFRCvsYgQlggn2zRnGuaM9UnJa6j6Hv_umLuU0t7IqNdNs3g9OO1aeOt6PPV42na_0Y9SZZa_NZhxRoOUFCfLieN1hQcAr-xgGL28OdvVCQZfIql5hcFS5A=s1024"",""caption"":null,""width"":4096,""height"":2304},{""id"":""CIHM0ogKEICAgID_uaHUfg"",""url"":""https://lh3.googleusercontent.com/geougc-cs/AB3l90Di2C3mRf-hyUm4CXQfBiVY-vYH6WIr9_b3Wxf0jy_tdaSgQYy-r6JCnT5SFJsTl5VL63J0CpyE-6DESmFEdUz4PwjR-yo6u8mZt9x9Hqmv3UEJrFbo9ALerg_j_m1tY5ASEKul=s1024"",""caption"":null,""width"":4096,""height"":2304},{""id"":""CIHM0ogKEICAgID_uaHU_gE"",""url"":""https://lh3.googleusercontent.com/geougc-cs/AB3l90Be1pUXrup37Ru6SFxpfVzFj1NZFQpov_-JXjKjLqATa0z28eYmsPiO1kodI5oJokxdrNptZeBYsp-O8L8O0rjxPE-bCMd2l71maFJbPjs7CuTqMkP2VUjoluvtUY-SZSiYwkLMog=s1024"",""caption"":null,""width"":4160,""height"":3120}]"
ChIJnyIruV_j2S0RnurBImAySUs,Pantai e Kasoghi,ChdDSUhNMG9nS0VJQ0FnSURkcGVudTRnRRAB,https://www.google.com/maps/reviews/data=!4m8!14m7!1m6!2m5!1sChdDSUhNMG9nS0VJQ0FnSURkcGVudTRnRRAB!2m1!1s0x0:0x4b49326022c1ea9e!3m1!1s2@1:CIHM0ogKEICAgIDdpenu4gE%7CCgsI3Y3trgYQ8LXFBA%7C?hl=id,Santoso Imam,115222132890720158254,https://www.google.com/maps/contrib/115222132890720158254?hl=id,4,"Berlokasi di pinggir kota Sumenep,Pantai e Kasoghi bisa dijadikan destinasi liburan akhir pekan atau sekedar menikmati suasana pantai dengan nuansa pohon mangrove. Parkiran kendaraan agak jauh,sekitar 500m kalau tidak salah,tiket masuk 10rb/orang,kalau Camping 20rb orang. Untuk cafe ada,tapi hanya menyediakan minuma panas dan ada minuman dingin dari kulkas ya,tidak ada es batu,dan tidak ada makanan berat,harus bawa sendiri dari luar,semoga ada menu makanan kedepannya.",setahun lalu,2024-02-25T13:55:41,,,,115,704,1,,,"[{""name"":""Waktu kunjungan"",""value"":""Akhir pekan""},{""name"":""Waktu antrean"",""value"":""Tanpa mengantre""},{""name"":""Sebaiknya buat reservasi"",""value"":""Tidak""}]","[{""id"":""CIHM0ogKEICAgIDdpempRA"",""url"":""https://lh3.googleusercontent.com/geougc-cs/AB3l90B7EIPDn7xlfEevqVuEir__6VrlwNGUX_1mcnKxSXyJSJqxB2U6A5YbCM-fynmP78ZuyQnBYyxga9q-gnRG_-zLQepyd-d5pSMLN2jp6e6a85Ebulxnowg0Z_K4OlfjmK2N4tm2=s1024"",""caption"":null,""width"":3000,""height"":4000},{""id"":""CIHM0ogKEICAgIDdpempxAE"",""url"":""https://lh3.googleusercontent.com/geougc-cs/AB3l90BCe96fw4uwyLSHA-L9CLq-IQEsmTjih6kOq4zDTt_c7tpR9r3LP1B_snjgISLYBmvAGfQb4pe-EfRNSFfeTUHhVQmnjUF1Y0RiCyQBgFEbCcFzTurE2fD_hLfsNTUFKOPz_VXCpg=s1024"",""caption"":null,""width"":2448,""height"":3264},{""id"":""CIHM0ogKEICAgIDdpempJA"",""url"":""https://lh3.googleusercontent.com/geougc-cs/AB3l90A8Xod4Lm8pEfH_vidLa0YxQzXdWXSKuhrvo17eGR_hBXZ4TKgsNqt0Tb9JpNOOwZeNMTIhH4UIYhzE-JaVw94cgp3N5FVqX_GSxJ5nM7iXH1xhT7-RCD6X6Zc6i45uuckUXhQ=s1024"",""caption"":null,""width"":3000,""height"":4000},{""id"":""CIHM0ogKEICAgIDdpemppAE"",""url"":""https://lh3.googleusercontent.com/geougc-cs/AB3l90ChoUHxduFq5E9FvV_euh8MYJ8kWOG9AkNWNp2iBJ5HpzujByRipF3jW1EVpGKXArRnB8FXYxkmlieJmCk3Ju8M8yOyJ2cN8MOvQILe3FUSxw4p4OTIbF91F8eHlGgnaTwMqfeCng=s1024"",""caption"":null,""width"":2250,""height"":4000},{""id"":""CIHM0ogKEICAgIDdpempZA"",""url"":""https://lh3.googleusercontent.com/geougc-cs/AB3l90CFil-ah7YX6fn1SadFHlPf9kUgB0KP0OsLEV1Zw2e_Be9Ltx9b1wns8plPZ9OdXHV7q6-ayvCwbAiJvCCj9l9fahhkGoZ7eAmDDmxfaFJfpAZzH2bR5mq0ZRRxGFWkxBe_FVS4=s1024"",""caption"":null,""width"":3000,""height"":4000},{""id"":""CIHM0ogKEICAgIDdpemp5AE"",""url"":""https://lh3.googleusercontent.com/geougc-cs/AB3l90CjN0kSwzKFnaVRpJsWv4dEuTX1yuCfeZODuq9crJQodKw_-C433BzEntX813_yzW3Ey2CzNuZ49EdbWOv3_p635IXnuXix6B8tPgCwsdSd0Eq4JzpM57RWtwMk9ITr12EQ7T3XgA=s1024"",""caption"":null,""width"":3000,""height"":4000},{""id"":""CIHM0ogKEICAgIDdpempFA"",""url"":""https://lh3.googleusercontent.com/geougc-cs/AB3l90CNjTnrIpf-_obXAKj38u9JBrU-4mPe5P8bNpvBwZvzR7xNGwLAIxwBTqL4gf4qGdUmf-mfpsjkOpSi5pVWpazC1vweCeneNKsf_J6aheG85CqOQcyPLpEIGmpNtvFSQ-VWwBiU=s1024"",""caption"":null,""width"":3000,""height"":4000}]"
ChIJnyIruV_j2S0RnurBImAySUs,Pantai e Kasoghi,ChdDSUhNMG9nS0VJQ0FnSURSbmFEMXVnRRAB,https://www.google.com/maps/reviews/data=!4m8!14m7!1m6!2m5!1sChdDSUhNMG9nS0VJQ0FnSURSbmFEMXVnRRAB!2m1!1s0x0:0x4b49326022c1ea9e!3m1!1s2@1:CIHM0ogKEICAgIDRnaD1ugE%7CCgsI3bq_ogYQqPmSHg%7C?hl=id,Yeni Kusuma Ward,108175125293777166003,https://www.google.com/maps/contrib/108175125293777166003?hl=id,5,"Kedua kalinya ke pantai ini karena dekat dgn rumah mertua. Pertama kali kesini masih keurus bgt karena pertama kali buka, rumput masih hijau segar dan ada banana boat nya juga. Kedua kali kesini udah ga terawat terlebih di cafenya, padahal udah bagus bgt. Tempat nyaman, teduh, ombaknya kecil, ada mangrove juga dan banyak sekali kucing kecil. Jarak dr parkiran lumayan jauh ya jalannya.  But overall ok 
tiket masuk 10rb.",2 tahun lalu,2023-05-01T15:37:45,,,,8,12,,,,"[{""name"":""Waktu kunjungan"",""value"":""Hari libur nasional""},{""name"":""Waktu antrean"",""value"":""Tanpa mengantre""},{""name"":""Sebaiknya buat reservasi"",""value"":""Tidak""}]","[{""id"":""CIHM0ogKEICAgIDRnZD6_QE"",""url"":""https://lh3.googleusercontent.com/geougc-cs/AB3l90D3dgoEBi29u8ogailtnG6ebg_PtWj3XiXvXwJJ-rKTJB1EXnPz_DSMvFamkRwYOA4jg0Z1JcbvY8SodjIqlteQqMRz0A9vmF1T6So4HPnvpSaLecg6GPLMJeW8rxNySPqU3uY8WQ=s1024"",""caption"":null,""width"":1080,""height"":1920},{""id"":""CIHM0ogKEICAgIDRnZD6XQ"",""url"":""https://lh3.googleusercontent.com/geougc-cs/AB3l90C8kYrfXtRSxDs3s8SscYXx4bO31HAiEL5UBH9XyXiizhIpa9-dlOnMxdkAnbIjfRfBGOw4VyNnBLabC-zSfNpaJrXcVnYqWcCFZa-5AH-QW0MTfx-OuuJI_RhFsY-Jf-Lvupps=s1024"",""caption"":null,""width"":1836,""height"":3264},{""id"":""CIHM0ogKEICAgIDRnZD63QE"",""url"":""https://lh3.googleusercontent.com/geougc-cs/AB3l90B7lCLb5ayznG1UAptBou9HG88MmlMyqWP2T6Frt-3KmsVmDnzThqGD8S0jVU849rUYpuv1GOm-WzTmh4L2pD1GMnWvA-XgX7IZTF5zsKZ7ATbcnGtkpwN-35ZCKcmgSV4TKhhneQ=s1024"",""caption"":null,""width"":1836,""height"":3264},{""id"":""CIHM0ogKEICAgIDRnZD6PQ"",""url"":""https://lh3.googleusercontent.com/geougc-cs/AB3l90Ck8FveC6JGUaZCH8vGw7uENQi3wN5POAcLl1-990NrZUa4Ef_CJIrN63egpRlsjkvp9_AGQk8EM5zGbxfp_PVZE4WUW5tp18onVXa0vqFtufvoDiflaFFiqOd6z8BCHcWouNVx=s1024"",""caption"":null,""width"":1836,""height"":3264},{""id"":""CIHM0ogKEICAgIDRnZD6vQE"",""url"":""https://lh3.googleusercontent.com/geougc-cs/AB3l90DbF-0KqyKvxmTGP-CdwF7YJ845nMK8HL2S0Cdr5dysVe2s05csDt0P8LVtcuETlsJ8Ve2i-BySX7MBSOqYdZEYJ_PltDP3VaFqNKzUnLIBLXszpj0KF9jrUT9ctIm0psV40NPKXw=s1024"",""caption"":null,""width"":1836,""height"":3264},{""id"":""CIHM0ogKEICAgIDRnZD6fQ"",""url"":""https://lh3.googleusercontent.com/geougc-cs/AB3l90CuRybFkV5FasiJBldRWBeVVY9v7FxitbL3x8PQnRDo2v0eM6HzOBH-wBX4xYSXXhhx7nBXmxyId1vYlDbyZqr_ALMVjwVbmxsci4F7q6uYJqutdLAJFHMzDSWvpF2vwS9SX6WL=s1024"",""caption"":null,""width"":1836,""height"":3264},{""id"":""CIHM0ogKEICAgIDRnZD6Aw"",""url"":""https://lh3.googleusercontent.com/geougc-cs/AB3l90D8j6qRi5I1uctP8yi2Oc0rDNFpf-erwySrfQYZ4fkiF4Hb5PTt47s2Z2Z54k2STADbEP8TZlIpY91VvT0l7Muh7ViPV8fyXd9psTnHTQC_eivOBqsNAyEspjX5d-0dBbHcb12y=s1024"",""caption"":null,""width"":1836,""height"":3264},{""id"":""CIHM0ogKEICAgIDRnZD6gwE"",""url"":""https://lh3.googleusercontent.com/geougc-cs/AB3l90DcKZBKHmSx76bezyV-zY8MlyClSHjZUscKRHT2eaTTD9cyUKIQ0DxrQ5dr4vKdItyjqrtCf7qNRJYp48bHJ-nQ33x3IGAWvnfqXDLH_5_vhw0NXH_Q_gk6EDSkhSdHj5pxR_C6tw=s1024"",""caption"":null,""width"":1836,""height"":3264}]"
ChIJnyIruV_j2S0RnurBImAySUs,Pantai e Kasoghi,ChdDSUhNMG9nS0VJQ0FnSUNDMS1XWDdRRRAB,https://www.google.com/maps/reviews/data=!4m8!14m7!1m6!2m5!1sChdDSUhNMG9nS0VJQ0FnSUNDMS1XWDdRRRAB!2m1!1s0x0:0x4b49326022c1ea9e!3m1!1s2@1:CIHM0ogKEICAgICC1-WX7QE%7CCgwIi9bX-gUQuM_kjQE%7C?hl=id,frysk,113326291811376217695,https://www.google.com/maps/contrib/113326291811376217695?hl=id,4,"Lumayan lah utk spot foto banyak yang bagus. Masih baru soalnya. Ada jembatan yang mengarah ke lautan sepanjang kurang lebih 400m an. Cuma pantainya ini lebih kaya teluk. Jadi yg dekat pantai airnya cetek, ga ada ombak.

Akses jalan utk mobil sempit, cuma cukup 1 mobil. Jadi mau masuk atau keluar harus nunggu dulu arahan dari petugas.

Sampai parkir mobil jangan harap langsung liat pantai. Soalnya harus jalan kaki dulu nurunin  bukit dan lewatin tambak garam sejauh 300m an.

Saran nih kalau kesini jangan siang bolong. Karna super panas. Gazebo juga terbatas. Bagusnya pas2 mau sunset...
Utk toilet juga masih kurang banyak karena walaupun pandemic, jumlah pengunjungnya banyak.

Overall ya lumayan lah wisata murah meriah dan ga jauh dari jalan raya...",5 tahun lalu,2020-09-07T08:03:39,,,,154,892,1,,,[],"[{""id"":""CIHM0ogKEICAgICC19X9Og"",""url"":""https://lh3.googleusercontent.com/geougc-cs/AB3l90CbpdUyPWADuO7eFDIO75fZbdYIkIsdU6722hw1YfbUH-qqaWBb87RPPta7eZ9iPejv3GohUag9C983OPKL9R17jArni6D5DUMcwAVYjNLkbigW5Rs2TAbYV26NoxTeEOUtvbfE=s1024"",""caption"":null,""width"":2268,""height"":4032},{""id"":""CIHM0ogKEICAgICC19X9ugE"",""url"":""https://lh3.googleusercontent.com/geougc-cs/AB3l90BL9nQDD_vshTD0rL6TA1J493oUejgo3YFH90UmZsZnDjYm1weekKj5KkEwY5P0ybqNAO_t3xKJhv1GHFuHbGiF8OYSVM_H1TIaqBsu_H-DQJzcd7pd_kCwCSPwBsdyVNJukErs8w=s1024"",""caption"":null,""width"":2268,""height"":4032},{""id"":""CIHM0ogKEICAgICC19X9eg"",""url"":""https://lh3.googleusercontent.com/geougc-cs/AB3l90DvA0vwZhshBSCiugXw_afwsfu3sgbIaQ5SbLXm8VO8lPMa9s6IPwthFMKqwmgFEpX9aq4kRmoF_YkRjhWQ-lk02gOsKDDqnc92-hduAOFy1zbwU08gK96O74uryNNtahMPFTBF=s1024"",""caption"":null,""width"":2268,""height"":4032},{""id"":""CIHM0ogKEICAgICC19X9-gE"",""url"":""https://lh3.googleusercontent.com/geougc-cs/AB3l90DoQywNXi-dIPF_bYxKU0Toi2CEBgmIuhfiB7i5abAyWjywVnBPDFI2XLYHw0R_vRmt06yRHx7Fry3ZCyBXOyVgccuhJFBo7eU_evLMiz3qQpVgeI7s9txhJdzWOY7hiBI8TnXO=s1024"",""caption"":null,""width"":2268,""height"":4032},{""id"":""CIHM0ogKEICAgICC19X9Bg"",""url"":""https://lh3.googleusercontent.com/geougc-cs/AB3l90BOL1KK-9fXIdrEuZM7UNrUx7Z227UB_7qWn0oM6qOt4DuADxhCMPJ13vXuI1ea5HoyUhe6Ay5fhcL4KQSIMg5UOd7q9XeJ3SvGzu1b1Pz062v_m7EOSDVkFsY-Ean-P1z5Fq47=s1024"",""caption"":null,""width"":2268,""height"":4032},{""id"":""CIHM0ogKEICAgICC19X9hgE"",""url"":""https://lh3.googleusercontent.com/geougc-cs/AB3l90B_55lcuVVT7Ce395GJ-OYRGqCDPP5NuX_MTo1AjA2kUwj6b4EIbzS3BHer7qF2XIt11ZSh1_QHP0ZsIrusM-oT1auDbqAR2HxM7XpZE2x4vJ8VcX1cq4HlMGU8o_9BE6_GgFJN-w=s1024"",""caption"":null,""width"":2268,""height"":4032},{""id"":""CIHM0ogKEICAgICC19X9Rg"",""url"":""https://lh3.googleusercontent.com/geougc-cs/AB3l90BmRkKFKEcsEIC99Ap8fJWunhdhxMqdIRKtvjsoidG0KA1z1yrbJknXQ9knwOXC4ALpQryc0cCFnW5ZWq5ksRo-fcCB9Ktk_UtFtE87Ixo8rcB4FkD6ZwOq5sm2T1yJo6SEokU=s1024"",""caption"":null,""width"":2268,""height"":4032},{""id"":""CIHM0ogKEICAgICC19X9xgE"",""url"":""https://lh3.googleusercontent.com/geougc-cs/AB3l90DMhX70tl7cstYUIRiEKJimKIfzX4cVw8xaKCQaAsaJaOFUxwx6s8zm6xvFBLpEJ4W2c_5o6t_r-OH2lmUls5Mvak0uIg5xXIrE_96ZYzzds_c1GnPUH0q7ET14pWa9YmbzG12m=s1024"",""caption"":null,""width"":2268,""height"":4032},{""id"":""CIHM0ogKEICAgICC19X9Jg"",""url"":""https://lh3.googleusercontent.com/geougc-cs/AB3l90AeRbS0Tq3EQ7x57-l_1cmahhQ4hsXwE3VemToRvpEPjWPANmATQShFQHc5wXRwPYtSnLYET7nY8fBd9w2hIu9OZJa5SLsviQJVRdjxNMPRCzWrTEAer-OIZw6VR6HvDvc_Zs4=s1024"",""caption"":null,""width"":2268,""height"":4032}]"
ChIJnyIruV_j2S0RnurBImAySUs,Pantai e Kasoghi,ChdDSUhNMG9nS0VJQ0FnSUNpcmZMcV9nRRAB,https://www.google.com/maps/reviews/data=!4m8!14m7!1m6!2m5!1sChdDSUhNMG9nS0VJQ0FnSUNpcmZMcV9nRRAB!2m1!1s0x0:0x4b49326022c1ea9e!3m1!1s2@1:CIHM0ogKEICAgICirfLq_gE%7CCgwI8tWv_QUQ4LCZygI%7C?hl=id,Syarif Maulana,104924279161084973237,https://www.google.com/maps/contrib/104924279161084973237?hl=id,5,"Tempat wisata pantai yg bagus buat nongkrong dan banyak tempat spot foto. Tempat parkir kendaraan lumayan luas. Tapi akses menuju tempat wisata masih perlu pembenahan terutama dari tempat parkir kendaraan ke tempat wisatanya. Fasilitas lumayan lengkap, ada toilet dan musholla. Biaya parkir 5 ribu dan tiket masuk 10 ribu, anak2 tidak dihitung hanya yg dewasa saja. Harga minuman masih standar. Kalo pergi siang hari harus pake sunblock ya agar tidak gosong.",4 tahun lalu,2020-11-11T13:28:16,,,,145,877,1,,,[],"[{""id"":""CIHM0ogKEICAgICirdqa0gE"",""url"":""https://lh3.googleusercontent.com/geougc-cs/AB3l90CBAOC3LNAPj3vvdh_uEHHs_JAdOXUkSny9Y-f2rwxb4oqgBGLBBHwP__LuV1N16Qf77DFepg6Zqvo-zCl92PimAHaN6yGCs-rLz0TzAmxRv9ZAWAQtH0adwdwashwKgkhR6bpWlA=s1024"",""caption"":null,""width"":4128,""height"":2322},{""id"":""CIHM0ogKEICAgICirdqaMg"",""url"":""https://lh3.googleusercontent.com/geougc-cs/AB3l90D3qbc2t4mCtdzUb59MH7U4kDxpB5EKdup0DGiY5f58TaTmuavgbkw4jtZQKYqo3Y6U_6gbFu1Bj6iNJAhkF_ouyd-HuuZVwDqAqhyQmWAwuJV0mAcNhHPvdblrVk7iLbW8xWhO=s1024"",""caption"":null,""width"":1118,""height"":304},{""id"":""CIHM0ogKEICAgICirdqasgE"",""url"":""https://lh3.googleusercontent.com/geougc-cs/AB3l90D41kiTwoeXxpALtfAYvsV1R06P20Cp6mgYK1DY_cTQO24YOm0M3PwWP_ho5EBCMEU8DJIIKwxgprOfrxwJsH2lSlpcEa5z7b66z9DrRbCGaPsxSV_SX-wUIvNwpY86S3mDOiD63A=s1024"",""caption"":null,""width"":1040,""height"":492},{""id"":""CIHM0ogKEICAgICirdqacg"",""url"":""https://lh3.googleusercontent.com/geougc-cs/AB3l90BFjHicnADirmofJs-CJGuLgVeCwps98LCS5tD_iAY97Fy2iXBTolb8YgeHrKmNkKlbIte_qV2bHKM_5mJsLozBQGLeIOZq_qSm2UlR19W1VhAK3qCELv57F7XnJQPq1qD_mds=s1024"",""caption"":null,""width"":1040,""height"":492},{""id"":""CIHM0ogKEICAgICirdqa8gE"",""url"":""https://lh3.googleusercontent.com/geougc-cs/AB3l90CLCkiWKMlIdON2VmQUF5fiqArsbKka1gQLylMlXpOuEmo_GqjAz1k5bPqSCyLBFsQa4gHMpJTupIHYoQrHkakjp96-tpjXOqLzj34cj7MuV-6MmmeJPbrKRGyvZKOpDh37kYPTcQ=s1024"",""caption"":null,""width"":1040,""height"":492},{""id"":""CIHM0ogKEICAgICirdqaCg"",""url"":""https://lh3.googleusercontent.com/geougc-cs/AB3l90B7Pif9U9oz5Hi1RikbevUa1yQ5mSaosbI7O1DbjRLJzpSZeGROR_FInC-DoiFO5UT0PQ6Zp2qH-6yOaiGWD3hVhwUlEC9uyBS9xZRlkN-YebOcr9WBMH0s3FZAe3kFBi4VSHSv=s1024"",""caption"":null,""width"":1040,""height"":492},{""id"":""CIHM0ogKEICAgICirdqaigE"",""url"":""https://lh3.googleusercontent.com/geougc-cs/AB3l90AIyxLyEzuZqhb3Dg5X93jpGE2s33zBd45T2YB7QFe0OO6gpdQNZkHghIW-bQqw2lmuNKVgGSVrweRbvjKDrcNZ8P2XidJ0tvSZ7XtNKufnOnYMVX4wik67FfLqW45l04KC8hputA=s1024"",""caption"":null,""width"":1040,""height"":492},{""id"":""CIHM0ogKEICAgICirdqaSg"",""url"":""https://lh3.googleusercontent.com/geougc-cs/AB3l90AkQnAokDkfcfWGCRRyd2cuFxUbH2lzJl1aq5Va4DmMBn0-lzZ3gLrkwNqJ9aviCYGhic5tUjxqDosGRYCbOFL5oKxHtHUBl5-Eg8c5E2b8cFg4GvlmsSWTn758g6OKMdhiKTg=s1024"",""caption"":null,""width"":8896,""height"":2480},{""id"":""CIHM0ogKEICAgICirdqaygE"",""url"":""https://lh3.googleusercontent.com/geougc-cs/AB3l90Cn49yyl8rcfk_305WzCEaIdIJulCmSUuZGN4Nrif5wEo4hkGHVPVxpSXLu-97UdCn-Rhqwf2CoQIApzq379spXIP2cPxYPmWBG8xeMPY1fQtm1BuKRrmv-2Hlrvt7wVzy1-aZqBA=s1024"",""caption"":null,""width"":606,""height"":1280},{""id"":""CIHM0ogKEICAgICirdqaKg"",""url"":""https://lh3.googleusercontent.com/geougc-cs/AB3l90BNXf5ElAPt0lCQqUXjvAkdf4v7ppaEXy2ccopurQAKrgj8QODMKF89thpTSeyisSJPYo92EL31svq8Eu-_cT4G73pjeJy-Pjm1fEQ1mSQg2Juj-UYFQTAGxhG_jutbZ1bzHSM7=s1024"",""caption"":null,""width"":1040,""height"":492},{""id"":""CIHM0ogKEICAgICirdqaqgE"",""url"":""https://lh3.googleusercontent.com/geougc-cs/AB3l90DnMgDPuKFnn0naQ79cUNE64UIFPtBCSOPCzZSArBWppuMPSIexssR3qQPmxNjz2nc_OkDlozSvCDgBO3L-4F7UJL63V7t7hD2nQ6tJ3XwOZamjAiiSkGOlqyCawUey6PLNyYpB=s1024"",""caption"":null,""width"":1040,""height"":492},{""id"":""CIHM0ogKEICAgICirdqaag"",""url"":""https://lh3.googleusercontent.com/geougc-cs/AB3l90AgUixXo-gpmo7I-ot9yY2WRgJhVdJ-12LbWZf2rky4UWBLfATrQWiI8VJQOOFARuGJ15pI7JFQPQjergavPTHO61FrThIPMDJdVKR5agGWv3znlv2-n9UZiiwwEsmIWAvLKJ9E=s1024"",""caption"":null,""width"":1040,""height"":492}]"
ChIJnyIruV_j2S0RnurBImAySUs,Pantai e Kasoghi,ChZDSUhNMG9nS0VJQ0FnSURPeGIycVdREAE,https://www.google.com/maps/reviews/data=!4m8!14m7!1m6!2m5!1sChZDSUhNMG9nS0VJQ0FnSURPeGIycVdREAE!2m1!1s0x0:0x4b49326022c1ea9e!3m1!1s2@1:CIHM0ogKEICAgIDOxb2qWQ%7CCgwIiYqplgYQsKLlsQM%7C?hl=id,Tuty Ayudha,111172347806348254733,https://www.google.com/maps/contrib/111172347806348254733?hl=id,3,"Akses masuk kurang memadai, jalan sempit dan berbatu. Jika naik sepeda motor, biaya parkir 5k, tiket masuk per kepala 10k. Area wisata tidak begitu luas. Tersedia beberapa kedai dan terdapat banyak spot2 untuk duduk atau berteduh. Ada juga gubuk2 yang disediakan di tengah2 laut. Masih perlu banyak perbaikan",3 tahun lalu,2022-07-10T03:18:33,,,,34,56,1,,,"[{""name"":""Waktu kunjungan"",""value"":""Akhir pekan""},{""name"":""Waktu antrean"",""value"":""Tanpa mengantre""},{""name"":""Sebaiknya buat reservasi"",""value"":""Tidak""}]","[{""id"":""CIHM0ogKEICAgIDOxb2quQE"",""url"":""https://lh3.googleusercontent.com/geougc-cs/AB3l90CZ63_Pk5jS5SGOePATz689dzaq4VrjuszwZNXbAmn0qhamBUdSeuh5ZOwVRYwpJEtQFSoO5tMqlTZ3ETJEfMInxWeA7XRqLCmUwKAGhnJYTgaz4REe_0Bb6jr9zwQxlnB0uCQAOg=s1024"",""caption"":null,""width"":3120,""height"":4160},{""id"":""CIHM0ogKEICAgIDOxb2qeQ"",""url"":""https://lh3.googleusercontent.com/geougc-cs/AB3l90DypHtpjIto1vntrUoPfj6CG0iKWgb7p_oUyhCG12TwzdPsgBtgFzWI_hAJz-UowrjpRUZjIEAu1ebetAs1gCfHV9eeBO6cCktbB8ft6Io8SYhI2iSM6BNKMSbt-yGEzE0hFVip=s1024"",""caption"":null,""width"":3120,""height"":4160},{""id"":""CIHM0ogKEICAgIDOxb2q-QE"",""url"":""https://lh3.googleusercontent.com/geougc-cs/AB3l90DVCPGPBtVGM-E6cb70h9Brro2Ei1ewwj6xy-ns5rUlJ_p4joT4xqHZVnGmuMr0a3IAhqBRKEGmlg32z2xf2wQjNdnk7aN7yW95FhOGIXrZEFaN6I93fXyqXTCpXF9qkGJ8971jKA=s1024"",""caption"":null,""width"":4160,""height"":3120},{""id"":""CIHM0ogKEICAgIDOxb2qBQ"",""url"":""https://lh3.googleusercontent.com/geougc-cs/AB3l90A5xNi7Ytbn7ukgawPlFhUhIvVQp5o654PnYn06m6veVU0w0Kkcp54IQObyzH_4bm_XyF-sQ5rbusEwv0FOqhvqB6WwP7y3CH2Twccr8ftxr80KxssrOD3EkD8K2egLGUE2lasA=s1024"",""caption"":null,""width"":4160,""height"":3120},{""id"":""CIHM0ogKEICAgIDOxb2qhQE"",""url"":""https://lh3.googleusercontent.com/geougc-cs/AB3l90BL4WU0t8_TJ_CEomfOHutZ0wcjA_pIoAyQ42bl24Rb1wN0bbZAuRevpG5agKn0u3KH4iUK8UPWU3Wzz47fck6dVMPzeeQFCff0r15W5MwUwhX8M0gDCv5rBVNmLr411vYk28baPQ=s1024"",""caption"":null,""width"":3120,""height"":4160},{""id"":""CIHM0ogKEICAgIDOxb2qRQ"",""url"":""https://lh3.googleusercontent.com/geougc-cs/AB3l90AYKKRGfvj7z4x-2db4-ltXwwTv95NXYhGP9itC92dVYaAQwupaJP8qVTX7Kp7gA1aQhF_LeAfEeppSnWNQweWR83IfjozxTZCAWtfybt2nvKKSWa-PY3H8bOqTWltKX-VhpOdd=s1024"",""caption"":null,""width"":4160,""height"":3120},{""id"":""CIHM0ogKEICAgIDOxb2qxQE"",""url"":""https://lh3.googleusercontent.com/geougc-cs/AB3l90A9oPUP5jl0HLENLLVh45CvxQaYJoRPyyV6K-My3K9SNkogwykYkE4VXh4t1iVE-KdJ5ivmHILX1TlK3gHRvWM5lM7CH3Oxl1OWn1Yjh1d2Quaqm3jAdWqd3MOWpLnc3eQEZqIk=s1024"",""caption"":null,""width"":4160,""height"":3120},{""id"":""CIHM0ogKEICAgIDOxb2qJQ"",""url"":""https://lh3.googleusercontent.com/geougc-cs/AB3l90BqEiOX0L_JZ1O7K9orlbLFSZQr-lfOVOg4UPHDx8Z86t21R76QRH2gFtIyZ_ky-DXoIcLGF-6x8tzOHqKxrKb1rs9tIgfA_qveyHyfyxvOnhv-QrNP6sL32ib6CKkJf5JtyT8=s1024"",""caption"":null,""width"":4160,""height"":3120},{""id"":""CIHM0ogKEICAgIDOxb2qpQE"",""url"":""https://lh3.googleusercontent.com/geougc-cs/AB3l90DiNs04M1lEGS8Nrl7g0oOs4PVIk2ZPqxUjtWFm4o_wo6ZQ76IhDP4L_k8vrNG4uPAAPjoYa0q0fNK4FVipBO-hZfyJathbsYRiHIdQDg2HCrJRZSD_PJ4Qy9TYUQGJlX2-xTDAiA=s1024"",""caption"":null,""width"":4160,""height"":3120},{""id"":""CIHM0ogKEICAgIDOxb2qZQ"",""url"":""https://lh3.googleusercontent.com/geougc-cs/AB3l90BtZ8yKBs9cwI-klLzXC7qTowyLHc0F6EFh8fWcOPG825D1Bf5FciMa02KFyFE0WFl_a6FmcGDpLd4f-LxWJqhE6d_tyB0sL_30erNc6Qjq7H23kmYOCZfeHuq3uo8dxJsyCJ4W=s1024"",""caption"":null,""width"":4160,""height"":3120},{""id"":""CIHM0ogKEICAgIDOxb2q5QE"",""url"":""https://lh3.googleusercontent.com/geougc-cs/AB3l90CZqRHOviEHdsCMJ6ei1WSu8EeiUuuq4WcqnUMhuqpKgHvGYVvbPepPQjJswJ7VTd7uzidqPj4mZ9-hcnY1HX8V7icH_ZvjQ30Xje-Wl27fwv3PKxV_uAHUCKVCPgsEEV6eVT49uQ=s1024"",""caption"":null,""width"":3120,""height"":4160}]"
ChIJnyIruV_j2S0RnurBImAySUs,Pantai e Kasoghi,Ci9DQUlRQUNvZENodHljRjlvT21NNWVtMHdTSEptYjJOd1FuUmpWemhPVlVoaVoxRRAB,https://www.google.com/maps/reviews/data=!4m8!14m7!1m6!2m5!1sCi9DQUlRQUNvZENodHljRjlvT21NNWVtMHdTSEptYjJOd1FuUmpWemhPVlVoaVoxRRAB!2m1!1s0x0:0x4b49326022c1ea9e!3m1!1s2@1:CAIQACodChtycF9oOmM5em0wSHJmb2NwQnRjVzhOVUhiZ1E%7C0cSmCd5KwLf%7C?hl=id,Sri Indarti,103598895925959691274,https://www.google.com/maps/contrib/103598895925959691274?hl=id,3,Jembatan bambu Masih dalam proses perbaikan krn terkena air pasang,3 bulan lalu,2025-07-16T03:58:33,,,,21,67,1,,,"[{""name"":""Waktu kunjungan"",""value"":""Hari biasa""},{""name"":""Waktu antrean"",""value"":""Tanpa mengantre""},{""name"":""Sebaiknya buat reservasi"",""value"":""Ya""}]","[{""id"":""CIABIhBkshLxdRxTX-CLQ3yMmue0"",""url"":""https://lh3.googleusercontent.com/geougc-cs/AB3l90CqsT544vL3a2zJvxrJDoSfTzmcjmtIZuT3kRsIkvRyuteeDe6pA0oSzJqR1LkOXJZiWTzzpyFyzfGADsXcYYIoztdIfmMY6Z_GUmRcDN_Hpo9adsLh0J-1_iV8EHGu65U9JSNsf50D6657=s1024"",""caption"":null,""width"":3024,""height"":4032}]"
ChIJD6sJHgDh2S0RuGClxPWsp-s,LIBILIAN BEACH,ChZDSUhNMG9nS0VJQ0FnTURBNmZfQ0hREAE,https://www.google.com/maps/reviews/data=!4m8!14m7!1m6!2m5!1sChZDSUhNMG9nS0VJQ0FnTURBNmZfQ0hREAE!2m1!1s0x0:0xeba7acf5c4a560b8!3m1!1s2@1:CIHM0ogKEICAgMDA6f_CHQ%7CCgwIxqamvQYQgJKw6AE%7C?hl=id,Lucky Tsabit,109076948181279036831,https://www.google.com/maps/contrib/109076948181279036831?hl=id,5,mantap,8 bulan lalu,2025-02-10T05:48:54,,,,81,155,1,,,"[{""name"":""Waktu kunjungan"",""value"":""Akhir pekan""},{""name"":""Waktu antrean"",""value"":""Tanpa mengantre""},{""name"":""Sebaiknya buat reservasi"",""value"":""Tidak""}]",[]
ChIJRW1GuUP92S0RNlAIpr_NweU,Pantai Keris,ChZDSUhNMG9nS0VJQ0FnSUNPamNUbUZBEAE,https://www.google.com/maps/reviews/data=!4m8!14m7!1m6!2m5!1sChZDSUhNMG9nS0VJQ0FnSUNPamNUbUZBEAE!2m1!1s0x0:0xe5c1cdbfa6085036!3m1!1s2@1:CIHM0ogKEICAgICOjcTmFA%7CCgwI3O2rlQYQ4Mbk9wE%7C?hl=id,Yogi Noviana,112104070403205010433,https://www.google.com/maps/contrib/112104070403205010433?hl=id,5,"Seperti berkunjung ke pantai privat, karena sepi tapi pemandangannya indah. Cuma aksesnya rada kurang enak",3 tahun lalu,2022-06-16T09:22:56,,,,27,70,1,,,"[{""name"":""Waktu kunjungan"",""value"":""Hari biasa""},{""name"":""Waktu antrean"",""value"":""Tanpa mengantre""},{""name"":""Sebaiknya buat reservasi"",""value"":""Tidak""}]","[{""id"":""CIHM0ogKEICAgICOjaS0Ow"",""url"":""https://lh3.googleusercontent.com/geougc-cs/AB3l90AgHTg4MIGGKbLCB1sB2HmXj6fRn2sdeKWEX1y2cLf3q1Y-aOiHe0IhZuXRjMOPfqmuKYXb_4ikQaQStVsyBcTuWRQIHcyU13hkaGddffU2QFD5fBTxSBy-MnDjZjydbGyZM-zr=s1024"",""caption"":null,""width"":3456,""height"":4608},{""id"":""CIHM0ogKEICAgICOjaScqgE"",""url"":""https://lh3.googleusercontent.com/geougc-cs/AB3l90AtYPcPCO7Ahczvcpw1UoUPpA8bltLYGj1CwheAohneYkqgVsm2_xvdOQ_JZFmdqt0AKT-sHQZL_QBXOtEMWNsH7-w0owgpvgBQmYolWwDc3zcCIDczuERwIWYoZjJQvJTXLMBK=s1024"",""caption"":null,""width"":1200,""height"":1600},{""id"":""CIHM0ogKEICAgICOjaScag"",""url"":""https://lh3.googleusercontent.com/geougc-cs/AB3l90DntJ54lm8yluNpXRcIn73uoP05buygi3sBn1guUVyPefC0ss-BRj-FUD_L_UqyvDZLqIUOqzKNmdyOjaav5ZbqNj-8a6hJLLm6zHDLcfkSNxJyr16NwsoX_YrkW_4TTQ7o9mw=s1024"",""caption"":null,""width"":2448,""height"":3264},{""id"":""CIHM0ogKEICAgICOjaSc6gE"",""url"":""https://lh3.googleusercontent.com/geougc-cs/AB3l90CM47aVSMNfA3lhucLUku4SCl02Suu4J7IU_Ceaswk28o9J1r8A-WMO_Np8aeIHkCuZcnh5S4tHCoEKt1p0L_4rLzlWFi-fRWMSMwTnAXb-wIiYLhyFwJpCfU9EOo7GGgmJaXW3Cg=s1024"",""caption"":null,""width"":2448,""height"":3264},{""id"":""CIHM0ogKEICAgICOjaScGg"",""url"":""https://lh3.googleusercontent.com/geougc-cs/AB3l90BQhDMXm1TdB_3mt6QtRTYtDXXrINEXd1CBhZw3NzeC6ANB2dHeF0gCVCTQvYPgxFqrx0cexuNkRYqC4oOs-KXzuBJ4N54lZ6u8XqHFtT-veBjuCr45j7GmxG7dxB2eX-9GQl54=s1024"",""caption"":null,""width"":3456,""height"":4608},{""id"":""CIHM0ogKEICAgICOjaScmgE"",""url"":""https://lh3.googleusercontent.com/geougc-cs/AB3l90DW3K7MFNRLiXrIIdYktAdE8jz-wBRCTjcyfFbm8y3v4eAnQXXQ8IwBVQFUWkATvBs9p2v5HvAb0PKJrx4T-vY1SKKyp9toyKphTWom70IfAPcm1711MbejT5bhK5LYjbBMDBlRqg=s1024"",""caption"":null,""width"":2448,""height"":3264}]"
ChIJRW1GuUP92S0RNlAIpr_NweU,Pantai Keris,ChZDSUhNMG9nS0VJQ0FnSURpcFlyRElREAE,https://www.google.com/maps/reviews/data=!4m8!14m7!1m6!2m5!1sChZDSUhNMG9nS0VJQ0FnSURpcFlyRElREAE!2m1!1s0x0:0xe5c1cdbfa6085036!3m1!1s2@1:CIHM0ogKEICAgIDipYrDIQ%7CCgwIgIvG_gUQoPiTzgE%7C?hl=id,HARYADI KURNIAWAN,102142110807164565873,https://www.google.com/maps/contrib/102142110807164565873?hl=id,5,Bagus. Masih original. Kalau ke lokasi lebih baik melalui jalan ke pelabuhan gersik lalu ke arah gudang pt garam kemudian ambil jalan ke arah kiri setelah melewati kanal air tua. Jika kesana paling enak pagi atau sore karena jalan menuju pantai kita harus jalan kaki melewati tambak sekitar 500 meter. Jika pantai ini dikelola serius oleh warga setempat atau pemda maka pantai ini pasti akan ikonik karena indahnya pemandangan dan uniknya pantai ini yang membentang seperti keris dengan pemandangan pelabuhan Kalianget serta ombak yang tenang.,4 tahun lalu,2020-12-10T02:14:55,,,,313,365,1,,,[],"[{""id"":""CIHM0ogKEICAgIDipcqh_wE"",""url"":""https://lh3.googleusercontent.com/geougc-cs/AB3l90CorvzlUXzKdrHct_t9kilCL4lMlWnVhYSfwMYezHdSPy2z8sIxRfVdiXUHXE6JFhaPgP9gAJFfvu3wRkiLUcmI1hFIqrdLwTuHrIKW55NTjo9waXTl0hpTksTad6TESUY0txrJSw=s1024"",""caption"":null,""width"":4000,""height"":3000}]"
ChIJRW1GuUP92S0RNlAIpr_NweU,Pantai Keris,ChdDSUhNMG9nS0VJQ0FnSURtaGNyci1RRRAB,https://www.google.com/maps/reviews/data=!4m8!14m7!1m6!2m5!1sChdDSUhNMG9nS0VJQ0FnSURtaGNyci1RRRAB!2m1!1s0x0:0xe5c1cdbfa6085036!3m1!1s2@1:CIHM0ogKEICAgIDmhcrr-QE%7CCgwIvLKKkgYQyMqTygI%7C?hl=id,MULYADI Angkasa,109474255170408059070,https://www.google.com/maps/contrib/109474255170408059070?hl=id,5,pantai yang indah jika dilihat dari drone.sayang sekali tidak terurus.anda bisa lihat pantai ini di video youtube saya di chanel mulyadi satelit,Diedit 3 tahun lalu,2022-02-03T10:24:44,,,,24,273,1,,,[],"[{""id"":""CIHM0ogKEICAgIDmhcqHag"",""url"":""https://lh3.googleusercontent.com/geougc-cs/AB3l90BAXVp6yAb_Sa088sf70z4gd9FCIpPrgtwANvSCiLol1HwptESK4tH06JdmL92VfUmDONh8AyxUNhsguQwEI-Bfhg_8BcNZqAg0qV1SzuwnctqnMfPUbuVhJMgJS9FPRuXxR0s=s1024"",""caption"":null,""width"":4000,""height"":2250}]"
ChIJRW1GuUP92S0RNlAIpr_NweU,Pantai Keris,ChZDSUhNMG9nS0VJQ0FnSUNDcnRxLVZBEAE,https://www.google.com/maps/reviews/data=!4m8!14m7!1m6!2m5!1sChZDSUhNMG9nS0VJQ0FnSUNDcnRxLVZBEAE!2m1!1s0x0:0xe5c1cdbfa6085036!3m1!1s2@1:CIHM0ogKEICAgICCrtq-VA%7CCgwIj7GH-gUQoNGKggE%7C?hl=id,Irwan Sujatmiko,102664325360219606270,https://www.google.com/maps/contrib/102664325360219606270?hl=id,5,"Masih alami, pemandangannya bagus..",5 tahun lalu,2020-08-23T02:46:39,,,,31,134,1,,,[],"[{""id"":""CIHM0ogKEICAgICCrtq-tAE"",""url"":""https://lh3.googleusercontent.com/geougc-cs/AB3l90CWRPY1X9JuhAPZ3fwZvSzGINx2z0BTF8OKT3wVPeo03X2BBUy7ORD4j-tcLGusQH6TI-5qxPT2XVu0YuLyUfx5Q3iYDPDpg5S-IAquB6JkwL-iHqlDBfhW09IQXZi76WbnEviNhg=s1024"",""caption"":null,""width"":1040,""height"":488},{""id"":""CIHM0ogKEICAgICCrtq-dA"",""url"":""https://lh3.googleusercontent.com/geougc-cs/AB3l90BTNmuqO3R46zZqlU3PZJ6okbAoRQyc2DtiV0SN_UxoCc_BN2fkmSvF4geGBGhT42msFNUEsWvh5YilNL71qgoARrTKV1Uc4riat2JCoJEIiGQquwVEpIdxq7nQJkd0-Lw43qg=s1024"",""caption"":null,""width"":1040,""height"":488},{""id"":""CIHM0ogKEICAgICCrtq-9AE"",""url"":""https://lh3.googleusercontent.com/geougc-cs/AB3l90BZ3TrNwC53L1Bu1WPU6yd78RLkhktNZQkdLk2DHld5zCG_I1q7Nm6dCWVRGG3REkCjUkCE7jKt-ZnIwJUWNIiPFCWzJWFnZGhbklM0zaGr9V4srTCpjD6FVGKt9ImO0TfH_gr9=s1024"",""caption"":null,""width"":1040,""height"":488}]"
ChIJRW1GuUP92S0RNlAIpr_NweU,Pantai Keris,ChZDSUhNMG9nS0VJQ0FnSURTdDYyV013EAE,https://www.google.com/maps/reviews/data=!4m8!14m7!1m6!2m5!1sChZDSUhNMG9nS0VJQ0FnSURTdDYyV013EAE!2m1!1s0x0:0xe5c1cdbfa6085036!3m1!1s2@1:CIHM0ogKEICAgIDSt62WMw%7CCgwIif34_wUQqIaDkQE%7C?hl=id,Mahmur Marganti,112468783560525791079,https://www.google.com/maps/contrib/112468783560525791079?hl=id,2,"alam sudah memberikan anugerah lokasi yang hebat, karena pantai keris ini seperti membelah laut madura menjadi dua dengan pantai. cuma orang-orang di sumenep terutama Pemda adalah orang-orang yang tidak bisa mensyukuri nikmat Tuhan lewat pemberian pantai keris.

saya sengaja datang ke pantai keris untuk, tadinya melihat keindahan alam ini, cuma:

1. akses menuju pantai keris lebih buruk dari kita melakukan KKN semasa kuliah, jalanan buruk dan boleh dibilang ngga ada akses yang manusiawi (ini jelas PR Pemda)

2. satu-satunya jembatan menuju lokasi terbuat dari bambu dan itu buat beberapa orang yang takut ngga akan berani mencoba (ini jelas PR Pemda Sumenep lagi)

3. yang paling parah adalah SAMPAH di pantai itu luar biasa banyaknya, mungkin banyak orang TOLOL yang datang mau sekedar foto terus meniggalkan sisa makanan dan minuman seenaknya ajah,. buat yang pernah buang sampah di pantai keris: EH! TOLOL ELU BEGO BANGET YAH, KENAPA NGGA ELU BAWA DULU SAMPAH ELU DAN BUANG DI RUMAH ELU AJAH SAMPAH!!!!!!

4. ngga ada petunjuk yang jelas untuk menuju pantai keris ini, yang google berikan bahkan musti lewat rumah penduduk dan itu salah jadi musti lewat gudang garam.

jadi bintang 2 untuk lokasi ini bukan say berikan untuk anugerah pantai yang sudah Tuhan berikan, tapi untuk PEMDA dan orang-orang tolol yang pernah ke pantai keris dan meninggalkan sampah seenak jidatnya ajah. Bego luh!!!!",4 tahun lalu,2021-01-13T00:26:30,,,,313,24753,1,,,[],[]
ChIJRW1GuUP92S0RNlAIpr_NweU,Pantai Keris,ChZDSUhNMG9nS0VJQ0FnSURmMVo3eUt3EAE,https://www.google.com/maps/reviews/data=!4m8!14m7!1m6!2m5!1sChZDSUhNMG9nS0VJQ0FnSURmMVo3eUt3EAE!2m1!1s0x0:0xe5c1cdbfa6085036!3m1!1s2@1:CIHM0ogKEICAgIDf1Z7yKw%7CCgsI29P7uwYQoKiVdQ%7C?hl=id,AGOS MAHENDRA,112754569893761711052,https://www.google.com/maps/contrib/112754569893761711052?hl=id,5,Bagus dan tempatnya indah gak rugi kalaow ke sana pulaow Madura memang tempat.nya luar biasa,9 bulan lalu,2025-01-08T21:10:51,,,,4,0,,,,[],[]
ChIJRW1GuUP92S0RNlAIpr_NweU,Pantai Keris,ChZDSUhNMG9nS0VJQ0FnSUQ4aFo2aERBEAE,https://www.google.com/maps/reviews/data=!4m8!14m7!1m6!2m5!1sChZDSUhNMG9nS0VJQ0FnSUQ4aFo2aERBEAE!2m1!1s0x0:0xe5c1cdbfa6085036!3m1!1s2@1:CIHM0ogKEICAgID8hZ6hDA%7CCgwIptre-AUQ8PXetwE%7C?hl=id,Ahmad Shiddiq,113303065472207406187,https://www.google.com/maps/contrib/113303065472207406187?hl=id,5,mantap sekali buat tempat rehat sejenak dari rutinitas harian,5 tahun lalu,2020-07-22T03:06:09,,,,1,10,,,,[],"[{""id"":""CIHM0ogKEICAgID8hZ6BTg"",""url"":""https://lh3.googleusercontent.com/geougc-cs/AB3l90D07BDUG44gj8RDicsrtWPMmqWLCbleBwdQ3PKeVPop73XWn05H6fExpT0mAOTnUQgQWglXy3ZOAfLC9ddmyShUvl9Qnq-hvkHmZ_QINU4pXGQfKBoCTt6YtdWUErpj27-z6tEo=s1024"",""caption"":null,""width"":4000,""height"":2250},{""id"":""CIHM0ogKEICAgID8hZ6BzgE"",""url"":""https://lh3.googleusercontent.com/geougc-cs/AB3l90DYmmyO6ffbiqZaO0JCjhH9vM6S6HzLuuX7rpempf_roeSWzpXzMO3c_9i09h_qzoFz8SwWo5YUFiwbfSVJ8OkvAvRMCZT0hdTZReN0ZP2p2v5inbEFHEUFvjwg4Rxe3N_DEJcARg=s1024"",""caption"":null,""width"":3824,""height"":2868},{""id"":""CIHM0ogKEICAgID8hZ6BLg"",""url"":""https://lh3.googleusercontent.com/geougc-cs/AB3l90CiUb6u87eXd3XjFAWJqzoR43k93JqQlg22xIh614gT-16DCwONVqDhS0VEaY9-O3XGZJaOubwtH8KZ8fAFW6grEbD2iuiJi1GhO1OCb3Erwj2x06EOCRW1ubipmYzt-oipWKTK=s1024"",""caption"":null,""width"":3824,""height"":2868}]"
ChIJRW1GuUP92S0RNlAIpr_NweU,Pantai Keris,ChZDSUhNMG9nS0VJQ0FnSUQ4aFlHSVNREAE,https://www.google.com/maps/reviews/data=!4m8!14m7!1m6!2m5!1sChZDSUhNMG9nS0VJQ0FnSUQ4aFlHSVNREAE!2m1!1s0x0:0xe5c1cdbfa6085036!3m1!1s2@1:CIHM0ogKEICAgID8hYGISQ%7CCgwIneXe-AUQiMzLzAI%7C?hl=id,Fathor Rahman,107722129334212798328,https://www.google.com/maps/contrib/107722129334212798328?hl=id,5,"Suasana pantai yang tidak adakan pernah ditemukan dipantai lain, tak sempurnah rasa jika sedang ada di koto sumenep(kota keris) blum menyempatkan mengunjungi pantai keris yang keren ini, suasana pantai yang sejuk dan pemandangan sunset yang memanjakan mata membuat betah dan tak ingin pulang dari pantai ini",5 tahun lalu,2020-07-22T03:26:47,,,,2,3,,,,[],[]
ChIJF5AZYSDy2S0RN_jTLPNsxFI,Pantai Badur Batu Putih,ChZDSUhNMG9nS0VJQ0FnTURveG8zNkJ3EAE,https://www.google.com/maps/reviews/data=!4m8!14m7!1m6!2m5!1sChZDSUhNMG9nS0VJQ0FnTURveG8zNkJ3EAE!2m1!1s0x0:0x52c46cf32cd3f837!3m1!1s2@1:CIHM0ogKEICAgMDoxo36Bw%7CCgwIrYGowAYQ6MHJ9AI%7C?hl=id,jelajah sumenep,100278759228655301580,https://www.google.com/maps/contrib/100278759228655301580?hl=id,5,"Pantai yang selalu saya kunjungi dg keluarga, namun sayangnya masih belum terkelola secara profesional, namun sudah mengarah kearah sana.
Harapan saya pantai badur bisa dikonsep sebagai kawasan wisata, tidak sekedar destinasi wisata.
Dan sebagai informasi, ekosistem laut disana masih sangat perawan.",5 bulan lalu,2025-04-24T09:13:17,,,,167,3565,1,,,"[{""name"":""Waktu kunjungan"",""value"":""Hari biasa""},{""name"":""Waktu antrean"",""value"":""Tanpa mengantre""},{""name"":""Sebaiknya buat reservasi"",""value"":""Tidak""}]","[{""id"":""CIHM0ogKEICAgMDoxo36xwE"",""url"":""https://lh3.googleusercontent.com/geougc-cs/AB3l90DsBv92e5U1xNq_QJedLYu5mjTgg7OU6bEaX6_iBVTRIMSgTrvFx-AXr9wsmwORuIHdOJ7qe4H-tPe7FA-iVbDGiS-FZlrbVPWJtcPdZHP2su0_U_RC2VqWNpE_LZFkVwByi9aBeA=s1024"",""caption"":null,""width"":3072,""height"":4096},{""id"":""CIHM0ogKEICAgMDoxo36Jw"",""url"":""https://lh3.googleusercontent.com/geougc-cs/AB3l90BwRHaW2PPUorgWcNSr3YQ-kAgareKVUtgUt3NYlzWV61zURXIUf202tEggzdtDPJ9JGXsiTHa74avkeKgntYpm4ITsAOqCCSOhfUfXUHCY41iRsrmYpn40jWkzeUbAxMha5WMo=s1024"",""caption"":null,""width"":4096,""height"":3072},{""id"":""CIHM0ogKEICAgMDoxo36pwE"",""url"":""https://lh3.googleusercontent.com/geougc-cs/AB3l90Dj9pXNbrx0gw2FFM5QlXHAC0ODerFTkPFDziFYYRn5uuzoq8YuDQIklcau82cmJis-1qudw2uW3nJiwH-4Ptx2fLI9Ax_wDi2Jy5vdfPmVN52RiDijwxfiZXa06kRFDunen8da8A=s1024"",""caption"":null,""width"":1080,""height"":1920},{""id"":""CIHM0ogKEICAgMDoxo36Zw"",""url"":""https://lh3.googleusercontent.com/geougc-cs/AB3l90AW-Taul7LStLfgmrx4Bgi3I-g7R204HnyOVETlNBYQ6kuY-aOSMocx7A6DAY_NzgRmaomTc6HV4WDMn5vR3oHz8a0FD0wkLl5LO64bJTGePTKMOwr_3umxVSUPl6xLt9oN_r0=s1024"",""caption"":null,""width"":1080,""height"":1920},{""id"":""CIHM0ogKEICAgMDoxo365wE"",""url"":""https://lh3.googleusercontent.com/geougc-cs/AB3l90Cx84dnuyyBGsGiHm68T6Uv_Wu430tEuWRFbrAAI04OtSVumP91CVHbQ-3St5AI85xWok6yUD30z3wDx9jcMYbtXZslbcdZXTSKBHXQ35SKxcAi_e66hMgqAUWMqBxci9ymOx8w=s1024"",""caption"":null,""width"":1920,""height"":1080},{""id"":""CIHM0ogKEICAgMDoxo36Fw"",""url"":""https://lh3.googleusercontent.com/geougc-cs/AB3l90D_kiLGJhYpLObE2HedD4pm6O9EYxgTWUhVGaf2MMYOrSpZptMFomeK3Sl6p8Kg_XQ-iO_LfmcLhsH8ZKTtTuiMBqRLj0TOqyeOysJXgYlk5F01J9yz8xNaBPUs9Tr74EKocOPk=s1024"",""caption"":null,""width"":1920,""height"":1080},{""id"":""CIHM0ogKEICAgMDoxo36lwE"",""url"":""https://lh3.googleusercontent.com/geougc-cs/AB3l90DFKhwRyuylVcPybOG3YMvx9GMtlAZQ6dRsvFbKcHpIiXwSGEDCNzV61mF_9oXxQh2dDIATxYbiAKGG_h550u_T1Y2SjcWTZFV-9SyuNTC6sbzQoDrC6PyX1d332WTGCJdpZdVJUA=s1024"",""caption"":null,""width"":4096,""height"":3072},{""id"":""CIHM0ogKEICAgMDoxo36Vw"",""url"":""https://lh3.googleusercontent.com/geougc-cs/AB3l90CgFvbt47OdDmBWszIR6qkoQucG11mQtpOIW2q5pNk1TDJlVXRpF39Otqbv8cfeTtGWTaoO399nXSvXhRCzF8mD8C3HPEaVUxYJEhqC9r2jym5Hm46WdqIU_91toVzvOLm2L-Ro=s1024"",""caption"":null,""width"":4096,""height"":3072},{""id"":""CIHM0ogKEICAgMDoxo361wE"",""url"":""https://lh3.googleusercontent.com/geougc-cs/AB3l90CIx3nwhWJpq7WBhfZdoEeQy-mC04vf0YPn7fYLkkTWoENH05X9DFPQ1TVvets0nI1t0ntDOwanMr3F4B4fLM84I1Md3urOpSucgkUM8da4UmxgYYKSPzRJX28lIdw9p4MTqKou-A=s1024"",""caption"":null,""width"":4096,""height"":3072},{""id"":""CIHM0ogKEICAgMDoxo36Nw"",""url"":""https://lh3.googleusercontent.com/geougc-cs/AB3l90BHaSc8wqu-_TjOWcxqeA0XmapZSQ47ITO3ttHzLf8M8n_BKcVQ7pbRppnFuNfA1mK2TTV307gi3qV-5TdblpBg7UhslhpcDh1ZG7Ov84o9debDByG2VtqliKJOQGA2XYMD_LAO=s1024"",""caption"":null,""width"":4096,""height"":3072},{""id"":""CIHM0ogKEICAgMDoxo36twE"",""url"":""https://lh3.googleusercontent.com/geougc-cs/AB3l90DutZKY9y_aDdd4nY_ke3uEG7PrW6RVtajm0L7qm6ysfco-0yd4wS6-Z1ZvMD89bxYQ1CMQu8o6csOaTbAXlLGdsZ4891gNJObEs2JHK2GkHaS1dBzwn4KkfYlnwUyECojwM5Fp=s1024"",""caption"":null,""width"":3072,""height"":4096},{""id"":""CIHM0ogKEICAgMDoxo36dw"",""url"":""https://lh3.googleusercontent.com/geougc-cs/AB3l90CINvyb_WM1QdmkLgCovkFMy87VVkCrk8aHp3qKtqg31h098fex96Vt7pItNu4edhRrzM-0PgOEgNdUQqyiN12Wmxp8wZu-XiiLclA_um4B8zaAbz5KaBOgg-pZBJYB5UIzNwy3=s1024"",""caption"":null,""width"":1080,""height"":1920},{""id"":""CIHM0ogKEICAgMDoxo369wE"",""url"":""https://lh3.googleusercontent.com/geougc-cs/AB3l90B82iVftojhuSpyp6dcmj5eXycKDpDa-bwvHKCibzgh6Tee9ZALdM_AB6fOCBssDg2fGXlcEPK6hbpshyQgbhA6ObrfYdH8wUNehkBSZdFMBDGOzFhDJK5k--fW5rBYOfpBGnRQdQ=s1024"",""caption"":null,""width"":1080,""height"":1920},{""id"":""CIHM0ogKEICAgMDoxo36Dw"",""url"":""https://lh3.googleusercontent.com/geougc-cs/AB3l90ByF299cxmAzro32e5UTwz43b17JcwlzMmPCJaTlrOdntKL_0YWKbxroa8d_iKydv-y8TUGLF4jx87Jd0FIs-XkU5AfyjuUeiKDj3IDyRQ6ndJw2x_FfKme5M-hSRbH0R7aago-=s1024"",""caption"":null,""width"":1080,""height"":1920},{""id"":""CIHM0ogKEICAgMDoxo36jwE"",""url"":""https://lh3.googleusercontent.com/geougc-cs/AB3l90Ah4PShSZkZ6wejyCIvqT8ygHUH9_BJqUtT9jZSfbNT0lVzgC4ZI_S9nh_p3W2DspE6VR3A2jzEBByLX7ZdAO_F7Jd5SC66zJ7xGrn2mJ8iRDFZZwIYq2ZZZAm-zCWP5VoxG5A_rg=s1024"",""caption"":null,""width"":1080,""height"":1920},{""id"":""CIHM0ogKEICAgMDoxo36Tw"",""url"":""https://lh3.googleusercontent.com/geougc-cs/AB3l90CMX2zMlAEJxpoG8lxeW9bzxnwKotgeLg-nUOHlzGlDy2cjq2Vtv1wjbMkEp92_R8zlv1phJKruomunJZD4jKTrqenNebI3myBs85yKx5j-BApOqczkd-mHvdgKI4TsVpRJf_4=s1024"",""caption"":null,""width"":1080,""height"":1920},{""id"":""CIHM0ogKEICAgMDoxo36zwE"",""url"":""https://lh3.googleusercontent.com/geougc-cs/AB3l90CO9fl155SRrlmVsCf98AXyojbMnIBS9lfvbXF0AKfIj9ulTQsbypi8Ft0sU9TPbuL1rZ11FaB2lxGJCkVIiZ3hPY2l-FfdGCT7FDqF-iS6JgXWR2EDnTLNBOPwmJGy2dzNvfQBkQ=s1024"",""caption"":null,""width"":1080,""height"":1920},{""id"":""CIHM0ogKEICAgMDoxo36Lw"",""url"":""https://lh3.googleusercontent.com/geougc-cs/AB3l90AIcr-5rxMSwzHbOajt0pApUtRTOkKZGEa-08HjbI4JPAi6C5Tpt3Ir71gHH79Srf3t13NI4hAPtNrqqA2x8HAabAwspD5l4cBSg5spbMXqebnz2oobzXxhj3WTNEJ9pFfoj5i5=s1024"",""caption"":null,""width"":1080,""height"":1920},{""id"":""CIHM0ogKEICAgMDoxo36rwE"",""url"":""https://lh3.googleusercontent.com/geougc-cs/AB3l90CxThnZZmVM5zRCYnSS6TX7fulg5Lbhg1_aIGKK3VSSqomUu4eSle9Pwch5Wzd3exX2IIA9nArOl5PFQrTk41BjRluQcsbN5Lc7SrzPySRxygR5IEliaKXR91KM9t-_vBKxlh4C=s1024"",""caption"":null,""width"":1080,""height"":1920},{""id"":""CIHM0ogKEICAgMDoxo36bw"",""url"":""https://lh3.googleusercontent.com/geougc-cs/AB3l90AUBk3QFuuGamX6EUkmCLqZ5Q1ZvEdDbjlTcv3H2NJDDaR_FocX9RAHjmr3gcSZ90_318DaWZnMNlwUsQp41jN9ReHR6J0wOY7jcyPuyrlkjaYSIeFAKh2Wfx1fRO3R0xNXim4=s1024"",""caption"":null,""width"":1080,""height"":1920},{""id"":""CIHM0ogKEICAgMDoxo367wE"",""url"":""https://lh3.googleusercontent.com/geougc-cs/AB3l90AP5t06ZJ97nrQl-HEbXf5l9FdF_ZnK3MrOyNJPoixA2pnBtNi-F3iGizsk4oeWE2uNrUoH_gj7ZWZ1AYtHamHZ4fKRx6hWFP1mHBjfTdWXEDihklW4j0NgWpcFXQuytobA3zL_=s1024"",""caption"":null,""width"":1080,""height"":1920},{""id"":""CIHM0ogKEICAgMDoxo36Hw"",""url"":""https://lh3.googleusercontent.com/geougc-cs/AB3l90B9YV1fPps5j5_Tnca9MmPAVHm_qXqIhusL6qkAT_1XC1Jf54-2CyTz1IVfGABNJjqRS3qV9TNkOCr4YlTBYEt51kYXsbEvRbycofr3cQlnAzJmDm6NW5Jr-zD-5RB9SwRlFVwY=s1024"",""caption"":null,""width"":1080,""height"":1920},{""id"":""CIHM0ogKEICAgMDoxo36nwE"",""url"":""https://lh3.googleusercontent.com/geougc-cs/AB3l90D59nIUU1TYJgOK6Z6C8wMwmtqJJO5rKqqvp9x2GfnBPIgVNYUmwlrUNEgB5PfLwd4rOm-UfQ7at3ceHCP_Wn-ZSlD32KuUqtHNEK_g_9rN2SSguVMM8DTK6oJwAlKOFVXQjuxB=s1024"",""caption"":null,""width"":1080,""height"":1920},{""id"":""CIHM0ogKEICAgMDoxo36Xw"",""url"":""https://lh3.googleusercontent.com/geougc-cs/AB3l90C1Ii3M-_Eypy8xzStCc9yxvrOdLO8nloErkKFm9e29lhyK7eLEO0ige1Skty-edF_735WKFnYi5K9MvxVdazhmFdAIAf8_UbsXS18UKmUVnnov0H4V34kyj6GVmgaQGbozsnwg=s1024"",""caption"":null,""width"":1080,""height"":1920},{""id"":""CIHM0ogKEICAgMDoxo363wE"",""url"":""https://lh3.googleusercontent.com/geougc-cs/AB3l90AAONvt0EjPMfQwp3PcZg6U2taRGXZMcObyp-b9L2nk84OYU9fJxMDcZexZMnb_j0CG52Wa69IWTBJv3smbdRaNICf36ZwMHzxE_fPYrJGt6pVTS2rNXxuVap9LtDCywIsI9sX8=s1024"",""caption"":null,""width"":1080,""height"":1920},{""id"":""CIHM0ogKEICAgMDoxo36Pw"",""url"":""https://lh3.googleusercontent.com/geougc-cs/AB3l90BOb9kYofs_hvvhoDmwcnsxJp2Wm9k4awLOJDafYavCDXp3c0BUYvCwWpKns99Zz5NDy1ycDxJfkUOSUkKCLMCaGg43FzB5gz5ovlOpUq12jpv-JiIycjGpfGpjwPlsUCDzFulh=s1024"",""caption"":null,""width"":1080,""height"":1920},{""id"":""CIHM0ogKEICAgMDoxo36vwE"",""url"":""https://lh3.googleusercontent.com/geougc-cs/AB3l90C2LKkOQtsXKtPdBf7KAV7k8oU6c6mOCWXrt0ccctdr5P_3d7Be1jWHoe69CvYdEbb1rgUXGRiHShk-fAGH0KQ1ydcac3-Ge_80EMj-gFZBENme8mC8cEMB94w1lKwDahl-8NRlUQ=s1024"",""caption"":null,""width"":1080,""height"":1920},{""id"":""CIHM0ogKEICAgMDoxo36fw"",""url"":""https://lh3.googleusercontent.com/geougc-cs/AB3l90D3PY-NPh_QS8o9mHPLHWvUmX7ZRZUeY8OuHyGgPgwXihwagEpIgJXMKQjSpgzzvXrYIyOa45MZjeQ365mYBiW0sjzzt0y-TAKhzflGdaB5h8-oniHLSGBqRQHbs6_sEPD9vtqR=s1024"",""caption"":null,""width"":1080,""height"":1920},{""id"":""CIHM0ogKEICAgMDoxo36_wE"",""url"":""https://lh3.googleusercontent.com/geougc-cs/AB3l90AX7oMwtFfdMN-Xj-S9j0vhRCZY4kTrCVB4niAsUDZwpuJfEa8YZ8R09v1suHzTC_Dxqm22Xggvt-Ppupd3ltulazKOJn6ZgWq22rCFh5rzuMYOTKMXoJGc98dVK9dt9tNx8Wau3w=s1024"",""caption"":null,""width"":1080,""height"":1920},{""id"":""CIHM0ogKEICAgMDoxo0G"",""url"":""https://lh3.googleusercontent.com/geougc-cs/AB3l90AtNbvlmwB9HhG3w-jm1SG6RgTqFuFGVE9FzDaNoJHENWzZYTwW1CUQdm8d7NqzN59sDwlmjOebOvuoJiLtjp-lG-GK7_Gv8FZm0RGC5WNJHhxAqota1p4GwphIhH0JayZ37Q=s1024"",""caption"":null,""width"":1080,""height"":1920},{""id"":""CIHM0ogKEICAgMDoxo2GgAE"",""url"":""https://lh3.googleusercontent.com/geougc-cs/AB3l90Ak0P7Im9qTLkbGjXI_jXGChLF6GNr1R9r1cYjS3SmdM9TCHdEK0UUQM3EHuYbulP-2kVaD4UFtVcODduAG4RBYRYJt9sfEdkwM9eXGTEzBUxdXw-ID1gkxoV8aaDGGXNA9FhXh4w=s1024"",""caption"":null,""width"":1080,""height"":1920},{""id"":""CIHM0ogKEICAgMDoxo2GQA"",""url"":""https://lh3.googleusercontent.com/geougc-cs/AB3l90A0I86bA0aa1m74fWgY9f92Gzp4NT6wl_EWOVVuuSJdd7KnsQHlHx8KgJ5UHWFRr5DWwxUS-Ap_ViXV8gQGY7qUaRv4C-uSebnwDuWbE4h2n5Ew6qb3832vVDP5Xr4ZELC7wphn=s1024"",""caption"":null,""width"":1080,""height"":1920},{""id"":""CIHM0ogKEICAgMDoxo2GwAE"",""url"":""https://lh3.googleusercontent.com/geougc-cs/AB3l90DJ8qosH8lQ4tqYiddGzGHDROW4nzFsf5vkqEPtWe6Oiy9ewIMStbnfUR1AMVdamU3hbA4hjXYfFc1v07BjVDk-MFGKcpKIAPmoMjbfj1q6zGY9Y3aG_t55dZP3Dvrl3uOjjvsj5A=s1024"",""caption"":null,""width"":1080,""height"":1920},{""id"":""CIHM0ogKEICAgMDoxo2GIA"",""url"":""https://lh3.googleusercontent.com/geougc-cs/AB3l90BT9Tma7IIOSW7TA4ZlrLOMIrXJcB_oiKnb7wZe0z0vRY9281jwWY2HwheY0ywc3usHpmgZP_HoT9Y_pUDil1QgFrg0XFAqrhqr_P2QF7n89xt-ItSVNbz1a18K5Ew2Z4go3XXY=s1024"",""caption"":null,""width"":1080,""height"":1920},{""id"":""CIHM0ogKEICAgMDoxo2GoAE"",""url"":""https://lh3.googleusercontent.com/geougc-cs/AB3l90BUBos9uloosWgcF2tMLp9AZShVSx-X9HnZTGTupRdFAzZz_2fdTcfE70pf9HNYvOp5V-70Oi5WW7FNXsyG1vl_Cx_vvWyw51nfPsk7-IWvDv6-_rflI1p4xmfHwEC6pfa_nUsL=s1024"",""caption"":null,""width"":1080,""height"":1920},{""id"":""CIHM0ogKEICAgMDoxo2GYA"",""url"":""https://lh3.googleusercontent.com/geougc-cs/AB3l90AfJo8ltgdHgb0uwDPDt-GEInMgewb62QDeQ5rdup6VCwa9xOLx6CSgkOChvwNWFURor6ifoNDOISLQJnw-2TPnEck-qmF5tHdcrIp1ZoYT94ugWDDejaPDewcI9Cs8f1eOxV2q=s1024"",""caption"":null,""width"":1080,""height"":1920},{""id"":""CIHM0ogKEICAgMDoxo2G4AE"",""url"":""https://lh3.googleusercontent.com/geougc-cs/AB3l90Be9dfff5wZBaAblf1gtEpdIA2BaFR80nbGI-XTrdWrQQ8u9-rqrsOs5KUQ4ce4GPXTYinStOCXpTVrCCYGQBCaYNR_BCWbSxz1AAxu9Hp3F1mWx9EHFrlF_7CIty98A4aGN7KWPw=s1024"",""caption"":null,""width"":1080,""height"":1920},{""id"":""CIHM0ogKEICAgMDoxo2GEA"",""url"":""https://lh3.googleusercontent.com/geougc-cs/AB3l90CwqEJ7YJReCI5qLh_emjNKbz9c0RdD1HiTjF9bnYZZdyVQvb6M_ZgQM0DLkn66O35pxIKESMQ9Si4Wsp91FCBqPoo0NYpyyhbXF2ih8AIhuLGYv28r57bA_FYP1jB_dy6AIs1Z=s1024"",""caption"":null,""width"":1080,""height"":1920},{""id"":""CIHM0ogKEICAgMDoxo2GkAE"",""url"":""https://lh3.googleusercontent.com/geougc-cs/AB3l90C88BZyJZKi7PtYf9DZvGv0n4w5KoZ1a0Y82qemtWOejTM0FKHnKDPQxwQemEB_ug5gjicPTQl1JbeWGcqEwV029WWLTe0CWFPNstMKOTi3z5lEAYaVCi5ykSrE-FoxDJcld4rW=s1024"",""caption"":null,""width"":1080,""height"":1920},{""id"":""CIHM0ogKEICAgMDoxo2GUA"",""url"":""https://lh3.googleusercontent.com/geougc-cs/AB3l90DKabXUoTWEv0eXs3pmZjsp_ZUBj2eZHRw10bBi5QqB-BHXFmlzeu65Eb9n1BAjdu84EERTvRTA81c4YvECmeC5IQJ8uZ5IC4ToW_yQutmG6UXL67BrhrhlhgXI53Ml5Dt48Ks=s1024"",""caption"":null,""width"":1080,""height"":1920},{""id"":""CIHM0ogKEICAgMDoxo2G0AE"",""url"":""https://lh3.googleusercontent.com/geougc-cs/AB3l90C4pNy172_8LCCNCr-4xkLioQFhqLq9zgzfEaIOejUzRPfa287dVuDlv03RBMJXoLOO9HgyJu54tNTAsuXOTnkJ_f3nYFah1St9BjwGFNe8vZXuc595Rop4cT0YUr5IcBMJy13q7Q=s1024"",""caption"":null,""width"":1080,""height"":1920},{""id"":""CIHM0ogKEICAgMDoxo2GMA"",""url"":""https://lh3.googleusercontent.com/geougc-cs/AB3l90Dc8UgukaUU85VPhJsKixmUZd-0HL3cMA4tdIkoln6dfPl8LKQrikzT_GKN6Z_f5yJ5KZIevf1JnSNIA6Mt_HtcX_AUFimTxbRkwPHBeT0g4gdMaC-jTwijD16krbqJZFPj1Zg=s1024"",""caption"":null,""width"":1080,""height"":1920},{""id"":""CIHM0ogKEICAgMDoxo2GsAE"",""url"":""https://lh3.googleusercontent.com/geougc-cs/AB3l90BjbX06ByiYlEN5_lvN6yDSLb87RnCYtBoqd-YLq2eGu5rVvF8lr3h8p0nZfZGEZjtJPszmvZo7OJoRHMFi3m5p1Fh7r-E6DzRZY3uESutL8TPZ80A-OnpocnD3OruyhU-9tVR5=s1024"",""caption"":null,""width"":1080,""height"":1920},{""id"":""CIHM0ogKEICAgMDoxo2GcA"",""url"":""https://lh3.googleusercontent.com/geougc-cs/AB3l90C5SiNG2rfwik99pMfgW5LDlblmNTUIFhxsgzIU3g9gQX1iN4JM48n1w1i4rv7tt5jIr4ZE-S0b_86aufo8BMjGjFPSlOwR6AThKcdJ1T2r5eycWtDxGW2Lp-WC-DqWVQThFWdv=s1024"",""caption"":null,""width"":3072,""height"":4096},{""id"":""CIHM0ogKEICAgMDoxo2G8AE"",""url"":""https://lh3.googleusercontent.com/geougc-cs/AB3l90DlhIAd6a0pXCBTTQkqrCN9ePIO7O-VQQ6O5GD1TKUNeg8pQlHU-IbyKol_5_oRHjAFfZV6pEOSMpC3p1W1UUrZZ6nSR5EqjJiW_7BZgoyPBqLTu7u6kfNEuyq_H7eVbPf14i6DUA=s1024"",""caption"":null,""width"":1080,""height"":1920},{""id"":""CIHM0ogKEICAgMDoxo2GCA"",""url"":""https://lh3.googleusercontent.com/geougc-cs/AB3l90B7mph0vFy_cuYs03CD0Vtn5yy7_BJvDHBSy-XAsmoq-S8ew-sQKx0v0Kj5YhUeYAc7Y0MyIDVfzOke9zog9Nr2kwZO1xgNxR6_1JtlUKvnoHmWRjdvxeX1cJO20xnSzEj2Fe0R=s1024"",""caption"":null,""width"":1080,""height"":1920},{""id"":""CIHM0ogKEICAgMDoxo2GiAE"",""url"":""https://lh3.googleusercontent.com/geougc-cs/AB3l90AQWz3Q9g15gXnrCTcoVPL9KLxXJ3e2oiU7ZoKsLUHH4FWXlR0-w45Rd-JNzSosU28P3ftzYdhiN99j5mGgjLz3S49DAonP7jGp_Jkui8hP42gac5xePNSNPfKeViFLajn0NWqg5w=s1024"",""caption"":null,""width"":1080,""height"":1920},{""id"":""CIHM0ogKEICAgMDoxo2GSA"",""url"":""https://lh3.googleusercontent.com/geougc-cs/AB3l90C5LFQDSlB5M4dZgxU_gmfftdlEExtWPcOd4Mh8cNH1zhKpX9sAW2Hw1ZkXdx_BwbdMEiv_ruNBhIfIB20f3VBenXbMexq8AV--k6UMaoRA8rSAEFMNKoh5Xj7tNeWQu53lt1A=s1024"",""caption"":null,""width"":1080,""height"":1920},{""id"":""CIHM0ogKEICAgMDoxo2GyAE"",""url"":""https://lh3.googleusercontent.com/geougc-cs/AB3l90CVQMhmzTNmIQFiB3jIuSO0ukNQyffNknZJzJJTd9Cw2ITCieQPtDvUt1LdEwRk_Ua-0YCyZzwvEhe0-NTF_tyKEXT_V6WaadpIjmJnVJOJ_qqfvx7qKMmF9J0rLnRYt7ECsz87=s1024"",""caption"":null,""width"":1080,""height"":1920},{""id"":""CIHM0ogKEICAgMDoxo2GKA"",""url"":""https://lh3.googleusercontent.com/geougc-cs/AB3l90C9l2cOiptImfzX8rfg6-QAFvegq3ZuXIof6Y2PnIVkSJMgVt7zFLddgEEp4sapNvn_oOm6PGJ3PFmV1_L3D8DHhE4AyaOCLFcFT-3_7ne6w4gfI3xUKNAsLe2f8n7u1l62ybZ_=s1024"",""caption"":null,""width"":1080,""height"":1920}]"
ChIJF5AZYSDy2S0RN_jTLPNsxFI,Pantai Badur Batu Putih,ChZDSUhNMG9nS0VJQ0FnTURvZ0pQVlZnEAE,https://www.google.com/maps/reviews/data=!4m8!14m7!1m6!2m5!1sChZDSUhNMG9nS0VJQ0FnTURvZ0pQVlZnEAE!2m1!1s0x0:0x52c46cf32cd3f837!3m1!1s2@1:CIHM0ogKEICAgMDogJPVVg%7CCgsIvq-XwAYQuNbOXA%7C?hl=id,Dinar,100469085785499214690,https://www.google.com/maps/contrib/100469085785499214690?hl=id,5,Pas kesana air.a pasang jadi.a air sungai terlalu banyak nyampur sama air laut,5 bulan lalu,2025-04-21T05:29:34,,,,33,82,1,,,[],"[{""id"":""CIHM0ogKEICAgMDogJPVtgE"",""url"":""https://lh3.googleusercontent.com/geougc-cs/AB3l90A7SdT5JgPf1_IvF1S7oWZJtFLwVFy_Rqq0SZHVb4kI_VKnl-eWh15r0VmBfjT6ac0nZqbICNVG04H3wvEMWlgPBrD7IgNXAuCy0TuwK7lPY3ZpRjRaBxUq5J8KbI6aT_HD1r-4og=s1024"",""caption"":null,""width"":4000,""height"":1800},{""id"":""CIHM0ogKEICAgMDogJPVdg"",""url"":""https://lh3.googleusercontent.com/geougc-cs/AB3l90DBD7mK3-42UTThQu94rK6yjD1zj4rdqrCf7wpiFE4kkxV6gWx_4jTyHOIAHMPfoaTFRiI5akm52kXnDnjptga_NzpwLq__bO3Z2432qX_dMe7brXJSzza93-fmcHjZKaQ-P8qD=s1024"",""caption"":null,""width"":1800,""height"":4000}]"
ChIJF5AZYSDy2S0RN_jTLPNsxFI,Pantai Badur Batu Putih,ChdDSUhNMG9nS0VJQ0FnSURTdWFYTTdRRRAB,https://www.google.com/maps/reviews/data=!4m8!14m7!1m6!2m5!1sChdDSUhNMG9nS0VJQ0FnSURTdWFYTTdRRRAB!2m1!1s0x0:0x52c46cf32cd3f837!3m1!1s2@1:CIHM0ogKEICAgIDSuaXM7QE%7CCgwIrMS8_wUQ0N6FsgM%7C?hl=id,DAT.,102022561147821300638,https://www.google.com/maps/contrib/102022561147821300638?hl=id,5,Alternatif wisata pantai yang ada di Sumenep yang tak boleh dilewati saat berkunjung ke sumenep. Karna pantai badur ini memeiliki ciri khasnya sendiri yaitu terdapat pertemuan aliran air laut dan air sungai.,4 tahun lalu,2021-01-01T13:20:59,,,,362,3460,1,,,[],"[{""id"":""CIHM0ogKEICAgIDSuaXNIw"",""url"":""https://lh3.googleusercontent.com/geougc-cs/AB3l90C8oBOqJbFaIgefDw5C_oe81hjZhkcvo2B5xdYjfTQH0FGxUsigqxaf-dOkfL0LACFiACYM8T4iDrF3XTEJnoU2XZIGzi6u-7T6OrAtU4SH61_kduCsw3dqw1OgurKavDYKxYY=s1024"",""caption"":null,""width"":2250,""height"":4000},{""id"":""CIHM0ogKEICAgIDSuaXNowE"",""url"":""https://lh3.googleusercontent.com/geougc-cs/AB3l90D4US8UzefZDQzt0e-q8Z5dQCE8GLbr8sodDdByn-n9FGe7ZuIakg6ObH1EfJceUnlvfWrNEB29zzhQyxZ84FVPEhiqIMwuVmP9mJg3goCI4AA6jCpJuw_edSdQhD_SQ1uGQA9c4Q=s1024"",""caption"":null,""width"":2250,""height"":4000},{""id"":""CIHM0ogKEICAgIDSuaXNYw"",""url"":""https://lh3.googleusercontent.com/geougc-cs/AB3l90B8mYGTBwRIpphnPCqcRhtClwJxzZ6YKT5PiMiMEESTBiOYupniikS1AYG7zMU_CytPhjev9jcSHfPusxqEQcg50wRYokNiJbQZOYN2To8m5PrYcKbUdTppKC1KOpb2GIJeNTtv=s1024"",""caption"":null,""width"":2250,""height"":4000},{""id"":""CIHM0ogKEICAgIDSuaXN4wE"",""url"":""https://lh3.googleusercontent.com/geougc-cs/AB3l90CG32YMSYh5phR5hiR_hyXZM7K41zmNYiqdeZ69EO9TEuK9KE11Af0TddQ8q-K1VfW1Dg-s8_VHCukp_sSqUpz2gKp6KBLAyacct16gRfHO2r-HL0F0VH_RJfjBqXMn4oUGNbgOTg=s1024"",""caption"":null,""width"":4000,""height"":2250},{""id"":""CIHM0ogKEICAgIDSuaXNEw"",""url"":""https://lh3.googleusercontent.com/geougc-cs/AB3l90DHXTnuOFWaC43XoCAeUcP1enGkZKbZiLO9I8S6wYjXjNmvNILebHKI6u511N6-fgGMOujiveEgqZd1dU4qjsVomMfD3aWKt749-ZTD8nf5_LXIPm5obs6i0WX9uQ0ZYGBw2kbT=s1024"",""caption"":null,""width"":4000,""height"":2250},{""id"":""CIHM0ogKEICAgIDSuaXNkwE"",""url"":""https://lh3.googleusercontent.com/geougc-cs/AB3l90AiOBb0wXdsmlf8i_waoQQJ2QV0_UlVCfj30T9aUTd3hjEVA-aO4dixk4tF5kgTN3HqFrnjiLcULPrmxV1wSEw5LUywxVzXKUYIBziZNRsbfwrV0ygQ3wC7Vtw5b0aEupsT-t0ULQ=s1024"",""caption"":null,""width"":4000,""height"":2250},{""id"":""CIHM0ogKEICAgIDSuaXNUw"",""url"":""https://lh3.googleusercontent.com/geougc-cs/AB3l90A0Cy4r_vXIv3lDrH0FDr8w6MgevhJblTo2XlWEk5nUHd8r6D1kOdK6ntM78o3HlTqU9-d6bPAQiddPo_NkHffRptko1wgAqisj1X51EYc_jA9ZybvVN7rPOUbvm_pXCgoJGEJj=s1024"",""caption"":null,""width"":4000,""height"":2250},{""id"":""CIHM0ogKEICAgIDSuaXN0wE"",""url"":""https://lh3.googleusercontent.com/geougc-cs/AB3l90D9yJGdLva1_3hiNIY54_j6teEot3_niAav0HjS9PDevBUjXAOloXKMzRMF0_lGuJaC6UJz8AjSYf6ipsBxlYGSHIrF1gOGfPARGJWi38KecgvvR5Sf0sPw2nv2d4RPe3qq3Si8IQ=s1024"",""caption"":null,""width"":4000,""height"":2250},{""id"":""CIHM0ogKEICAgIDSuaXNMw"",""url"":""https://lh3.googleusercontent.com/geougc-cs/AB3l90CQumYSsmOnUE-EW3hh7S6mExWu9kG79v2GbiYxheIZEZ57FTmCF0FlRc7frH5s0isq0a_S6jHoM-XpjnioTMcf3ILoE9zgT6cFnivvF80Q8Y1BBKapDDRydr0dF27liYfG_DQ=s1024"",""caption"":null,""width"":4000,""height"":2250}]"
ChIJF5AZYSDy2S0RN_jTLPNsxFI,Pantai Badur Batu Putih,ChZDSUhNMG9nS0VJQ0FnSUREanMzMGFBEAE,https://www.google.com/maps/reviews/data=!4m8!14m7!1m6!2m5!1sChZDSUhNMG9nS0VJQ0FnSUREanMzMGFBEAE!2m1!1s0x0:0x52c46cf32cd3f837!3m1!1s2@1:CIHM0ogKEICAgIDDjs30aA%7CCgwI1eXUsAYQwLjgqwM%7C?hl=id,Prabu,109833396496589326151,https://www.google.com/maps/contrib/109833396496589326151?hl=id,4,"Tempat nya sepi, akses masuk sayang susah untuk mobil jadi parkir di pinggir jalan atau di lapangan seberangnya pintu masuk ya. Tadi waktu kesana kamar mandi dikunci dan sepi nda ada pengunjung sama sekali. Tapi itu membuat jadi enak karena berasa private beach sembari bisa melihat banyak kapal nelayan yang sedang di parkir. O ya akses nya kalo dari arah pantai lombang itu banyak yg berlubang ya (mungkin pemerintah daerah bisa memperbaiki akses jalan biar pantai ini juga ikutan rame).",setahun lalu,2024-04-09T12:21:41,,,,200,1181,1,,,"[{""name"":""Waktu kunjungan"",""value"":""Hari biasa""},{""name"":""Waktu antrean"",""value"":""Tanpa mengantre""},{""name"":""Sebaiknya buat reservasi"",""value"":""Tidak""}]","[{""id"":""CIHM0ogKEICAgIDDjs30mAE"",""url"":""https://lh3.googleusercontent.com/geougc-cs/AB3l90DtnZW6JPQl3MqhoLSWu3QJJDpg6DYqYtkR-OflLmbVJP81iCdNfMWgNXGOewDSuIC3Me3oSbbL-QgpplIVm0pyUkh0x9AB3thp-aiD6M5NhN2W3XTivVu5GyS2fpLuJ9BcCGYO=s1024"",""caption"":null,""width"":5120,""height"":3840}]"
ChIJF5AZYSDy2S0RN_jTLPNsxFI,Pantai Badur Batu Putih,ChZDSUhNMG9nS0VJQ0FnTUNJLXFlZll3EAE,https://www.google.com/maps/reviews/data=!4m8!14m7!1m6!2m5!1sChZDSUhNMG9nS0VJQ0FnTUNJLXFlZll3EAE!2m1!1s0x0:0x52c46cf32cd3f837!3m1!1s2@1:CIHM0ogKEICAgMCI-qefYw%7CCgwIqKevvwYQqNOzqgM%7C?hl=id,Fur,114366571303333658900,https://www.google.com/maps/contrib/114366571303333658900?hl=id,5,"hidden gems sumenep, masih terjaga, tidak dikelola, no ticket entry",6 bulan lalu,2025-04-01T11:53:12,,,,7,20,1,,,[],"[{""id"":""CIHM0ogKEICAgMCI-qefkwE"",""url"":""https://lh3.googleusercontent.com/geougc-cs/AB3l90CD3VOngOLDzzGAMh-epdcuqoWUkCRW-5wklSWZRlnGIRPbpyBQmbVg1COp6EfSLXf_b7wmLRkIqKWkuVNhFGvvuQtSyLBzSk1fNwmmn0gb0YtgHvHYkF47VbOyR2fl3u8B75ZgtA=s1024"",""caption"":null,""width"":1080,""height"":1920},{""id"":""CIHM0ogKEICAgMCI-qefUw"",""url"":""https://lh3.googleusercontent.com/geougc-cs/AB3l90C8GCxRnQZX9Ut6qBnrY_8ynDqCbIvsTzbMsHJHwLxB04_SFlHjOPz_e8hsdDz0NNAnhUm0IlbGrLbgfMaopzBY-cAQhtWo9he21G0_arLob4vIlXoMDq4Hw7H7xtRghvriN1ME=s1024"",""caption"":null,""width"":1080,""height"":1920},{""id"":""CIHM0ogKEICAgMCI-qef0wE"",""url"":""https://lh3.googleusercontent.com/geougc-cs/AB3l90BcXaulHeF-WpLjLcwOhjFvdHOtADeMDJdpsbkUxK1Nr60YVrXKsGhgZtTdoPNRdjCyUGDs9Ckw3kCHjaIeLRDc17HdZciGLaA3nK04vf6kPzsvPDIyGH3L0frRGn934DbMkSYL=s1024"",""caption"":null,""width"":3024,""height"":4032},{""id"":""CIHM0ogKEICAgMCI-qefMw"",""url"":""https://lh3.googleusercontent.com/geougc-cs/AB3l90BNiOLV5FKKnfP8e-hT-0PoNvhAzVnUqtqpr4cUG6bIbA1TiGx2KwP0pEqZtRZo-JVye4MSIyBgJFC-GJ5zpIOzOok0kFCZngqP1eEKBGGOkGSqdzI1_etUMnZ1EnENG42muZvz=s1024"",""caption"":null,""width"":3024,""height"":4032},{""id"":""CIHM0ogKEICAgMCI-qefswE"",""url"":""https://lh3.googleusercontent.com/geougc-cs/AB3l90B-13v0JL_z9zQ2UWgxCRgLaM-G8kTVukWRtJcrdG-rYdmo7RUgTol6WIZaPaP_PkejfAyHCEZw1hlsskclxbn-YQMF94LcYGVXNfuZMYbxXeFJLjeKLpV5QnDK8N8sBMuiFEB1Pg=s1024"",""caption"":null,""width"":3024,""height"":4032},{""id"":""CIHM0ogKEICAgMCI-qefcw"",""url"":""https://lh3.googleusercontent.com/geougc-cs/AB3l90B7bSyZ9GQPIfBusgdr0GXvzkoKQ7NnfpyEBX_zLefOPBAMutVR1Tq_IBxCC5LeGaLr8GEHgPBdJuO2GTCWPBMxgk6jNKPWuT53ALfHDzRP2E6Y4I7Z1RdIqsgrTtZAosW-7nOA=s1024"",""caption"":null,""width"":1080,""height"":1920},{""id"":""CIHM0ogKEICAgMCI-qef8wE"",""url"":""https://lh3.googleusercontent.com/geougc-cs/AB3l90C_sh7oxp2bm86Wh1prcXwnmUeFUDsqJFe-bxOmn5_XBHbpmC1VHH4pW6riWQ35iuESDCb2HsuxmEQJRv3kstefZRgUup0C_6Pkczc1EIcsVk6RIuvShivBTSccuen4EN11a_SgUw=s1024"",""caption"":null,""width"":4032,""height"":3024},{""id"":""CIHM0ogKEICAgMCI-qefCw"",""url"":""https://lh3.googleusercontent.com/geougc-cs/AB3l90AgEMPuGlF3DT-fMsIFyHqJD52OKI6MM6K5nbZZmGONC8XYTdg9BObisf3VSSR8SXcAMIWwrZHK5KxGIiqSKBv8T2YBZH_qAFU74ZI-WY0hPyPAG8r6aYVUTZeIq6EMVvVc7C0=s1024"",""caption"":null,""width"":1080,""height"":1920}]"
ChIJF5AZYSDy2S0RN_jTLPNsxFI,Pantai Badur Batu Putih,ChdDSUhNMG9nS0VJQ0FnSUN3dXN2a19BRRAB,https://www.google.com/maps/reviews/data=!4m8!14m7!1m6!2m5!1sChdDSUhNMG9nS0VJQ0FnSUN3dXN2a19BRRAB!2m1!1s0x0:0x52c46cf32cd3f837!3m1!1s2@1:CIHM0ogKEICAgICwusvk_AE%7CCgwIl76EwwUQgMG77QE%7C?hl=id,Eko Priono,111939493451896120199,https://www.google.com/maps/contrib/111939493451896120199?hl=id,5,"Pantai yang unik, disini terdapat sungai yg bermuara ke laut, jadi ada pertemuan dua air tawar dan asin. Masih alami dan belum dikelola secara profesional oleh Pemkab Sumenep. Masuk kesini hanya bayar parkir mobil 10rb oleh masyarakat sekitar. Sayangnya sinyal ponsel blm menjangkau tempat ini.",8 tahun lalu,2016-12-26T13:35:40,,,,270,1108,1,,,[],"[{""id"":""CIHM0ogKEICAgIDElpbt9wE"",""url"":""https://lh3.googleusercontent.com/geougc-cs/AB3l90AC46BAXyl-7eWXAovtNgdIRtdkQWiosGAmSRJMwbPVllCPJVDJSYcUuDpNPiUJfRjUTVYQUrmgvZcFm35F8qcwvPZUYown9Xp0qsP9mC27_QiemBBS_n7n5ztz1WF_QgOQS21U=s1024"",""caption"":""Sungai air tawar dan laut di bagian belakangnya"",""width"":4160,""height"":3120},{""id"":""CIHM0ogKEICAgIDElp6OZg"",""url"":""https://lh3.googleusercontent.com/geougc-cs/AB3l90AzSUaat_qyksVvtASI8hDM3D5SDcrKLs4nVLW4KXe6PFuA7V8edozd7ioShtymWKp3tEHkibvDCkJp_6NEzjMe6QAkZTvZ7Sq28149b4kinnnnWTCPcVRKS66AX1byLv8f1Zs=s1024"",""caption"":""Aliran sungai air tawar yg sangat jernih, dengan tampak belakang laut air asin."",""width"":4160,""height"":3120},{""id"":""CIHM0ogKEICAgIDElr6yYw"",""url"":""https://lh3.googleusercontent.com/geougc-cs/AB3l90DF_59FLgqRENufYrMRHTMPakf6PChRVsRI8ykYMt57a_ZGTO36vx_1jONjl8njrZ7sXHWQLtp2FqMjdZLSPa2KxduakR_31i0n-OMQrgCxgyS3ut76ahiSru2C-1Ztbn7vi2c=s1024"",""caption"":null,""width"":4160,""height"":3120},{""id"":""CIHM0ogKEICAgIDElraaVg"",""url"":""https://lh3.googleusercontent.com/geougc-cs/AB3l90B8RkEvbkbJv1BeawWKuTOR9AohvVDQI15eijCdqKKhfZH-GQq40nP_-c1ANwI8hH2Mkq6Y55cZDGm73PoShHytZ8ItEh0Knq0eFaXDAGsgWU8uh0cT7rRh_Gu-YTaXVBLBvR2I=s1024"",""caption"":""Suasana pinggir pantai"",""width"":4160,""height"":3120}]"
ChIJF5AZYSDy2S0RN_jTLPNsxFI,Pantai Badur Batu Putih,ChZDSUhNMG9nS0VJQ0FnTUNJejZLbWF3EAE,https://www.google.com/maps/reviews/data=!4m8!14m7!1m6!2m5!1sChZDSUhNMG9nS0VJQ0FnTUNJejZLbWF3EAE!2m1!1s0x0:0x52c46cf32cd3f837!3m1!1s2@1:CIHM0ogKEICAgMCIz6Kmaw%7CCgwI3PTEvwYQsIv2pgE%7C?hl=id,Refsan Jani,109991960039751922161,https://www.google.com/maps/contrib/109991960039751922161?hl=id,5,"Pantainya masih bagus, apalagi ada sumber air tawarnya.....",6 bulan lalu,2025-04-05T14:12:44,,,,6,9,1,,,[],"[{""id"":""CIHM0ogKEICAgMCIz6KmmwE"",""url"":""https://lh3.googleusercontent.com/geougc-cs/AB3l90CzwRo_WeDgZ3zztA8WQ_Tp-QGjftvwzft05wdfEBjR79P3FiE9x14dvZfIa9MVmwiCjNKfmLRjQKHWHwypuWyqH0_r7lC2ac8AAgCKXMKMsDsDAqCeHPMhjJxlv-IqHibk-G-L4Q=s1024"",""caption"":null,""width"":1920,""height"":1080}]"
ChIJF5AZYSDy2S0RN_jTLPNsxFI,Pantai Badur Batu Putih,ChdDSUhNMG9nS0VJQ0FnSUR5OXFxVXd3RRAB,https://www.google.com/maps/reviews/data=!4m8!14m7!1m6!2m5!1sChdDSUhNMG9nS0VJQ0FnSUR5OXFxVXd3RRAB!2m1!1s0x0:0x52c46cf32cd3f837!3m1!1s2@1:CIHM0ogKEICAgIDy9qqUwwE%7CCgsI5qSSggYQ-PzyKQ%7C?hl=id,Mengejar Matahari,109814811265028044381,https://www.google.com/maps/contrib/109814811265028044381?hl=id,1,"Dipantai badur, Fasilitas kurang Lengkap, banyak sampah,Secara suasananya sangat alami, jalannya Juga buruk banget bolong2,sampah Ada buang hajat ditempat itu, pakirnya 20 ribu padahal cuma sebentar apalagi hujan deras, terus Ada sampah kontrasepsi, engak kira2 ini tempat wisata kok kesannya, malah jelek mohon perbaikan dikelola dengan setelah pantai Lombang tutup,",4 tahun lalu,2021-03-07T03:53:47,,,,401,6046,1,,,[],"[{""id"":""CIHM0ogKEICAgIDy9qqsIQ"",""url"":""https://lh3.googleusercontent.com/geougc-cs/AB3l90DUwDbnz7GXcKSVxzTUB9BTSk5r2mtAxPyrpMdDnFDPI8QeNkuEUcnYBcTSN7GvDBp5Iwp59QyU6hgfz0d8_-b298c6MOWW5PBGrGhHrrT_xx2qrox0XFIuvMShvfGBMsP50v4n=s1024"",""caption"":null,""width"":1080,""height"":1920},{""id"":""CIHM0ogKEICAgIDy9pnGKA"",""url"":""https://lh3.googleusercontent.com/geougc-cs/AB3l90CdSKkyBOOScEp_a-phZYpHNR-WGQlqD4123V99Xcbt3A7tWwiFrJFSBjHbNxEKQzSWLRN2HxKvIH4xyd-az4Xtt-Puw0cT73Y6nv30dShVJJiDTje9jgtfmfrnk7klfhxhPQs=s1024"",""caption"":null,""width"":1872,""height"":4160},{""id"":""CIHM0ogKEICAgIDy9pnGqAE"",""url"":""https://lh3.googleusercontent.com/geougc-cs/AB3l90BpVH62OkrR39E7OQHQgAI43hacTZBN7b5qvJy4xMI5tdUnGH6xDBGhbNT80zUy-bHpf_hLisvD0oNrDC9D7kIS_1JfBVQmdsadyjCZ00jojD335cPKtDNFiXVyoRQ8b4wZVIXeQw=s1024"",""caption"":null,""width"":1872,""height"":4160},{""id"":""CIHM0ogKEICAgIDy9pnGaA"",""url"":""https://lh3.googleusercontent.com/geougc-cs/AB3l90DcR2qPwDude4xYm3DpTJeJi5X__X5m4t0cKqkGFDXsTmfqCgFPF74jS6QZLvAnnvdNk7-wvi3HXASDene6fDSm-vIYwgl2adBLtuHOTOvsQP9ZdtFMoOZMI3lGEyu35za6QAC_=s1024"",""caption"":null,""width"":1872,""height"":4160},{""id"":""CIHM0ogKEICAgIDy9pnG6AE"",""url"":""https://lh3.googleusercontent.com/geougc-cs/AB3l90CjM-aru7NWfJ3PuWOdG878AxfdbcIZBnY27-hdtN-BEk6UuasvKdwVTu-G_Qnp1biszliX5s_bnDIBWxoH0GFyUUUms53AaGTlwNQz0QmdqhKdFVe5-sJ1eslnZYYUxuYYEVIRog=s1024"",""caption"":null,""width"":1872,""height"":4160},{""id"":""CIHM0ogKEICAgIDy9pnGGA"",""url"":""https://lh3.googleusercontent.com/geougc-cs/AB3l90DUvjNYB5xiIjNaDWYyj9yaai9yeEOS-7dUMGV4kgK_1F9LpiMwHdK3gc8YqBpy-cnaQ9w4low4Bklue24eaa_OZwoQ3HNNiiWKhlzBSneuRUrLpaXWUp0SB3vIUR3b1r55TAg=s1024"",""caption"":null,""width"":1872,""height"":4160},{""id"":""CIHM0ogKEICAgIDy9pnGmAE"",""url"":""https://lh3.googleusercontent.com/geougc-cs/AB3l90BbZJbU7Em-7VPg63AQqtB5Lton90UITJkGfPTdeZDtEcpi_wqnIiPsZy9dBJJlUwU-zGPlcX2dXd3oTJcViPebhYsZTQwPeb7-nGz5nvlAFjxnwZCmyDyo8PQIOcfqMiW2h3eiew=s1024"",""caption"":null,""width"":1872,""height"":4160},{""id"":""CIHM0ogKEICAgIDy9pnGWA"",""url"":""https://lh3.googleusercontent.com/geougc-cs/AB3l90CGCXEdClYtXxINbymLVrAkgtmv-jvL_gcD2MrmlfN6KOYfnyH4e1-_-F7yuxuPz-7RNmWM_OlWJj6gOCmVrQG-EVfiFzJfLMYmrnXW6iJKKL9Vfo-mQ-fRrr4a7zvkE6C5g_TE=s1024"",""caption"":null,""width"":4160,""height"":1872}]"
ChIJRbYiVvXB2S0RchtWCKLWGZc,Pandan Ambunten Beach,ChdDSUhNMG9nS0VJQ0FnSURqcmUyb3NBRRAB,https://www.google.com/maps/reviews/data=!4m8!14m7!1m6!2m5!1sChdDSUhNMG9nS0VJQ0FnSURqcmUyb3NBRRAB!2m1!1s0x0:0x9719d6a208561b72!3m1!1s2@1:CIHM0ogKEICAgIDjre2osAE%7CCgsIlLTisQYQiOiVUw%7C?hl=id,Merry Qibthi,113019842710429563583,https://www.google.com/maps/contrib/113019842710429563583?hl=id,5,"Bagus banget untuk bersantai sejenak, tempat nyaman bebas parkir, makanan dan minuman sangat murah",setahun lalu,2024-05-06T08:51:32,,,,1,1,,,,"[{""name"":""Waktu kunjungan"",""value"":""Hari biasa""},{""name"":""Waktu antrean"",""value"":""Tanpa mengantre""},{""name"":""Sebaiknya buat reservasi"",""value"":""Tidak""}]","[{""id"":""CIHM0ogKEICAgIDjre2oCA"",""url"":""https://lh3.googleusercontent.com/geougc-cs/AB3l90AWcwaV15vNipqbBvcsaFJUY50wZGw0gBze5MzCEPUtSbVGWANrEdAp__unovpqXl57YYqGpi9UBfyctANmoyISzdzyAJRBUhKYtkbhCGAt5oVz3c493O1D7X7RVBkt_ukQqXv1=s1024"",""caption"":null,""width"":2160,""height"":3840},{""id"":""CIHM0ogKEICAgIDjre2oiAE"",""url"":""https://lh3.googleusercontent.com/geougc-cs/AB3l90D1vYNFr_kPsGfJlzyIpe2ABcJRxKoUk0p48kXm0dbXjXJfBYe4HKKjwUHDbq6-YKMlaTKr_xaKD1rBiwlacKtNMAX4jtEcV3kAq4VZlkJiDJefESZ6NAvJQq87zdT-r9FrCszXpQ=s1024"",""caption"":null,""width"":3000,""height"":4000}]"
ChIJRbYiVvXB2S0RchtWCKLWGZc,Pandan Ambunten Beach,ChZDSUhNMG9nS0VJQ0FnSURSM3M3OFhREAE,https://www.google.com/maps/reviews/data=!4m8!14m7!1m6!2m5!1sChZDSUhNMG9nS0VJQ0FnSURSM3M3OFhREAE!2m1!1s0x0:0x9719d6a208561b72!3m1!1s2@1:CIHM0ogKEICAgIDR3s78XQ%7CCgsImMmPowYQoKHWbg%7C?hl=id,akhmad zubaidi,100870817773981471270,https://www.google.com/maps/contrib/100870817773981471270?hl=id,5,"An alternatively pretty beach to spend your lovely time. It'll attract more visitors if it's managed professionally by the local government or private companies.
Entrance; free
Parking; free
Mini Cafe; available",Diedit 2 tahun lalu,2023-04-26T04:19:45,,,,35,157,1,"Pantai yang cantik untuk menghabiskan waktu luang Anda. Pantai ini akan lebih menarik pengunjung jika dikelola secara profesional oleh pemerintah setempat atau perusahaan swasta.
Tiket masuk; gratis
Parkir; gratis
Kafe mini; tersedia",,"[{""name"":""Waktu kunjungan"",""value"":""Hari libur nasional""},{""name"":""Waktu antrean"",""value"":""Tanpa mengantre""},{""name"":""Sebaiknya buat reservasi"",""value"":""Tidak""}]","[{""id"":""CIHM0ogKEICAgICxlvjD8QE"",""url"":""https://lh3.googleusercontent.com/geougc-cs/AB3l90AzQba3WyIFMRxVEoEVcML1QvDx0EhYABCBYGqDEeEtPrBqucwM6tOJFOcXDjaL0XH_zpNy_17pIc5DaloqAKt1c3Le92-ChizEFRqXIA8nOx-d4sYT_xPkZnb0ea10QcXFTyqLlg=s1024"",""caption"":null,""width"":1080,""height"":1920},{""id"":""CIHM0ogKEICAgICxlvjDCQ"",""url"":""https://lh3.googleusercontent.com/geougc-cs/AB3l90DvViL-odtCyADMl-uQ6YAz6FU0piHfaq85b5PlUeVFBIAC3K0v9jp_MvSs6YTW2KTi7sSOvDR31Mjoe4-EAStYsBObUqZFG8Z6n7ipra5J0XFBGgTWe0rT8MNbu2LKgizRB-HV=s1024"",""caption"":null,""width"":704,""height"":704},{""id"":""CIHM0ogKEICAgICxlvjDiQE"",""url"":""https://lh3.googleusercontent.com/geougc-cs/AB3l90CE9siXOqatleqCDdXb43Sf5FkggwL5m-YEqLf_-ai-ZmqpoF-3TQASBtxh-SyeU4CQDVhJ-jNgRH_E6MV-abxhE-PTUpXydoofHPDrEPtjPSd_GCoXBljG1Jo-N8EBlBDGp_kSbw=s1024"",""caption"":null,""width"":704,""height"":704},{""id"":""CIHM0ogKEICAgICxlvjDSQ"",""url"":""https://lh3.googleusercontent.com/geougc-cs/AB3l90ABpIAQ3aUta_OzKHcKAZuVarGJwVsdWrhH3_kHEkBTnh4v2EdFiBCFxEM7B8XgSd1PGt6HdkUPPilVATifKebwsWRTNx-zLGnKM-joTWxtfJQTDGsg9Ys6gfy8CkSDLvF2RpCQ=s1024"",""caption"":null,""width"":1080,""height"":1920},{""id"":""CIHM0ogKEICAgICxlvjDyQE"",""url"":""https://lh3.googleusercontent.com/geougc-cs/AB3l90A6s9kwv2CXHgFGwHpvuTDp-OK24v32mWTKdqA2ChdHlhp1OiXIgW_-sjue4hLKVWgRIjLBpci_RDKOi80QFvqfOlzfRrLS_g6JqhEiPKF4chWONQu4xlzvOo3On2x3pZzup5kR=s1024"",""caption"":null,""width"":720,""height"":1280},{""id"":""CIHM0ogKEICAgICxlvjDKQ"",""url"":""https://lh3.googleusercontent.com/geougc-cs/AB3l90DrwbAzntU6cQWo0OcdQTsGQitcklhMD1oZa_BKkWt1KC10CkIcdOkMpy-fOsz8IBhXj3plKg9lAVdv9TMViM079yvuyxx74XOLOxtyxudZV-9DeBEFo478QPTGOC_QG2W1ztex=s1024"",""caption"":null,""width"":2448,""height"":3264},{""id"":""CIHM0ogKEICAgICxlvjDqQE"",""url"":""https://lh3.googleusercontent.com/geougc-cs/AB3l90AaOi988TzKttNON8b-cofXQ-H8bm6uvqswSv-BI52oHRS1Hl8vlyNv_QQZmosi2wgZqkDzQJqltXaaue2ZNCEu_OfQUG-s5QMWov1TdC-8itfm_BHC656CbP4UFXjQR9ZKBYd4MA=s1024"",""caption"":null,""width"":704,""height"":704},{""id"":""CIHM0ogKEICAgICxlvjDaQ"",""url"":""https://lh3.googleusercontent.com/geougc-cs/AB3l90DL4V80_N-WG5MWnHaLzkAHYLmHiavNsmptGQk-QZu_DJXylYzjV8cMMK8J2qPne6o00GeCmXqoSB49DtfODD4FFy--6LV_8aOW37Pk4846EWqFAGNTyhomaL-lqJnTS1_pJ41i=s1024"",""caption"":null,""width"":704,""height"":704}]"
ChIJRbYiVvXB2S0RchtWCKLWGZc,Pandan Ambunten Beach,ChZDSUhNMG9nS0VJQ0FnSUNGczhlLUhREAE,https://www.google.com/maps/reviews/data=!4m8!14m7!1m6!2m5!1sChZDSUhNMG9nS0VJQ0FnSUNGczhlLUhREAE!2m1!1s0x0:0x9719d6a208561b72!3m1!1s2@1:CIHM0ogKEICAgICFs8e-HQ%7CCgwIxZmMqgYQoNiYwgE%7C?hl=id,Lie sha,115948771750581278493,https://www.google.com/maps/contrib/115948771750581278493?hl=id,5,,setahun lalu,2023-11-02T02:43:17,,,,11,42,1,,,"[{""name"":""Waktu kunjungan"",""value"":""Akhir pekan""},{""name"":""Waktu antrean"",""value"":""Tanpa mengantre""},{""name"":""Sebaiknya buat reservasi"",""value"":""Tidak""}]","[{""id"":""CIHM0ogKEICAgICFs8e-XQ"",""url"":""https://lh3.googleusercontent.com/geougc-cs/AB3l90BtwYqGWgNmAyc387-sM6Nc71T-wj3j8QoBMEoaVKihmiy_zh6BfgvIcFAG0nDsBMNDWL1YmJJ0Qs4xSRnYowU4rfftlw95An9A0ia0W3XaMkI7MGAGBPfI-i2kmrM5or-P7O30=s1024"",""caption"":null,""width"":2448,""height"":3264}]"
ChIJ-Vjbedri2S0RF-sibhMpwp8,Pantai Ponjuk Padike,ChZDSUhNMG9nS0VJQ0FnSUNHNkpqaGFnEAE,https://www.google.com/maps/reviews/data=!4m8!14m7!1m6!2m5!1sChZDSUhNMG9nS0VJQ0FnSUNHNkpqaGFnEAE!2m1!1s0x0:0x9fc229136e22eb17!3m1!1s2@1:CIHM0ogKEICAgICG6Jjhag%7CCgwI5LG5iwYQ8NHVuwI%7C?hl=id,Rob,113693273296915008774,https://www.google.com/maps/contrib/113693273296915008774?hl=id,5,"Pantainya tenang dan bagus. Ombaknya juga tidak tinggi. Airnya biru bersih. Anginnya cukup kencang. Terdapat gazebo di bagian atas. Di dekat sana juga terdapat makam dan pepohonan besar. Jarang terdapat pengunjung.
Akses menuju ke sana tidak mudah karena jalanannya juga tidak terlalu mulus. Saran jangan saat musim hujan kalau ke sana.",4 tahun lalu,2021-10-19T05:34:28,,,,865,1399,1,,,[],"[{""id"":""CIHM0ogKEICAgICG6JjhmgE"",""url"":""https://lh3.googleusercontent.com/geougc-cs/AB3l90CggnEse-cZdo5yC58xYT4OFOO38cZVxZYqLEyvkiNKG8REvG4ics5begGct5CCA9-Epxs0triudO-htdw5MIFhTzptaVanZLXy7rknMzv57I4gdWLfnZTDMFpieJ-DZgbOvW2AWA=s1024"",""caption"":null,""width"":6016,""height"":4512},{""id"":""CIHM0ogKEICAgICG6JjhWg"",""url"":""https://lh3.googleusercontent.com/geougc-cs/AB3l90DVL53NgKPQERX7BxH3tSiLVsYi3ofTRtywsE4m75PeyVZPWY0sKiIzLapcVpF8G2Y2Fi_EfFovoFneYZrrnOtEA_LeFf0D18wvF-JGzktSGUXG4Ng60zGPNFlP3Vmo6ojH26Yq=s1024"",""caption"":null,""width"":4512,""height"":6016},{""id"":""CIHM0ogKEICAgICG6Jjh2gE"",""url"":""https://lh3.googleusercontent.com/geougc-cs/AB3l90B-AXpNdLGjZ_-JWQRqoloIEgJZTXR7W0pdHJLKWxyCDFVNGKw2vHgl0-JQwRcVilqN1tMpZQltt_biy7WXv3478ykhoI3HccDd-eL60NRpRrAY1imQRwvfbnI9U4WahHzZhpmA1w=s1024"",""caption"":null,""width"":4512,""height"":6016},{""id"":""CIHM0ogKEICAgICG6JjhOg"",""url"":""https://lh3.googleusercontent.com/geougc-cs/AB3l90CyI0gTkiQ0dGq1j3-CqEImb-ijRI1vncstaOU5tACGhG1W3Lw0GK5n1iEa5bE51FeUTAekBBzkqiiBade1xV3GGgfgGAys4rV5qVjmY216VVx0w01dCfpPC8Jlgal_HrG4cmLF=s1024"",""caption"":null,""width"":6016,""height"":4512},{""id"":""CIHM0ogKEICAgICG6JjhugE"",""url"":""https://lh3.googleusercontent.com/geougc-cs/AB3l90BCz_J5H17GekCAkU3RZ8TV-f_eCUwmTKHmMR3MqojVp8PUx1lTO-D10aQ0Ac9IpiAb5uz8vcLfgCgDcLisdOe0zS9PsVRrs__v8KSxcyDWELU2wmrAVb3z9h7obsjVdjtyU2Ju=s1024"",""caption"":null,""width"":3024,""height"":4032},{""id"":""CIHM0ogKEICAgICG6Jjheg"",""url"":""https://lh3.googleusercontent.com/geougc-cs/AB3l90BtY3Q3_PZzx2XvUJRohtz-PkMBYpmYuqfvVy80q-w5MxgxTdQ94vY-NFqBifvaQKSdNmNFPt7H37VBHfDyzC75FxSQWbcGGIFWIypyucTfpqzU-IiMwRfO7f6EaN4QiFot5txN=s1024"",""caption"":null,""width"":6016,""height"":4512},{""id"":""CIHM0ogKEICAgICG6Jjh-gE"",""url"":""https://lh3.googleusercontent.com/geougc-cs/AB3l90CBJOBwpDSlZcmQvhX1mkLelL3XVxpe0zjk9xhvT6X9TZLxq11yrfqMqPbM51vBAubCR_EDk83zRTys3jQ4LI60TIMj0buQp0Dh5wILXGfFeKEu2yewsDrPwq1bMbqrqt2H7FOk3A=s1024"",""caption"":null,""width"":6016,""height"":4512}]"
ChIJ-Vjbedri2S0RF-sibhMpwp8,Pantai Ponjuk Padike,ChZDSUhNMG9nS0VJQ0FnSURYOWJQbENREAE,https://www.google.com/maps/reviews/data=!4m8!14m7!1m6!2m5!1sChZDSUhNMG9nS0VJQ0FnSURYOWJQbENREAE!2m1!1s0x0:0x9fc229136e22eb17!3m1!1s2@1:CIHM0ogKEICAgIDX9bPlCQ%7CCgsI7oCGuQYQqNfEHw%7C?hl=id,Olif Kho,118135942208072743728,https://www.google.com/maps/contrib/118135942208072743728?hl=id,5,"Suasana cerah tapi banyak angin,tempat nya bersih dan indah, pemandangan langsung ke laut lepas",11 bulan lalu,2024-10-30T00:40:14,,,,3,2,,,,"[{""name"":""Waktu kunjungan"",""value"":""Akhir pekan""},{""name"":""Waktu antrean"",""value"":""Tanpa mengantre""},{""name"":""Sebaiknya buat reservasi"",""value"":""Tidak yakin""}]","[{""id"":""CIHM0ogKEICAgIDX9bPlyQE"",""url"":""https://lh3.googleusercontent.com/geougc-cs/AB3l90CLuHndqILoowPOK3D1fQf0T4vPv-GJVgyZc0e19JWWHGb1L0RGLds4HnZTbG6dli5iPfnWdOUvw6IHwqflzMNCRhFlxfiInQZqkIcMAtgZ-aNStbTPo1eu8pjYOyQTBQVmmJBdBg=s1024"",""caption"":null,""width"":1080,""height"":1920},{""id"":""CIHM0ogKEICAgIDX9bPlKQ"",""url"":""https://lh3.googleusercontent.com/geougc-cs/AB3l90DtCdHdAFSasrPm3DZGQ-9pfJC10nskE09W1DrGR7khBh55MmZnnRhffB_PVecn4x_NxWwxASmx9bXoyM1GLQm651_n-DZoxw3IplqxTQDzLMT5R6Zwbo0qieSoIkc8SXsFnrs=s1024"",""caption"":null,""width"":1080,""height"":1920}]"
ChIJ-Vjbedri2S0RF-sibhMpwp8,Pantai Ponjuk Padike,ChZDSUhNMG9nS0VJQ0FnSURRN3A3T1NnEAE,https://www.google.com/maps/reviews/data=!4m8!14m7!1m6!2m5!1sChZDSUhNMG9nS0VJQ0FnSURRN3A3T1NnEAE!2m1!1s0x0:0x9fc229136e22eb17!3m1!1s2@1:CIHM0ogKEICAgIDQ7p7OSg%7CCgsI66zP2gUQgMLXLw%7C?hl=id,oxep production,109923698742256338458,https://www.google.com/maps/contrib/109923698742256338458?hl=id,5,"Dari sumenep ke pel kalianget, nyebrang ke Pulau Talango kapal besar 4000, sampan 5000. Lanjut ke pantai Ponjuk. Sampai disana sepi ngga ada orang. Tp tmptnya bagus seandainya udh dikelola dgn baik. Warga sekitarpun ramah.",7 tahun lalu,2018-07-22T00:55:21,,,,114,65,1,,,[],"[{""id"":""CIHM0ogKEICAgIDE77L2nQE"",""url"":""https://lh3.googleusercontent.com/geougc-cs/AB3l90ATWI0czYlImmjSkng0rdP6Q39eACBDStxDI9HKYUvqFldUihAlRbPGridlrb4PJKQORsqcN3u9clvV_6uOgpRcIibRDe9f8RlzzAJm7Wertd8RWD7Q_0X3-kXSLK7Q6ysgfzmjJA=s1024"",""caption"":null,""width"":4160,""height"":3120}]"
ChIJ-Vjbedri2S0RF-sibhMpwp8,Pantai Ponjuk Padike,ChdDSUhNMG9nS0VJQ0FnTURJLUlPRW1RRRAB,https://www.google.com/maps/reviews/data=!4m8!14m7!1m6!2m5!1sChdDSUhNMG9nS0VJQ0FnTURJLUlPRW1RRRAB!2m1!1s0x0:0x9fc229136e22eb17!3m1!1s2@1:CIHM0ogKEICAgMDI-IOEmQE%7CCgwI4ejMvwYQiKS1uQM%7C?hl=id,Bang Ibe,114532804848061181006,https://www.google.com/maps/contrib/114532804848061181006?hl=id,4,Pantainya bagus dan luas.. Andai dibersihkan dan dikelola dg baik pasti banyak pengunjung,6 bulan lalu,2025-04-07T02:11:45,,,,85,171,1,,,[],"[{""id"":""CIHM0ogKEICAgMDI-IOEOQ"",""url"":""https://lh3.googleusercontent.com/geougc-cs/AB3l90BbCuqgJwQf3JtIhD-MORydV0UqnaWRWhCvwqN_tJ5eTIDUmy-KCcYZMR63VWBDJTiD_ghuH-exM8ziqqij9ZvLl5cFtJuvpdLrXLlUXe3H6fuVqiQaUPwZ6SZOJ_JvegA0VKA=s1024"",""caption"":null,""width"":4080,""height"":3072},{""id"":""CIHM0ogKEICAgMDI-IOEuQE"",""url"":""https://lh3.googleusercontent.com/geougc-cs/AB3l90ALJf9njsOcLM4R54JWuMaGc-Ik2q6d3VHsQ7GtbGF5KyIZeyqjwAV0mvEJpnfSKR3X1JFczvyK_rfJqTVrMQhHdxrAQKtcB5FxOV1TRk_wjp_NjCPo538jZesbGP270bJ5z-yDZg=s1024"",""caption"":null,""width"":4080,""height"":3072},{""id"":""CIHM0ogKEICAgMDI-IOEeQ"",""url"":""https://lh3.googleusercontent.com/geougc-cs/AB3l90D_08_QOPtuwsJ4HgfVxHgVPBkYUabwB45UYbbJfFpJpwoeU9hOyjznb0H8O0G0n3hbbVZXcLqMvNmdcCW2BWybxiNgTg_ce3R-2j1_2c3mUmCFybcCTmlWUw-rcLC0vAdJGQof=s1024"",""caption"":null,""width"":4080,""height"":3072}]"
ChIJ-Vjbedri2S0RF-sibhMpwp8,Pantai Ponjuk Padike,ChZDSUhNMG9nS0VJQ0FnSUNLLUpfVUlnEAE,https://www.google.com/maps/reviews/data=!4m8!14m7!1m6!2m5!1sChZDSUhNMG9nS0VJQ0FnSUNLLUpfVUlnEAE!2m1!1s0x0:0x9fc229136e22eb17!3m1!1s2@1:CIHM0ogKEICAgICK-J_UIg%7CCgwIuqSAgwYQ2KHaiAI%7C?hl=id,Lutfi Shabri,103929884685123649234,https://www.google.com/maps/contrib/103929884685123649234?hl=id,5,Tempat bagus tapi sayang kotor dan belum ada pemberdayaan,4 tahun lalu,2021-03-28T05:19:41,,,,49,48,1,,,[],"[{""id"":""CIHM0ogKEICAgICK-J_-cw"",""url"":""https://lh3.googleusercontent.com/geougc-cs/AB3l90CjHmldUQdY9ChjtOr8dgIcDNikAFtvM5UyhWFxgWhRMeEyzgwoKRynwK5_ftGj00pSDwgPUV3a1vGit81uEMzntWhABcKZsb1k7cqjiy87bRiXmL1MgEN1y4pwLz-qxm0vB5JA=s1024"",""caption"":null,""width"":4000,""height"":2250},{""id"":""CIHM0ogKEICAgICK-J_-8wE"",""url"":""https://lh3.googleusercontent.com/geougc-cs/AB3l90DxPkg_BG2c7RvWtTae2Vgj9Vt0E7xi4EgpNTFaZ52R6XJcm6HWbWDgw3Qjxd1v1TMIZ0bkhRBEeCUWg6tozAlffKVsIbCMaxNvjmlEg0bshxAwW3Sq95I7Q-WxtzlsBdvRS37kRg=s1024"",""caption"":null,""width"":4000,""height"":2250},{""id"":""CIHM0ogKEICAgICK-J_-Cw"",""url"":""https://lh3.googleusercontent.com/geougc-cs/AB3l90AMR1ofO0ggCC1EDVlWI7dVDnqw6MmvNTFD9N4vt031ny6BM2ESqWxwpaQd3PIqkL-XUMrvi5ByOaSXhpGMMzL2zTU5nQ1KL5bu-qz10LF1SoMtbguZLVaXV5-aUx6-SF-hA8JS=s1024"",""caption"":null,""width"":1440,""height"":2560},{""id"":""CIHM0ogKEICAgICK-J_-iwE"",""url"":""https://lh3.googleusercontent.com/geougc-cs/AB3l90BxVcm4QlufFm0DzUmUxFeO6lQH_uXs4wyPH1Y3TXKeYbSH07eU7ih1CykneoedM8MuTB_8TUH5LbHCUgNTGSQPFaj-_8uUi-493H_DmwIBfvC4JEYFILttSxG78MSA3v4kBuc0=s1024"",""caption"":null,""width"":2250,""height"":4000}]"
ChIJ-Vjbedri2S0RF-sibhMpwp8,Pantai Ponjuk Padike,Ci9DQUlRQUNvZENodHljRjlvT2s1a1JVOVlhRVJDVW5Gc2VUWjRkSEp5UlVselYzYxAB,https://www.google.com/maps/reviews/data=!4m8!14m7!1m6!2m5!1sCi9DQUlRQUNvZENodHljRjlvT2s1a1JVOVlhRVJDVW5Gc2VUWjRkSEp5UlVselYzYxAB!2m1!1s0x0:0x9fc229136e22eb17!3m1!1s2@1:CAIQACodChtycF9oOk5kRU9YaERCUnFseTZ4dHJyRUlzV3c%7C0cHMHhNKAN7%7C?hl=id,Muhammad Rizky official (Muhammad rizky),104063857314602307676,https://www.google.com/maps/contrib/104063857314602307676?hl=id,2,Di perbagus lagi pantainya biar warga atau kunjungan lebih suka/ tertarik,4 bulan lalu,2025-06-11T12:21:01,,,,70,15,1,,,[],[]
ChIJ-Vjbedri2S0RF-sibhMpwp8,Pantai Ponjuk Padike,ChZDSUhNMG9nS0VJQ0FnTUNRNXBpQkVREAE,https://www.google.com/maps/reviews/data=!4m8!14m7!1m6!2m5!1sChZDSUhNMG9nS0VJQ0FnTUNRNXBpQkVREAE!2m1!1s0x0:0x9fc229136e22eb17!3m1!1s2@1:CIHM0ogKEICAgMCQ5piBEQ%7CCgsIzZ-ZvgYQkNe8aA%7C?hl=id,Sidoel Mdr,105098864149344319341,https://www.google.com/maps/contrib/105098864149344319341?hl=id,1,Sering kali setiap sore pergi ke pantai ponjuk ingin melihat terbitnya matahari dan terbenamnya matahari yang indah,7 bulan lalu,2025-03-04T00:53:52,,,,2,0,,,,"[{""name"":""Waktu kunjungan"",""value"":""Hari biasa""},{""name"":""Waktu antrean"",""value"":""Tanpa mengantre""},{""name"":""Sebaiknya buat reservasi"",""value"":""Tidak""}]",[]
ChIJ-Vjbedri2S0RF-sibhMpwp8,Pantai Ponjuk Padike,ChZDSUhNMG9nS0VJQ0FnSUNqMUtXa093EAE,https://www.google.com/maps/reviews/data=!4m8!14m7!1m6!2m5!1sChZDSUhNMG9nS0VJQ0FnSUNqMUtXa093EAE!2m1!1s0x0:0x9fc229136e22eb17!3m1!1s2@1:CIHM0ogKEICAgICj1KWkOw%7CCgsI6PSCsQYQkMCwNw%7C?hl=id,Ahmat Zen,112641342080836236318,https://www.google.com/maps/contrib/112641342080836236318?hl=id,3,"Tempatnya bagus ,anginnya sepoy2 di tambah dengan hamparan pasir putih di sepanjang bibir pantai membuat suasananya sangat cocok untu camping ataupun bersantai dan liburan bersama keluarga ,cuma sayang jauh dari tempat perbelanjaan dan akses jalannya juga lumayan Rusak..",setahun lalu,2024-04-18T06:15:04,,,,8,110,1,,,[],[]
ChIJL6cm2Tn72S0ROnHLD4EfsgI,Pantai Bintaro,ChZDSUhNMG9nS0VJQ0FnSUMxOHN6SEd3EAE,https://www.google.com/maps/reviews/data=!4m8!14m7!1m6!2m5!1sChZDSUhNMG9nS0VJQ0FnSUMxOHN6SEd3EAE!2m1!1s0x0:0x2b21f810fcb713a!3m1!1s2@1:CIHM0ogKEICAgIC18szHGw%7CCgwI2r-urAYQsK_a1QE%7C?hl=id,Erna Zhier,111946399295079570263,https://www.google.com/maps/contrib/111946399295079570263?hl=id,5,"Cantik dengan pasir putihnya tidak sia2 dtang dari kota tegal buat liburan kepantai bintaro,pemandangan yg berbeda dg laut yg di tegal,beautiful.",setahun lalu,2023-12-27T03:52:57,,,,111,37,1,,,"[{""name"":""Waktu kunjungan"",""value"":""Akhir pekan""},{""name"":""Waktu antrean"",""value"":""Tanpa mengantre""},{""name"":""Sebaiknya buat reservasi"",""value"":""Tidak""}]","[{""id"":""CIHM0ogKEICAgIC18qyCQQ"",""url"":""https://lh3.googleusercontent.com/geougc-cs/AB3l90BQIiKYUmPmLkzLAVaWJ-fcJ7EXmPMHi36DzHEjnonylTobPvXugXt6Q9pat1n4Pb3cpp139kbd2AR8zwRzxUfsBqTlr6qZ_EHkBwX5JuCdNAzMcvqW3ulWs44i1lwhDFWqptU=s1024"",""caption"":null,""width"":3120,""height"":4160}]"
ChIJL6cm2Tn72S0ROnHLD4EfsgI,Pantai Bintaro,Ci9DQUlRQUNvZENodHljRjlvT25aWWFVMXdaR3BSZFdSemN6WnlZWEJ1WWkxV1owRRAB,https://www.google.com/maps/reviews/data=!4m8!14m7!1m6!2m5!1sCi9DQUlRQUNvZENodHljRjlvT25aWWFVMXdaR3BSZFdSemN6WnlZWEJ1WWkxV1owRRAB!2m1!1s0x0:0x2b21f810fcb713a!3m1!1s2@1:CAIQACodChtycF9oOnZYaU1wZGpRdWRzczZyYXBuYi1WZ0E%7C0curkFpy09c%7C?hl=id,Gusti Azadi,104419669155256560328,https://www.google.com/maps/contrib/104419669155256560328?hl=id,5,pantai yang indah,seminggu lalu,2025-10-12T09:59:44,,,,3,3,,,,[],"[{""id"":""CIABIhC9nkOy8KBzlWqIMt8T83PY"",""url"":""https://lh3.googleusercontent.com/geougc-cs/AB3l90DNiGY6q7E39q4F6BT--DBHC_um95s0Ta-PYqwepTKU2rdu4v70JkONyCRann41FsEY0Kkr-LcAYsiAS1B1Vr7gAOXugrB1GSp3-8cE5MdzI_KHDYrLcwas9bFVme4h0t3o0fddtlmKdugb=s1024"",""caption"":null,""width"":12000,""height"":9000},{""id"":""CIABIhDGRe8RodAf9WvAwcORwav-"",""url"":""https://lh3.googleusercontent.com/geougc-cs/AB3l90BMGGQ3UO1R7ksRjzcXRi5jtEwuiaT5HXmcdUzHeEW9aS5J_hdiwSMhzZuEv1ok1RE6YCYx2EWs6_35IoAFS-Snei-jmL1642uqTqsPmBx-0woJTGAXfYhpcwvKURLPxWjIDJxlr_W-ggHx=s1024"",""caption"":null,""width"":1920,""height"":2560},{""id"":""CIABIhAonHC7BIpUxjeEdRrS8i3Y"",""url"":""https://lh3.googleusercontent.com/geougc-cs/AB3l90BoXcy5SliR_nhNfFzqe2555_mzhqXo8bOjdcP7S3Rw2phKe8jrEd55z8TYXxskPbBgS81UtQUMlxNk8jx3LDg8FBtA_HAEONFFB_b-CqqXESl0GLbZHWLZ_BMm_3yfsBtloa7ZhzHKYSs=s1024"",""caption"":null,""width"":6000,""height"":4500}]"
ChIJL6cm2Tn72S0ROnHLD4EfsgI,Pantai Bintaro,ChZDSUhNMG9nS0VJQ0FnSUQybi11cGN3EAE,https://www.google.com/maps/reviews/data=!4m8!14m7!1m6!2m5!1sChZDSUhNMG9nS0VJQ0FnSUQybi11cGN3EAE!2m1!1s0x0:0x2b21f810fcb713a!3m1!1s2@1:CIHM0ogKEICAgID2n-upcw%7CCgsI7JvNlAYQ-MjfQw%7C?hl=id,Hamdan Mandala,113968595299939986507,https://www.google.com/maps/contrib/113968595299939986507?hl=id,5,"Pantai seribu kenangan sejak kecil meski tidak memiliki panorama yang istimewa, setiap aku mengunjungi seperti aku pulang jiwaku.",3 tahun lalu,2022-05-29T10:39:32,,,,50,107,1,,,"[{""name"":""Waktu kunjungan"",""value"":""Hari biasa""},{""name"":""Waktu antrean"",""value"":""Tanpa mengantre""},{""name"":""Sebaiknya buat reservasi"",""value"":""Tidak""}]","[{""id"":""CIHM0ogKEICAgID2n5uDjwE"",""url"":""https://lh3.googleusercontent.com/geougc-cs/AB3l90BqhjU8DGxMR8VJSsfTT16DC9Rt4PY-xnFy3aTaiTo-G_Z3vult80xs8OFf-iCrokTAk_m6jKGQQ0sbiv7MgcbwWTIzteiE_S0yygkk-SMeCnBi-9fhoiu5_0x1VnUSaqwizU8Lww=s1024"",""caption"":null,""width"":2250,""height"":4000}]"
ChIJL6cm2Tn72S0ROnHLD4EfsgI,Pantai Bintaro,ChZDSUhNMG9nS0VJQ0FnSUREcTRTSWZ3EAE,https://www.google.com/maps/reviews/data=!4m8!14m7!1m6!2m5!1sChZDSUhNMG9nS0VJQ0FnSUREcTRTSWZ3EAE!2m1!1s0x0:0x2b21f810fcb713a!3m1!1s2@1:CIHM0ogKEICAgIDDq4SIfw%7CCgwItcXusAYQ8PrByAM%7C?hl=id,Jai,106787604064870801095,https://www.google.com/maps/contrib/106787604064870801095?hl=id,5,Tempat ini adalah tempat nongkrong anak arlos yang artinya anak remaja longos,setahun lalu,2024-04-14T09:27:53,,,,1,6,,,,[],"[{""id"":""CIHM0ogKEICAgIDDq5SzQg"",""url"":""https://lh3.googleusercontent.com/geougc-cs/AB3l90CD-LjKFxepkAGT48A5p88d6-er7mGZ6p1VzMCI7voGgWZu55AQuvWQGxGI57NyDCv9FpUjxeMsO56czs6nZphN7guiL1CX9sGyDIQTbCPQYDZWuxSB8O5EiTyqOuPLReulm4EA=s1024"",""caption"":null,""width"":3060,""height"":3060},{""id"":""CIHM0ogKEICAgIDDq5SzwgE"",""url"":""https://lh3.googleusercontent.com/geougc-cs/AB3l90BVhcdjc1WQqqdg28V8D7BPUsfx-sqpVGdA2Fg06VzCl_3qyZYEo4OERu-DmbcjKIUip9UHzagonsbtHaYCq-EbkW7zPuQn6cmK5UE7BHtSqAuzPuuOC6G0wiAPS9wLokRxy1ld=s1024"",""caption"":null,""width"":3060,""height"":3060}]"
ChIJL6cm2Tn72S0ROnHLD4EfsgI,Pantai Bintaro,ChdDSUhNMG9nS0VJQ0FnSUMxamJUSXlRRRAB,https://www.google.com/maps/reviews/data=!4m8!14m7!1m6!2m5!1sChdDSUhNMG9nS0VJQ0FnSUMxamJUSXlRRRAB!2m1!1s0x0:0x2b21f810fcb713a!3m1!1s2@1:CIHM0ogKEICAgIC1jbTIyQE%7CCgsIgPHOrAYQyMf7BA%7C?hl=id,RIYAN ARIFIN NUR,114853867147991997272,https://www.google.com/maps/contrib/114853867147991997272?hl=id,5,Oto pamekasan ter baik bunga ringan angsuran murah,setahun lalu,2024-01-02T07:17:20,,,,5,3,,,,"[{""name"":""Waktu kunjungan"",""value"":""Hari biasa""}]","[{""id"":""CIHM0ogKEICAgIC1jbTIaQ"",""url"":""https://lh3.googleusercontent.com/geougc-cs/AB3l90AwiKW0fVvff897Lx9HHF6oyfiSlJzhkXqbIjc36g1EQ9HCw8kjpHq8n11xE-L51xKLAclu5_6KSkYY-fifas-2Sx_vq0LkrCNikPLVjJDMQqTX57JLIwfmnQArkOV25wTwjK8z=s1024"",""caption"":null,""width"":1080,""height"":1920}]"
ChIJL6cm2Tn72S0ROnHLD4EfsgI,Pantai Bintaro,ChZDSUhNMG9nS0VJQ0FnSURqaEtfTmNBEAE,https://www.google.com/maps/reviews/data=!4m8!14m7!1m6!2m5!1sChZDSUhNMG9nS0VJQ0FnSURqaEtfTmNBEAE!2m1!1s0x0:0x2b21f810fcb713a!3m1!1s2@1:CIHM0ogKEICAgIDjhK_NcA%7CCgsI-o2-sQYQwLOZaA%7C?hl=id,Efa Sejati,116967776447379922053,https://www.google.com/maps/contrib/116967776447379922053?hl=id,5,"Asyik,, lebih-lebih kalau sore hari. Enak pula buat mancing",setahun lalu,2024-04-29T11:39:38,,,,2,8,,,,[],[]
ChIJL6cm2Tn72S0ROnHLD4EfsgI,Pantai Bintaro,ChdDSUhNMG9nS0VJQ0FnSUMtcC1IYjl3RRAB,https://www.google.com/maps/reviews/data=!4m8!14m7!1m6!2m5!1sChdDSUhNMG9nS0VJQ0FnSUMtcC1IYjl3RRAB!2m1!1s0x0:0x2b21f810fcb713a!3m1!1s2@1:CIHM0ogKEICAgIC-p-Hb9wE%7CCgsI69XNmwYQwKy-Fw%7C?hl=id,Ryu Chi,116423439591426451892,https://www.google.com/maps/contrib/116423439591426451892?hl=id,5,"Pelabuhan ikan laut.
Pada musim angin barat hanya pelabuhan ini yang menghasilkan banyak ikan laut.",2 tahun lalu,2022-11-15T10:33:15,,,,110,165,1,,,[],[]
ChIJL6cm2Tn72S0ROnHLD4EfsgI,Pantai Bintaro,ChZDSUhNMG9nS0VJQ0FnSURENVlTRmVnEAE,https://www.google.com/maps/reviews/data=!4m8!14m7!1m6!2m5!1sChZDSUhNMG9nS0VJQ0FnSURENVlTRmVnEAE!2m1!1s0x0:0x2b21f810fcb713a!3m1!1s2@1:CIHM0ogKEICAgIDD5YSFeg%7CCgwIhZX2sgYQ4JGO3AM%7C?hl=id,Sitiyani Kaha,116555784220098091602,https://www.google.com/maps/contrib/116555784220098091602?hl=id,5,"Selalu bikin kangen. Entah pasirnya, aroma ikannya dan gemuruh ombaknya.",Diedit setahun lalu,2024-04-12T07:17:16,,,,263,545,1,,,"[{""name"":""Waktu kunjungan"",""value"":""Akhir pekan""},{""name"":""Waktu antrean"",""value"":""Tanpa mengantre""},{""name"":""Sebaiknya buat reservasi"",""value"":""Tidak""}]","[{""id"":""CIHM0ogKEICAgICz2crI5QE"",""url"":""https://lh3.googleusercontent.com/geougc-cs/AB3l90CNNPyij-n7OSHOO-G7KAoK_VYay181YWWccwNaotyO-CWTJ4eZivhbyhxTGMwbvj_Y8WCPQHKK8MzDFSY6JEbh0necD-9muEWTkQx6VyvtCYlLwBlzy9gkg7biBrC-jcsaFM0Gvw=s1024"",""caption"":null,""width"":3072,""height"":4080}]"
ChIJhSbq6w3s2S0RolhhXWvP8cU,Pantai Badur,Ci9DQUlRQUNvZENodHljRjlvT2swMFgyRjJXSGhXWTFsb1pYQnZSRlY1UXpsVWVGRRAB,https://www.google.com/maps/reviews/data=!4m8!14m7!1m6!2m5!1sCi9DQUlRQUNvZENodHljRjlvT2swMFgyRjJXSGhXWTFsb1pYQnZSRlY1UXpsVWVGRRAB!2m1!1s0x0:0xc5f1cf6b5d6158a2!3m1!1s2@1:CAIQACodChtycF9oOk00X2F2WHhWY1loZXBvRFV5QzlUeFE%7C0cNBCr9uJSF%7C?hl=id,frysk,113326291811376217695,https://www.google.com/maps/contrib/113326291811376217695?hl=id,5,"Lokasinya lumayan deket dari pantai lombang
Tapi akses jalannya bikin istighfar terus, banyak lubang, sepi, kanan kiri tambak. Mungkin diperhatikan lagi utk jalannya kalau diperbaiki bisa makin rame pantainya.

Pantai badur ada 2, pilih yg pantai badur air tawar. Karna ada muara, diatasnya banyak pohon jadi udaranya sejuk.

Pantainya luas,banyak gazebo, tapi hati hati ombaknya lumayan besar. Pasirnya coklat dan halus. Air pantainya keruh mungkin karna sering hujan.

Masuk ke dalam bayar tiket mobil saja, 25k. Ada mushola dan kamar mandi (berbayar) untuk bilas. Warung makanan cuma ada 1 2.

Overall anak2 happy kesini..",3 bulan lalu,2025-06-29T04:39:19,,,,154,892,1,,,"[{""name"":""Waktu kunjungan"",""value"":""Akhir pekan""},{""name"":""Waktu antrean"",""value"":""Tanpa mengantre""},{""name"":""Sebaiknya buat reservasi"",""value"":""Tidak""}]","[{""id"":""CIABIhCefWhRL234xaoM3ie6HyKt"",""url"":""https://lh3.googleusercontent.com/geougc-cs/AB3l90DCK5IX817U_23mS0lODY-TS6fbQz1IflOxirFv6r2IzDQue3z3b8zX9m8WjXBtkgN5ehRx7H2Ho77pL_qnQFn6RNHYKN-csVq5DvhS4VKmISz9VIaD40m_knbelFvWZT_9dR4KdsxSaGf7=s1024"",""caption"":null,""width"":1080,""height"":1920},{""id"":""CIABIhADCzJ2onp16O_03pqw9ZfV"",""url"":""https://lh3.googleusercontent.com/geougc-cs/AB3l90CLNEFvX-EIfBMpCpAvWjlA5cHinwFVVChGVXUy5BtUjmTBaOUJZivkwCFvmkSUV9aUo0OPokWIuWAAZW_Ln41zD6OGOudE-PCkMHxOH-WO6XaoBP_LiqRHDnh3ElDpqxqLNHZjq3mdM7zu=s1024"",""caption"":null,""width"":2443,""height"":4032},{""id"":""CIABIhDFuMBL9nAqvYQ3X3P_ySDx"",""url"":""https://lh3.googleusercontent.com/geougc-cs/AB3l90C7hJNYqkS8tBgeYmAHp51Dw2BLauTSd0NBcjzVGxsR9ab4d1KQThI5J9I6lxPrYgp0wP_Tx7MDbICt2uQG4IfPLP288HxgRU2Nze8TCFVwk9sbhntE02kcZNbP4kuwa1vPfkE3txkFVDUR=s1024"",""caption"":null,""width"":2418,""height"":4032},{""id"":""CIABIhAucUDg1D02i20nXo3l78TK"",""url"":""https://lh3.googleusercontent.com/geougc-cs/AB3l90A30wzbKQZ8t402M0vvpJqJZd-j0AUj2S5B4tIQAT-FfIJ-HdnlEQeZTpYkE5SBpmDeJxoPwcZhJ2tGjp5xacO9wF4mLYQWYAlxQNcE_CaJkT_vjwwsopM-9OB9th96hy0170Lz7jeex5qR=s1024"",""caption"":null,""width"":2206,""height"":3923},{""id"":""CIABIhCZLdOcsocbA4OgJgNIHuv0"",""url"":""https://lh3.googleusercontent.com/geougc-cs/AB3l90DzO6QyItN13uoU2_3l2pXc_HHc9BQEGHLt83KSvXceYA7iKrE06lJ1oCVQEomdW8Y8-Y464KDgPd4igoSGF0484Q8ZEIOpqaSAw53mIrTSkB6KimD1IE8ORHKv5pm4ZtZZzzwsNvVat3w4=s1024"",""caption"":null,""width"":2613,""height"":4032},{""id"":""CIABIhA06DTdRGxxnD5S3LujjS47"",""url"":""https://lh3.googleusercontent.com/geougc-cs/AB3l90AULt6nrA5_8qxSxMXR-PZTSEMPZ4a0TMg2K7FWYgohDBYCjsm4_hz_nVOnj5L3WMBKHspZDth_DAZAfmkm3UjBqXZ0fu01EHY167tlcCoV_Pk6IcEXH34N_E1G345TJEWPi5HaliYx2oPM=s1024"",""caption"":null,""width"":2268,""height"":4032}]"
ChIJhSbq6w3s2S0RolhhXWvP8cU,Pantai Badur,Ci9DQUlRQUNvZENodHljRjlvT21GV1lubGtaVVptTnpkRlRrUlpaV2d6Y2xrMmVFRRAB,https://www.google.com/maps/reviews/data=!4m8!14m7!1m6!2m5!1sCi9DQUlRQUNvZENodHljRjlvT21GV1lubGtaVVptTnpkRlRrUlpaV2d6Y2xrMmVFRRAB!2m1!1s0x0:0xc5f1cf6b5d6158a2!3m1!1s2@1:CAIQACodChtycF9oOmFWYnlkZUZmNzdFTkRZZWgzclk2eEE%7C0cqxARYGuxZ%7C?hl=id,Adhana Jung,116884599495337485506,https://www.google.com/maps/contrib/116884599495337485506?hl=id,5,"Bagus ada sungai yg bisa buat mandi anak2, ada karang2 juga di pinggirnya. Masih gratis pantainya. Cuma ga ada yg jualan jadi kaya gatau mo ngapain disana wkwk",2 minggu lalu,2025-09-30T12:53:48,,,,6,0,,,,"[{""name"":""Waktu kunjungan"",""value"":""Akhir pekan""},{""name"":""Waktu antrean"",""value"":""Tanpa mengantre""}]",[]
ChIJhSbq6w3s2S0RolhhXWvP8cU,Pantai Badur,Ci9DQUlRQUNvZENodHljRjlvT2pCTlkxSkVSMU54Vkc1WmFtWjVVVlZWTTJGUFowRRAB,https://www.google.com/maps/reviews/data=!4m8!14m7!1m6!2m5!1sCi9DQUlRQUNvZENodHljRjlvT2pCTlkxSkVSMU54Vkc1WmFtWjVVVlZWTTJGUFowRRAB!2m1!1s0x0:0xc5f1cf6b5d6158a2!3m1!1s2@1:CAIQACodChtycF9oOjBNY1JER1NxVG5ZamZ5UVVVM2FPZ0E%7C0clVxXMy8aB%7C?hl=id,Maria Sofiana,117821172294753449624,https://www.google.com/maps/contrib/117821172294753449624?hl=id,5,"Pantainya sepertinya kurang terawat, padahal bagus banget pantainya",sebulan lalu,2025-09-14T00:40:20,,,,56,269,1,,,[],"[{""id"":""CIABIhDYs6IGt5JsJNFe_pX7c-8b"",""url"":""https://lh3.googleusercontent.com/geougc-cs/AB3l90AVJfT8UNbKM98V62e-DTloJhem1R7aBP4to65hpz1VhAmvDP1mI749Oo8s_8EPgLajMoWdr8viF0rfwcjOfomafJ3xpinUAUqqFIVGFQW3PJze_NS48g8Yc9-8BM7icYBmTmDDO3ZwQoA=s1024"",""caption"":null,""width"":1080,""height"":1920},{""id"":""CIABIhBdBadB-HkjdS8nLT5icL_3"",""url"":""https://lh3.googleusercontent.com/geougc-cs/AB3l90Bl9NeevM9LGAsv_uBR2qGojmOKUB0r4fP7wYeyMAI74mxF3JBy4rqV6rdpTqrSFNIv14wkPyE-5oE9uNtNdqGbP0BqoJhDvTEPZX5v8yQM-zxNqIUTxHUqQs3eg4GKHtiEyxUlY-u9ESTx=s1024"",""caption"":null,""width"":3072,""height"":4096},{""id"":""CIABIhBVkVs0U8mFF67TlKXP3hgI"",""url"":""https://lh3.googleusercontent.com/geougc-cs/AB3l90BQmm-c9wvytrU0M4szq2-f1gHjfqXB5yG33UXFjAMv31LhwoTxThRLyDbll4SJixvnP4i7zwkJ2c3GlwNG0Cpl2tlDEW7X5nKvv6Ft7GOLqLtPpzWKEramQ0f4LTAHkx7Fc84wN4l61sBX=s1024"",""caption"":null,""width"":1080,""height"":1920},{""id"":""CIABIhCbhTfi8ck_ZNfuPy3-1DbO"",""url"":""https://lh3.googleusercontent.com/geougc-cs/AB3l90DUGp6boVVZhCVQpOxYWVaCuoFu_ncyte0hdob9v3RZ_iEv9vfr0xhsCEC0oVZ-XUYCa10PnxtzKswDDdSLZ8Myku8SykgH_GO02H7wVPyfXF0Yp14_wz4-aDHPYSkaI2Qd-fKfkunCprM=s1024"",""caption"":null,""width"":3072,""height"":4096}]"
ChIJhSbq6w3s2S0RolhhXWvP8cU,Pantai Badur,ChdDSUhNMG9nS0VJQ0FnSURTdWVXQTNnRRAB,https://www.google.com/maps/reviews/data=!4m8!14m7!1m6!2m5!1sChdDSUhNMG9nS0VJQ0FnSURTdWVXQTNnRRAB!2m1!1s0x0:0xc5f1cf6b5d6158a2!3m1!1s2@1:CIHM0ogKEICAgIDSueWA3gE%7CCgwI6cW8_wUQ0LiU0AI%7C?hl=id,DAT.,102022561147821300638,https://www.google.com/maps/contrib/102022561147821300638?hl=id,5,Pantai dengan ciri khas pertemuan air tawar dan air asin. Terdapat rimbunnya cemara udang di pinggir pantai yang siap menghempaskan angin sepoi-sepoi kepada pengunjungnya. Pas berkunjung kesini saat awal tahun baru 2021 tak dipungut biaya tiket masuk. Wah asik...,4 tahun lalu,2021-01-01T13:24:00,,,,362,3460,1,,,[],"[{""id"":""CIHM0ogKEICAgIDSueXBnAE"",""url"":""https://lh3.googleusercontent.com/geougc-cs/AB3l90CuVhperemNZcowjb6xm0oN1OPD0J0KddGtYqjfIcu-xQfB-Fq54fHd9YWy4G7Jv8swCmbjQxcXIIbFOZyu4oJ2yfiomlHChyNIaTIYR9mwFywg96fXisUPHzViELHPCVsqojBzVA=s1024"",""caption"":null,""width"":4000,""height"":2250},{""id"":""CIHM0ogKEICAgIDSueXBXA"",""url"":""https://lh3.googleusercontent.com/geougc-cs/AB3l90AXYKdoQIY-5pAathTMmgk1JEEI0vcqylgqgGkxzQNS6M4KVCh5zuajViuu_7I1dGiq-EAeK_zzb69fuNNAES3Q-Ic0tDnAy-xzhUSeGZl7QpI63o688LN8RsGBYrCjF4ZY0LY=s1024"",""caption"":null,""width"":4000,""height"":2250},{""id"":""CIHM0ogKEICAgIDSueXB3AE"",""url"":""https://lh3.googleusercontent.com/geougc-cs/AB3l90Br5o1G9BqI4d0LX2XqrNniA-yk0IoB1k-dDuQLw-j_NzRHzQ7ydP8loh-NJpVw-VXx-eETIigFXPf7Yzpb5_EsEsKe8TDPgNS71Dtd0T-QepfWJ-FwLLmY9htlVWj9m2WEHUiKtA=s1024"",""caption"":null,""width"":4000,""height"":2250},{""id"":""CIHM0ogKEICAgIDSueXBPA"",""url"":""https://lh3.googleusercontent.com/geougc-cs/AB3l90CYA_USTrZN1PDeOx52LPFO7klalFl4PWpLbI6Z3z9rBFyAuJRNrMNkQcmi5rHMdw0dFSNVV2nF8oIzruyqj3ReQ-lso-hmbtkQZz8xWJyGigb3QiyuaT1Yu2whfqjqlrSyvach=s1024"",""caption"":null,""width"":4000,""height"":2250},{""id"":""CIHM0ogKEICAgIDSueXRkQE"",""url"":""https://lh3.googleusercontent.com/geougc-cs/AB3l90Ai0R9Hkd9SwBY6ifboPiO6zPwZAD2ixDSqaaHNz3bdfryX7p9oK6B3ybm90aDltBDByBu15C_gG8Nxo607TL3YtSoNyH5lFx7GNzwel3c9H24fiUFdXA-JhNF8rp6OXS2lNiyp=s1024"",""caption"":null,""width"":4000,""height"":2250},{""id"":""CIHM0ogKEICAgIDSueXRUQ"",""url"":""https://lh3.googleusercontent.com/geougc-cs/AB3l90BxExh1Sn_MOP4ofx0qtNinf6FEmqszF1I3rZn6IQeC02q55mpe2UEfgcBti1erUmQ2CRqsYYBY23JLrPLIvwf_TFAbqz-h9wv0FCgmSGdlLjH58wT5UTpPcW8ZDHeBNlTef1Ge=s1024"",""caption"":null,""width"":2250,""height"":4000},{""id"":""CIHM0ogKEICAgIDSueXR0QE"",""url"":""https://lh3.googleusercontent.com/geougc-cs/AB3l90Dn-lQwexXVemT_VhSrgqnkWCn3ASKIWcAlupbkCdGcaWbEnKUybA--3ektyqTj2EC39JhrfVEV_NYrhHFAM6_S1bAEdp-EHvOxz1cg9jyB8wSXIob69tmniMtJiOBFWGeJlmzNYA=s1024"",""caption"":null,""width"":2250,""height"":4000},{""id"":""CIHM0ogKEICAgIDSueXRMQ"",""url"":""https://lh3.googleusercontent.com/geougc-cs/AB3l90BUcolHVOYKwoRpr-FvvmRsZhT8zasTwzGLrxhHimJe3XUJkJetndtd1DqTz1uEU9L6SS3R2McftBfMs-14sRXdJE-4y_OSs9c2rSQeDNgzUj4E61h_UY-csz7EFTo7nW2GsKU=s1024"",""caption"":null,""width"":2250,""height"":4000},{""id"":""CIHM0ogKEICAgIDSueXRsQE"",""url"":""https://lh3.googleusercontent.com/geougc-cs/AB3l90Bo1C9zcBOoSVOkqlla2S2jikGkFn4EaJbe1qjlOeSqOusNXlSqMLyO-AV0Hl0a6EgyfLCJEyfZPHXnirHgmYWdZYnam2WQ1fYJDJEvMVa4tUgPMIDYUddLAbuD-uDCph1VEGnDJw=s1024"",""caption"":null,""width"":4000,""height"":2250}]"
ChIJhSbq6w3s2S0RolhhXWvP8cU,Pantai Badur,ChdDSUhNMG9nS0VJQ0FnSUNqemRfYXdnRRAB,https://www.google.com/maps/reviews/data=!4m8!14m7!1m6!2m5!1sChdDSUhNMG9nS0VJQ0FnSUNqemRfYXdnRRAB!2m1!1s0x0:0xc5f1cf6b5d6158a2!3m1!1s2@1:CIHM0ogKEICAgICjzd_awgE%7CCgsIyaOksQYQiIDREw%7C?hl=id,Eko Meidha Nurcahyo,108108115728304241866,https://www.google.com/maps/contrib/108108115728304241866?hl=id,5,Pantainya alami...asri dan betul2 belum tersentuh...cakeppp pertemuan air tawar n air laut,setahun lalu,2024-04-24T14:06:01,,,,6,13,,,,"[{""name"":""Waktu kunjungan"",""value"":""Akhir pekan""},{""name"":""Waktu antrean"",""value"":""Tanpa mengantre""},{""name"":""Sebaiknya buat reservasi"",""value"":""Tidak""}]","[{""id"":""CIHM0ogKEICAgICjzd_aYg"",""url"":""https://lh3.googleusercontent.com/geougc-cs/AB3l90DJrdA3Zl737wcYfb5BChffAEta2ZsI3JOYIN25Bb2rEeSoEIjxJGYAOd1mBFeGXSp6T7sEuKcy8XUh25DyQFIaiWIFrGEZ8UvVfwxHZaY4rIFvFpKbH8MqrIKG19YwlAh4OT14=s1024"",""caption"":null,""width"":2252,""height"":4000},{""id"":""CIHM0ogKEICAgICjzd_a4gE"",""url"":""https://lh3.googleusercontent.com/geougc-cs/AB3l90CUWp-5NqPIhwZh_u5ZA0TD-R2pU2r-tWwIrX0mmOvsHYC6szUNDg20XSGQf0H2CAwdu0S6sQAj5SwZUNMcXrsWO-3rIOatAFihWa-nER1Yooc6SxYfnuR0iy9gOtPoVz0seB4b=s1024"",""caption"":null,""width"":2252,""height"":4000},{""id"":""CIHM0ogKEICAgICjzd_aEg"",""url"":""https://lh3.googleusercontent.com/geougc-cs/AB3l90Coy44q48sGXrf_ZYatUEIol0HDocID6r7uEBSnVYrMjaHQN8wwAIWfU6Hc66Wiwe9jOiuhlMbIyoiIQ_1A33HBX7EUHDq4TVw4JyKP6fn1yeAZcATMw4KmEV2Bn-dVeI3qsNLr=s1024"",""caption"":null,""width"":2252,""height"":4000}]"
ChIJhSbq6w3s2S0RolhhXWvP8cU,Pantai Badur,ChdDSUhNMG9nS0VJQ0FnTUNJdWFISHFRRRAB,https://www.google.com/maps/reviews/data=!4m8!14m7!1m6!2m5!1sChdDSUhNMG9nS0VJQ0FnTUNJdWFISHFRRRAB!2m1!1s0x0:0xc5f1cf6b5d6158a2!3m1!1s2@1:CIHM0ogKEICAgMCIuaHHqQE%7CCgwI6LO5vwYQ4PHbjgM%7C?hl=id,Bang Gian,114570900203457697445,https://www.google.com/maps/contrib/114570900203457697445?hl=id,2,"Baru pertama kali berkunjung akses jalan menuju ke destinasi wisata sangat tidak layak, masuk ke area parkir mobil berbelit-belit jalan tidak layak dan sangat di sayangkan kurangnya rasa tanggung jawab dari pengelola, tarif biaya untuk masuk ke destinasi dikenakan mobil Rp. 25.000, untuk destinasi wisata pantainya sangat memanjakan mata. Cukup sekali saja saya berkunjung.",6 bulan lalu,2025-04-03T09:37:02,,,,2,0,,,,"[{""name"":""Waktu kunjungan"",""value"":""Hari biasa""},{""name"":""Waktu antrean"",""value"":""Tanpa mengantre""},{""name"":""Sebaiknya buat reservasi"",""value"":""Tidak yakin""}]",[]
ChIJhSbq6w3s2S0RolhhXWvP8cU,Pantai Badur,ChZDSUhNMG9nS0VNNk5rclRQOU1uS2ZBEAE,https://www.google.com/maps/reviews/data=!4m8!14m7!1m6!2m5!1sChZDSUhNMG9nS0VNNk5rclRQOU1uS2ZBEAE!2m1!1s0x0:0xc5f1cf6b5d6158a2!3m1!1s2@1:CIHM0ogKEM6NkrTP9MnKfA%7CCgwImJ3awQYQ0K6HkAI%7C?hl=id,Ha Nif,114202418762758234893,https://www.google.com/maps/contrib/114202418762758234893?hl=id,5,"asri alami.
tiket sepeda motor 10.000
tiket mobil 25.000
salam lestari ",4 bulan lalu,2025-05-28T04:18:32,,,,300,69,1,,,"[{""name"":""Waktu kunjungan"",""value"":""Hari biasa""},{""name"":""Waktu antrean"",""value"":""Tanpa mengantre""},{""name"":""Sebaiknya buat reservasi"",""value"":""Tidak""}]",[]
ChIJhSbq6w3s2S0RolhhXWvP8cU,Pantai Badur,ChZDSUhNMG9nS0VJQ0FnSURTb1k3QVRnEAE,https://www.google.com/maps/reviews/data=!4m8!14m7!1m6!2m5!1sChZDSUhNMG9nS0VJQ0FnSURTb1k3QVRnEAE!2m1!1s0x0:0xc5f1cf6b5d6158a2!3m1!1s2@1:CIHM0ogKEICAgIDSoY7ATg%7CCgwI4-mp_wUQ2MHLwQI%7C?hl=id,Bayu Julismana,103312316065567518765,https://www.google.com/maps/contrib/103312316065567518765?hl=id,4,"Pantai ini cukup bagus dan cukup nyaman,
pasir coklat dan putih membentang sekitar 1 km,

Kekurangannya
1. Pintu masuk mobil belum besar
2. Tidak ada pengurus, untuk masuk ke pantai dikenakan biaya 20.000
3. Tidak ada kamar mandi untuk cuci atau buang air yang cukup bagus

Kelebihannya
1. Pantai masih sepi
2. Bebas mengunjungi semua area pantai
3. Ada sumber air yang bisa difungsikan sebagai kolam renang anak kecil
4. Pantainya landai",4 tahun lalu,2020-12-29T00:10:47,,,,38,55,1,,,[],"[{""id"":""CIHM0ogKEICAgIDSoY73Pg"",""url"":""https://lh3.googleusercontent.com/geougc-cs/AB3l90CdEpA-RJmPKRRfg_Ylwzmaj-rIBMScnTB8YpNXuRob58-ClninM-aQjf4brr1IadH41caENL8Womz-j3tEN-EXPB5L2GK2B8n106w9eg2e7QKp9sxJNmbnxctz3joADHWWIfyt=s1024"",""caption"":null,""width"":10000,""height"":2528},{""id"":""CIHM0ogKEICAgIDSoY73vgE"",""url"":""https://lh3.googleusercontent.com/geougc-cs/AB3l90AE9EoTrOekY-jPyZwfo8K5zBSmlVJpksLFzYyHfMD6xjhlka2rHuSs4jkFEbFXhe4nfhfUKsxSpplT8CzfLWN0i8rhyXami66DHQSDTclnvlwYtj8tlrXnUae5c0qevPYR2qUXVw=s1024"",""caption"":null,""width"":1908,""height"":4032}]"
ChIJ4TKN3cX92S0R76itCraOhLA,Essang Beach,ChZDSUhNMG9nS0VJQ0FnTUNZaXAtc0RnEAE,https://www.google.com/maps/reviews/data=!4m8!14m7!1m6!2m5!1sChZDSUhNMG9nS0VJQ0FnTUNZaXAtc0RnEAE!2m1!1s0x0:0xb0848eb60aada8ef!3m1!1s2@1:CIHM0ogKEICAgMCYip-sDg%7CCgsIqp_XwAYQ6Lu1Lg%7C?hl=id,Alif Smart,102033081376635646002,https://www.google.com/maps/contrib/102033081376635646002?hl=id,5,"Di sini ada tung tung tung tung

Temanku udah dimakan Ubay ditinggal kepalanya Rama lagi di rumah sakit
Ada tung tung tung tung tung sahur",5 bulan lalu,2025-05-03T08:11:22,,,,2,5,,,,[],[]
ChIJ4TKN3cX92S0R76itCraOhLA,Essang Beach,ChZDSUhNMG9nS0VJQ0FnSURodGJtOU9nEAE,https://www.google.com/maps/reviews/data=!4m8!14m7!1m6!2m5!1sChZDSUhNMG9nS0VJQ0FnSURodGJtOU9nEAE!2m1!1s0x0:0xb0848eb60aada8ef!3m1!1s2@1:CIHM0ogKEICAgIDhtbm9Og%7CCgsI35HBoAYQyJKkGQ%7C?hl=id,Abeee,113370947449873182703,https://www.google.com/maps/contrib/113370947449873182703?hl=id,5,,2 tahun lalu,2023-03-14T10:13:51,,,,0,16,,,,"[{""name"":""Waktu kunjungan"",""value"":""Hari libur nasional""},{""name"":""Waktu antrean"",""value"":""Tanpa mengantre""},{""name"":""Sebaiknya buat reservasi"",""value"":""Tidak yakin""}]",[]
ChIJ4TKN3cX92S0R76itCraOhLA,Essang Beach,ChdDSUhNMG9nS0VJQ0FnSURoeWE2OGd3RRAB,https://www.google.com/maps/reviews/data=!4m8!14m7!1m6!2m5!1sChdDSUhNMG9nS0VJQ0FnSURoeWE2OGd3RRAB!2m1!1s0x0:0xb0848eb60aada8ef!3m1!1s2@1:CIHM0ogKEICAgIDhya68gwE%7CCgsItqy0oAYQ8IvbKw%7C?hl=id,ImamHanafi,111187864136459731042,https://www.google.com/maps/contrib/111187864136459731042?hl=id,5,,2 tahun lalu,2023-03-12T00:00:54,,,,2,23,1,,,[],[]
ChIJVRVxa51Q1y0Rj8tFs0ZLXgY,Pantai Kahuripan Gili Genting,Ci9DQUlRQUNvZENodHljRjlvT2xCclUxSk1SSGxRUWxnNGNuaGZaRzl6TUVObU0xRRAB,https://www.google.com/maps/reviews/data=!4m8!14m7!1m6!2m5!1sCi9DQUlRQUNvZENodHljRjlvT2xCclUxSk1SSGxRUWxnNGNuaGZaRzl6TUVObU0xRRAB!2m1!1s0x0:0x65e4b46b345cb8f!3m1!1s2@1:CAIQACodChtycF9oOlBrU1JMRHlQQlg4cnhfZG9zMENmM1E%7C0c_jf0j1cnC%7C?hl=id,ramadhanty putri,116372653539722143576,https://www.google.com/maps/contrib/116372653539722143576?hl=id,5,"Berasa seperti private beach. Pantainya bagus airnya sangat jernih. Rekomendasi untuk berangkat rame-rame, min 4org, karena sangat sepi sekali hampir tidak bertemu orang selama perjalanan kesana. Kampung2 yg dilalui juga cenderung sepi. Demi keamanan dan keselamatan.
Lokasinya berada diujung pulau, 30mnt dr pelabuhan bringsang, dg naik motor.",2 bulan lalu,2025-08-09T07:37:37,,,,5,4,1,,,[],"[{""id"":""CIABIhDT92PCzs5YMRXkiXVHRTIL"",""url"":""https://lh3.googleusercontent.com/geougc-cs/AB3l90BtnOLRVxDD2KRnAphJnYsa2AlPSnCwuXdKb5SmTHkuT4kxATvUv2XyFyWNIX7qnu4al4ac0s_iSr3Y1D-JOwVrc56GqHl-pj3I7Jlhm1TmmzB_jRb0QdxWky-0t4Z2Ug9Dv1IV2QrAdPm3=s1024"",""caption"":null,""width"":3120,""height"":4160},{""id"":""CIABIhDlwX3mOT7e3Y_V6sksAnZE"",""url"":""https://lh3.googleusercontent.com/geougc-cs/AB3l90DmTdh5gdrE7Kjkgn5g1I4wYt234Z9AppzwMd8X3NI24pzHHoLouJ8xP0m7Y7bKnYp0i-ED19QIWy3sahPpXuOT5UZ5oN61XD_NIPsxdFwKKOdBjY3uYxp0MUywTpDxznHqmkl3Zdp640xF=s1024"",""caption"":null,""width"":720,""height"":1280},{""id"":""CIABIhD_rFbqqnPSgf_jPObvO_rb"",""url"":""https://lh3.googleusercontent.com/geougc-cs/AB3l90Cs5am-g4-ljXKX-Vxh8zHBitqppp9iltbFelQne11inSS0Q3XI_PSA1AtQkUpTljw98YBkxmNIA6YT3A57DvZ0Bm68vuHoQOq5yuDfv7QGYgE0MvFPk_Vc2Nl-aa6h2-iUKc7tHi6sFQAd=s1024"",""caption"":null,""width"":3120,""height"":4160},{""id"":""CIABIhB9vUR-FZCz0ZpJooZudd0-"",""url"":""https://lh3.googleusercontent.com/geougc-cs/AB3l90DsxbBUp9hvCcGAnW3f1DYwENYYrjOvMEsJWlnY7JfwidQm__SOaEh-THBgrYQL0PjgAoVvcbUwMWqTeJH4PnnyzsMG8X81vEkCTyj8WnJ9AqvYgSv7Nn2DPNldI4_81AabLcB17jXn3JUJ=s1024"",""caption"":null,""width"":4160,""height"":3120},{""id"":""CIABIhC1nRujb3lTZshpNqj9lYZX"",""url"":""https://lh3.googleusercontent.com/geougc-cs/AB3l90DaY_yTUJuAlNjVkhXP5U0oUeVxiuReatrtqY4HvabW_1dsz9U12W8LTJVIk4gcrURn-xS-XvkQIFz289bBrGz3l8DCz4ijdWWgrCm2VNrO-lvZKksmfiNgVdB4bhX2acHPMZsh0yGORmsk=s1024"",""caption"":null,""width"":1280,""height"":720},{""id"":""CIABIhBOxWVro9za3Ohj_PshB_cq"",""url"":""https://lh3.googleusercontent.com/geougc-cs/AB3l90B19EMB2iFf0nwQWuh4ti_KqGSeRW32iqhipj-_wQByDr4dl7T2Z6OOZZIcF2s26JJs5Z_pWdkXueyNqtY04_cmLXGXr7WGNtHF7hPpm5pO98ZXsVewSzm_rjBhMObJ8bNHCL9aSpK_rbok=s1024"",""caption"":null,""width"":720,""height"":1280}]"
ChIJVRVxa51Q1y0Rj8tFs0ZLXgY,Pantai Kahuripan Gili Genting,Ci9DQUlRQUNvZENodHljRjlvT2pCUE9EQTBNbUl6VDNZMFJVMTFVR3Q2ZG1wUFoyYxAB,https://www.google.com/maps/reviews/data=!4m8!14m7!1m6!2m5!1sCi9DQUlRQUNvZENodHljRjlvT2pCUE9EQTBNbUl6VDNZMFJVMTFVR3Q2ZG1wUFoyYxAB!2m1!1s0x0:0x65e4b46b345cb8f!3m1!1s2@1:CAIQACodChtycF9oOjBPODA0MmIzT3Y0RU11UGt6dmpPZ2c%7C0cPIZyWKyvg%7C?hl=id,M. Mushthafa,106031446788430651653,https://www.google.com/maps/contrib/106031446788430651653?hl=id,5,"Salah satu pantai di kepulauan Sumenep, Madura. Pantai ada di ujung pulau. Dari pelabuhan di pulau (Gili Genting), jaraknya ke tempat ini lumayan, sekitar 14 km, itupun melalui jalan yang pada bagian akhir tak berpenduduk. Pantai bertebing, dengan pemandangan laut yg menakjubkan. Ada beberapa tempat duduk atau gazebo. Kalau untuk anak-anak, mungkin kurang asyik, karena hanya menikmati pemandangan.",3 bulan lalu,2025-07-05T14:38:06,,,,782,2931,1,,,[],"[{""id"":""CIABIhA2e9go4nRbkKMXRax9-q8C"",""url"":""https://lh3.googleusercontent.com/geougc-cs/AB3l90AbQYsgKIzr2xhkb7b1esg8iIJIYYRpIC0169ouHstu8Z9nQnzIFWVgtwCjKvy_K73Ebp6x3wcDRMSGFp1PPBYKQWoBbXxcN9W4J_EA6IuRrUdWQcBAG5_QqaPUTL32YGrnBKcZ_uiCuX1L=s1024"",""caption"":null,""width"":1280,""height"":720},{""id"":""CIABIhB8AuI8jr6L3A8szVWOUsIp"",""url"":""https://lh3.googleusercontent.com/geougc-cs/AB3l90DJT3gCHb2gjXqAuWM-HydCk1iNmCCARrNgugXtzIY8fkkEfEE0B6S_WEVWprHb_cawlsvF_M4NW63GzaK4xYPobKjhGRaFQOf6eZnXdabdAzs_t_E0n85YdbGnQoxuZ2J--9vhN6iGOBXe=s1024"",""caption"":null,""width"":1280,""height"":720},{""id"":""CIABIhBgbXCbTZG656NNMMDbEK5v"",""url"":""https://lh3.googleusercontent.com/geougc-cs/AB3l90CUTvyf1HX0pvMqUbg0ffsEZx9ofMwTQ7vkgcgBMDP59qZFtfYcBrK1iQ59_ogZtNh2UakRYx-GyAzgO4iRxaEQdlGpG4wNBT3A_9XzexvBXJth6PuYRvSfnv88HXcS36hBPBYTjEUHAsFe=s1024"",""caption"":null,""width"":3280,""height"":1848},{""id"":""CIABIhBk8B8-5SwBqWGfSQHEpB0o"",""url"":""https://lh3.googleusercontent.com/geougc-cs/AB3l90AiTuodQ7I68hBAHdhEaKy3auvGn3gyYi2FjxLQu2gZb27dxrNz05XPK6qaxiJmpPvOXo8uTZdwd5iG1VOnBDNiHUkRBac1t2StxjuUr1YljXeCRNtHI2d-29wudPG0r-CI5qBA_W3onOf-=s1024"",""caption"":null,""width"":3280,""height"":1848},{""id"":""CIABIhDByg5tqmuUm-5HRdpLOWhn"",""url"":""https://lh3.googleusercontent.com/geougc-cs/AB3l90D7Q_Flw_17k_Oe8BSLK-nszxV-77jCaY_tQXfZDPp8HQ4sYpy6AE8qI8b2YtWMvGNbDOEijIlBGRkFVnnAvFCT6j1MjHiObGqhgJwdUsEK7E2chd97YHF1R16YFjeomUNchmiLh-4qvTNs=s1024"",""caption"":null,""width"":1280,""height"":720},{""id"":""CIABIhAGxSHniUcpObli5ulnC13n"",""url"":""https://lh3.googleusercontent.com/geougc-cs/AB3l90AOrAI_qNQAcyq8rsBcY8dtvP69XTTpO0tHYgYlbn40eJCzT3u0XAONhN6wy-WupRPIvJwRw80vO_StPqhSQ82cMyh2wmWGqmypavc9jtcf1Ff27KJ_8PBb_7KA2E6fZdUwKlVUcBF2qR_7=s1024"",""caption"":null,""width"":4000,""height"":2252},{""id"":""CIABIhCvbmc930hkn9k_YBBIgR8I"",""url"":""https://lh3.googleusercontent.com/geougc-cs/AB3l90DteQvzE0CWW5PbbUH02AYcgUeLXVgWcJ0Hs2Avpg_r4gwKC7ipyzGZdntRtpi0oFI2KZQl3-tTfwoLyuq0Oh5FKO5_kzLMCEnSDRIuIAGrcgmQVrSGPzCRat7V2dDc_UqlUkjOKK6Mtnsj=s1024"",""caption"":null,""width"":1280,""height"":720},{""id"":""CIABIhDju-v6Hb3j8kk0ytF4Mwd-"",""url"":""https://lh3.googleusercontent.com/geougc-cs/AB3l90Bs4UwlZtiOxAXvUPubi-rD0fgmouooi2VhapqWJnz-fgnFcBwWOxc5wRR6P_-FSqkySErZqY8BzAgB_hQK9bfjcJ1LOHPo8RM53IHTlAtlZMUeOXuJpNQHB1XTIYNE85vEnXRPAJ0DeGg=s1024"",""caption"":null,""width"":4000,""height"":2252},{""id"":""CIABIhBruoFPxIU_ALyAZRg7KDTs"",""url"":""https://lh3.googleusercontent.com/geougc-cs/AB3l90BReb9x0hpE_LnLv9S-cdPQ-3FI2gToITqYpcC2xRWWD9LcpdezLTXb-OHw6vF8H0YYobTYaHqIsIUYxUzIyXU2W_QYSqEjZ5pdVCzppUfyXnHEs0g54IjeIosoWt5iL7tMCTdm65CyByqQ=s1024"",""caption"":null,""width"":4000,""height"":2252},{""id"":""CIABIhAao4Jq-qwInPbL1u7KOLqf"",""url"":""https://lh3.googleusercontent.com/geougc-cs/AB3l90A4aJSPn8tNi_drBLuse1avngBXw4VoSJ_ZIiIKO017ODyOlzqFN5EzaN0my0bqHQyxzn93STPwWUV9RGY_U4N_iv6SxCIoQsyueeuqwx07A3cG0BN9M57X44wHpED3RYdl4yMKFY9DFDE=s1024"",""caption"":null,""width"":1280,""height"":720},{""id"":""CIABIhBkyeca25NGFyqsgEzp5XHY"",""url"":""https://lh3.googleusercontent.com/geougc-cs/AB3l90BsCh1OAq5-k7cDPLiJbHMGZmxMeOJ3q37urRfpTBWqwrrz52dQOyPKj03tcMbOeEBArGj1q_xVsP2r6AZ39qN0jvbM8Xf6LISlZyk7pusEDAomvghsRR1qrl_LOCQZ-Xcq-j_0EMHqUn9_=s1024"",""caption"":null,""width"":4000,""height"":2252},{""id"":""CIABIhBTmxzcp4M1QRXkpY7U9yNX"",""url"":""https://lh3.googleusercontent.com/geougc-cs/AB3l90A2yrrxw9l0Yp0Hy51AxKoirCUnck12Exn5SfRAfQfdV6pPXUIe3y47m8Zj5vZX96BvS4VZ1VFC0TbHPwCVbBg79uMZuQeEB9sfzLXUXd70JtZSVl8KcuuvDsJS9qSNF-CEzd6T9LtbQILc=s1024"",""caption"":null,""width"":4000,""height"":2252}]"
ChIJVRVxa51Q1y0Rj8tFs0ZLXgY,Pantai Kahuripan Gili Genting,ChdDSUhNMG9nS0VLRF81dURLNjh6UjR3RRAB,https://www.google.com/maps/reviews/data=!4m8!14m7!1m6!2m5!1sChdDSUhNMG9nS0VLRF81dURLNjh6UjR3RRAB!2m1!1s0x0:0x65e4b46b345cb8f!3m1!1s2@1:CIHM0ogKEKD_5uDK68zR4wE%7CCgsI0uzqwQYQ0IHBWw%7C?hl=id,Fauziah Rachmawati,110845060033602944620,https://www.google.com/maps/contrib/110845060033602944620?hl=id,4,"ke sini sekian tahun lalu, sekarang baru unggah foto. Pantai Kahuripan di Gili Genting sungguh menenangkan. Pasir putihnya halus, air lautnya jernih, dan angin sepoi-sepoi menambah damai suasana. Sepi, alami, dan cocok untuk melepas penat dari hiruk-pikuk kota.",4 bulan lalu,2025-05-31T07:56:54,,,,376,5708,1,,,[],"[{""id"":""CIHM0ogKEIfa_uHztaqIiQE"",""url"":""https://lh3.googleusercontent.com/geougc-cs/AB3l90CY8AKUCQYlwcb78Hmlv7m7pYtOOEz_SosGc7oCFt2if92hzBXRAqr9gI_g2WHYckayWNEVgKFHHipr_m2xN4KK_0DwNx3nnkD0uXTqXBsVG0-0ecgC5dr6rNZXCJUljdLo95OY=s1024"",""caption"":null,""width"":2992,""height"":2000},{""id"":""CIHM0ogKEPHFp-eByMi4-gE"",""url"":""https://lh3.googleusercontent.com/geougc-cs/AB3l90CiF9jm0Pkszcht3qyty0q6yH5roT3aMDVqJJFqmXY3j5hTVnUO6jCdOV-YgFSCETTvEYmKW0Fx2MzxsYy7SYuB5mBmy1LbUr_UkF3Q0_s1tsrUv81O3iLbPWPeX4b1uj6cZBY2=s1024"",""caption"":null,""width"":2992,""height"":2000},{""id"":""CIHM0ogKEJapiuzJ8O-G5wE"",""url"":""https://lh3.googleusercontent.com/geougc-cs/AB3l90AqZBdjLYceckDIPF1LPVsMDTV-jruLgBsWNLHVfbpWlVnCPtwfFWBZqUAo7GNIej_IxlFBqY1Ut5SUhVXDSQVBdB8lh4s9Uh7haVJrTvuOLEpPNgl8MOAdPEC8HvnRLiKjs8IF7w=s1024"",""caption"":null,""width"":2992,""height"":2000},{""id"":""CIHM0ogKELXogfegwfGBggE"",""url"":""https://lh3.googleusercontent.com/geougc-cs/AB3l90AaPBZ5tXSl8CEYonLHk3cZeEbG8JAHNS9nHAtnFwAJZ-dKpAgQDNi7tzFXA9jcMhVsCSqXnLkz5zfC-UYVqT7UCwtMNMhrHn6FR16SA62QefQ88LEdQSLWQMoTw-WvT6lDV7tQBg=s1024"",""caption"":null,""width"":2723,""height"":2000},{""id"":""CIHM0ogKEMLV8Omvwo-cHw"",""url"":""https://lh3.googleusercontent.com/geougc-cs/AB3l90C1zlCmD31eZ6bIG2gSGGCVbcSxjn3POtEaMVI_-MLRznaHa5xuyxR3-t4LVVXQNshyvkOZ0YjZgpTYIX-pRbBwhprkptuHAXLMzAiBPJ33pMEYVN8XBynfEiYfajJMYxvUC5Nv=s1024"",""caption"":null,""width"":2992,""height"":2000},{""id"":""CIHM0ogKEPjE5Ir5yYKYlQE"",""url"":""https://lh3.googleusercontent.com/geougc-cs/AB3l90AyVScFzRN0KGKvn5D2wOPiS-BTF_E3zztCAKlpGV3JRGFv5ZZbKGWX0zbwHbrd-zZ2HZPFG9iBMbdM7YPR_vK3upzC_u768yrEjObqfdqw4q3hFR2XkQSIQYV0rj-Adc1LwyPRvg=s1024"",""caption"":null,""width"":2992,""height"":2000},{""id"":""CIHM0ogKELaAxYDtrMalAw"",""url"":""https://lh3.googleusercontent.com/geougc-cs/AB3l90Clwy1Lwm3AiZ8HtCnUqYiAHta5-LEBwiZEhfWzusBC0ko1TXhUbKEfIh_ncfkuPVymyVG2YlHkNQskW95C_GbGU1IuepJJNpjB8yhRCO5jEfk_RFNN1zlgZJPELY6_Avpv0Rn8=s1024"",""caption"":null,""width"":2992,""height"":2000},{""id"":""CIHM0ogKEJ-jhbK_uNGqcA"",""url"":""https://lh3.googleusercontent.com/geougc-cs/AB3l90Bz2oN82YbnRzy_dpKmEW59zreOHquGDxNwMmkTu6-nG5CA3Ifr5_sbuVdlzI2rcd0gqxmT2nIU_MM2659xwNQ2bZdmD66j3WN5kezBS_PSWWOMe_xo_gxHzogDGIks2pK-_s-q=s1024"",""caption"":null,""width"":2992,""height"":2000},{""id"":""CIHM0ogKEKHZ8fit7uLfcA"",""url"":""https://lh3.googleusercontent.com/geougc-cs/AB3l90AZSqYH1ThLyt6T4PWTwO4ZuSApgfeIxSLQNp9x2xxGJovJB1JlouLu_NNHBSTd4SiJHfjxiODzrK-Rng3iZsWJXW0XUc_HdQ72RwHX7afen8eSxlCIHPk8JTx5dLrfwQgDMGCZ=s1024"",""caption"":null,""width"":2992,""height"":2000},{""id"":""CIHM0ogKEM7BytPMlaqKhAE"",""url"":""https://lh3.googleusercontent.com/geougc-cs/AB3l90CejX3ty8SuV-uN4vv9RCK5YYzIbfk71PSm3PzBTPEeN8NxbNh6YMyLbh8Rbn6gfM21JiZ3j3cVPkGWrgqRkRtE22E519xyEINCHwihETIMvBE64CyDRrz7Db8ynQfGJ7PtjCe72A=s1024"",""caption"":null,""width"":2992,""height"":2000},{""id"":""CIHM0ogKEOmB2ZGarYz3oQE"",""url"":""https://lh3.googleusercontent.com/geougc-cs/AB3l90CooGO9CMpqLLqoFUXNy_kD0zKK6pdRF3r6MFv3IcZLwCi1Ew09Sj5FkFokAAs0NA7qMM7xeyejmB75vEhMh_NKhbepHWFixk52pK291yuVkaFiT1BPNstC2pYoa4bG7J2oPcl6=s1024"",""caption"":null,""width"":2992,""height"":2000},{""id"":""CIHM0ogKEKeZlLDU7vSH6gE"",""url"":""https://lh3.googleusercontent.com/geougc-cs/AB3l90CwNw7lmd2IfBIz7UNnQhtgSWwN87FdvIUTEqeQQJ6CTTp7qC8yU3KBY1Baf4wtfZ-mu2mYf7wVswHEVDl4tzncooSfmdaqdGiSSkTGec9bG3AeZpAynfhl0Nx0c6eCo4zke_i-SA=s1024"",""caption"":null,""width"":2992,""height"":2000},{""id"":""CIHM0ogKEJ6ku9qY_d6SKw"",""url"":""https://lh3.googleusercontent.com/geougc-cs/AB3l90COw-xmr5t9xKwCr-1gmr-LdALpMeNk_Q3w3_JYFtL9U_RW96i6cWKik90cJf1iUBq45fWfOpOvG7Rd7-sN-RM6CaMDUy28fMz7Rd5hn11YEGJBrcA6sAK0o4r8q8AYzrdDLu1O=s1024"",""caption"":null,""width"":2992,""height"":2000},{""id"":""CIHM0ogKEN--y9uTmeDIGw"",""url"":""https://lh3.googleusercontent.com/geougc-cs/AB3l90BGFjIoDU1hvKV-PatGJ5VMd3WtjI2mfUMLXT5NCp29l9Xdgod74EAR5qlN24jkOl3hkafIorhMWssMRnQQsLddE6AqxXAzABR3jBkiDHzdgyByIBzaLiGMuA8yhrdYyhQoZCUU=s1024"",""caption"":null,""width"":2000,""height"":2992},{""id"":""CIHM0ogKEJTw-tas8ZS05QE"",""url"":""https://lh3.googleusercontent.com/geougc-cs/AB3l90BLtQe4Jol0G_ysfy0d_fAHaM6QaHD0ExCFghrxUrxX7mGpoZy98DLom3jbwmd2X-_cxctHlZLuu7SduOCEl5XKC--kLIlfvALr7eLOAOBA5_8sGVi46605yn6v4pzgKrc62CXeGg=s1024"",""caption"":null,""width"":2992,""height"":2000},{""id"":""CIHM0ogKEIzc6eHSw5rVOg"",""url"":""https://lh3.googleusercontent.com/geougc-cs/AB3l90DMiNDsGcL0J7KuNTRgBzzINdnce0S54pYiTjdByuo7mytVctUsN_aV73vAWCfbDQ1piV2FmP48p_bhlPwug2YzRKsNhZqLBarbLiWWeTDMipyWFaQcrkIQHCazhNkRjkXn-n5r=s1024"",""caption"":null,""width"":2992,""height"":2000},{""id"":""CIHM0ogKEKD9jO_usYFa"",""url"":""https://lh3.googleusercontent.com/geougc-cs/AB3l90A-KuRCsWiL_cA6EILfrnbF2rHNjwHEh9e4InmBJ51od3IIM62u1Q8otZ_u9tOKY7oGv4NR6OnvuL_Uk1buVsgBK7lV_BDVFK2aTsV8RmkgXWgJ8JVamsndnO932oszZvH6zA=s1024"",""caption"":null,""width"":2992,""height"":2000},{""id"":""CIHM0ogKEITUl-bs9JiDJw"",""url"":""https://lh3.googleusercontent.com/geougc-cs/AB3l90AwT8f3kaVpXFSi46zHBu8qgYdgaogunDxI_FNXeLSm5fIgHeP7_7i3GYgCrDNeNjGfVZPWM2VYJW7Ejmf0TVzSQpSA-qMUNY_h6K-6go1iMKH5W_Uvxw48GUONYz5Zk_YACDLv=s1024"",""caption"":null,""width"":2992,""height"":2000},{""id"":""CIHM0ogKEITpnb_no-KDtwE"",""url"":""https://lh3.googleusercontent.com/geougc-cs/AB3l90DlF3RTOUwuKGp8ary3hdqyo_ueKxlmwvovYSxMtqWrNojPgE92_joZ7YBV0xkZyjNzZmtAfITOjGZ5_YX0qxaZRIoI4T-nks3iNC80jSCFLRAWvBEjCTRJNoG9H_Sf8g7BH06v3A=s1024"",""caption"":null,""width"":2992,""height"":2000},{""id"":""CIHM0ogKEOTerPCt8tzjcg"",""url"":""https://lh3.googleusercontent.com/geougc-cs/AB3l90DtDBndbMBwc9W_QM-1IRYTOUoErEN7_GmD6tMEdWi3ndpg4k3zdDDugd_k05GOoSnI9NfTLX2dJ5TR671QAtobi-BioUYVVko_WcywD0wfywbOcdyXj3gfD9bytiDGbCmjVAtO=s1024"",""caption"":null,""width"":2992,""height"":2000},{""id"":""CIHM0ogKEJyT7trSwsaS5gE"",""url"":""https://lh3.googleusercontent.com/geougc-cs/AB3l90AMyW3IkS4VRAgxRBXHiSVLBpfzc7_jYq1eg5bYGy1ZrMiD9Ha5EzqzYbh-kOtPpQ8a4P_zAIsJO9S8A5FQ1RzRKFiKXfgRSkMSwXPp_Bxg6dE6Bpf_RULCVccfoVnudM8xiRkYlw=s1024"",""caption"":null,""width"":2992,""height"":2000},{""id"":""CIHM0ogKENrQ_KO5zur95QE"",""url"":""https://lh3.googleusercontent.com/geougc-cs/AB3l90CTvqhTvpb_6wXTZ5ygCzK2__NUj6uYXC_8VAGM6Dh8tGHpYxQcypEGIr-rGXDfe2ufqFkJpLxsnKZO-CPW_xe8s28bBAsWSCI4VYWnJHMyKmzI5o8fYnBoqwKoHfZHqVHO5JqZkw=s1024"",""caption"":null,""width"":2992,""height"":2000},{""id"":""CIHM0ogKEJ3ryeDNxOP7dA"",""url"":""https://lh3.googleusercontent.com/geougc-cs/AB3l90DSO98pIhYB7xdYRaRx1zQlB7kfYTRY6NyjKp6hlbWa-SouQcTIpbwBYYZs2N3-uMEZxCsv07iatXNERemugEhzWK7cr8rDmDqzreGC1IB97TCxBT0Q3opxWIlBMC7iSE4nBabb=s1024"",""caption"":null,""width"":2992,""height"":2000},{""id"":""CIHM0ogKEMSDuf_0nf3ygAE"",""url"":""https://lh3.googleusercontent.com/geougc-cs/AB3l90Cm4kqtbdHbflVrn0Sq7nxm5zPxb2jTq3dopuJ-OGbQ2b0BJVu03uU07_x7xfzR-rRffxQP7JkrcYVJAb2LkrdpfksdjdC6mAacTgW8QMFWKfCPoheIz2wsMa3K4w0G4SmfReVpZQ=s1024"",""caption"":null,""width"":2992,""height"":2000}]"
ChIJVRVxa51Q1y0Rj8tFs0ZLXgY,Pantai Kahuripan Gili Genting,Ci9DQUlRQUNvZENodHljRjlvT2pSYVNVd3RXV2x2VmtRelFUbDBjV2haYmtScVMxRRAB,https://www.google.com/maps/reviews/data=!4m8!14m7!1m6!2m5!1sCi9DQUlRQUNvZENodHljRjlvT2pSYVNVd3RXV2x2VmtRelFUbDBjV2haYmtScVMxRRAB!2m1!1s0x0:0x65e4b46b345cb8f!3m1!1s2@1:CAIQACodChtycF9oOjRaSUwtWWlvVkQzQTl0cWhZbkRqS1E%7C0ceH-IRqIb3%7C?hl=id,Ivan Prayoga,101605894012358794126,https://www.google.com/maps/contrib/101605894012358794126?hl=id,5,"Pantai Kahuripan di Gili Genting, Madura, adalah surga tersembunyi dengan pesona pasir putih yang lembut dan air laut biru jernih. Suasananya tenang, alami, dan jauh dari hiruk pikuk, sehingga sangat cocok untuk melepas penat. Pemandangan sunrise maupun sunset di pantai ini benar-benar indah dan instagramable. Warga sekitar ramah, harga tiket maupun kuliner yang ditawarkan cukup ramah di kantong. Tempat ini sangat direkomendasikan bagi wisatawan yang mencari ketenangan, keindahan, sekaligus pengalaman liburan yang berkesan.",sebulan lalu,2025-08-23T01:57:39,,,,84,1042,1,,,[],[]
ChIJVRVxa51Q1y0Rj8tFs0ZLXgY,Pantai Kahuripan Gili Genting,ChdDSUhNMG9nS0VJQ0FnSUNHc3F6V3F3RRAB,https://www.google.com/maps/reviews/data=!4m8!14m7!1m6!2m5!1sChdDSUhNMG9nS0VJQ0FnSUNHc3F6V3F3RRAB!2m1!1s0x0:0x65e4b46b345cb8f!3m1!1s2@1:CIHM0ogKEICAgICGsqzWqwE%7CCgsI5r3diwYQ0LXjPA%7C?hl=id,Halim Asyari,104044609223202201822,https://www.google.com/maps/contrib/104044609223202201822?hl=id,5,"Terletak di ujung pulau giligenting. Pantai yang juga bagus, bebatuan di bibir pantai menambah nilai keindahannya, meskipun akses menuju pantai ini masih kurang baik dan perlu diperbaiki, tapi di jalan menuju pantai ini juga banyak spot untuk foto2 natural",3 tahun lalu,2021-10-25T09:01:28,,,,25,86,1,,,[],"[{""id"":""CIHM0ogKEICAgICGyuOJnwE"",""url"":""https://lh3.googleusercontent.com/geougc-cs/AB3l90ChjW9jyGqYA_6KiJS6os_a11_sVMaOxdDv9MGs94PXUKr2AqaHHIc4NFqbLRHKdzgzoWdgN77pYz4RU2blCdKHoFR_QuMjiUdds2sIUYzSxCm_y0gDLXzS6ICVH3Up4WCtTz3a=s1024"",""caption"":null,""width"":2250,""height"":4000},{""id"":""CIHM0ogKEICAgICGyuOJXw"",""url"":""https://lh3.googleusercontent.com/geougc-cs/AB3l90AIn-hKaTunMdIU3R5R_IbOdOW_rwOEHe-PxQ5lxRa_sNZoHnF5VcCHbDgvLVy00oP0MXClAhLys_MTlp2jP-F2NJQlt-qLKYIIJ5jsLnypbPqBvXv5MyUuYAAsRauX4JhaYDM=s1024"",""caption"":null,""width"":4000,""height"":2250},{""id"":""CIHM0ogKEICAgICGyuOJ3wE"",""url"":""https://lh3.googleusercontent.com/geougc-cs/AB3l90BTsEBc-bU1NBl15r2sqjYiRxEEZQfLVUPMb_Xb024xuVTNuFYKJiiwV6eZOFhwRZb4ulJOd0Pgzbj8kVZ1UhM2ekMJPbYRi32SQ3bEfuUNkSEhkqfayFVXpYrFXAN4wO0mfW5QBg=s1024"",""caption"":null,""width"":2250,""height"":4000},{""id"":""CIHM0ogKEICAgICGyuOJPw"",""url"":""https://lh3.googleusercontent.com/geougc-cs/AB3l90D-R16-OlWcy9Wgc-gbZOm3beoVElIJT9VCl4-JUumElVbhAq3tZEko2bA12CBKT1UKrV2Yp70dDhBAagRrXP_miQvLZJ3Sl-3HTntjSaMHUefQSS0GV2rtM90EQFnwSyYtSFmt=s1024"",""caption"":null,""width"":4000,""height"":2250},{""id"":""CIHM0ogKEICAgICGyuOJvwE"",""url"":""https://lh3.googleusercontent.com/geougc-cs/AB3l90CJU4mDRrPP8E8hRvoxFMrKgat_gYHHhG9jwNoLIxJQ1WzahjKfIUu8vNXrBSNsCiyQfKuL2UcV59BN6PeoojRHInVucRU5hLmizwkaFOia1v8TTBNaFIKKSrgC40Rk4KDSIUoT=s1024"",""caption"":null,""width"":4000,""height"":2250}]"
ChIJVRVxa51Q1y0Rj8tFs0ZLXgY,Pantai Kahuripan Gili Genting,ChdDSUhNMG9nS0VJQ0FnSUR1bDVLaHZRRRAB,https://www.google.com/maps/reviews/data=!4m8!14m7!1m6!2m5!1sChdDSUhNMG9nS0VJQ0FnSUR1bDVLaHZRRRAB!2m1!1s0x0:0x65e4b46b345cb8f!3m1!1s2@1:CIHM0ogKEICAgIDul5KhvQE%7CCgwI5f29mAYQ0KC6xgI%7C?hl=id,Refli Yono,108294958199741516818,https://www.google.com/maps/contrib/108294958199741516818?hl=id,5,"Pantai dengan bebatuan tebing,sangat jauh dari pantai sembilan,cocoknya naik motor trail,karena akses menuju pantai lumayan menantang,tapi terbayar dengan keindahan pantainya.",3 tahun lalu,2022-08-31T15:30:38,,,,137,652,1,,,[],"[{""id"":""CIHM0ogKEICAgIDul9LsuwE"",""url"":""https://lh3.googleusercontent.com/geougc-cs/AB3l90AVnIfzv7RiIqFhbJEvtu1tS7iPZ8-3mb5D2EuC3n7RJRU1HlDnhvJ-U6H4OOGvAKLVhSra4w-tgo9sw3ayA4Fuw_zKr_3j7WyNspj3j0mNM1AhUey_synXWL8t-Z-fzG1n6h8b=s1024"",""caption"":null,""width"":8000,""height"":6000},{""id"":""CIHM0ogKEICAgIDul9Lsew"",""url"":""https://lh3.googleusercontent.com/geougc-cs/AB3l90ByNbncKdaAjlMtn6-01O3RbIUoZAvowqOqKOfFtQwsVyu53nd9glCt0Yz3X377MCw3mH2mXW-lnNlQRWerE5KlvWItes44C6zv0erdPNk8B5XwR-1Eu4MBGcd4dpaxfU_X5da8=s1024"",""caption"":null,""width"":8000,""height"":6000},{""id"":""CIHM0ogKEICAgIDul9Ls-wE"",""url"":""https://lh3.googleusercontent.com/geougc-cs/AB3l90D_P1TWU6lqDzHqwNHvHL5ttU2cAFdUaj-ng5yAKJJ4O7UVo76JVuNM3zEdDRCdAYsnNxJc5xKJiswG2dyzfFJHu8BKKrruAwGHsbKnjX_0UvCLDrDfK4i27Hj4CBg0vyUVss4aYA=s1024"",""caption"":null,""width"":8000,""height"":6000},{""id"":""CIHM0ogKEICAgIDul9LsBw"",""url"":""https://lh3.googleusercontent.com/geougc-cs/AB3l90A20OuLOeYT8X5GFz9sXHC8Lb2Dyzntgty1gTiik8I1bYcdQuRkoHCIVVDsvbywTDgE_kEPnBa4Tm_P9lnVjQh3_49fTNdhZEkXppL8DQRcgaoAA8Aht2Q6DK-leQQR93q1qzNj=s1024"",""caption"":null,""width"":8000,""height"":6000},{""id"":""CIHM0ogKEICAgIDul9LshwE"",""url"":""https://lh3.googleusercontent.com/geougc-cs/AB3l90BtMNaC9thTfVPzl4P_DuoHNwak0GHtynzene-Ow3Al9eh-doYgyHBe3yoCBkXqweDKEgfb5ttaEpYQgXyaXt7Ry3JaycCBUwztCHfOUWWjyuYSH_spnYEakeCAam3jNQ=s1024"",""caption"":null,""width"":8000,""height"":6000}]"
ChIJVRVxa51Q1y0Rj8tFs0ZLXgY,Pantai Kahuripan Gili Genting,ChZDSUhNMG9nS0VJQ0FnSURPdThyNkJnEAE,https://www.google.com/maps/reviews/data=!4m8!14m7!1m6!2m5!1sChZDSUhNMG9nS0VJQ0FnSURPdThyNkJnEAE!2m1!1s0x0:0x65e4b46b345cb8f!3m1!1s2@1:CIHM0ogKEICAgIDOu8r6Bg%7CCgwIn8DDlgYQ-KatiQM%7C?hl=id,Tsurayya Kamila Novita,116435403052221726843,https://www.google.com/maps/contrib/116435403052221726843?hl=id,5,Pantai yang cantik dan menarik.... View bebatuan karang menambah keluar pesona nya...  Semoga bisa dikelola dengan sungguh* hingga jadi lebih baik lagi... Kemudian bisa bersaing dg sesama pantai yg ada di gili genting,3 tahun lalu,2022-07-15T03:30:56,,,,51,299,1,,,[],"[{""id"":""CIHM0ogKEICAgIDOu6qWJA"",""url"":""https://lh3.googleusercontent.com/geougc-cs/AB3l90DRJBxXm3WPkJJKE5c1sngZ1SnSJR8X-Kcu4hngwEK4GMHKl8Ytl4ZLThVrIm6Zym8iM6KH2WrJVpGWG6xKZ6KxUtXPozaf6FEZhIv4-jInGtFfyfnoXTezYqKLbgBusxInR4UI=s1024"",""caption"":null,""width"":3000,""height"":4000},{""id"":""CIHM0ogKEICAgIDOu6qWpAE"",""url"":""https://lh3.googleusercontent.com/geougc-cs/AB3l90CZeFzTIHQSnAoxWS8xZaZuiF4ghvvGZr1z9KyfUjmEkiWzla_2EQsdshHjH5J7UA8T9NkWWwjyf1D4-43mWQsqRM29TU_8GadCwNyF3NfGObitq0QDa5fj4FnvLk2KzYvYTuB2KA=s1024"",""caption"":null,""width"":3000,""height"":4000},{""id"":""CIHM0ogKEICAgIDOu6qWZA"",""url"":""https://lh3.googleusercontent.com/geougc-cs/AB3l90CTA9jPGqA-dLH2BwKCH4Z7fD1HEIiGeYgkqBuDuxRTrKtsk2nIn_31UQ4Gdo1Uo-jKA0zONHjmfqnmA6F56Ujlz6hZmj8KNfdrMEStveBZ2Niq9_YRwOc5McOSI7b3zIfs3j4c=s1024"",""caption"":null,""width"":3000,""height"":4000},{""id"":""CIHM0ogKEICAgIDOu6qW5AE"",""url"":""https://lh3.googleusercontent.com/geougc-cs/AB3l90BUkO5Zqox1k5YRd-PeLr-dDZIHNygyDxQptna3Rnrn5gF57KFnpcYcUeM-8ShPxGY5G__GVk3NvLcfs8l1NKE8JoHU-VnFjLpqm7IwhWouVUcFtBGAEXVXtPNdeUl7JKnySztpFA=s1024"",""caption"":null,""width"":4000,""height"":3000},{""id"":""CIHM0ogKEICAgIDOu6qWFA"",""url"":""https://lh3.googleusercontent.com/geougc-cs/AB3l90DwFiQT4Gf2Lte4e7X9btZ-6WsPwhYYC73OQcVcCMYLk3Uyap9kmPhqlJOpatk_RpbTs_co54VGUNSNjCt2Yz3FMfYbqbTd_XRMax5buszm4Xh5-lO09De7AQXy6lK1YK9U8dY=s1024"",""caption"":null,""width"":4000,""height"":3000}]"
ChIJVRVxa51Q1y0Rj8tFs0ZLXgY,Pantai Kahuripan Gili Genting,ChdDSUhNMG9nS0VJQ0FnSUM2LThpRmdBRRAB,https://www.google.com/maps/reviews/data=!4m8!14m7!1m6!2m5!1sChdDSUhNMG9nS0VJQ0FnSUM2LThpRmdBRRAB!2m1!1s0x0:0x65e4b46b345cb8f!3m1!1s2@1:CIHM0ogKEICAgIC6-8iFgAE%7CCgwIsvCAigYQqO71kQM%7C?hl=id,Hady Leo,115504840814144746873,https://www.google.com/maps/contrib/115504840814144746873?hl=id,5,"Suasananya enak adem, sejuk & gak bising karena sangat jauh dari pemukiman penduduk. Cocok banget lah buat menghilangkan penat & capek setelah sibuk bekerja. Coba lebih dikembangkan lagi tempatnya pasti mantap buat destinasi wisata.",4 tahun lalu,2021-09-14T05:48:09,,,,6,18,1,,,[],"[{""id"":""CIHM0ogKEICAgIC6--jYJQ"",""url"":""https://lh3.googleusercontent.com/geougc-cs/AB3l90CfdY6cCI8WuBHfXK8GgkHnhEx_JLU5bMbr5pKgABm3h7YEH5-8pdUf5CYnZ2ys67Xd_CfiHV4zsJDuO5btWNdLTqWcWrpSi2RXD6n56oBEGZSoXXOhlEGPyHei8gK-Ssuyw9M=s1024"",""caption"":null,""width"":1536,""height"":3296},{""id"":""CIHM0ogKEICAgIC6--jYpQE"",""url"":""https://lh3.googleusercontent.com/geougc-cs/AB3l90DRUHcIA7htOBBqywVfpcJz6dUT0TGLLxZZsK_qintXraL49T9Xq-b3ZFFNvRhW07VIjXRIyaXO7um8xGw_-WSG5PvyBOTqRUwSQc_y6QX6ylCC7ok3XVbMlRBIDox7Rg8IRsmU=s1024"",""caption"":null,""width"":3264,""height"":1520},{""id"":""CIHM0ogKEICAgIC6--jYZQ"",""url"":""https://lh3.googleusercontent.com/geougc-cs/AB3l90Cr5ekNOVRArOOIj97SWGZhgpXw5GomqFVPcwDMRnNUDU_WPuMgU3pryeQGIJ7rwaFTxc-h-3BVTjL4jjLiE4AJfGyRSz1gvVeyBs2NA0WPZrQWbqwmSEI4m2gWEbeHUIb5msg=s1024"",""caption"":null,""width"":2448,""height"":3264},{""id"":""CIHM0ogKEICAgIC6--jY5QE"",""url"":""https://lh3.googleusercontent.com/geougc-cs/AB3l90AneLNO_M-icdiXy4NByC1leO6EKZyg1lVvDfBP8bSk-tVFInHruHjjFLq5PVk-HHT1-o86O0zqAgFAIbbcFdncejNMkaTWGsVb9SrgnW0scozNLsuflj9wl4muapunit0nZcnh=s1024"",""caption"":null,""width"":3264,""height"":2448},{""id"":""CIHM0ogKEICAgIC6--jYFQ"",""url"":""https://lh3.googleusercontent.com/geougc-cs/AB3l90AG7NLZmmLwsoXiONydezbQ2DAWRPw-ImJwicoDA4_0eFC5po58IMyaYGTn8BdxzvQZXDDuXVaTWu3P2PS4MzQ3FpaKcs-2Dtd90WhQ9gkFOcTLQT_OHTQu9GYPRh5oKz5KD1rf=s1024"",""caption"":null,""width"":3000,""height"":4000},{""id"":""CIHM0ogKEICAgIC6--jYlQE"",""url"":""https://lh3.googleusercontent.com/geougc-cs/AB3l90C4OxwWE2J2RSPcw0DgBq98ibch3e9zRtXNsSwhTVZoFF0WGFn6RZjEojLXkthYIEvSKrAikbKDmT09O98Eio72iA61t-6T7fs_eWMM7Ql94jAoJkbV5j1SMP--JNPELLOeVPXeSA=s1024"",""caption"":null,""width"":3296,""height"":1536}]"
ChIJ2yjOFADx2S0RmI5FODRJha4,Pantai Galung (Galung Beach),ChdDSUhNMG9nS0VJQ0FnSURialpiemtBRRAB,https://www.google.com/maps/reviews/data=!4m8!14m7!1m6!2m5!1sChdDSUhNMG9nS0VJQ0FnSURialpiemtBRRAB!2m1!1s0x0:0xae85493438458e98!3m1!1s2@1:CIHM0ogKEICAgIDbjZbzkAE%7CCgsI6fHQtQYQyOCDRQ%7C?hl=id,Raseita Kazaryuko,109476218577658598824,https://www.google.com/maps/contrib/109476218577658598824?hl=id,5,"Suasananya masih asri, pasirnya lembut, anginnya juga sepoi-sepoi.
Memang tampak sepi karena masih proses berkembang.
Saran saja jika berkunjung sebaiknya di pagi hari atau sore hari agar tidak panas.
Infonya pemandangan sunrise dan sunsetnya cantik, jadi jangan salah jam jika berkunjung.",setahun lalu,2024-08-08T03:18:01,,,,71,223,1,,,[],"[{""id"":""CIHM0ogKEICAgIDbjZbzMA"",""url"":""https://lh3.googleusercontent.com/geougc-cs/AB3l90BjejGFT0nUysAamuDetRZi5s1RRokg6Kj2rXqcxL0asP1fHcK9T7Wq55alr0cWS_A1Eafi9x9wWslhXhZzHOdljTgXR5VgK829xlbJaWnLH8Rc5_urbXS4DHPO1NZ8b7wb6pA0=s1024"",""caption"":null,""width"":2160,""height"":3840}]"
ChIJ2yjOFADx2S0RmI5FODRJha4,Pantai Galung (Galung Beach),ChZDSUhNMG9nS0VJQ0FnSURidGZpSEVnEAE,https://www.google.com/maps/reviews/data=!4m8!14m7!1m6!2m5!1sChZDSUhNMG9nS0VJQ0FnSURidGZpSEVnEAE!2m1!1s0x0:0xae85493438458e98!3m1!1s2@1:CIHM0ogKEICAgIDbtfiHEg%7CCgwIpMTPtQYQyMXK1AI%7C?hl=id,Gadis Ayah,111651615431877878074,https://www.google.com/maps/contrib/111651615431877878074?hl=id,5,"Pantainua bersih, pasirnya halus, garis pantai luas, didekat pantai terdapat beberapa pohon untuk berteduh. Semoga pengelolaan semakin baik. Agar bisa bermain dengan aman dannyaman",setahun lalu,2024-08-07T21:07:48,,,,204,605,1,,,[],[]
ChIJ2yjOFADx2S0RmI5FODRJha4,Pantai Galung (Galung Beach),ChZDSUhNMG9nS0VJQ0FnSUNfN2VtQWZREAE,https://www.google.com/maps/reviews/data=!4m8!14m7!1m6!2m5!1sChZDSUhNMG9nS0VJQ0FnSUNfN2VtQWZREAE!2m1!1s0x0:0xae85493438458e98!3m1!1s2@1:CIHM0ogKEICAgIC_7emAfQ%7CCgsIl66tvAYQ4Ji7cQ%7C?hl=id,Hosri Banyuayu,109373097672251098780,https://www.google.com/maps/contrib/109373097672251098780?hl=id,5,,9 bulan lalu,2025-01-18T07:24:07,,,,2,7,1,,,[],[]
ChIJ36Ht0E3h2S0R9vfBjHsbgTM,Pantai Toragan,ChdDSUhNMG9nS0VJQ0FnSUNmczlIQTNnRRAB,https://www.google.com/maps/reviews/data=!4m8!14m7!1m6!2m5!1sChdDSUhNMG9nS0VJQ0FnSUNmczlIQTNnRRAB!2m1!1s0x0:0x33811b7b8cc1f7f6!3m1!1s2@1:CIHM0ogKEICAgICfs9HA3gE%7CCgwI8s7UuwYQyNuUrwE%7C?hl=id,sixml,101299876686062537902,https://www.google.com/maps/contrib/101299876686062537902?hl=id,5,Bagus cuma medan nya lumayan menyiksa hhhh,9 bulan lalu,2025-01-01T11:30:58,,,,6,0,,,,[],[]
ChIJ36Ht0E3h2S0R9vfBjHsbgTM,Pantai Toragan,ChZDSUhNMG9nS0VJQ0FnSURPMnJDX1B3EAE,https://www.google.com/maps/reviews/data=!4m8!14m7!1m6!2m5!1sChZDSUhNMG9nS0VJQ0FnSURPMnJDX1B3EAE!2m1!1s0x0:0x33811b7b8cc1f7f6!3m1!1s2@1:CIHM0ogKEICAgIDO2rC_Pw%7CCgsIytKElgYQiJCmZQ%7C?hl=id,Dika Toby,103118694369322460968,https://www.google.com/maps/contrib/103118694369322460968?hl=id,5,Bagusnya pas pantai air lagi surut kalo pas pasang kurang menarik,3 tahun lalu,2022-07-03T05:29:46,,,,39,38,1,,,"[{""name"":""Waktu kunjungan"",""value"":""Akhir pekan""},{""name"":""Waktu antrean"",""value"":""Tanpa mengantre""},{""name"":""Sebaiknya buat reservasi"",""value"":""Tidak""}]",[]
ChIJ36Ht0E3h2S0R9vfBjHsbgTM,Pantai Toragan,ChdDSUhNMG9nS0VJQ0FnSUNfbXFHSzhRRRAB,https://www.google.com/maps/reviews/data=!4m8!14m7!1m6!2m5!1sChdDSUhNMG9nS0VJQ0FnSUNfbXFHSzhRRRAB!2m1!1s0x0:0x33811b7b8cc1f7f6!3m1!1s2@1:CIHM0ogKEICAgIC_mqGK8QE%7CCgsIi7WdvAYQ6KbJfQ%7C?hl=id,Kamu Tolol,117102192251160768359,https://www.google.com/maps/contrib/117102192251160768359?hl=id,5,Saya akan mengunjunginya sepertinya sangat indah,9 bulan lalu,2025-01-15T06:49:47,,,,2,0,,,,[],[]
ChIJ36Ht0E3h2S0R9vfBjHsbgTM,Pantai Toragan,ChZDSUhNMG9nS0VJQ0FnSURDcmZ6X1RREAE,https://www.google.com/maps/reviews/data=!4m8!14m7!1m6!2m5!1sChZDSUhNMG9nS0VJQ0FnSURDcmZ6X1RREAE!2m1!1s0x0:0x33811b7b8cc1f7f6!3m1!1s2@1:CIHM0ogKEICAgIDCrfz_TQ%7CCgwI2bD0-wUQwPOH0AM%7C?hl=id,heru susanto,104951582932932250840,https://www.google.com/maps/contrib/104951582932932250840?hl=id,5,"Pantainya indah banget...
Masih natural & alami...",5 tahun lalu,2020-10-07T01:21:35,,,,21,93,1,,,[],[]
ChIJ36Ht0E3h2S0R9vfBjHsbgTM,Pantai Toragan,ChZDSUhNMG9nS0VJQ0FnSUNaa0xMb0dBEAE,https://www.google.com/maps/reviews/data=!4m8!14m7!1m6!2m5!1sChZDSUhNMG9nS0VJQ0FnSUNaa0xMb0dBEAE!2m1!1s0x0:0x33811b7b8cc1f7f6!3m1!1s2@1:CIHM0ogKEICAgICZkLLoGA%7CCgsIsovMpwYQgJO5Wg%7C?hl=id,Vio La,101827248448197862864,https://www.google.com/maps/contrib/101827248448197862864?hl=id,3,Masuk gang gang kecil. Mobil sulit lewat. Pantai sulit dicari,2 tahun lalu,2023-09-02T09:51:46,,,,206,28,1,,,[],[]
ChIJ36Ht0E3h2S0R9vfBjHsbgTM,Pantai Toragan,ChdDSUhNMG9nS0VJQ0FnSUNoOEp1QTdRRRAB,https://www.google.com/maps/reviews/data=!4m8!14m7!1m6!2m5!1sChdDSUhNMG9nS0VJQ0FnSUNoOEp1QTdRRRAB!2m1!1s0x0:0x33811b7b8cc1f7f6!3m1!1s2@1:CIHM0ogKEICAgICh8JuA7QE%7CCgwImcf0ngYQ2KGhngE%7C?hl=id,Mursid muflih Muflih,102646297764851606888,https://www.google.com/maps/contrib/102646297764851606888?hl=id,5,Siap melayani,2 tahun lalu,2023-02-03T15:09:13,,,,18,54,1,,,[],[]
ChIJ36Ht0E3h2S0R9vfBjHsbgTM,Pantai Toragan,ChdDSUhNMG9nS0VJQ0FnSURsb3FlWTJRRRAB,https://www.google.com/maps/reviews/data=!4m8!14m7!1m6!2m5!1sChdDSUhNMG9nS0VJQ0FnSURsb3FlWTJRRRAB!2m1!1s0x0:0x33811b7b8cc1f7f6!3m1!1s2@1:CIHM0ogKEICAgIDloqeY2QE%7CCgsIl_6kqwYQwMD0ZA%7C?hl=id,ansori 98 ansorisiroj2212,105682007164001165181,https://www.google.com/maps/contrib/105682007164001165181?hl=id,2,Selamat datang pantai tarogan,setahun lalu,2023-12-01T02:04:07,,,,1,1,,,,"[{""name"":""Waktu kunjungan"",""value"":""Hari libur nasional""},{""name"":""Waktu antrean"",""value"":""Maks 10 mnt""}]",[]
ChIJ36Ht0E3h2S0R9vfBjHsbgTM,Pantai Toragan,Ci9DQUlRQUNvZENodHljRjlvT25ReFVsVTFSbEZ2ZWxGeWJUWm9ObmRVYkU1TFpGRRAB,https://www.google.com/maps/reviews/data=!4m8!14m7!1m6!2m5!1sCi9DQUlRQUNvZENodHljRjlvT25ReFVsVTFSbEZ2ZWxGeWJUWm9ObmRVYkU1TFpGRRAB!2m1!1s0x0:0x33811b7b8cc1f7f6!3m1!1s2@1:CAIQACodChtycF9oOnQxUlU1RlFvelFybTZoNndUbE5LZFE%7C0ciST3-Qcmt%7C?hl=id,Tolak Eman,108025219600872803636,https://www.google.com/maps/contrib/108025219600872803636?hl=id,5,,sebulan lalu,2025-09-04T18:16:36,,,,1,0,,,,[],"[{""id"":""CIABIhAE6AdpV-_L-wVMDkvKUFBx"",""url"":""https://lh3.googleusercontent.com/geougc-cs/AB3l90Bzwr911-1XivJlZ0iOMAoX4sECeN8yqPGD-iHVUqjy34uDp91xCDMeZ7-VC8EWRzUsekMO-iUiNiPXjOUvajirwtge3XZbRQzzOzKhOgko5v4psishElE6yBjRIwvSpFxEQt5HGMoF5k4=s1024"",""caption"":null,""width"":720,""height"":1280}]"
ChIJv0H39Mtf1y0ROnwVIXL5XTQ,Pantai Matahari Lobuk,Ci9DQUlRQUNvZENodHljRjlvT25wTmVtVkJjWEl4TjJad2N6WmZXbVJzWlRZMFFtYxAB,https://www.google.com/maps/reviews/data=!4m8!14m7!1m6!2m5!1sCi9DQUlRQUNvZENodHljRjlvT25wTmVtVkJjWEl4TjJad2N6WmZXbVJzWlRZMFFtYxAB!2m1!1s0x0:0x345df97221157c3a!3m1!1s2@1:CAIQACodChtycF9oOnpNemVBcXIxN2ZwczZfWmRsZTY0Qmc%7C0cYnZz2EYIT%7C?hl=id,Moh Nugi,102058660774210987131,https://www.google.com/maps/contrib/102058660774210987131?hl=id,5,"Sangat cocok bagi anda yang menikmati satset di pantai matahari. Ada banyak warung yang bagi anda, juga ada musullah dan toilet",2 bulan lalu,2025-08-03T10:26:07,,,,2,20,,,,"[{""name"":""Waktu antrean"",""value"":""Tanpa mengantre""},{""name"":""Sebaiknya buat reservasi"",""value"":""Tidak""}]","[{""id"":""CIABIhDEcJcUIb2NCEfPuq9bCm9z"",""url"":""https://lh3.googleusercontent.com/geougc-cs/AB3l90AlbXPx-FS3bZnoU0-NDfTeWHZ27WGIKMqdx0sPaBMozGQxLe5tKCN22r_kOx-cxzqIkI9yEhTtMnEDLbe3k7ymVprbrCxG76DVOXmshWLMkQltIBg5xX92xUVqEimLpSPiDCnhnrroCc-Q=s1024"",""caption"":null,""width"":1920,""height"":1088},{""id"":""CIABIhDNmo6q71olyBYthN0wU_4f"",""url"":""https://lh3.googleusercontent.com/geougc-cs/AB3l90C9nf4QuuVHqykqNlbCs8EflGYdyQxKlGfkwxWvAeOMYpFE3uv6tLznk_QTQRptAUGqXYsehz8RnKyQt2zXmWRJw6ZrNixvd-VqZLkRCd8XkRDWTdmUvbXjNJMYNsyUHqpstwBJKeH1U8a1=s1024"",""caption"":null,""width"":1920,""height"":1088},{""id"":""CIABIhA6PjeNPm6MxN8V06AOnUAy"",""url"":""https://lh3.googleusercontent.com/geougc-cs/AB3l90DKymlwRg2t99YjC6DbxZzHLRyGdV-m9IBlVtVefVrGhExuDwhl2XU3cFNIAXnnKe6eicEZ0fsoDpOVK3-HTd6tWyyyjCRJuo8RJAs0SPxKWCDbkwknGSopC-VVh_NtfwS-yiLaPKZc8v5m=s1024"",""caption"":null,""width"":1920,""height"":1088},{""id"":""CIABIhAWPkWIZLTrv3bNZeO3h1ri"",""url"":""https://lh3.googleusercontent.com/geougc-cs/AB3l90BjdXw19bBnT1E13tIRKLgB8vqC0FcS-rY3D2DpWQAlosKfSOGygzRqLqm7zO_qXWqicI6U4_4Chyl9hLKUH3O36vb4DdHd5ZQZelgxuNGYHVRYwwWaNH8Qw6T3xk_8NKkOj_dauFL7nYwv=s1024"",""caption"":null,""width"":4608,""height"":2592},{""id"":""CIABIhD_12aXeqaYG6JTTJ4fP0Fl"",""url"":""https://lh3.googleusercontent.com/geougc-cs/AB3l90DW7iHm3rFZBWfx2HSUJn9vOV5MuEywRe2skvC2jHINRSb_rhj2Zt-XXLg03aBK0hn1Xeyf5mq3hTbctg6vrPQFT-qu-diNW4ogXPdrnJK01xAgoHI5DRlDCVCAGEq-MhQR56uHkoZCgzU=s1024"",""caption"":null,""width"":4608,""height"":2592},{""id"":""CIABIhDOFwqAc6MPBT29OkCy8Wac"",""url"":""https://lh3.googleusercontent.com/geougc-cs/AB3l90AoYyY6yt6EmOlq7ckj9pY_dTrQe9usiGdIpcgJHptV6A4JxZ45aSkrq4vFtnEmjRaUPzeWbAzR9yuR1E1r4M1bSxXRxe9RJEkR5uxGnoAE-F4UW0_qPRrWyTDXwsHfqFqrbEoWGNfw9LOA=s1024"",""caption"":null,""width"":4608,""height"":2592},{""id"":""CIABIhDVazI0kI0rx5qsQIe4Rgfg"",""url"":""https://lh3.googleusercontent.com/geougc-cs/AB3l90BWRl_7j2LQ3uyfGEYjLUUY1sY-eDELMNc8PieoIinuSbHWbUTCf0Tdse3ObelwFPdPxMuCLi4TKgMzSCgSIzWbX901IPMnSB7c26xesSdkkG6JW1vRuC1OHXa5-vJkXtANJJMQvM-AuZI=s1024"",""caption"":null,""width"":4608,""height"":2592},{""id"":""CIABIhA1zdquOPNtDzFA4LHTU69D"",""url"":""https://lh3.googleusercontent.com/geougc-cs/AB3l90Aqlwdn55mQsjimziJ7Bp7MMvp4Mw_OHTNnVjTgsBMu1wQUBDBflWGJyJXGiBpzYtoMARVR5Bt_i1DetvBue8UhOvs4KUo7PStnmPQ8yu3_Dz9vuhjZBWZey7xpJah7QSznu-ZGmuQkL3so=s1024"",""caption"":null,""width"":2592,""height"":4608},{""id"":""CIABIhDypblLBVqYBF2XqoK-Yopk"",""url"":""https://lh3.googleusercontent.com/geougc-cs/AB3l90CCgrmLhtWzbKwq6X8I4Wgytbfx2u8kfy4_Kka3e1pZTcfQVnk0gfPTsfXEFLCckOznp6luPd1D3kiJItOiflNQnArgZRO_Vo8B8TNtZrDD3oz81tRUB_qjQHZQSbdM6sststG8KmCsp1lZ=s1024"",""caption"":null,""width"":4608,""height"":2592},{""id"":""CIABIhA6n_-EvyufCK8zFURV4BPs"",""url"":""https://lh3.googleusercontent.com/geougc-cs/AB3l90DUDrIsNw2EyW3ZtoUuPDw2gzkf1WG2iUcDQPMh-7sx4g8Qtgw6wbqZM9d4QQTV0lmGA7n16gSzeyCPi0Xq7fpzfk43DOdjcCxJ7_Kcprzb4p-eFfMCPio7PENlplrlqD-NBZLPnSZQr8mq=s1024"",""caption"":null,""width"":4608,""height"":2592},{""id"":""CIABIhDdygKMFIBuzMZXszt20wPu"",""url"":""https://lh3.googleusercontent.com/geougc-cs/AB3l90AbPURdV06sqBnX5EYqkEV-xQIBQwJYMtyMQQyEV6MHBbgPF3SYYWwDReeJKbphzjVvu9UvPa67oMUdAlIl1Q3qs5ik0x4dFNMuM7SoJUhOH-31sOeVxoMNuqxnO2RUZ54l4ym9BTIR0-7w=s1024"",""caption"":null,""width"":4608,""height"":2592},{""id"":""CIABIhDaW7oKEYqV3Eh43G15uiXr"",""url"":""https://lh3.googleusercontent.com/geougc-cs/AB3l90DB35n4YYxbFLNXyoDMbvW-SGicwRBU-qVXs2HQJ9bLZTIJv6ju4JU1Sw5GuOyuqpYIXumtWF961yNEejtCBDTaRAwhwVod6htS9w-QxOxREhGOqddd-VcOG7qr2hGJnrjo-Ng5XMT_Ovs=s1024"",""caption"":null,""width"":4608,""height"":2592},{""id"":""CIABIhCZOJCkX__uKqHoXna3rb01"",""url"":""https://lh3.googleusercontent.com/geougc-cs/AB3l90CUobL2q3SE2vmplv6NrlITsutTIcN7N7wXNy7ySbzb74KNbCNUrx9Ly92yHmm9axYTMmzk3kwwpebF-g_GE8wHqPT2WwC0EbAne1ovgTHHYqFKzy0x4Fc12dmiv3h1dJLxthyFogF7eZym=s1024"",""caption"":null,""width"":4608,""height"":2592},{""id"":""CIABIhAP9y2ZBt1qf_AUHnlgYv95"",""url"":""https://lh3.googleusercontent.com/geougc-cs/AB3l90CuDGJ_CHE3MCxd2yzHXXAfYcpeJjTYayT_Azx0Rf4407eEJFTNML-a6lUt3j8KT9NH_qYYqhtBx_b-joZzEyI_naYWhswc51LE3SbVIU1oRQOxuBpCDUlEsKw8SGlEkWfTZArk8LdEsqMr=s1024"",""caption"":null,""width"":4608,""height"":2592},{""id"":""CIABIhCiC8E5Qfaiig3sglx3f_Vz"",""url"":""https://lh3.googleusercontent.com/geougc-cs/AB3l90BZooQ39ICSRyiUNqU0YimjkmxyRG6tgROa3Zx1AlB1W_b847_m6PjlzjanjzLxEDO57lSH5DKxZZrCYxEefyYcieIIDWc0Zh55lDLIykqt-ARamj7IDTXGAj3O7-_D4bFJuFqzguWPwAtw=s1024"",""caption"":null,""width"":4608,""height"":2592},{""id"":""CIABIhCEgmj9WbtQxsUxSYU98LGD"",""url"":""https://lh3.googleusercontent.com/geougc-cs/AB3l90CtsRtNVFpJfSr9ogf1upQ0LIun_KWjoMQ8o9T7nkxVqAji2_LhTSOSEyTzKfsDLYOalwGlBf2rU8KRp0y8inAyVrGWvTCUTMJSEKYsLnlymdW9O-8bcsJK46mxO8jnE2oQSLghuBbHTESZ=s1024"",""caption"":null,""width"":2592,""height"":4608},{""id"":""CIABIhCx1YduAjsGMgVJFzVp237P"",""url"":""https://lh3.googleusercontent.com/geougc-cs/AB3l90DF9B01Ws-qEDx-6MA9ZfHmJ67Oy3PwlflPDrmG4Xh49Ce1pasEI-hGegA5DahXPKKOmQ4YSKhFdmqGelhhbgXvomeo6xpmdrlEpVkXnPWeI4Muu_Zm7hpLadVtrjEwhvp1ylfbdBebIj91=s1024"",""caption"":null,""width"":4608,""height"":2592},{""id"":""CIABIhDD3JMhGg_bN-cGzkrq3PdY"",""url"":""https://lh3.googleusercontent.com/geougc-cs/AB3l90D2G4z9vTLpRlXSfjOiPI5Zo9nnyiVj5MZfhXkz9s2iHAfSy4J_gu1j9KrDAxC0zP2HDYjko7eOtqWMUtDL_O87IkkLKvWA8MTO9vVaREaeVpAse6SPFetJyAz2va35F2fkOr3DsLRg2JTo=s1024"",""caption"":null,""width"":4608,""height"":2592},{""id"":""CIABIhDfQr5vmHw6LrSDdUaTCIH9"",""url"":""https://lh3.googleusercontent.com/geougc-cs/AB3l90BY7UOBkRQ5q995wRTI9P2AEAZAcq4ET4xz19ZcLg3EFDt86tvlfSvkagK_rU89XbSc8d_nx0P75EKTuKeuaLqStHxx_50kTbaWPehhVp8wMMdmDILdgEMgUuNiQg0LwAQVEGybwuClmhU=s1024"",""caption"":null,""width"":4608,""height"":2592},{""id"":""CIABIhDIZhMley12aUDXs3r3NTGn"",""url"":""https://lh3.googleusercontent.com/geougc-cs/AB3l90CfEp6N4pD48oBcislQ2m-tMAuwPpAzOacIQeLG7T0l1Lexqho7FI2NGvXsW23xeVPaIYEEPJeRYXf7TNfovVR2Vh5oTI8JNgGVIEtbgExWz7C5pRHMLmjGWxAOAbn7Pe-dMZG1--L67zKA=s1024"",""caption"":null,""width"":4608,""height"":2592}]"
ChIJv0H39Mtf1y0ROnwVIXL5XTQ,Pantai Matahari Lobuk,ChdDSUhNMG9nS0VJQ0FnTURJeEpQbWhnRRAB,https://www.google.com/maps/reviews/data=!4m8!14m7!1m6!2m5!1sChdDSUhNMG9nS0VJQ0FnTURJeEpQbWhnRRAB!2m1!1s0x0:0x345df97221157c3a!3m1!1s2@1:CIHM0ogKEICAgMDIxJPmhgE%7CCgsIrebNvwYQgOOqZA%7C?hl=id,Miftahul Faruq,101500077429409382765,https://www.google.com/maps/contrib/101500077429409382765?hl=id,4,"Tempat lumayan, tingkatkan lagi kebersihan dan spot foto2nya",6 bulan lalu,2025-04-07T06:39:41,,,,18,91,1,,,"[{""name"":""Waktu kunjungan"",""value"":""Hari libur nasional""},{""name"":""Waktu antrean"",""value"":""Tanpa mengantre""},{""name"":""Sebaiknya buat reservasi"",""value"":""Tidak""}]","[{""id"":""CIHM0ogKEICAgMDIxJPm5gE"",""url"":""https://lh3.googleusercontent.com/geougc-cs/AB3l90DuXQhzSyhrReD8posfnqlhorgLdQNaL2S81M966vcpaNNlIG3DFE1bGnxcBTJNobO7WtqtzKhufUtm183PBTBo_zeRn3-o0nkgGApAMHw_JBKjDtvsgsXTk_RNJBiszoxF2xGV7g=s1024"",""caption"":null,""width"":1080,""height"":1920},{""id"":""CIHM0ogKEICAgMDIxJPmJg"",""url"":""https://lh3.googleusercontent.com/geougc-cs/AB3l90CrhFky6fpwqjo2AYbYZbSzfUwkLz2m2ybozxGGzP33QFjx7grIYHZPwyWORC443hk0X1qXl-yEvapSzk_hQptYdZknAJaYghxVPns49n48RXPsIz55W8uVRcT9K6oA77G2HejG=s1024"",""caption"":null,""width"":3048,""height"":4064},{""id"":""CIHM0ogKEICAgMDIxJPmpgE"",""url"":""https://lh3.googleusercontent.com/geougc-cs/AB3l90Bs8KWxxXI5fdjh_DdCHOjLrOlb-hrezC_kR48ZiVmnOncgIKYAygal_CruB3KqRPcsPz5dXo-JM0pNkVkd2gjloDLmWEw5NiXFsx1pFnu8Zyi_QuaSFCp4HaZcLBMQxaZQ_CNx=s1024"",""caption"":null,""width"":3048,""height"":4064},{""id"":""CIHM0ogKEICAgMDIxJPmZg"",""url"":""https://lh3.googleusercontent.com/geougc-cs/AB3l90BvhnxgVvlnAYkJmGm7-l-vjcfmyLc_8FHfBUvd0_Zt0JUiY2mYhvSvZMGxqqI-G6F936Kq6uYbLgrfyqkgvlBMOhXtIr0wR0t8mx8EMlIlkWmDZroFw3cx5pmY1x8PWlJrSRZv=s1024"",""caption"":null,""width"":3048,""height"":4064}]"
ChIJv0H39Mtf1y0ROnwVIXL5XTQ,Pantai Matahari Lobuk,ChZDSUhNMG9nS0VJQ0FnSUQxOW9PUWN3EAE,https://www.google.com/maps/reviews/data=!4m8!14m7!1m6!2m5!1sChZDSUhNMG9nS0VJQ0FnSUQxOW9PUWN3EAE!2m1!1s0x0:0x345df97221157c3a!3m1!1s2@1:CIHM0ogKEICAgID19oOQcw%7CCgsIhprorAYQkLWqVg%7C?hl=id,frysk,113326291811376217695,https://www.google.com/maps/contrib/113326291811376217695?hl=id,5,"Dulu hidden gem tapi sekarang udah banyak yang tau. Akses kesini jalannya sempit dan parkir mobil agak susah. Saking susahnya sampai mobil lecet. Tiket masuk waktu itu hanya bayar parkir mobil 5000.
Waktu saya kesana belum ada fasilitas toilet dll, hanya orang jual makanan saja. Mungkin sekarang sudah di upgrade fasilitasnya.",setahun lalu,2024-01-07T02:18:50,,,,154,892,1,,,"[{""name"":""Waktu kunjungan"",""value"":""Hari libur nasional""},{""name"":""Waktu antrean"",""value"":""Tanpa mengantre""},{""name"":""Sebaiknya buat reservasi"",""value"":""Tidak""}]","[{""id"":""CIHM0ogKEICAgID19vvUMA"",""url"":""https://lh3.googleusercontent.com/geougc-cs/AB3l90CJwBIzMZ8hV_WeEIXtFA18lc7cTLegxhbVEeKt9F-nDtszsKdLli8qoeVlhxaY2ULnJ0qTBxzgBDBx9UYEMqSZ3JDJYmOwYPWmaNAuH-wn7jpHF7lzOW6BaYYFtY9UfeL3Te5t=s1024"",""caption"":null,""width"":1080,""height"":1920},{""id"":""CIHM0ogKEICAgID19rvX6gE"",""url"":""https://lh3.googleusercontent.com/geougc-cs/AB3l90AzArMSySyb_PcwfP1L7ahqcxCFPi6X-UZb9D1DNgibkvfSXGaxnxVUqcrTuWk2BUqVLoighoaJA4M6U8Xl4tkLCyXN2JbNhqvewGhfyKLdVzJpAd17wbg1bfay11exBJaKNXYMiQ=s1024"",""caption"":null,""width"":2390,""height"":4242},{""id"":""CIHM0ogKEICAgID19rvXGg"",""url"":""https://lh3.googleusercontent.com/geougc-cs/AB3l90DxpB7syNtOo_4-QWvlkkY4NIgRYr0VxXKZhDJK2hjQ-aYt2cxFfhPRwHchTrd_VMlGHfbMqxnvPVanXZLmTbF_YuXOEjoo7ZvbocW1EYLfdbl3T7_DTpJMKzD66c7ChrUkC5_p=s1024"",""caption"":null,""width"":4323,""height"":2435},{""id"":""CIHM0ogKEICAgID19rvXmgE"",""url"":""https://lh3.googleusercontent.com/geougc-cs/AB3l90D4Go-bi0O1GV9_4veFCCEQcGXyf7JOWeteZMIOwgp0iG7G4e7DIOnVwZHNxRkeK3bC50K18C40kNWNRMR_KiY26yYl_NJmdQwRT5-S8TRqFePZhiWzK4T21de2Nt7n2ziC4bwC=s1024"",""caption"":null,""width"":2304,""height"":4096},{""id"":""CIHM0ogKEICAgID19rvXWg"",""url"":""https://lh3.googleusercontent.com/geougc-cs/AB3l90DlarefRd0NrnKbus3uRe_d_nzrvdsarDBe_UqiNDohwzMMiehujB9qu64RoS0D5GbDVp8H-3mzVitGG2zLl7VVkk4JEhLrASZqoiNlQlM7GV24BcfhFWq8Mlavb-AIVwXYAQda=s1024"",""caption"":null,""width"":2304,""height"":4096},{""id"":""CIHM0ogKEICAgID19rvX2gE"",""url"":""https://lh3.googleusercontent.com/geougc-cs/AB3l90Dg2c6MVOZccfi2WnKcSoJXstwk6c3-7KvkQjlorSNg7gB0nSfmdYuwKhVtFG0wbyKlNMLav8Czxbnk-5z-jrME1mP1ROqouhdNm4cS25UtCfz-fneL_MzUD1hk4A9n-dTQVm2Xrg=s1024"",""caption"":null,""width"":2022,""height"":3593},{""id"":""CIHM0ogKEICAgID19rvXOg"",""url"":""https://lh3.googleusercontent.com/geougc-cs/AB3l90AuR15tB2VqmVJQHsZvT9yYY9hEwrroQO7qoNqMBuq9phdfEUcJbNZdhzeVDt3rQtb2FIv7TJ3fFsZmu0YW0Wpv0W5teYnDA9I3rES7GwmePwsFX-PH1DNormR6ndwbJEayEWa9=s1024"",""caption"":null,""width"":2407,""height"":4277},{""id"":""CIHM0ogKEICAgID19rvXugE"",""url"":""https://lh3.googleusercontent.com/geougc-cs/AB3l90A7m6BiuZJ8gtZ4aFf_q3ha28qYTdVM9vrLKkp4tDbk5JSlx4dUeiYj02opfQognGiZiN0qO83gcv3HAXLrW4lavLHyh9RwaoDhxvha2zfl8QRUEio4ni-cLutsDwPOC4x4s59vHA=s1024"",""caption"":null,""width"":2128,""height"":3782},{""id"":""CIHM0ogKEICAgID19rvXeg"",""url"":""https://lh3.googleusercontent.com/geougc-cs/AB3l90BQqKLwShJcZY1WzEwR9UoSbbdl5XzZ-HB4cpa0FU-z1Kdzw7qEJTSrH7-d2gHcBeoPiLjCB7bB43RnvgaHtH0evQkrLDTaT0qyCNPnfebP-PnZuzha1VgMp8ruarei_4qWHFD0=s1024"",""caption"":null,""width"":2281,""height"":4054},{""id"":""CIHM0ogKEICAgID19rvX-gE"",""url"":""https://lh3.googleusercontent.com/geougc-cs/AB3l90AJisZ_xUB38EWXbjAIs8LtWwsGZXpkfNieAYhEw1NoklWAFN4UdhFtGQSxtaD1B0Ls06lolXw_oPXxx6MiseEOYA1HvN7hZLTcM7Fl2cLru_rFNQ_dzxq2udyynW0d4hQvFCQFiQ=s1024"",""caption"":null,""width"":2340,""height"":4158},{""id"":""CIHM0ogKEICAgID19rvXBg"",""url"":""https://lh3.googleusercontent.com/geougc-cs/AB3l90Bze6U8kWTcZHnK1DpPVJdC3irq_2CwNeyIOAbGsHufnJhWlOjOmZZyr4_xCsNDD_WofZZLqcSDs1fsbceBHhwDEr4tU3skdxT6W-NIUVafbCg3EZV4xhwZgsbua2HpBZ0hntk=s1024"",""caption"":null,""width"":2356,""height"":4186},{""id"":""CIHM0ogKEICAgID19rvXhgE"",""url"":""https://lh3.googleusercontent.com/geougc-cs/AB3l90Cz1uD3VcJBbdX3HED48EU4DF5tOMb5vyep2D4PR1NDhGS3wkX5LGdLv_M3yTCzs26WZQWCXkpzAIOWePUOyt8rayYqFTiYGtm6xE5Rwb6Vf4oS6U6QY3OXb_GCvBsg7hTSeCq1=s1024"",""caption"":null,""width"":2587,""height"":4594},{""id"":""CIHM0ogKEICAgID19rvXRg"",""url"":""https://lh3.googleusercontent.com/geougc-cs/AB3l90B3FLdZ_GUG10U7EFHYRcIjSUrGl-reAUo3ucqzCZTfyo_d13qg-_PTU3Nf31x0vFWHHX2b4VVroVj8gO5JxOUp7PzBiszISzpdI8GutWR-4v5cxJGLKwvZLCE7VkSeMYtQWWE=s1024"",""caption"":null,""width"":2368,""height"":4208},{""id"":""CIHM0ogKEICAgID19rvXxgE"",""url"":""https://lh3.googleusercontent.com/geougc-cs/AB3l90Df1spjRuM3wYdxWouAJXYDknYK2CdKMVHve-QZuZEJ_bNBR9SVsfKgh5UUWSfzGTMtbhJA-tzEGE-JYPULnRTM6rfvaS1Gutgnr3twpQkw-0v6D2kotANrxuAJ4QJn-G2BSgXwNw=s1024"",""caption"":null,""width"":4182,""height"":2353},{""id"":""CIHM0ogKEICAgID19rvXJg"",""url"":""https://lh3.googleusercontent.com/geougc-cs/AB3l90CEcdx45lMLI6VvAkaXAOKlZR8OoVWICpZPPzeJnqEAXsHXxhim60FNz4zwkZb00TJpFh8zHX6M5mML0YYE93fsrk0ggfyndeBkeA0l8-UqJF1TYftstG8XXQ33vzQjSfJJgs_u=s1024"",""caption"":null,""width"":2518,""height"":4470},{""id"":""CIHM0ogKEICAgID19rvXpgE"",""url"":""https://lh3.googleusercontent.com/geougc-cs/AB3l90Ad9LQII7DTampSTE88WJSpx4X4-uyqlOjVM3XSEQ1fuocnPdMWZjUm_vGnWa7Rl8E4tFmq-op2aRrVJDA1Fc_4QTg3m4gkBJBv3goX94rxGYcbKPP1TkGQJ5gbfVf_XCZXOSEAqw=s1024"",""caption"":null,""width"":4208,""height"":2368},{""id"":""CIHM0ogKEICAgID19rvXZg"",""url"":""https://lh3.googleusercontent.com/geougc-cs/AB3l90DPeExH7QyLR6KXhPb4Y83M_zvcfOzi7TwtkmWELBQqqPp6GAdX0Udx5TuJZP4sZmb04_OqK2cYeI5_AF1lX91tzZncYz84al0m0x0A2cSGQWhMI563vI59-cWp_JQzGJI9VXCW=s1024"",""caption"":null,""width"":2273,""height"":4038},{""id"":""CIHM0ogKEICAgID19vvU0AE"",""url"":""https://lh3.googleusercontent.com/geougc-cs/AB3l90BWPhaqJKJgZiOVSGcoTgzzSz10H1Zf6sPx0MEQ76erTq8ZSwSQd-F9iMqCXQImu4kdnVLG5NI3DFcPuwbT5kG4PlRu3u7Ye_lTRIkjgDwuMZOqw699c4ZOgXuUrXhT5w-FbtL3=s1024"",""caption"":null,""width"":4193,""height"":2362},{""id"":""CIHM0ogKEICAgID19vvUsAE"",""url"":""https://lh3.googleusercontent.com/geougc-cs/AB3l90Av4jukl_xcBuQWT7gG3558b-Bv5CZ8qe5n84_wEotvgPjXIL9FYbbpHAwZtNaC5o_X6tx9Anp0EHTAQix6IflR13LMqHCbJ1f0u_4cqez2gPPm2ycJrPYNQ__OcGIVE5iDVEE_lg=s1024"",""caption"":null,""width"":3760,""height"":2115},{""id"":""CIHM0ogKEICAgID19vvUcA"",""url"":""https://lh3.googleusercontent.com/geougc-cs/AB3l90B8D0brKnU9DmKRVQ0jLhiMNk-MBYvKVDfhu-NbNizXnXvo8DBEf5fwG9-RAaQiGEeyrZD-_UVtzZ2Gu8Wu050QhBXG9OmYeqJBOWX34BQIGCMWjeBRnM24RUcZOgAhe7cEmWBU=s1024"",""caption"":null,""width"":2304,""height"":4096}]"
ChIJv0H39Mtf1y0ROnwVIXL5XTQ,Pantai Matahari Lobuk,ChdDSUhNMG9nS0VJQ0FnSUNOenN1Q3RBRRAB,https://www.google.com/maps/reviews/data=!4m8!14m7!1m6!2m5!1sChdDSUhNMG9nS0VJQ0FnSUNOenN1Q3RBRRAB!2m1!1s0x0:0x345df97221157c3a!3m1!1s2@1:CIHM0ogKEICAgICNzsuCtAE%7CCgwI8IaQrQYQgIn4zgI%7C?hl=id,rayakanharimu official,112839019318315842921,https://www.google.com/maps/contrib/112839019318315842921?hl=id,5,"Bagus, ada ibu ibu yang ngebersihin sampah di bibir pantai. Tetep jaga kebersihan. Saya merekomendasikan. Apalagi kalau matahari agak ke selatan, tenggelamnya. Pantai ini rekomen banget untuk liat sunset tenggelam di lautan.",setahun lalu,2024-01-14T15:52:55,,,,433,5568,1,,,"[{""name"":""Waktu kunjungan"",""value"":""Hari biasa""},{""name"":""Waktu antrean"",""value"":""Tanpa mengantre""},{""name"":""Sebaiknya buat reservasi"",""value"":""Tidak""}]","[{""id"":""CIHM0ogKEICAgICNzsvdrwE"",""url"":""https://lh3.googleusercontent.com/geougc-cs/AB3l90B9Ofa3U9psa7rq35wLhO_GU9H_herWMNAwetrKYfw55Eq8wy-qlm-T-vCZ7I7tyXXjpPYwAKi44-OOIh1mDi1JtL3Et36canHFBu2w9Nqr38V3gPnaNWM-RwcisMlE1GX3IEznEw=s1024"",""caption"":null,""width"":1080,""height"":1920},{""id"":""CIHM0ogKEICAgICNzsvdbw"",""url"":""https://lh3.googleusercontent.com/geougc-cs/AB3l90BswaeS5flYOUJ5KsYlDGhpzQKGOvzD1kwOUexvGSpwoLiRdYVmRyyNHljYkn0Wsru7u51mazEj8UIgisqqICNX063V7YMkrSKS42eQAH8t7P5hTiY1aM_KJ1aQMynEqQ5S1M-u=s1024"",""caption"":null,""width"":3060,""height"":4080},{""id"":""CIHM0ogKEICAgICNzsvd7wE"",""url"":""https://lh3.googleusercontent.com/geougc-cs/AB3l90APQJ_6GXRKfa2IezgACEkv5Q0W40mZua15J1WKjMXS-r7klF3ngE3dMhuAFVKNvCrLOSQjUc6d0WBWFx9u2S5NnwpYWK5liF1K5bPkID8Q8ypZQ-p5qUQcJMaLPpu7bgLcGPtdUQ=s1024"",""caption"":null,""width"":3060,""height"":4080},{""id"":""CIHM0ogKEICAgICNzsvdHw"",""url"":""https://lh3.googleusercontent.com/geougc-cs/AB3l90ACLmdx3O4edLQfmniiXJa0DmX1g9JJlS_ocd1AUHq3d2WbDXpa4TmHWLG50OAhXOEAiDIeZ2HvtPB8PPTYBegXMTwithjTzIEduVrD-UAQ1pNWwrOfYadWWmoIlPO4yCxHWKkq=s1024"",""caption"":null,""width"":4080,""height"":3060},{""id"":""CIHM0ogKEICAgICNzsvdnwE"",""url"":""https://lh3.googleusercontent.com/geougc-cs/AB3l90BYyKHtevbSCOkG3AvYgPClN-Zy87UtbZ534uGzn1B643OTu3cdRD-S7bzeYsGBbyceu15XbBJKvg2FpNhoPUKeBNfyKXG-PRrDoSRmSM1PRJC4-rPovasNXUDrZOeLB8rh4gDimw=s1024"",""caption"":null,""width"":4080,""height"":3060},{""id"":""CIHM0ogKEICAgICNzsvdXw"",""url"":""https://lh3.googleusercontent.com/geougc-cs/AB3l90A4j5kbE4O4YUOmolypMgLNQVswtTA7Jz9Sq_eUswhyrhXvVQASyIdqAXWw0J1IjDaRmB-KrUJy4erVLds89yOtNuURcn5gyUuCSciQJ5slwQtmD08TmxpzyEim-wN8SLutRGEw=s1024"",""caption"":null,""width"":4080,""height"":3060},{""id"":""CIHM0ogKEICAgICNzsvd3wE"",""url"":""https://lh3.googleusercontent.com/geougc-cs/AB3l90A396dLjkdHjc-sgY1Ho3N0hXd0qfBoLUAjWnwkCZLQBrYbDJtBaatSPJSkrgRkd5fBvJxYO9TyuvbZuPqGL5PImsZ91Zy3W82g4XVSh1TJUyBkMFmS8aJ9uo2zCr-r8QsIeMnM=s1024"",""caption"":null,""width"":3060,""height"":4080},{""id"":""CIHM0ogKEICAgICNzsvdPw"",""url"":""https://lh3.googleusercontent.com/geougc-cs/AB3l90A4NcumpEnWHV0qmulBNBI_xviBGPRc7h_VthYoDohS1nrJpjHn0CyrPFK0MSGfWd4MwSnq9SmHmV1qabvALpgkBtTOE0AlpOcp2xf9iYgTRSruV71RAZuh-ZYkRCihhz8Xypsb=s1024"",""caption"":null,""width"":3060,""height"":4080},{""id"":""CIHM0ogKEICAgICNzsvdvwE"",""url"":""https://lh3.googleusercontent.com/geougc-cs/AB3l90Ct8rzOxaHaheJkeb472LyVBn_unXz2k9UfnkqyiRuymBVT_NELyyTWbBOBhj5YasjvC2O2gDrgrNrSNDDFavccn_U_obKJho9Kdeca5IYYhtSxSHa7BWg0UJ919OSXwCHdamRphg=s1024"",""caption"":null,""width"":1080,""height"":1920},{""id"":""CIHM0ogKEICAgICNzsvdfw"",""url"":""https://lh3.googleusercontent.com/geougc-cs/AB3l90AhadwjeOLEK5LwahPrnBqoZlgv05_yeP_js4tDRt8YW9tZRKfihMGZMXoRls8-dEU9HxcH4oRtZrk33bE2-OKvZulohvtS1Db5KbbhwvsHirWcreUzH1UxDRFUQ-Rry9kxkKCb=s1024"",""caption"":null,""width"":3060,""height"":4080}]"
ChIJv0H39Mtf1y0ROnwVIXL5XTQ,Pantai Matahari Lobuk,ChdDSUhNMG9nS0VJQ0FnSURMeko2T2xnRRAB,https://www.google.com/maps/reviews/data=!4m8!14m7!1m6!2m5!1sChdDSUhNMG9nS0VJQ0FnSURMeko2T2xnRRAB!2m1!1s0x0:0x345df97221157c3a!3m1!1s2@1:CIHM0ogKEICAgIDLzJ6OlgE%7CCgwIsM3tswYQsOre2AI%7C?hl=id,fz planner,100902539435524358928,https://www.google.com/maps/contrib/100902539435524358928?hl=id,5,"Perlu dijaga kelestariannya jangan ada yang buang sampah dipantai, supaya pantai tetap bersih dan wisatawan betah main kesana lagi",setahun lalu,2024-06-26T00:54:08,,,,60,117,1,,,"[{""name"":""Waktu kunjungan"",""value"":""Akhir pekan""},{""name"":""Waktu antrean"",""value"":""Tanpa mengantre""},{""name"":""Sebaiknya buat reservasi"",""value"":""Tidak""}]","[{""id"":""CIHM0ogKEICAgIDLzJ6ONg"",""url"":""https://lh3.googleusercontent.com/geougc-cs/AB3l90Dp4FTT8rwZTcWPdUZ2XA-GhdJMkTj0Y4ksr7knghC9c8_hcbtY2yTs8NmnGesp6F4JHpXCs50wjxNsiXhek8-r-yE-FWegsLHNjV98imuN93TvD1JfgO5PkqU0ZL9NrXg6I-i2=s1024"",""caption"":null,""width"":4000,""height"":1844},{""id"":""CIHM0ogKEICAgIDLzJ6OtgE"",""url"":""https://lh3.googleusercontent.com/geougc-cs/AB3l90CcN0lpMJcFkX0TuHdugPBztfJ_LdovCw8bb-Xsnc8svBM9-7_zX_1cCerLtiWrHH2Lr5csjajQ9ZP08Mwr5QGvPb50xIXkuslC-5geP-iKll4CF0p7BKkV2cH96Gnquo31htmn9Q=s1024"",""caption"":null,""width"":4000,""height"":1844},{""id"":""CIHM0ogKEICAgIDLzJ6Odg"",""url"":""https://lh3.googleusercontent.com/geougc-cs/AB3l90CIdaFyoGABuueExxR0K642Vd6W5aHncW2wvMXJkebg_fj1_edAe00J_-rK3ddUQYgRlXXBHl6u_h4Hx5RYuGnYZTH_V4oMCWCqksUA2AWfDYE38XND61XzDzAC1pGYfeVDH-s=s1024"",""caption"":null,""width"":4000,""height"":1844},{""id"":""CIHM0ogKEICAgIDLzJ6O9gE"",""url"":""https://lh3.googleusercontent.com/geougc-cs/AB3l90AKbADXyMLT6-7WxOwmT3UZmldxjBGRX5FMZvOKRuXEQzPl4dCUK9JZj7j8vi0XuwVNqwrmd1-1t0CpFH3WMlPkG6UZboNK-iA0ZuhuAQpfSS9EUU_VRhDaXOHsURcNkl5px2gCFw=s1024"",""caption"":null,""width"":1844,""height"":4000}]"
ChIJv0H39Mtf1y0ROnwVIXL5XTQ,Pantai Matahari Lobuk,ChdDSUhNMG9nS0VJQ0FnSUNIc3MtWnZBRRAB,https://www.google.com/maps/reviews/data=!4m8!14m7!1m6!2m5!1sChdDSUhNMG9nS0VJQ0FnSUNIc3MtWnZBRRAB!2m1!1s0x0:0x345df97221157c3a!3m1!1s2@1:CIHM0ogKEICAgICHss-ZvAE%7CCgwIwdfbtgYQiL-bmAI%7C?hl=id,Nurimama Tuss,102498005808741091455,https://www.google.com/maps/contrib/102498005808741091455?hl=id,4,"Pantainya lumayan bagus, akses kesananya lebih gampang pakai motor. Pinggirannya lebih banyak lumpur daripada pasirnya.",setahun lalu,2024-09-03T10:58:09,,,,74,148,1,,,"[{""name"":""Waktu kunjungan"",""value"":""Akhir pekan""},{""name"":""Waktu antrean"",""value"":""Tanpa mengantre""},{""name"":""Sebaiknya buat reservasi"",""value"":""Tidak""}]","[{""id"":""CIHM0ogKEICAgICHss-ZAg"",""url"":""https://lh3.googleusercontent.com/geougc-cs/AB3l90CH2uPCXc3qSdaw2IYRyuXVq3Br6y6jiWT6W6IP9hu1DNckA5b6od2QdHvvBXNrx3P8f1lsTbdRxvTSfLBLUrdaV7JHVf8dlM9Rtfspb7qX8jszlKzYn2xDOB7jLlBldik_HOo4=s1024"",""caption"":null,""width"":4624,""height"":3468},{""id"":""CIHM0ogKEICAgICHss-ZggE"",""url"":""https://lh3.googleusercontent.com/geougc-cs/AB3l90AEF8UfgEThaKkgqWzfWGIcWQYGoIU8QEmLdZRuzFZbzI_IZXS07vVb9QzAeYJbn4JbDZKHwczL5aK4tPpHTxH9XUT8OWgAW2iRfc3IoUiUbvJA3qJjNktsP5AQp6l_L0IkqTLk8w=s1024"",""caption"":null,""width"":2448,""height"":3264},{""id"":""CIHM0ogKEICAgICHss-ZQg"",""url"":""https://lh3.googleusercontent.com/geougc-cs/AB3l90DDMp-uoVgLmHb0MMUSlQCX5o956J-turw4-PbkBRNY5-n2KH8GLkgpHW7PtimAyFg9bS3ybuIiu1hD6cLqyLtxL1VRUenvyvczRy_Zr2ak6qwK8XZZqUm3OI6SmM2ql5lh9lZu=s1024"",""caption"":null,""width"":3468,""height"":4624}]"
ChIJv0H39Mtf1y0ROnwVIXL5XTQ,Pantai Matahari Lobuk,Ci9DQUlRQUNvZENodHljRjlvT21kcU4wZE5ZamN3ZFZGaVEyaHZURWRFZVZSdlMwRRAB,https://www.google.com/maps/reviews/data=!4m8!14m7!1m6!2m5!1sCi9DQUlRQUNvZENodHljRjlvT21kcU4wZE5ZamN3ZFZGaVEyaHZURWRFZVZSdlMwRRAB!2m1!1s0x0:0x345df97221157c3a!3m1!1s2@1:CAIQACodChtycF9oOmdqN0dNYjcwdVFiQ2hvTEdEeVRvS0E%7C0cTSitXn8E-%7C?hl=id,Dani Aja,109524395089815558050,https://www.google.com/maps/contrib/109524395089815558050?hl=id,1,karcis terlalu mahal nyesel saya kesini bintang  1mending jgn kesini lagi,3 bulan lalu,2025-07-18T05:29:29,,,,1,2,,,,[],"[{""id"":""CIABIhDFHi2se0kkn6Nmx7SkRco6"",""url"":""https://lh3.googleusercontent.com/geougc-cs/AB3l90DWOWCW2p-ONqkuKNnqndI9mnQbbdBu-oJBkP8BXpJZ-6zJxo9KU0WXu6j5-6YtYcHv68WsSlG-2GG0pOeNZ2GmDGxS6v4wae8M2qeB_W7YRdsVDXn8jLNCVeYFO09XeTLCUa5zq_RqW88s=s1024"",""caption"":null,""width"":1200,""height"":1600}]"
ChIJv0H39Mtf1y0ROnwVIXL5XTQ,Pantai Matahari Lobuk,ChZDSUhNMG9nS0VJQ0FnSUNqX1BmdmRBEAE,https://www.google.com/maps/reviews/data=!4m8!14m7!1m6!2m5!1sChZDSUhNMG9nS0VJQ0FnSUNqX1BmdmRBEAE!2m1!1s0x0:0x345df97221157c3a!3m1!1s2@1:CIHM0ogKEICAgICj_PfvdA%7CCgwItoiIsQYQkKuP6wE%7C?hl=id,Zeyden Syucria,111731042305710111631,https://www.google.com/maps/contrib/111731042305710111631?hl=id,5,Sangat recomended karena indah dan makanannya enak sekali untuk pantai nya ok sekali,setahun lalu,2024-04-19T05:42:14,,,,3,34,1,,,"[{""name"":""Waktu antrean"",""value"":""Tanpa mengantre""},{""name"":""Sebaiknya buat reservasi"",""value"":""Tidak""}]","[{""id"":""CIHM0ogKEICAgICj_PfvjAE"",""url"":""https://lh3.googleusercontent.com/geougc-cs/AB3l90DkR62vk5SXNHIJKDtd2UduQQ_MUUN01M8CygWkk3XZO0pVEXyPYzfi5OZGgY3CxGth-dS42scNmQHcn5XTlDBicTN-5-G901UIWYtqKvYLpFmtDkgtqyOV0swJAslunuSt_1xI=s1024"",""caption"":null,""width"":1080,""height"":1920},{""id"":""CIHM0ogKEICAgICj_PfvTA"",""url"":""https://lh3.googleusercontent.com/geougc-cs/AB3l90CVs5qCpGs0XGuztnY-z9n_6pxSMK0VYd2Pe5MkR6Tbp043ZAEiLWG9TdxaW1XpZQMk3IBn2ADZzvTDaVD6gkoWIy-bYfNlXGsQEbV8waTewki1FsmpUpLnZRMPPFibo3SymUS-=s1024"",""caption"":null,""width"":2322,""height"":4128},{""id"":""CIHM0ogKEICAgICj_PfvzAE"",""url"":""https://lh3.googleusercontent.com/geougc-cs/AB3l90B_7Vb55Va1VDhkCUh2I2KaYm3XCDjR1em_QOvqvP_GIVk8rYjTnI6h2xKyxvq6R0FM_3kbbcaMvK8OKeCzlRadPkNvP7py1eZRiDUf7vPqnMHGI2zvyh5HKmtq9Knt2HuMYVQz=s1024"",""caption"":null,""width"":2322,""height"":4128},{""id"":""CIHM0ogKEICAgICj_PfvLA"",""url"":""https://lh3.googleusercontent.com/geougc-cs/AB3l90A7eovwB1XP1MXpiqUEg47G9bwYcybf9n49-jn7xsgwuyNM6t3eSUHW15ZWy88ZoDa_QV0VArYjAuNcsUGU-YVgyr4paq3zECIo23R_kxpnQxpgzT1P0NB7pr32X3GG9T-kEHW4=s1024"",""caption"":null,""width"":2322,""height"":4128},{""id"":""CIHM0ogKEICAgICj_PfvrAE"",""url"":""https://lh3.googleusercontent.com/geougc-cs/AB3l90BTm6QJepVZ7Bg2tv9tenJcoU78ubnYRwS0oR-9fZi_XgpxkMoMclMi6kPPg5t8ZGVCbtXy10iuT8g1tMop8GS-utMtabSmKEfrPgphAlgF3etds2bRvPRYS9061ccZZzMU8KCnxQ=s1024"",""caption"":null,""width"":2322,""height"":4128},{""id"":""CIHM0ogKEICAgICj_PfvbA"",""url"":""https://lh3.googleusercontent.com/geougc-cs/AB3l90BkII4Dcuqbb2k-P57wmPtlIHx6oEIufz8lhSDeQkPsZy7Tf5ZU803XjS7ib1nuIeZ5eDmff7gfqaSQPNNnWmt3NgExIKgdgzBtEzcpqVRVWy7PSoXnevBUqpFx8AxDY0QJl5o=s1024"",""caption"":null,""width"":3096,""height"":4128},{""id"":""CIHM0ogKEICAgICj_Pfv7AE"",""url"":""https://lh3.googleusercontent.com/geougc-cs/AB3l90CDwLEjHmgqdp_stN-wp_myWnuBCBhpCPScD0jdReorefPxqf01w1oBaKR6_XQpel3zkY31gig_Q8avqf9YEwx5vUgWTgNj-xI5y-5y8GPntlAolKdsP7ASRe5Wr5V2Kb7rMpEnxQ=s1024"",""caption"":null,""width"":3096,""height"":4128},{""id"":""CIHM0ogKEICAgICj_PfvHA"",""url"":""https://lh3.googleusercontent.com/geougc-cs/AB3l90C29ltvdrUHWTzq60SjpoFzZtpLtRP5Ml-TZ7y_btGyl4_xPSyBICA61bRm-cRV8ghqXT6xtch4lOW0MsalgNI2abwvTPG76Z9iYpdJ9Eyrcop03Tm66yI4ESVk7AOpgq8iaCYS=s1024"",""caption"":null,""width"":2322,""height"":4128},{""id"":""CIHM0ogKEICAgICj_PfvnAE"",""url"":""https://lh3.googleusercontent.com/geougc-cs/AB3l90BD1T-sBvMRZv3nC4uRaDGQTpDmrYz8HJhLSjBPrQ-vVAoxc7kJ04Az3sswKzG9Q2vf3sa1HG12zz6a2ZJG1-Ji0a8CURBjLHFSSYn-E2-eGzV1m50LkpMSE_9OMnijgv7RP7P74Q=s1024"",""caption"":null,""width"":2322,""height"":4128},{""id"":""CIHM0ogKEICAgICj_PfvXA"",""url"":""https://lh3.googleusercontent.com/geougc-cs/AB3l90BCyd6A065VsUl3kaj0balaorMSfCBNZQRuSIXB2JLX02Jp_CcRaUnbs3m8DNc7AQhGJtK1tjvrbPW2MrCdFAvKOue3bGGFBmwK1R9jOUJDDKg1pzO6GMX8mE3__kelQiTsrA=s1024"",""caption"":null,""width"":2322,""height"":4128},{""id"":""CIHM0ogKEICAgICj_Pfv3AE"",""url"":""https://lh3.googleusercontent.com/geougc-cs/AB3l90B2WSUeUR8ZzGpJU5uPjaiKL36F1CGcIYkmOjNOrH23wlxPbsZ6vCcB9hmbu8CshJOUvf8GbHuIsWL52CMw9LgtND36r2kxXwOvB0d_nGsvFbOGVy83lMPFQrxq6ovTiAvLwAJNqQ=s1024"",""caption"":null,""width"":2322,""height"":4128},{""id"":""CIHM0ogKEICAgICj_PfvPA"",""url"":""https://lh3.googleusercontent.com/geougc-cs/AB3l90Br8cMRsTRiwLD3m9uXWVtbVTQ_PuV7wtpPG-JoYlceQ_R1mXTKwNn6YkNnX8JLNhb9hJQ-UhnTFioeto31a-gsJO8HhPKTZNkiELVfrCy-cIEfhlfXbm4cgIQUVA5XR9CgRRsP=s1024"",""caption"":null,""width"":2322,""height"":4128},{""id"":""CIHM0ogKEICAgICj_PfvvAE"",""url"":""https://lh3.googleusercontent.com/geougc-cs/AB3l90C_5FDRcvKDglylqpdjBT3QoMQvJoF4ouxPXP8cfRMfTF0-t_CLxZxxEq51fWtFykCtFmVTnHsQCsFBqjx1PKzixZeVAK2a3XBH43yPwmDz5aF7WzHdzuYgAGGzqmnJ5zkGboIj=s1024"",""caption"":null,""width"":2322,""height"":4128},{""id"":""CIHM0ogKEICAgICj_PfvfA"",""url"":""https://lh3.googleusercontent.com/geougc-cs/AB3l90A-O05KArnm2Zdxw4PFIbmZGTBq0wrL64v3kE5f4pwMIezJexYjaPwAbye3Zgxk7LWbkA6RcNsybFE7XeR1v1wYt442iq-2oxzmg62Td5HhmhgaPB4PHS5GsUSq2L4THMSqRW5B=s1024"",""caption"":null,""width"":2322,""height"":4128},{""id"":""CIHM0ogKEICAgICj_Pfv_AE"",""url"":""https://lh3.googleusercontent.com/geougc-cs/AB3l90D_l1BOyqyfyc2aNxIiGGMqp14z6-8TkRZhrEqOKNujlJnx3qhX5zdiuZxg7wlXRie6zn7eVOgMpcOrMSr_Wu-A1X26HNnZkZOR0-mBC1zx-7UEr443K0ef_puto6ELFOIk5dl22A=s1024"",""caption"":null,""width"":2322,""height"":4128},{""id"":""CIHM0ogKEICAgICj_PfvAg"",""url"":""https://lh3.googleusercontent.com/geougc-cs/AB3l90AoDUCCbTMrXJg-CLFDs-gGOrOq54ujegjK7l1FfIwSAbSOgsahtcLYbwNq-KWyutWuzLhJQ_mTBrGOPYuVyeIggT4V5Bhu4GqdChAyFCi5n53YLCK8AmTSKROwj9NxYltAHdA=s1024"",""caption"":null,""width"":2322,""height"":4128},{""id"":""CIHM0ogKEICAgICj_PfvggE"",""url"":""https://lh3.googleusercontent.com/geougc-cs/AB3l90C_LZt-fxODoc-SyyQE-UE3cmEAdZfMI0dgScW-RiQiSdw2mS9h_lm3G_oYv6xZLKHlCQ4Qw2AYyg6cEkxxdDXtGvebzMihemDnDwMmkFpNd_gtwPkFVgogT1lOSxM7HZyANPVnZA=s1024"",""caption"":null,""width"":2322,""height"":4128},{""id"":""CIHM0ogKEICAgICj_PfvQg"",""url"":""https://lh3.googleusercontent.com/geougc-cs/AB3l90Dja34ssk_-y_vQpUbNuDvOlcqA2c4m2Auu9D6ZnpkK0Ti8MLa6qPTmIoK-Yh2Ce-xQ5w8wsYLDvgrzN9i9O3BN6uuZWsjFQO8kwcrdTk20exYPZVzC65rP362uhyran6IT0cfF=s1024"",""caption"":null,""width"":2322,""height"":4128},{""id"":""CIHM0ogKEICAgICj_PfvwgE"",""url"":""https://lh3.googleusercontent.com/geougc-cs/AB3l90BMUdHWll3bxpi_loNaCMdUeEc_gRMbW_tvxKUp-IeVAbKRR0T-wv45qyGqVRZz92B057Otp7ubthYmbzPTw_wwaMyWMlfi4fUIeFKKLd3tKkTjReAscR9L1_2VYES5EdBpSJRR1w=s1024"",""caption"":null,""width"":2322,""height"":4128},{""id"":""CIHM0ogKEICAgICj_PfvIg"",""url"":""https://lh3.googleusercontent.com/geougc-cs/AB3l90DWikh3mSnHZ3J7pBAOT_mSAL7-nSR3L-GdhwgLqblYLkMIma65ILBGJiK95eC0KbysQEiQEmcaAFFR-fBfvFWFBiYS31UnDBo4JkuRr2RI63e5O4lk9D9mPs-VK7-gCE87APc=s1024"",""caption"":null,""width"":2322,""height"":4128},{""id"":""CIHM0ogKEICAgICj_PfvogE"",""url"":""https://lh3.googleusercontent.com/geougc-cs/AB3l90BCgaof9lydxNZRtmzDLJh-EQgNjyr2_zlaqQ1hhZxeBKH-4J9KUAB3-B99PTbMhPopZq-p0y2Y7xE4i_8kHe9un8WtVZuxvMs2-b6PV2eaZ_RQYfHPU9Dm4xWS25bRlfuTRZBAXg=s1024"",""caption"":null,""width"":2322,""height"":4128},{""id"":""CIHM0ogKEICAgICj_PfvYg"",""url"":""https://lh3.googleusercontent.com/geougc-cs/AB3l90ABMo2TBrkfEMVWinL4MYENBkYJ_h0Rpc-PY-QtBgqkHLcrO0vQRzZYklR8e9d3CY4bvmum_zotf-pl5sqY2VJgdm7hAm4CvSDmUOPQXUrm36a-Y0RgCh2bF9QJeZO1dY5pikSa=s1024"",""caption"":null,""width"":2322,""height"":4128},{""id"":""CIHM0ogKEICAgICj_Pfv4gE"",""url"":""https://lh3.googleusercontent.com/geougc-cs/AB3l90DbCXR1kHUy7PDW_eV_S6qpXdedTb-dw41oKFNpvVwXkAEjNx9m3M24fvMArF4QmXQflNaXthpreHXVvAO-xK1s5eaYHK9pTRcEMyRUnDF14n3Ihtq76O_wioKRO0L1U9XcesRb2w=s1024"",""caption"":null,""width"":2322,""height"":4128},{""id"":""CIHM0ogKEICAgICj_PfvEg"",""url"":""https://lh3.googleusercontent.com/geougc-cs/AB3l90DqETT5ueGlWs5XeTjiBbRXuFp3-XOcGYKbIz4bFBgaOJtFm5YwddTfTfA9Fl1qX_1elG6ZJMN2_BEyjFBsK6ylNVJMcXip0Kx2GDhivsBV1kaSp8AEEZKhk0zMHh77RfBC-UW1=s1024"",""caption"":null,""width"":2322,""height"":4128},{""id"":""CIHM0ogKEICAgICj_PfvkgE"",""url"":""https://lh3.googleusercontent.com/geougc-cs/AB3l90AO62VXXzUMuqX4G0KfkKRajH4oa6kp6hGUJTT-YFvr2TUaixtWj2UWIxH8vsVOTxzXO7lEJY0lhhStNF5W4NsoryDtP5iL8_R4bcNNaIBBZHZm_Z-XeXROUL2b9ncbAFmEyPA0Ow=s1024"",""caption"":null,""width"":2322,""height"":4128},{""id"":""CIHM0ogKEICAgICj_PfvUg"",""url"":""https://lh3.googleusercontent.com/geougc-cs/AB3l90DsoA0ZnRGydx3qALOPM82JGYQnAq7V_PLP6hevo9EkvpIKlVn9tgcv2tet7P1NX5SL1_HZ0Vowva8KLH95M0DGG7TxptVkkASTNZKMYTSMrtYq4D05vypT4JhbxHroExRFkWp4=s1024"",""caption"":null,""width"":4128,""height"":2322},{""id"":""CIHM0ogKEICAgICj_Pfv0gE"",""url"":""https://lh3.googleusercontent.com/geougc-cs/AB3l90BIBtGq-BFMNC87qZqgUVP6HKWZL5ZVRRp7IoMuP7Kn556KxtNR-lB_kRMwpHd4deiqBXAgqIlKp1vzuGVc4QB8BpEeRrwx7uEKnXoaCm10mUcWqbvLRysIvD_1nb0VuOThHSwDpA=s1024"",""caption"":null,""width"":2322,""height"":4128},{""id"":""CIHM0ogKEICAgICj_PfvMg"",""url"":""https://lh3.googleusercontent.com/geougc-cs/AB3l90AzO2WhsdMxIq7lkiVJS0acceuV_Qlj8ElZto9i4LYYJ_6A8UlmWmlzvyqQCxtyO92OTKL-5pabG27bcmC-J2w-x4ork-yve1Acm6NF88LLZaF8FqbDw78Z2B2sIegQNdIFx04t=s1024"",""caption"":null,""width"":4128,""height"":2322},{""id"":""CIHM0ogKEICAgICj_PfvsgE"",""url"":""https://lh3.googleusercontent.com/geougc-cs/AB3l90BkpjR0OUi32yMY1iyc-0ht3hRFggllo5omaSeX_4SoQ9AIFGjx-zAXJg1oXn6jpc0nRpPZ0Hpg3P6nG1RXa_7oEvyPQiriKZtfsK_1rt4wHxOvYpCBcvGQKHUSwCVLzpmC-c3VMQ=s1024"",""caption"":null,""width"":2322,""height"":4128},{""id"":""CIHM0ogKEICAgICj_Pfvcg"",""url"":""https://lh3.googleusercontent.com/geougc-cs/AB3l90CJ83aVEFcekiYUzgQ9Q2E-QNzmiPDejh-CeRUNOMEEuRO18Viv0E8aESPbZeuNdZfk85-IEnHfkFDtxxuhbhtWm9DAvlzuz2ZrSC0cy5qJHIf5IXeCHOP9J-5mK3ilevXm16RE=s1024"",""caption"":null,""width"":2322,""height"":4128}]"
ChIJ1fncBSJb1y0RLTIRfp0-wtU,CHORA BEACH,ChZDSUhNMG9nS0VJQ0FnSUM4cUs2T1BREAE,https://www.google.com/maps/reviews/data=!4m8!14m7!1m6!2m5!1sChZDSUhNMG9nS0VJQ0FnSUM4cUs2T1BREAE!2m1!1s0x0:0xd5c23e9d7e11322d!3m1!1s2@1:CIHM0ogKEICAgIC8qK6OPQ%7CCgsIsPzH9wUQkMSJDA%7C?hl=id,karocox sablenk,117931938625168096445,https://www.google.com/maps/contrib/117931938625168096445?hl=id,5,,5 tahun lalu,2020-06-23T13:05:52,,,,4,64,1,,,[],[]
ChIJq6qqqj732S0RDKSSYaA6yxg,Pantai Wisata Lombang,Ci9DQUlRQUNvZENodHljRjlvT2pFelZYWlRPSGREWlVWUFQyZFRkMGR1TFY5UmVFRRAB,https://www.google.com/maps/reviews/data=!4m8!14m7!1m6!2m5!1sCi9DQUlRQUNvZENodHljRjlvT2pFelZYWlRPSGREWlVWUFQyZFRkMGR1TFY5UmVFRRAB!2m1!1s0x0:0x18cb3aa06192a40c!3m1!1s2@1:CAIQACodChtycF9oOjEzVXZTOHdDZUVPT2dTd0duLV9ReEE%7C0cnuHXZ7jLI%7C?hl=id,Artymp,116041161534147799038,https://www.google.com/maps/contrib/116041161534147799038?hl=id,5,"Sumenep indah.
Pantai Lombang mantap.
Yg perlu dibenahi cuman toilet saja, perlu renovasi lebih baik & bersih.

Gass next time pasti balik lagi",4 minggu lalu,2025-09-21T07:09:22,,,,210,330,1,,,"[{""name"":""Waktu kunjungan"",""value"":""Akhir pekan""},{""name"":""Waktu antrean"",""value"":""Tanpa mengantre""},{""name"":""Sebaiknya buat reservasi"",""value"":""Tidak""}]","[{""id"":""CIABIhBarEzUPeieJuOqZQKXFSmF"",""url"":""https://lh3.googleusercontent.com/geougc-cs/AB3l90AlN7zOK12W9ssY2dHI2JuVlqkkVw48hZHEKZzQyc8kl6vNdfZa62TxteNbxb4JxN1O6o0A6hIMzPe4qhu8ZRD4grUShFSF1JFBqytbX6s7_lNFp5ON0Ozmy23F0jlyUtepeBiG_Ub_1f99=s1024"",""caption"":null,""width"":2160,""height"":3840},{""id"":""CIABIhAqsYl73AKmRbbQblIAqbuV"",""url"":""https://lh3.googleusercontent.com/geougc-cs/AB3l90CyO-Wm9_xmxUZrNaCde8Y97_jMB1pIAHqS5cu0yeMV_C34BZIrM51jH2czU4-HseKjGykiC7xWBoULEE1RlBMbCiPPhiQZnWZ32HnBi-0xzBB-aXsQ4qv6OP_pdhHaR26G1lEuMlQNnE6g=s1024"",""caption"":null,""width"":2160,""height"":3840},{""id"":""CIABIhAuLBo5lP5OJnbDi5xchGUS"",""url"":""https://lh3.googleusercontent.com/geougc-cs/AB3l90Ci0Ct4RmNIPkxI8fAZDTdGbOLlRxGiNLuzSDz11_wsC7GuHY0KiJZ4opblpV2_AyNvgCYgpw14fvUq3m-Oh8uCiuuu3VCHJGMLe0nn0GutEXntdLFqByDfbd-yrIg3hixhO7pPB1CnzsdX=s1024"",""caption"":null,""width"":2160,""height"":3840},{""id"":""CIABIhAKkzYzTxBj2VBR6qnsvYPb"",""url"":""https://lh3.googleusercontent.com/geougc-cs/AB3l90BZrklPvoc9Pxv46Z7mEOnf2rMXQqayuu9mPTzeEvODYOxsvY50B0Xsxcbm_3p2yYy5WRMt36fsM05seTxWRReIhH8-FAuKzJP_Qq4w4EPajkyJVs9ZvL1UVweLJtlOz1LCVxgx_OSGbi4_=s1024"",""caption"":null,""width"":3840,""height"":2160},{""id"":""CIABIhAOvoB-LoIpZAyIk_5M_fpj"",""url"":""https://lh3.googleusercontent.com/geougc-cs/AB3l90Dg_6rpUnvpNsXvQqC82xWl0ZLxIy4Bn4v1YrcJg5Rd2bMu4DrR-9XMSZ68LfSnNR5vrS9-bOmCvxSiE9brvzzBJtK-Cfhp_db13p___Zvy5wr03VFvr8RsDWEBjP8LbFsGx8b_5-xKJ0lQ=s1024"",""caption"":null,""width"":3840,""height"":2160},{""id"":""CIABIhBpycV18fRtqzINmV3xbXTG"",""url"":""https://lh3.googleusercontent.com/geougc-cs/AB3l90DoaRtklX4GRiATJdSaBvWEK2s9S4bJrTISHmbxH9VPZPfjWGoHCu-oO-myN2cnK7T6gYx9IAF_ZDUdQlSHAQMGf-CQEf1-YL_wvmEUMFyqbljVrPeihyKG1AJ1KhBAgQ8D7x3yLoTRcEIH=s1024"",""caption"":null,""width"":1280,""height"":720},{""id"":""CIABIhB3owQ03puDYd91gvPjWvXe"",""url"":""https://lh3.googleusercontent.com/geougc-cs/AB3l90DrG4906mY_xN_CsiWNO7vh7dzd_YqFJuPF5m1CQ2wqE-NOQnfPHYPe3WHH5nBIhToeRdg1fWiF3z020o5lYjiSGJBnSELppQJKvf3YVvUqfSCPR3aI47tT0HZyKhy6loqo-6zSah_1uiur=s1024"",""caption"":null,""width"":3840,""height"":2160},{""id"":""CIABIhBECXIRe5qYVs9BYqUYZdKq"",""url"":""https://lh3.googleusercontent.com/geougc-cs/AB3l90B7u43cSS0kV6Bm4b2t6qoihPTgIpncCO1sK8ZYFSASEeQ7wbbd4Vt-FU28ruu_OZm827KVo2INub-YtROv-96HAPDldaijiFt1y7bTNpgIJiiFOyqxbsMVbK6QU3pndvjEFOG4lxWZ7dhS=s1024"",""caption"":null,""width"":3840,""height"":2160},{""id"":""CIABIhDJu_u9XePiWJr8Y6vD-VbT"",""url"":""https://lh3.googleusercontent.com/geougc-cs/AB3l90BTgb8oy5jmo-GZry7zwYSLbmNtJARWhYt_rmw3aF2ZbtzkYZbxYWIeqWlaJo5QoOnraNCp4iRIwXoWaNCNRD2wIHz1Gt898flRggPXpb0acscDzNrwXPsKi_ZtMhq5yePC2n6JaWcgp5HF=s1024"",""caption"":null,""width"":2160,""height"":3840}]"
ChIJq6qqqj732S0RDKSSYaA6yxg,Pantai Wisata Lombang,Ci9DQUlRQUNvZENodHljRjlvT21sMWRucHFSekJ3TW5GeGJVMWFlSFYxZEMxMFkxRRAB,https://www.google.com/maps/reviews/data=!4m8!14m7!1m6!2m5!1sCi9DQUlRQUNvZENodHljRjlvT21sMWRucHFSekJ3TW5GeGJVMWFlSFYxZEMxMFkxRRAB!2m1!1s0x0:0x18cb3aa06192a40c!3m1!1s2@1:CAIQACodChtycF9oOml1dnpqRzBwMnFxbU1aeHV1dC10Y1E%7C0cu9gfuW3fO%7C?hl=id,Maria Sofiana,117821172294753449624,https://www.google.com/maps/contrib/117821172294753449624?hl=id,5,Pantainya bagus cuma masih banyak sampah yang tidak pada tempatnya,seminggu lalu,2025-10-10T06:43:55,,,,56,269,1,,,[],"[{""id"":""CIABIhAq27zPdBLz28VkKCXaV_E8"",""url"":""https://lh3.googleusercontent.com/geougc-cs/AB3l90DtcBKkkxM8vPuXPZ3KGHYXrPXjyQu_SSRux8HImr_7YMLL15HMkpP-jVBzIvvxWa9Q66HMre-xu2KCodLlSvczt07Ku5fKLooRdWHdFJNoqRndaNE3nVX3C8CGNQaM8o3lO7HOgzEAcjA=s1024"",""caption"":null,""width"":4096,""height"":3072},{""id"":""CIABIhCKDRDxoL6szPfZ7v-x_uxt"",""url"":""https://lh3.googleusercontent.com/geougc-cs/AB3l90BncirKYolK-optp5qgOTpD17rrnWhZUyULP5V60o_YuWyzk-JeacFCoy8-kXHU3iTEO7Dwi39e8MMU60vpuyQBRdNltkYnTIy2_TtK81DhUh94NrSW-s5s2o_SgDNEuyOvjEWxrTyGrog=s1024"",""caption"":null,""width"":1080,""height"":1920},{""id"":""CIABIhBqe3l8ZN1F_oC4Gt8CjL-b"",""url"":""https://lh3.googleusercontent.com/geougc-cs/AB3l90DJHc_ICrE6TdnF1M4CBdJ9NeaI7GMjr4qqOFQFqYGUstHhWvojkpibeEqrtZCXMYiAa_GpTO_1d5aiDK8lgsk274PZNlaoS5AeCMIhIysU4FlrbsDL4CRNEu0HsbLYpsW0upn1rCp2qLoO=s1024"",""caption"":null,""width"":1920,""height"":1080},{""id"":""CIABIhD7lHW5WFKp85PRVK4Ug0bH"",""url"":""https://lh3.googleusercontent.com/geougc-cs/AB3l90C_4Ug561Vib5ZfQt-kDlnOeT_SRa1Hohk1ArlvPJEPpARPtTWy8I8UvMfDSniRyud1r-nCPpfCeU-FvZz8wMS2dgpKIWaYNxJp_fjEY-oFvcvppdIzVJfiPiKmSUccOO6X3F_zSFb18lgT=s1024"",""caption"":null,""width"":4096,""height"":3072},{""id"":""CIABIhBxqkynSBctOFmGeD1gR3Sg"",""url"":""https://lh3.googleusercontent.com/geougc-cs/AB3l90Cx6ToxHoHQ4CXGYLjZ5wGDtbUzH-Z7ZyxDOXFG1oSzKKm008mw6IdttaNQmAQet6tfl23M7gPtwLEeIqrpudgUPHN3WpmkEuHSxHw-Z_ZsBA0P-TOFQRqyF-TzZJOzamFSIXuFVzkjBMeQ=s1024"",""caption"":null,""width"":3072,""height"":4096}]"
ChIJq6qqqj732S0RDKSSYaA6yxg,Pantai Wisata Lombang,ChdDSUhNMG9nS0VJQ0FnSURSNGItNzlBRRAB,https://www.google.com/maps/reviews/data=!4m8!14m7!1m6!2m5!1sChdDSUhNMG9nS0VJQ0FnSURSNGItNzlBRRAB!2m1!1s0x0:0x18cb3aa06192a40c!3m1!1s2@1:CIHM0ogKEICAgIDR4b-79AE%7CCgwIntWoogYQ4JzTqwI%7C?hl=id,Aprian Ramadhani,106263905475122720162,https://www.google.com/maps/contrib/106263905475122720162?hl=id,4,"Wisata pantai cemara udang terbaik yang ada di Indonesia.. Pantai cemara udang dengan pasirnya yang putih. Tersedia warung makanan khas kota sumenep yaitu rujak dan soto. Area parkir mobil dan motor tidak perlu khawatir, toilet ready, bisa wahana perahu dan naik kuda. Yang perlu diperbaiki terkait pengelolaan, kebersihan dan akses jalan masuk yang perlu diperbaharui. Bagi Anda yang berkunjung ke Kota Sumenep wajib mengunjungi pantai ini ",2 tahun lalu,2023-04-27T07:41:16,,,,399,1358,1,,,"[{""name"":""Waktu kunjungan"",""value"":""Hari libur nasional""},{""name"":""Waktu antrean"",""value"":""Tanpa mengantre""},{""name"":""Sebaiknya buat reservasi"",""value"":""Tidak""}]","[{""id"":""CIHM0ogKEICAgIDRkbCw5AE"",""url"":""https://lh3.googleusercontent.com/geougc-cs/AB3l90DbhFUcmdwXSI8t0oozYk8-RZzoaXmhiUg6-dAB2G8XEa5rx5vsfuI1WDwtUvZV8jn1G8t0t1Y3hdJrsrrKB7HPutfjnshujT4rISyMD6BoQBisCxXmsjH9cIz1EGr9V9WDri1WRQ=s1024"",""caption"":null,""width"":1970,""height"":4160},{""id"":""CIHM0ogKEICAgIDRkbCwFA"",""url"":""https://lh3.googleusercontent.com/geougc-cs/AB3l90D7bcQ4qAnXsd-qin_YqTMtnEHQbu5sUNdYm4Zsi5GyBhYqLj0gRD4NipkWb6iRRJhI5ix7yRWTrODM2BrvUUwETlFITUcjFbplqsFtWLSS8nmh6XbwLWfVO8VfxC0ooM6t4wPq=s1024"",""caption"":null,""width"":1970,""height"":4160},{""id"":""CIHM0ogKEICAgIDRkbCwlAE"",""url"":""https://lh3.googleusercontent.com/geougc-cs/AB3l90B83Yaz9vEvoeAFjRyIoZzb7BuYUyGQQ0jJ6l4utnq4u7vQe60te0AhQPyshNbNGvDK2wMDgfriGov5YCl5EBOcJjORYQg4paOtLISaSfM9UlOss3NO5UjxuD92U_eH7nhrzlmTeQ=s1024"",""caption"":null,""width"":1970,""height"":4160},{""id"":""CIHM0ogKEICAgIDRkbCwVA"",""url"":""https://lh3.googleusercontent.com/geougc-cs/AB3l90CE-XiOLAq_PIFzX_eXsU9-TsRnEJ2NG3GRvnRN-4REiJNQc_w8cZsdUmMu22NzluuC1bIKxuqfY08hU2nJ5eqr1EVpM0aW51gr4uSCmDy8IBTEHExx2nFcEoREOhFZ1TwbuPRW=s1024"",""caption"":null,""width"":2448,""height"":3264},{""id"":""CIHM0ogKEICAgIDRkbCw1AE"",""url"":""https://lh3.googleusercontent.com/geougc-cs/AB3l90Bi-X2Tsbo07pQ78GGnXqTTXUGShWf8vRiuSfSPQwgMOJTBnVGdYgT_SFEZvYxdGx2Dye9ssHF1sFUtMRgCSnFBkGHHVaMHpcaVhSnGEFFKvcNf7gQH6yDN1sy5m-uZZDW3LV87Xw=s1024"",""caption"":null,""width"":2448,""height"":3264}]"
ChIJq6qqqj732S0RDKSSYaA6yxg,Pantai Wisata Lombang,ChdDSUhNMG9nS0VJQ0FnSUQtNWQ3OTFRRRAB,https://www.google.com/maps/reviews/data=!4m8!14m7!1m6!2m5!1sChdDSUhNMG9nS0VJQ0FnSUQtNWQ3OTFRRRAB!2m1!1s0x0:0x18cb3aa06192a40c!3m1!1s2@1:CIHM0ogKEICAgID-5d791QE%7CCgwIve-2nAYQwMus1gM%7C?hl=id,neny zhabil husnaeny,109135743116152825248,https://www.google.com/maps/contrib/109135743116152825248?hl=id,5,"Pantai yg bersih, luas serta ombak yg landai. Pas buat liburan keluarga atau teman. Tapi sayang jalan menuju ke pantai banyak berlobang n sempit untuk kendaraan besar. Untuk anak kecil mandi di pantai masih save, tapi tetap pengawan orang tua ya.",2 tahun lalu,2022-12-05T09:16:19,,,,54,150,1,,,"[{""name"":""Waktu kunjungan"",""value"":""Akhir pekan""},{""name"":""Waktu antrean"",""value"":""Tanpa mengantre""},{""name"":""Sebaiknya buat reservasi"",""value"":""Tidak""}]","[{""id"":""CIHM0ogKEICAgID-5f6eHg"",""url"":""https://lh3.googleusercontent.com/geougc-cs/AB3l90B-TzJHu6itJVPd15lffBZdrvNbWjWABCmWCCLXr4Dt77AI_FQIRwsxUwzgGhj8iVu8sznWGh7-Z1KGMXw5EvDBWTmxqXTUiXN6IX_9kGdBaWWmqe1TVDF1AoLVA8h3XopQH5CB=s1024"",""caption"":null,""width"":1280,""height"":720},{""id"":""CIHM0ogKEICAgID-5f6eLg"",""url"":""https://lh3.googleusercontent.com/geougc-cs/AB3l90AG2lOiAco1m1m_oRww8tsuq8Ppzth56T6Kv7Lwp1Inr_YExHILjkiFtN2Z6diHuvxePcE4VHpN8eXouDOP9lW4vsX_tI-NnmO8nDJ3eBxE_8yv1JJh6STexcGI91yvckVpVGOr=s1024"",""caption"":null,""width"":4160,""height"":3120},{""id"":""CIHM0ogKEICAgID-5f6ergE"",""url"":""https://lh3.googleusercontent.com/geougc-cs/AB3l90DY86k2Xa7dACQ01zb4J54a36E7nd2CLTPAsl5zCBO8Of2MqRpTIqhsahzkV6vTVsbnHBt940y-5iqDFU60K5myd-MHjO3d1p7K9mus5iLbWWUTJOzSjvxuHvpzkkITQIPSNe48_w=s1024"",""caption"":null,""width"":4160,""height"":3120},{""id"":""CIHM0ogKEICAgID-5f6ebg"",""url"":""https://lh3.googleusercontent.com/geougc-cs/AB3l90BT8IbsTkS7YdAh4W7r_9-5KswccmOCrar_EoUDSjiUlTOGQYXo11dek9g7Zr4JHzjJJ-C1cixqK06nyn_zjGhdij-1oiCaZQBBIhTqg2NKNC6-kUWz0YNFu_FkLDKBN167uout=s1024"",""caption"":null,""width"":4160,""height"":3120},{""id"":""CIHM0ogKEICAgID-5f6e7gE"",""url"":""https://lh3.googleusercontent.com/geougc-cs/AB3l90BvuYsuxGsfQM2m1LhxmKuM3ZLBq3NKjyHrp24RM4jGcj-m-QgN7xmNUbkZmJhu7aScNbA1wdEhVdgZTkS-vvXYUYs-Ym51nhKanYNHTDU7n13ualNEYBtteWmhz9FdsRjQIPcZEA=s1024"",""caption"":null,""width"":3120,""height"":4160},{""id"":""CIHM0ogKEICAgID-5f6engE"",""url"":""https://lh3.googleusercontent.com/geougc-cs/AB3l90A6oXQxaPu-TccFVJCxyZT8h4BDsKkiz1y4yrI3jTRlPL2ZPny3V0k0t_re59iCyMBKBVgaK7kx4oFBbFv48YolImznmKxFtvrkJHNxsts7NBax89aVjMPijaX_e_mKAKSOXBh_=s1024"",""caption"":null,""width"":1600,""height"":1200},{""id"":""CIHM0ogKEICAgID-5f6eXg"",""url"":""https://lh3.googleusercontent.com/geougc-cs/AB3l90CvKo4W2ErtoTx3hfMficAhmVIk1Xeic43B1kfFvUqZ18mcb3fVZ35RQjYnna4L9jbNsOrWzVOaae7yRe2LpVXm2XZyfZ_ApX6FsIh0D7hxtkcODYuUAtjnmATYpYmwaZWGC6q4=s1024"",""caption"":null,""width"":1600,""height"":900},{""id"":""CIHM0ogKEICAgID-5f6e3gE"",""url"":""https://lh3.googleusercontent.com/geougc-cs/AB3l90DYONcEr7wk72X59AYkdkmO35iO6wKyZ_8qvs4AXG67y2pJ_-h7igQ7YtBOO_Ahq9oHiT4NUllo_xju6qIaNnmeRb-vDxirplf07IcxxCoHRikDjwN-NN-sOxZUDgsJIOXNqsSF7Q=s1024"",""caption"":null,""width"":1200,""height"":1600}]"
ChIJq6qqqj732S0RDKSSYaA6yxg,Pantai Wisata Lombang,ChZDSUhNMG9nS0VJQ0FnSURQc2NMdFZREAE,https://www.google.com/maps/reviews/data=!4m8!14m7!1m6!2m5!1sChZDSUhNMG9nS0VJQ0FnSURQc2NMdFZREAE!2m1!1s0x0:0x18cb3aa06192a40c!3m1!1s2@1:CIHM0ogKEICAgIDPscLtVQ%7CCgwI-aK7ugYQ2O7x3AE%7C?hl=id,Syah Firrizaky Azmi,116105582130032643551,https://www.google.com/maps/contrib/116105582130032643551?hl=id,4,"Tempatnya sangat nikmat untuk yang mau sekedar nongkrong ataupun refreshing. Banyak penjual yang menjajakan berbagai makanan dan minuman dengan tertib dan harga terjangkau. Tempat bersih dari sampah, namun fasilitas sudah banyak yang divandalisme. Overall 4/5 karena Lombang banyak kenangan ",10 bulan lalu,2024-12-03T09:37:29,,,,5,7,,,,"[{""name"":""Waktu kunjungan"",""value"":""Akhir pekan""},{""name"":""Waktu antrean"",""value"":""Tanpa mengantre""},{""name"":""Sebaiknya buat reservasi"",""value"":""Tidak""}]","[{""id"":""CIHM0ogKEICAgIDPscLttQE"",""url"":""https://lh3.googleusercontent.com/geougc-cs/AB3l90BGYi6FVU31v15mSVhwhHnWYMypny9sPTxqrJ2o1mnw1s-pDVuzXzu5jSRbYbotkjBI9Wa_nmqcXIphIyNToASstv8bbSdjDKcgYlQWhbNrPC2NUv5u2_fFlb7KdC2dcUuro4gD7w=s1024"",""caption"":null,""width"":1908,""height"":4032},{""id"":""CIHM0ogKEICAgIDPscLtdQ"",""url"":""https://lh3.googleusercontent.com/geougc-cs/AB3l90C3tgdHv7Ktv3Ee32SKxrTcI0J4hebQXZmQqBBhS4dgzV3NathOe-n2HZWxS4tQthsxBh-J4QdB8VUrUoRR56cK--7IUYmp2qtTgU_Leh7tmzUOmDzYY5JUpDqvRW1l-VqSw8Hc=s1024"",""caption"":null,""width"":1908,""height"":4032}]"
ChIJq6qqqj732S0RDKSSYaA6yxg,Pantai Wisata Lombang,ChdDSUhNMG9nS0VJQ0FnSUR2cTdyazF3RRAB,https://www.google.com/maps/reviews/data=!4m8!14m7!1m6!2m5!1sChdDSUhNMG9nS0VJQ0FnSUR2cTdyazF3RRAB!2m1!1s0x0:0x18cb3aa06192a40c!3m1!1s2@1:CIHM0ogKEICAgIDvq7rk1wE%7CCgsIsJupuwYQqMn_fA%7C?hl=id,Prast,114789850780364322178,https://www.google.com/maps/contrib/114789850780364322178?hl=id,2,"Tolong Disbudpar Kab. Sumenep baca ini ya ini sebenarnya bagus, angin semilir, pedagang ramah

Tapi mohon dengan hormat:

1. Jalan masuk diperbaiki
2. Sound jedag-jedug dihilangkan saja, pengunjung di sini ingin berinteraksi dengan keluarga, merasakan ketenangan, dsb.
3. Musholla mohon diperhatikan kebersihannya

SOUND MENGGANGGU SEKALI !!

Terima kasih ",9 bulan lalu,2024-12-24T05:59:12,,,,58,29,1,,,[],"[{""id"":""CIHM0ogKEICAgIDvq7rsfQ"",""url"":""https://lh3.googleusercontent.com/geougc-cs/AB3l90BgpC02Vj_UEds2Sga7zKD0auhisedrylA65KPmc7cIGNFJxL1MGLO7tEuoLuCpT67xBftXRRhoFu4S6BrorVLkFqdSdBNM-luoyBF6-QFi7Zws6AD27UEsGCBKtor6VR-17NH8=s1024"",""caption"":null,""width"":1080,""height"":1920},{""id"":""CIHM0ogKEICAgIDvq7rs_QE"",""url"":""https://lh3.googleusercontent.com/geougc-cs/AB3l90CCn-aqY2K4Z94JteXKqH4pO4-GykRJ5cUhsaQkJULs8MzyWQsmNdUF4QqOeOTGAfWbyFIHr2MLOIiSafBJcPhTJBsEdPTttidK_bn-8DcGEJJdCdRIZDyAm8G0mqMCCyXkDoOk1Q=s1024"",""caption"":null,""width"":3024,""height"":4032}]"
ChIJq6qqqj732S0RDKSSYaA6yxg,Pantai Wisata Lombang,ChZDSUhNMG9nS0VJQ0FnSUMtN19xRUxBEAE,https://www.google.com/maps/reviews/data=!4m8!14m7!1m6!2m5!1sChZDSUhNMG9nS0VJQ0FnSUMtN19xRUxBEAE!2m1!1s0x0:0x18cb3aa06192a40c!3m1!1s2@1:CIHM0ogKEICAgIC-7_qELA%7CCgsI-NDWmwYQ8NnLew%7C?hl=id,Putri Mahatma Sari,113632996366551817869,https://www.google.com/maps/contrib/113632996366551817869?hl=id,4,"Pantainya cukup bersih, sekalipun ada beberapa sampah juga di pantainya. Ada saung2 buat duduk2 biar gak kepanasan. Selain itu juga ada kios2 yg jual degan dan makanan lainnya",2 tahun lalu,2022-11-17T03:19:52,,,,342,529,1,,,"[{""name"":""Waktu kunjungan"",""value"":""Akhir pekan""},{""name"":""Waktu antrean"",""value"":""Tanpa mengantre""},{""name"":""Sebaiknya buat reservasi"",""value"":""Tidak""}]","[{""id"":""CIHM0ogKEICAgIC-7_qS4AE"",""url"":""https://lh3.googleusercontent.com/geougc-cs/AB3l90CF9sHnrKxh38Y8LfsKboBhw2K1_UX1EkrcUNTdtB9Dasezfz18mXSNYyuNM01pfZJj2p5CYBsqTVIktJntKLcoWqugVv70JifHJCf10H7N0AcncAXzHcM5OZG4nw9s0mJRhuApIw=s1024"",""caption"":null,""width"":4080,""height"":3060},{""id"":""CIHM0ogKEICAgIC-7_qSEA"",""url"":""https://lh3.googleusercontent.com/geougc-cs/AB3l90DN5y9jECtlviuZuyRBPmZ2BYLsneSbtv7HL3zjUALGV3YLJ2ECzojqB4pxHjgFnoxoCPCJhc9xWvSbwffZTHLdv_M7WEFrAdaFOGVuqftVuIo78YMbuTUq_R22RIbtjIByLBKX=s1024"",""caption"":null,""width"":4080,""height"":3060},{""id"":""CIHM0ogKEICAgIC-7_qSkAE"",""url"":""https://lh3.googleusercontent.com/geougc-cs/AB3l90AjW6EHRMoydTUjNIDnazwgW7-RLtX2T_wkj7GcNX_zv7quIAngGYliKZ5jOs_e_N8NCk7xcuSVwtf3l2YaAa3oT8SgxBxdVWixgAnhvC8kTPKGzbjQWJjhqSxVDmvnMAq-tYQC=s1024"",""caption"":null,""width"":4416,""height"":2208}]"
ChIJq6qqqj732S0RDKSSYaA6yxg,Pantai Wisata Lombang,ChZDSUhNMG9nS0VJQ0FnSURicFllUVBBEAE,https://www.google.com/maps/reviews/data=!4m8!14m7!1m6!2m5!1sChZDSUhNMG9nS0VJQ0FnSURicFllUVBBEAE!2m1!1s0x0:0x18cb3aa06192a40c!3m1!1s2@1:CIHM0ogKEICAgIDbpYeQPA%7CCgwIqpDOtQYQ-J3R_gI%7C?hl=id,anang pribadi,112516173723936755039,https://www.google.com/maps/contrib/112516173723936755039?hl=id,5,Pantai sangat bagus...nyaman dan lumayan bersih..namun apabila boleh memberi masukan kepada Pemda yg mengelola..tolong..jalan masuk di perbaiki..sarana prasarana di renovasi..toilet di perbaiki .karena sayang sekali pantai sangat bagus tidak diperhatikan sarananya oleh Pemerintah,setahun lalu,2024-08-07T14:43:54,,,,31,15,1,,,"[{""name"":""Waktu kunjungan"",""value"":""Akhir pekan""},{""name"":""Waktu antrean"",""value"":""Tanpa mengantre""},{""name"":""Sebaiknya buat reservasi"",""value"":""Tidak""}]","[{""id"":""CIHM0ogKEICAgIDbpYeQ_AE"",""url"":""https://lh3.googleusercontent.com/geougc-cs/AB3l90Cgx5ilVQ_IWcLDgjFyFnu4Uq4XKzPimdJsU_I-s2XaXh45BSGazJC3sF6o5krcgMcH7lVETLgNTUWaGMA7zhjNuMhAxviImCrkrR_NtLQUvHAesn44_3jpsf6rHDyy1U5oi-7q=s1024"",""caption"":null,""width"":4160,""height"":2340}]"
ChIJDfaoKRzr2S0RVvYc4fb2l80,Pantai Slopeng,Ci9DQUlRQUNvZENodHljRjlvT21VeVF6ZGljalpPTmxkSFFsaENPRXBsWVV0NVpsRRAB,https://www.google.com/maps/reviews/data=!4m8!14m7!1m6!2m5!1sCi9DQUlRQUNvZENodHljRjlvT21VeVF6ZGljalpPTmxkSFFsaENPRXBsWVV0NVpsRRAB!2m1!1s0x0:0xcd97f6f6e11cf656!3m1!1s2@1:CAIQACodChtycF9oOmUyQzdicjZONldHQlhCOEplYUt5ZlE%7C0cjWVJ9EK7e%7C?hl=id,elisa yuniarti,110841131762833428082,https://www.google.com/maps/contrib/110841131762833428082?hl=id,3,"Kurang bersih untuk tempat duduk2nya, tempat terbuka nggak ada pagar, ada 2 orang gila, takut... Pantainya lumayan indah buat main air",sebulan lalu,2025-09-07T23:41:08,,,,45,21,1,,,[],"[{""id"":""CIABIhAhgjZ-jYEmY7cMZ0OEd_dp"",""url"":""https://lh3.googleusercontent.com/geougc-cs/AB3l90DPQ0uqnDxC9T8S26hUV0D0Am4oJHssEQpZBYJw_Zo9t4yOHbb8035LBjdxz3_6p5JymeTEwmxNgH00MZrA5CMPydYxT_sPx8QSFRNDA65sbcbY8-NZ4j3ACRJWxyzD88bqwXP2nYs6ql0=s1024"",""caption"":null,""width"":1200,""height"":1600},{""id"":""CIABIhCDin5Iz4jiDDbLvtmWJ06Z"",""url"":""https://lh3.googleusercontent.com/geougc-cs/AB3l90BU51nBj6iYJC866rqzQfNQ-YJuFug1mLftJxiWD2aw6F3S77fYi9hXV8Q4gPMOO6Iu9zfc-YS6nEeFLy8KTHbzJ4CMbuJdda4n6NInbqcAzrvLj0k5BqPjjAloYCzbDeRUUpx4Bf6HZpo=s1024"",""caption"":null,""width"":1200,""height"":1600},{""id"":""CIABIhA7SGsuzjG-fxdqTmHfrG68"",""url"":""https://lh3.googleusercontent.com/geougc-cs/AB3l90A1iNCEnEgkrGb-1clhg0mUxo0iw214rZeRIwUXQWJZytzmT3jU8aoAiFLDwlLUOMPaUK5sQ4_WXEZqOeYfLkndD62Q36yQgpOvef7wRN39qGs6WQfkxDPDYNnLAmVhpVmJ3I3Io_XFs5Cb=s1024"",""caption"":null,""width"":3456,""height"":4608}]"
ChIJDfaoKRzr2S0RVvYc4fb2l80,Pantai Slopeng,ChdDSUhNMG9nS0VJQ0FnSUROeXYzYjZnRRAB,https://www.google.com/maps/reviews/data=!4m8!14m7!1m6!2m5!1sChdDSUhNMG9nS0VJQ0FnSUROeXYzYjZnRRAB!2m1!1s0x0:0xcd97f6f6e11cf656!3m1!1s2@1:CIHM0ogKEICAgIDNyv3b6gE%7CCgwI3N60rQYQ4K2nmQM%7C?hl=id,Dolan_ Mangan,112027196546045890054,https://www.google.com/maps/contrib/112027196546045890054?hl=id,4,Pantai nya bagus dan bersih...sayang masyarakatnya masih suka buang sampah sembarangan.,setahun lalu,2024-01-21T14:51:08,,,,12,77,1,,,"[{""name"":""Waktu kunjungan"",""value"":""Akhir pekan""},{""name"":""Waktu antrean"",""value"":""Tanpa mengantre""},{""name"":""Sebaiknya buat reservasi"",""value"":""Tidak""}]","[{""id"":""CIHM0ogKEICAgIDNyv3bWg"",""url"":""https://lh3.googleusercontent.com/geougc-cs/AB3l90DGKonQxiFjK1N8Cv0sJf1YZWLOwUAItSkPkf0CZ1IbbFLTZ6mjxH_rZlcoZO51Bv5IJmED9AXavFwfD1M5Llg5xFWGO8Pa_flECWzSxTCni1BUzZtqUaGWGrxlGBLXxXkgEP_D=s1024"",""caption"":null,""width"":4032,""height"":3024},{""id"":""CIHM0ogKEICAgIDNyv3b2gE"",""url"":""https://lh3.googleusercontent.com/geougc-cs/AB3l90A-PUwCsGUlzqjn4ZkLIICOgSWGbWU4vkdlVr8BdR2vocEAq4b0qiLA_tN45qcw978gwWH8yQWU3RpIXNfeJ3HvxmNrQJStCmLKWQlNF0pdUt8mSqXf6roC94C3nKX1RIuFmL2HWA=s1024"",""caption"":null,""width"":3024,""height"":4032},{""id"":""CIHM0ogKEICAgIDNyv3bOg"",""url"":""https://lh3.googleusercontent.com/geougc-cs/AB3l90BbG12dM6i_bXUjGTZa0R0cgmlS9Ewi0JMzT5h7jQ6dHrfw98tns53AVKTSWaKunisdDOLjtZvDTk5Nqo3MiPiLiD1iTcsTFk4t5zR2jxbOdYcZKVyGMbJB2Kr7AW-lhqHEZ4lr=s1024"",""caption"":null,""width"":1080,""height"":1920},{""id"":""CIHM0ogKEICAgIDNyv3bugE"",""url"":""https://lh3.googleusercontent.com/geougc-cs/AB3l90BDl4DCYppCZlc0SxnwpYvGpUU0i69lEvMJ_R2fy0g8XKbPi9DL0-kskUOo1pJuqNIATor8zBY30ETeJ4av3ULoz6lYOq6ipfIcP9lTSMrKY940fYhgmx70sdUZm6SbDBgqnELA1w=s1024"",""caption"":null,""width"":4032,""height"":3024}]"
ChIJDfaoKRzr2S0RVvYc4fb2l80,Pantai Slopeng,ChZDSUhNMG9nS0VJQ0FnSUROMjZycUx3EAE,https://www.google.com/maps/reviews/data=!4m8!14m7!1m6!2m5!1sChZDSUhNMG9nS0VJQ0FnSUROMjZycUx3EAE!2m1!1s0x0:0xcd97f6f6e11cf656!3m1!1s2@1:CIHM0ogKEICAgIDN26rqLw%7CCgwIq4XOrQYQsJ3KhgI%7C?hl=id,Widi Yanti,115287606435994090867,https://www.google.com/maps/contrib/115287606435994090867?hl=id,4,"Kemarin kebetulan lewat, dan sempat belli rujak di seberang pantai. Tapi tidak sempat mampir ke dalam lokasi. Kelihatannya ombak sedang besar jadi gak masuk deh.",setahun lalu,2024-01-26T09:59:13,,,,43,96,1,,,"[{""name"":""Waktu kunjungan"",""value"":""Hari biasa""},{""name"":""Waktu antrean"",""value"":""Tanpa mengantre""},{""name"":""Sebaiknya buat reservasi"",""value"":""Ya""}]","[{""id"":""CIHM0ogKEICAgIDN2-qCbQ"",""url"":""https://lh3.googleusercontent.com/geougc-cs/AB3l90D9G4UEAwYW6DCQqH96d1fvbzRPsKU8CFmeLd0M9sBp8Boo0PzQCkL5-bBDuIRERYuAcvoLbMBm5fXQkUYT79MZ9q4hLGIWhDHrA9RL5g3oDBS4LwtcaB7I5nzTWjuJNoNkw1o=s1024"",""caption"":null,""width"":4080,""height"":1884},{""id"":""CIHM0ogKEICAgIDN2-qC7QE"",""url"":""https://lh3.googleusercontent.com/geougc-cs/AB3l90DUTapSs0axRWOkI7jZmgnaz8D_L03VmstkaY5828_kRnRMcn7rhbhMbc-Np2jdbm3avJitxur3imiM_KlhUZEVrdtlInGlPdzON_X2VoqGAfc3_azdQjRGyFkuPQHZQhb86P623Q=s1024"",""caption"":null,""width"":4128,""height"":1908}]"
ChIJDfaoKRzr2S0RVvYc4fb2l80,Pantai Slopeng,ChZDSUhNMG9nS0VJQ0FnTURvX052VlhREAE,https://www.google.com/maps/reviews/data=!4m8!14m7!1m6!2m5!1sChZDSUhNMG9nS0VJQ0FnTURvX052VlhREAE!2m1!1s0x0:0xcd97f6f6e11cf656!3m1!1s2@1:CIHM0ogKEICAgMDo_NvVXQ%7CCgwIzIChwAYQwILwggM%7C?hl=id,Sarif Amrullah,108519464520669301368,https://www.google.com/maps/contrib/108519464520669301368?hl=id,4,Harga tiket masuk terlalu mahal bagi masyarakat kecil yg ingin menikmati suasana pantai,5 bulan lalu,2025-04-23T01:20:12,,,,6,1,,,,"[{""name"":""Waktu kunjungan"",""value"":""Hari biasa""},{""name"":""Waktu antrean"",""value"":""Tanpa mengantre""},{""name"":""Sebaiknya buat reservasi"",""value"":""Tidak""}]",[]
ChIJDfaoKRzr2S0RVvYc4fb2l80,Pantai Slopeng,Ci9DQUlRQUNvZENodHljRjlvT2w5VldXYzFSekp6VDNwNlEzbEllRU0zZVhkelVHYxAB,https://www.google.com/maps/reviews/data=!4m8!14m7!1m6!2m5!1sCi9DQUlRQUNvZENodHljRjlvT2w5VldXYzFSekp6VDNwNlEzbEllRU0zZVhkelVHYxAB!2m1!1s0x0:0xcd97f6f6e11cf656!3m1!1s2@1:CAIQACodChtycF9oOl9VWWc1RzJzT3p6Q3lIeEM3eXdzUGc%7C0cstOCfIARr%7C?hl=id,Mahendra Foujie,117451203341470178328,https://www.google.com/maps/contrib/117451203341470178328?hl=id,2,Pantai Slopeng terletak disebelah barat daya dari pusat kota,2 minggu lalu,2025-10-06T10:11:54,,,,2,2,,,,"[{""name"":""Waktu kunjungan"",""value"":""Akhir pekan""},{""name"":""Waktu antrean"",""value"":""Tanpa mengantre""},{""name"":""Sebaiknya buat reservasi"",""value"":""Tidak""}]",[]
ChIJDfaoKRzr2S0RVvYc4fb2l80,Pantai Slopeng,ChZDSUhNMG9nS0VJQ0FnSUNIOHJYWUJnEAE,https://www.google.com/maps/reviews/data=!4m8!14m7!1m6!2m5!1sChZDSUhNMG9nS0VJQ0FnSUNIOHJYWUJnEAE!2m1!1s0x0:0xcd97f6f6e11cf656!3m1!1s2@1:CIHM0ogKEICAgICH8rXYBg%7CCgwIn__btgYQkJeRtQE%7C?hl=id,Devi SLC,104166504646601555902,https://www.google.com/maps/contrib/104166504646601555902?hl=id,4,"Cukup bagus, cuma sekarang retribusinya lumayan harganya, jadi agak jarang ke sana lagi",setahun lalu,2024-09-03T12:22:55,,,,18,2,1,,,"[{""name"":""Waktu kunjungan"",""value"":""Akhir pekan""},{""name"":""Waktu antrean"",""value"":""Tanpa mengantre""},{""name"":""Sebaiknya buat reservasi"",""value"":""Tidak""}]",[]
ChIJDfaoKRzr2S0RVvYc4fb2l80,Pantai Slopeng,ChZDSUhNMG9nS0VJQ0FnSURmb0lmbGJBEAE,https://www.google.com/maps/reviews/data=!4m8!14m7!1m6!2m5!1sChZDSUhNMG9nS0VJQ0FnSURmb0lmbGJBEAE!2m1!1s0x0:0xcd97f6f6e11cf656!3m1!1s2@1:CIHM0ogKEICAgIDfoIflbA%7CCgsI-IbfuwYQwPzgZA%7C?hl=id,Ila Siti jamila,111721372895184047610,https://www.google.com/maps/contrib/111721372895184047610?hl=id,5,waaaaa bagus sekali pantai nya,9 bulan lalu,2025-01-03T11:01:12,,,,2,0,,,,[],[]
ChIJDfaoKRzr2S0RVvYc4fb2l80,Pantai Slopeng,ChZDSUhNMG9nS0VJQ0FnSUR2ZzRITkJBEAE,https://www.google.com/maps/reviews/data=!4m8!14m7!1m6!2m5!1sChZDSUhNMG9nS0VJQ0FnSUR2ZzRITkJBEAE!2m1!1s0x0:0xcd97f6f6e11cf656!3m1!1s2@1:CIHM0ogKEICAgIDvg4HNBA%7CCgwIhJ6luwYQgJW8tAM%7C?hl=id,Ari GC,101269987152650646561,https://www.google.com/maps/contrib/101269987152650646561?hl=id,4,Ngopi di Warung terasa asin.,9 bulan lalu,2024-12-23T11:52:36,,,,24,19,1,,,[],[]
ChIJMZ7Mghv-2S0RAxyD_S_rJ98,Pantai Ponjuk Timur,ChZDSUhNMG9nS0VJQ0FnSUNqMHZPWllREAE,https://www.google.com/maps/reviews/data=!4m8!14m7!1m6!2m5!1sChZDSUhNMG9nS0VJQ0FnSUNqMHZPWllREAE!2m1!1s0x0:0xdf27eb2ffd831c03!3m1!1s2@1:CIHM0ogKEICAgICj0vOZYQ%7CCgwI5aGSsQYQuIqZhAE%7C?hl=id,Rikzan Failani,100686384004757387257,https://www.google.com/maps/contrib/100686384004757387257?hl=id,5,"Pantai Ponjuk, mungkin masih terasa asing di teliga kita, lokasinya terletak di ujung timur Pulau Poteran atau Pulau Palango (entah yang benar yang mana, warga sekitar nyebutnya Talango, di maps namanya Puteran) Kecamatan Talango Kabupaten Sumenep.
Akses menuju kesini cukup mudah, dari pelabuhan Kalianget nyebrang ke Pulau Puteran pakai kapal entah apa itu namanya, karna jaraknya sangat dekat mungkin nyebrangnya nggak sampai 10 menit dan ongkosnya cuma Rp. 5000 (saya dengan motor saya), terus ke arah timur sekitar 16km dari pintu masuk pulau Puteran kalau lewat tengah, dan 18km kalau lewat pesisir utara pulau.
Sangat cocok bagi pemburu sunrise, karena langsung menghadap lautan arah timur, terlihat juga beberapa pulau dari pantai tsb sepertu pulau Sapudi, Gililabak dan beberapa pulau lainnya.
Kalau buat camping saya belum paham sih diperbolehkan atau tidak, soalnya disitu ada tempat yang disakralkan, tapi kalau buat wisata yang anti mainstream ini sangat cocok, boleh dimasukkan ke list wisata anti mainstream anda.",Diedit setahun lalu,2024-04-19T17:07:33,,,,315,301,1,,,[],"[{""id"":""CIHM0ogKEICAgICj0vOZkQE"",""url"":""https://lh3.googleusercontent.com/geougc-cs/AB3l90Dhu4k095sbNy3kLFtXSu3LsFtLeQfknDW6u_gN4OE4pxOC3P5Iv2A_H-7peZzrm20sALZZr1yGHbHIJv7H-Fk3qVXBTxdXAERT2LKtb2elcIZoUovG4KoQuJm1Q9_O12maS94hMQ=s1024"",""caption"":null,""width"":3468,""height"":4624},{""id"":""CIHM0ogKEICAgICj0vOZUQ"",""url"":""https://lh3.googleusercontent.com/geougc-cs/AB3l90BNPgFUbIpAhRxYOvtMeJXX21aXVFYmRaXyGv-1Cjkmij_6tOoGTNwJ3RNordSR0iP79BXE9s3cGDyP-S2YZ8CpPpdhaODWjESglJ6IQgkciYDpfTvt1OYiU7o9Q-yyvfSMs3al=s1024"",""caption"":null,""width"":3468,""height"":4624},{""id"":""CIHM0ogKEICAgICj0vOZ0QE"",""url"":""https://lh3.googleusercontent.com/geougc-cs/AB3l90DplKmSlRMBfuQjxd7LI3Tp_4OukiDpuIaVqFhjKE1ouS8cNhpze957OzGma-laQIr8emBnnw1TlsEQmcSxr0u9JjFV_G3sI06xFF_cS7xwki0GCyJPJlZBqv6UeAThbfdm2lOMbQ=s1024"",""caption"":null,""width"":1080,""height"":1920},{""id"":""CIHM0ogKEICAgICj5v_NoQE"",""url"":""https://lh3.googleusercontent.com/geougc-cs/AB3l90BZdki-hK9oA4d9wwO44w2wxF0OJVvki4T15598cCF_KMgBzkjR6ff3rQcEl3JQkKr3xCvC6H6xvVz9CfO6Rk5ywhVTSw80CUA1SgPQPvBdd2Nc1yvbGZ0uhx-u-aXMBeyPPfdtig=s1024"",""caption"":null,""width"":3468,""height"":4624},{""id"":""CIHM0ogKEICAgICj5v_NYQ"",""url"":""https://lh3.googleusercontent.com/geougc-cs/AB3l90AbvlhywW2AwwMVhqGVtKsL_CFiy8PHPkQjEYLfOXeeupLvAJmxtMz_UUJt7229-7OIQQy5tpb5WNBikng0IvJNrsIVSNlpIENkDlg-LM8yBB56my5XIvlNN9odvNRYz5vwbd0=s1024"",""caption"":null,""width"":3468,""height"":4624},{""id"":""CIHM0ogKEICAgICj5v_N4QE"",""url"":""https://lh3.googleusercontent.com/geougc-cs/AB3l90AwudGf5NsQPYU381xIR81QFJDZt-rk8oDuN3kEdi8cTy5_muJUHLNWDmobQy_PGvkFOZjkWvtw3J4JI2XWgadm43Mx6oL6S71jwsABJuae2tn-rqWj7jRnqq7FxqElVsn0v-i4vg=s1024"",""caption"":null,""width"":1080,""height"":1920}]"
ChIJMZ7Mghv-2S0RAxyD_S_rJ98,Pantai Ponjuk Timur,ChdDSUhNMG9nS0VJQ0FnSUNHNktpeHNBRRAB,https://www.google.com/maps/reviews/data=!4m8!14m7!1m6!2m5!1sChdDSUhNMG9nS0VJQ0FnSUNHNktpeHNBRRAB!2m1!1s0x0:0xdf27eb2ffd831c03!3m1!1s2@1:CIHM0ogKEICAgICG6KixsAE%7CCgwI1a-5iwYQiOf5kwE%7C?hl=id,Rob,113693273296915008774,https://www.google.com/maps/contrib/113693273296915008774?hl=id,5,"Airnya jernih, ombaknya tenang. Pantainya berbatu. Di dekatnya banyak ditumbuhi rerumputan dan pohon kelapa. Pantai yang cukup terpencil dan sepi pengunjung. Mengingat pantai ini juga terletak di ujung pulau yang berpenghuni tidak terlalu padat juga. Fasilitas minim tidak menghalanginya keasyikannya.
Saran datang saat pagi/sore hari. Tidak cocok untuk anak kecil dan orang lansia.",4 tahun lalu,2021-10-19T05:29:57,,,,865,1399,1,,,[],"[{""id"":""CIHM0ogKEICAgICG6KixCA"",""url"":""https://lh3.googleusercontent.com/geougc-cs/AB3l90CJ1BQ3RJG0UShX9G4gaCr6ewMSVYtp1cNSNuu_eBtwJ2jp-hGzstz6VRYIcl0k371RWfPrT8r2YPbOvftY5xv7UqLmH5TkFghy9BO07GBxCTm7CPXGsHthFxqdfOAkrMXFqwc=s1024"",""caption"":null,""width"":4512,""height"":6016},{""id"":""CIHM0ogKEICAgICG6KixiAE"",""url"":""https://lh3.googleusercontent.com/geougc-cs/AB3l90DPoyO1JgZhoIDrYDZDSVf5ngF9UIPu4cfIZTCpOl7tR_i_8biCt3f0HM6QW7oYsQeEJw3S_9885ii7X3_c0TIQsp8l6qcrL7WBAakoGGnNzAIRI1TvU2OUciDtMU4GIp_10YZn0Q=s1024"",""caption"":null,""width"":4512,""height"":6016},{""id"":""CIHM0ogKEICAgICG6KixSA"",""url"":""https://lh3.googleusercontent.com/geougc-cs/AB3l90AO9E9ZoLH4T6R6vRxcnJBfVPy0o0GX5mPaV0UDSzPI_5oaJlRUt1vn8Da3F1RPRDc-v19V5O95Hu8Lx5ttQn6ZR5C3ygEqPSfb1WEAiKz_70eo1wprT631Ek1Ll_lohYyNbEKX=s1024"",""caption"":null,""width"":6016,""height"":4512},{""id"":""CIHM0ogKEICAgICG6KixyAE"",""url"":""https://lh3.googleusercontent.com/geougc-cs/AB3l90By69FaeKcz1MPVZeQ-lJ4eO4fqPmhq9KU9YXvRi6VOWVwXBPAJ-u_oAC7wJqqgQ7gDH1LYpLmyz5o7ct7GpsvQpLUGMeHSHXUGlqEqs0TDjMIKRtdOhHo8ekH8vIGFcT7hxa5P=s1024"",""caption"":null,""width"":6016,""height"":4512},{""id"":""CIHM0ogKEICAgICG6KixKA"",""url"":""https://lh3.googleusercontent.com/geougc-cs/AB3l90DBR_3x-ZttXMdKRodzPi-0SEbhWnmzg79sgfT85WWjoZN4iZ1cnQFQonqY_K30RQF0y2dDPDCkV9YE3ZlVWXScliiSUnsOwUnpYpkfp7GvWTw3v8RZfD7xEeEVB0Tuq_H24Yu5=s1024"",""caption"":null,""width"":4512,""height"":6016},{""id"":""CIHM0ogKEICAgICG6KixqAE"",""url"":""https://lh3.googleusercontent.com/geougc-cs/AB3l90B8zTgjAEjk6UY41M06JS3x0Mbw3iBFQxTIwjnYOXioRrYJNB6FklPyKsByMoUTPW7aZ-sE3a7z7zi6-oLj-A9_FzxAoMAt-NY7kdisxqh4BkzEwVulYy2tLSZo8oZ5CHljoTuerg=s1024"",""caption"":null,""width"":6016,""height"":4512}]"
ChIJMZ7Mghv-2S0RAxyD_S_rJ98,Pantai Ponjuk Timur,ChZDSUhNMG9nS0VJQ0FnSUNHb3MzYVZ3EAE,https://www.google.com/maps/reviews/data=!4m8!14m7!1m6!2m5!1sChZDSUhNMG9nS0VJQ0FnSUNHb3MzYVZ3EAE!2m1!1s0x0:0xdf27eb2ffd831c03!3m1!1s2@1:CIHM0ogKEICAgICGos3aVw%7CCgsIpJvViwYQqPuVfg%7C?hl=id,Lingga Kurniawan,110834047941751903897,https://www.google.com/maps/contrib/110834047941751903897?hl=id,5,"pantai yg berada di ujung timur talango.
view pantainya baguus...
kl kesana pagi bisa menikmati matahari terbit...kl pas sore dan beruntung bisa liat bulan purnama.
menuju ke pantai lebih baik naik motor..karena akses jalan masih sempit.",3 tahun lalu,2021-10-24T12:08:27,,,,249,596,1,,,[],"[{""id"":""CIHM0ogKEICAgICGoq3naw"",""url"":""https://lh3.googleusercontent.com/geougc-cs/AB3l90DCWnxRGv8sYlCogK5Ijh40lK3qFScTMLeVQjTG0us2uztZdzh5RjTO_fqFi3Mp2XeQZ4pmXw57iS-nZNUKKJ6fG7J_TVMYCMeLoi6j49HnxFClbU7P-7GOmiPKxZQ0aIZFCkdk=s1024"",""caption"":null,""width"":1836,""height"":2650},{""id"":""CIHM0ogKEICAgICGoq3n6wE"",""url"":""https://lh3.googleusercontent.com/geougc-cs/AB3l90CGiSyQ9HeEbORLg5Prmjq5UEXq4Vf00cMSn1gF4o5srySOik2gdQwywh8po870pjKDsAQrw0ycjpDj9rrHz0yrKlIYtekdf82DxRBqu2c5E5aTucDxZu9p3mj8WfKh2mvhaGrVhw=s1024"",""caption"":null,""width"":3264,""height"":1836},{""id"":""CIHM0ogKEICAgICGoq3nGw"",""url"":""https://lh3.googleusercontent.com/geougc-cs/AB3l90CfeHV1MPgbHKtQ0E3J9u5lBO1q0h3krMNMrNCgqovG1C47IZk5gSBqF3D5S_ZUmGBosusEuqiInLhcB3p9fU7SP_81wCx1ehwMGuYkwk2SLtdZ58yJd2RZzwZbiOgj93rz9pBq=s1024"",""caption"":null,""width"":4624,""height"":2604},{""id"":""CIHM0ogKEICAgICGoq3nmwE"",""url"":""https://lh3.googleusercontent.com/geougc-cs/AB3l90Ac7FjwMl-Bnxfw1lO-UVMA_RNM5vXptNbNiFwiJIQzlLSXuVpDiYNv45k_O3ZsUAWTb4Qyk4aR-1pdnRjuTr93ODriVs-gW-TpL1DiIePK7wrzXGcR-pS_unZpzkp9YUC14IkUVA=s1024"",""caption"":null,""width"":3264,""height"":1836},{""id"":""CIHM0ogKEICAgICGoq3nWw"",""url"":""https://lh3.googleusercontent.com/geougc-cs/AB3l90BTJf9RSE_8DftccTEVcL7_LepNT-htzJsCQwJeAWbNv-IhAIJamK9DxBnWpigKIByG_-qeMg4QXPk2dV-L4U85wZYl3EM20RMrXTKNC04nY3b8fQovt69rFzlNdOaNRzpOw9XB=s1024"",""caption"":null,""width"":3264,""height"":1836}]"
ChIJMZ7Mghv-2S0RAxyD_S_rJ98,Pantai Ponjuk Timur,Ci9DQUlRQUNvZENodHljRjlvT2psU2NIVnViMWd5VEZrM04xOUlMVFppZGxRemMwRRAB,https://www.google.com/maps/reviews/data=!4m8!14m7!1m6!2m5!1sCi9DQUlRQUNvZENodHljRjlvT2psU2NIVnViMWd5VEZrM04xOUlMVFppZGxRemMwRRAB!2m1!1s0x0:0xdf27eb2ffd831c03!3m1!1s2@1:CAIQACodChtycF9oOjlScHVub1gyTFk3N19ILTZidlQzc0E%7C0cXLn5NmmgI%7C?hl=id,Reza Fahlefi,105735551673161990086,https://www.google.com/maps/contrib/105735551673161990086?hl=id,4,"Bagus untuk menikmati pemandangan masih terdapat sampah sebagian titik , untuk pengunjung tolong untuk selalu membawa sampahnya masing""",2 bulan lalu,2025-07-30T00:52:22,,,,1,5,,,,"[{""name"":""Waktu kunjungan"",""value"":""Hari biasa""},{""name"":""Waktu antrean"",""value"":""Tanpa mengantre""},{""name"":""Sebaiknya buat reservasi"",""value"":""Tidak""}]",[]
ChIJMZ7Mghv-2S0RAxyD_S_rJ98,Pantai Ponjuk Timur,ChZDSUhNMG9nS0VJQ0FnSURJdHJla2ZnEAE,https://www.google.com/maps/reviews/data=!4m8!14m7!1m6!2m5!1sChZDSUhNMG9nS0VJQ0FnSURJdHJla2ZnEAE!2m1!1s0x0:0xdf27eb2ffd831c03!3m1!1s2@1:CIHM0ogKEICAgIDItrekfg%7CCgwIke-84QUQotLbmAM%7C?hl=id,Bang Tora,104560533629424209683,https://www.google.com/maps/contrib/104560533629424209683?hl=id,4,"Pantai Ponjuk adalah pantai indah dengan adanya pohon siwalan yang tidak terlalu tinggi serta bebatuan unik yang mengelilingi pantai. Lokasi pantai ini ada di desa  Kombang Kecamatan Talango, Kabupaten Sumenep, Madura, Jawa Timur. Lokasinya terletak di paling ujung timur Pulau Talango/biasa disebut dengan Pulau Poteran. Keunikan yang dimiliki pantai ini adalah bebatuannya yang sangat berbeda dari batuan karang pada umumnya. Bentuknya menyerupai bekas reruntuhan kerajaan.",6 tahun lalu,2019-01-04T10:38:09,,,,185,928,1,,,[],"[{""id"":""CIHM0ogKEICAgICkmqSIHQ"",""url"":""https://lh3.googleusercontent.com/geougc-cs/AB3l90Al3LVUovH8dSwSsvH6kgO7pdx9hh1uu406Eg4iiO4TI8aW8gIhx8xYEiNut_2g97dzn8Cs8HQ4KROaWioJk-14AyXqFnpKgzhtzwiWST4FnEhjpAvkSU34whSxNb2sj26a_quD=s1024"",""caption"":null,""width"":1636,""height"":2048},{""id"":""CIHM0ogKEICAgICkmoyHkwE"",""url"":""https://lh3.googleusercontent.com/geougc-cs/AB3l90BdOuJVrXHPu6booWQefc4RYh3v7Ds3zvDOCY_8JikPnIuviLMjf_wLx_wIU_DDn1i6BARfXzrio7rju8dspTCzPaunhQVYPz8FptSONqLEKrsUUJvl7vSu3GUU-JYNsaaSZi0wkw=s1024"",""caption"":null,""width"":1636,""height"":2048},{""id"":""CIHM0ogKEICAgICkmqSIZw"",""url"":""https://lh3.googleusercontent.com/geougc-cs/AB3l90DQc00qmQRUtwLtPRaGOfbuFG7FXNecty7tCIxNuj-4KTeNksq3HcqJFVqVjmQYr4qQ1h3aN4sk8xYxuvFBQ0qWX2xbJkhmVflIVSHayt9WovlijWZ251rqabJy1lySUTpq7KyO=s1024"",""caption"":null,""width"":4000,""height"":3200}]"
ChIJMZ7Mghv-2S0RAxyD_S_rJ98,Pantai Ponjuk Timur,ChdDSUhNMG9nS0VJQ0FnSUQxd29la2dnRRAB,https://www.google.com/maps/reviews/data=!4m8!14m7!1m6!2m5!1sChdDSUhNMG9nS0VJQ0FnSUQxd29la2dnRRAB!2m1!1s0x0:0xdf27eb2ffd831c03!3m1!1s2@1:CIHM0ogKEICAgID1woekggE%7CCgwIl5jjrAYQ-JPitwE%7C?hl=id,Fiona Anastasia S P A (Yoona),101187506841004176065,https://www.google.com/maps/contrib/101187506841004176065?hl=id,5,"Tempatnya keren kok, sepi dan airnya nyaman. Bukan tipikal pantai pasir jadi siap2 kakinya sakit kalau ga pakai sandal. Untuk view nya bagus cuma ga sempat sampai liat sunset. Oh iya, diberi selamat datang oleh seekor kucing lucu lho!",setahun lalu,2024-01-06T03:42:15,,,,38,219,1,,,"[{""name"":""Waktu kunjungan"",""value"":""Akhir pekan""},{""name"":""Waktu antrean"",""value"":""Tanpa mengantre""}]","[{""id"":""CIHM0ogKEICAgID1wuf14gE"",""url"":""https://lh3.googleusercontent.com/geougc-cs/AB3l90CmDDzjHhyGuH_Udq_S7zurdhSWyv_Bt8ol7NARS7ULHBbn4zMNxQuZyx4fE4UyI5FkMtmdjooX_XaekGVRkCj6WZiol1jKorSRuomikSQzB7EyMu9DT1VuTpEzvY-q6t1G6b67ZA=s1024"",""caption"":null,""width"":3024,""height"":4032},{""id"":""CIHM0ogKEICAgID1wuf1Eg"",""url"":""https://lh3.googleusercontent.com/geougc-cs/AB3l90Af8usB6vHuckMMKrXfe9bGr1ZO_dqBo3FEzU1uNFLTFvz97Vbq1LcWxWz__2vhi3Sm49_at1YovcyC_VxSfEPro1TJ83WG8haU1UPVz9Wo1x_kn_XW1nE4wPGrahIFVYhQCiiV=s1024"",""caption"":null,""width"":1200,""height"":1600},{""id"":""CIHM0ogKEICAgID1wuf1kgE"",""url"":""https://lh3.googleusercontent.com/geougc-cs/AB3l90CcjZshKnPXODZcg08v__77u9PyO8Gw6EiDEG_C8rsPcEYN1NSsBLLAcvntxwIUhdLboV3seUHUDQxTqkE4N3fT9b7ZpkQRfMgUsnTp20pEA21eDRM6za94yO9S3cMY02rN29z23g=s1024"",""caption"":null,""width"":4032,""height"":3024}]"
ChIJMZ7Mghv-2S0RAxyD_S_rJ98,Pantai Ponjuk Timur,ChdDSUhNMG9nS0VJQ0FnSURRN05heDB3RRAB,https://www.google.com/maps/reviews/data=!4m8!14m7!1m6!2m5!1sChdDSUhNMG9nS0VJQ0FnSURRN05heDB3RRAB!2m1!1s0x0:0xdf27eb2ffd831c03!3m1!1s2@1:CIHM0ogKEICAgIDQ7Nax0wE%7CCgwI_MzUzgUQwOeW-QI%7C?hl=id,Lee A,107238727619491568100,https://www.google.com/maps/contrib/107238727619491568100?hl=id,3,"Masih alami, jalan menuju lokasi belum bagus. Tidak ada fasilitas apapun disini karena masih pantai alami. Sepi. Akses menuju kesana lebih mudah dengan motor. Selebihnya tidak ada yang spesial.",8 tahun lalu,2017-10-04T18:16:50,,,,21,84,1,,,[],"[{""id"":""CIHM0ogKEICAgIC4kZPS6QE"",""url"":""https://lh3.googleusercontent.com/geougc-cs/AB3l90DLROPqmXsHaAwWvaBesEHS0uK_L4SxzDgv2MzvaHwHQdSDYbWTBZlHqkFsH0KDGawaqpuHpM0lQBd4qTFbZ9_SVZRUzUZrtuE5ATwyPjOxSbUGxy8Nmk50BCbEE_0-X41qppVu=s1024"",""caption"":null,""width"":5312,""height"":2988},{""id"":""CIHM0ogKEICAgIC4kZPSDQ"",""url"":""https://lh3.googleusercontent.com/geougc-cs/AB3l90As0fuKvJl1p0EA_Rtlu3ONo157olfAp6RlQINiy0GdUhSAqrNMTcOwLgxV7vPJyF5sPwzFxISfxgLspWkXdSuveuh4XLKJtvPdcxKNVK7jEAbR2QalGZ0WxKh3YN3yeXwlxOm4=s1024"",""caption"":null,""width"":5312,""height"":2988},{""id"":""CIHM0ogKEICAgIC4kZPSjgE"",""url"":""https://lh3.googleusercontent.com/geougc-cs/AB3l90BWppc41STni6suw5VQMZDgY2tNr25psaHH3p7QCxxKa-w6tbj4A8w5E85JAJpnKP8cffvOc0axCt0Ocj2wINM7GgBgqH13LIf93f1wtbCUy42LOY6Mm7BuYoSJrHYoFas6WN9dbw=s1024"",""caption"":null,""width"":5312,""height"":2988},{""id"":""CIHM0ogKEICAgIC4kZOlBQ"",""url"":""https://lh3.googleusercontent.com/geougc-cs/AB3l90Aq1V_qazECk8yuRq2nBACEBlVLriyjn9nCvOqu1JeoThdUW2rerNglPl1AziGeD3wHi3oi9ul5lbI_pjzJ6sLecr9gJJnx0TVkS5SFGcQ3_zcZwheNiZTy0nmgitoGyBVYxc3-=s1024"",""caption"":null,""width"":5312,""height"":2988},{""id"":""CIHM0ogKEICAgIC4kZPSXQ"",""url"":""https://lh3.googleusercontent.com/geougc-cs/AB3l90B0VC7xOfgTUVSuvFUPIyDXRddkS4ZWApjgL-pjCTp5p_SUcnPHeJytpYUpfJSZZaLQJ8iA56rehlA7Ro2hKUVuJpRZNkN-Y68PhLJW76HfjhVAicyWARrWSN1H3a7rjI4kAzuV=s1024"",""caption"":null,""width"":5312,""height"":2988}]"
ChIJMZ7Mghv-2S0RAxyD_S_rJ98,Pantai Ponjuk Timur,ChdDSUhNMG9nS0VJQ0FnSURJNi16RzN3RRAB,https://www.google.com/maps/reviews/data=!4m8!14m7!1m6!2m5!1sChdDSUhNMG9nS0VJQ0FnSURJNi16RzN3RRAB!2m1!1s0x0:0xdf27eb2ffd831c03!3m1!1s2@1:CIHM0ogKEICAgIDI6-zG3wE%7CCgwI_-Gb4gUQ_u2AmwM%7C?hl=id,asrori 93,103401603337975980403,https://www.google.com/maps/contrib/103401603337975980403?hl=id,5,"Tempatnya masih asri. Pantainya bersih gak ada sampah, agak jauh dari pemukiman penduduk dan jalan menuju pantai ini sudah aspal. Tempat ini cocok bagi kamu yg mau prewed.",6 tahun lalu,2019-01-22T10:25:48,,,,6,3,,,,[],"[{""id"":""CIHM0ogKEICAgIC4i7HnkgE"",""url"":""https://lh3.googleusercontent.com/geougc-cs/AB3l90DlelZdX6bQo6W4ArqpDWEIynwSkCe2UQ3tDGlhMfeurJlYQS-Wy9U64EQ86fomNILBoJOQhKAoHVlNRlDj6a2yEMB0nYykbQcpxpNcuFcRRnZYpxNvwjJQr7pU4Qn8sVqbWL6Vfw=s1024"",""caption"":null,""width"":4025,""height"":1757},{""id"":""CIHM0ogKEICAgIC4i7HnEg"",""url"":""https://lh3.googleusercontent.com/geougc-cs/AB3l90BU-_WNA2BVeQ7v8gCHoefQIBwZxj1z3eTSWhe_LpA0EfU71k5CMKfl_Zc7hqlRORNfFMYpKnemTLJOreFpS94jVVdH57WdBq1Bd6r7YBeTgP5a0VTZxDGCzIgp2jPXcqr01lU=s1024"",""caption"":null,""width"":4095,""height"":1574}]"
ChIJ89M0nf3B2S0RAUfVzIOfNkw,Pantai Ruba,ChZDSUhNMG9nS0VJQ0FnSURRaDhMa0VnEAE,https://www.google.com/maps/reviews/data=!4m8!14m7!1m6!2m5!1sChZDSUhNMG9nS0VJQ0FnSURRaDhMa0VnEAE!2m1!1s0x0:0x4c369f83ccd54701!3m1!1s2@1:CIHM0ogKEICAgIDQh8LkEg%7CCgwIydCttQYQgNDbtwE%7C?hl=id,ODIK MADURA,101865531048752379946,https://www.google.com/maps/contrib/101865531048752379946?hl=id,5,"Pantau Ruba, lokasi wisata pantai yang terletak di kabupaten sumenep tepatnya di desa Campor. lokasinya sangat indah dan menarik, tempatnya berpasir, berbatu dan bertebing. lokasi ini sangat bagus untuk tempat bersantai dan berlibur.",Diedit setahun lalu,2017-10-16T06:26:09,,,,58,168,1,,,[],"[{""id"":""CIHM0ogKEICAgIC4s6bH6AE"",""url"":""https://lh3.googleusercontent.com/geougc-cs/AB3l90DKixbWj6qp74yqNoFkMhmH7f6I5QwpXB92yFvvmJHMyOxadGg2KEa2uERNbf_Enn2OWIrBu3W43LLMTAaeQRDLKIX3UcPvNMaOHLjRBJouLHSmpvjMD7fCYBBTubgjKfLvLCnn1g=s1024"",""caption"":null,""width"":5472,""height"":3072},{""id"":""CIHM0ogKEICAgIC4s6bHwgE"",""url"":""https://lh3.googleusercontent.com/geougc-cs/AB3l90AkDLiDsHP2qRvayH_tuxbjnEX3c20SzVWlhbG0qCSOJhmuEqNwjiiAUgV5L1f_Bzbcte4iNgSvHrSQ9Gbw2MeDvKDWTCHZtn4VBM1rplSC-WO_gXKiEP5KY6kghSlZHIuiRlJYmA=s1024"",""caption"":null,""width"":5472,""height"":3072}]"
ChIJ89M0nf3B2S0RAUfVzIOfNkw,Pantai Ruba,ChZDSUhNMG9nS0VJQ0FnSURJMk03b0RBEAE,https://www.google.com/maps/reviews/data=!4m8!14m7!1m6!2m5!1sChZDSUhNMG9nS0VJQ0FnSURJMk03b0RBEAE!2m1!1s0x0:0x4c369f83ccd54701!3m1!1s2@1:CIHM0ogKEICAgIDI2M7oDA%7CCgwIp7Pt4AUQ1ouA2gM%7C?hl=id,Munif Lukman,105927746313595181524,https://www.google.com/maps/contrib/105927746313595181524?hl=id,4,tempatnya lumayan bagus dan tanpa tiket masuk (gratis),6 tahun lalu,2018-12-20T08:56:32,,,,33,34,1,,,[],[]
ChIJ89M0nf3B2S0RAUfVzIOfNkw,Pantai Ruba,ChdDSUhNMG9nS0VJQ0FnSURDbzR2Q25RRRAB,https://www.google.com/maps/reviews/data=!4m8!14m7!1m6!2m5!1sChdDSUhNMG9nS0VJQ0FnSURDbzR2Q25RRRAB!2m1!1s0x0:0x4c369f83ccd54701!3m1!1s2@1:CIHM0ogKEICAgIDCo4vCnQE%7CCgwIsuKC_AUQyN3BgQI%7C?hl=id,Qoma Ruddin,102442605500661413540,https://www.google.com/maps/contrib/102442605500661413540?hl=id,5,Tempat yg cocok bagi pemuda senang memancing,5 tahun lalu,2020-10-09T18:51:01,,,,1,1,,,,[],[]
ChIJ89M0nf3B2S0RAUfVzIOfNkw,Pantai Ruba,ChZDSUhNMG9nS0VJQ0FnSUN3eHFtWk1REAE,https://www.google.com/maps/reviews/data=!4m8!14m7!1m6!2m5!1sChZDSUhNMG9nS0VJQ0FnSUN3eHFtWk1REAE!2m1!1s0x0:0x4c369f83ccd54701!3m1!1s2@1:CIHM0ogKEICAgICwxqmZMQ%7CCgwI4-ne1wUQwNTrxgE%7C?hl=id,SFK TV,111912379080464188590,https://www.google.com/maps/contrib/111912379080464188590?hl=id,5,"Tempat yang sangat nyaman untuk dikunjungi, alamnya masih asri.",7 tahun lalu,2018-05-13T03:45:08,,,,84,180,1,,,[],[]
ChIJ89M0nf3B2S0RAUfVzIOfNkw,Pantai Ruba,ChZDSUhNMG9nS0VJQ0FnSUNjb2RqVmVBEAE,https://www.google.com/maps/reviews/data=!4m8!14m7!1m6!2m5!1sChZDSUhNMG9nS0VJQ0FnSUNjb2RqVmVBEAE!2m1!1s0x0:0x4c369f83ccd54701!3m1!1s2@1:CIHM0ogKEICAgICcodjVeA%7CCgsIn5ip8wUQ8MbkWQ%7C?hl=id,Bung Barir,106231999018398732774,https://www.google.com/maps/contrib/106231999018398732774?hl=id,4,Pantai yang bersih dan pemandangan yang indah,5 tahun lalu,2020-03-12T14:49:45,,,,50,2,1,,,[],[]
ChIJ89M0nf3B2S0RAUfVzIOfNkw,Pantai Ruba,ChZDSUhNMG9nS0VJQ0FnSUQwdElleWRREAE,https://www.google.com/maps/reviews/data=!4m8!14m7!1m6!2m5!1sChZDSUhNMG9nS0VJQ0FnSUQwdElleWRREAE!2m1!1s0x0:0x4c369f83ccd54701!3m1!1s2@1:CIHM0ogKEICAgID0tIeydQ%7CCgsInJXJ7QUQqJCPAQ%7C?hl=id,Rendy Mala,114257036205840586381,https://www.google.com/maps/contrib/114257036205840586381?hl=id,5,Cocok buat istirahat,5 tahun lalu,2019-10-25T01:06:36,,,,1,4,,,,[],[]
ChIJ89M0nf3B2S0RAUfVzIOfNkw,Pantai Ruba,ChZDSUhNMG9nS0VJQ0FnSUNVX0piUkl3EAE,https://www.google.com/maps/reviews/data=!4m8!14m7!1m6!2m5!1sChZDSUhNMG9nS0VJQ0FnSUNVX0piUkl3EAE!2m1!1s0x0:0x4c369f83ccd54701!3m1!1s2@1:CIHM0ogKEICAgICU_JbRIw%7CCgwIpd7Q6QUQoIK32gI%7C?hl=id,popo phan,100914021975940305592,https://www.google.com/maps/contrib/100914021975940305592?hl=id,5,Pemandangan bagus,6 tahun lalu,2019-07-21T09:22:14,,,,259,134,1,,,[],[]
ChIJ89M0nf3B2S0RAUfVzIOfNkw,Pantai Ruba,ChdDSUhNMG9nS0VJQ0FnSUQ5N1BlaDRBRRAB,https://www.google.com/maps/reviews/data=!4m8!14m7!1m6!2m5!1sChdDSUhNMG9nS0VJQ0FnSUQ5N1BlaDRBRRAB!2m1!1s0x0:0x4c369f83ccd54701!3m1!1s2@1:CIHM0ogKEICAgID97Peh4AE%7CCgwI37XKrwYQwL-EvgI%7C?hl=id,RASYID SUMANTRI,104829159879746115796,https://www.google.com/maps/contrib/104829159879746115796?hl=id,5,Ramah,setahun lalu,2024-03-14T06:35:52,,,,2,6,,,,[],"[{""id"":""CIHM0ogKEICAgID97PfzqQE"",""url"":""https://lh3.googleusercontent.com/geougc-cs/AB3l90Ab5U-cbYm8gc4vNGrsRPOFwCGgyUsb99Q8T0gooAMToexY3QziOzh1Q-Ae_5jrDihEgRgZxXbPXagZ5XXJcgtneDzbhi22BRHG0ggR1UVrK9hEyVmAREqRAsPtRrHMpnNKU4_c4w=s1024"",""caption"":null,""width"":1920,""height"":1080}]"
ChIJDS4hB0TB2S0RcdtKRJykqco,Pantai galaman,Ci9DQUlRQUNvZENodHljRjlvT2paT2JtVlNXV0V4VUZaak5tTnRNbEZVYWtSQlNtYxAB,https://www.google.com/maps/reviews/data=!4m8!14m7!1m6!2m5!1sCi9DQUlRQUNvZENodHljRjlvT2paT2JtVlNXV0V4VUZaak5tTnRNbEZVYWtSQlNtYxAB!2m1!1s0x0:0xcaa9a49c444adb71!3m1!1s2@1:CAIQACodChtycF9oOjZObmVSWWExUFZjNmNtMlFUakRBSmc%7C0cMlyd4xDvS%7C?hl=id,sambil ngopi,106974705063571616974,https://www.google.com/maps/contrib/106974705063571616974?hl=id,5,Sinyal Telkomsel di pantai ini bisa diakses sampai kapal Oasis,3 bulan lalu,2025-06-27T22:45:30,,,,10,3,,,,"[{""name"":""Waktu kunjungan"",""value"":""Akhir pekan""}]","[{""id"":""CIABIhCygIyb9x19s_WiYml--mbt"",""url"":""https://lh3.googleusercontent.com/geougc-cs/AB3l90Be2KfjQu6dWlr2I0WmoPiY7622_CxuB9ThuTl3d2xf2xiShV1cO16ED0h1VUxlGWJ_7V9kcRiCI-PP6E-zuji7kAzDusdewxsqt_sDMXPHDTDYlUZAHHQBdAQr9kfvRg9OxuXjBJcSgu72=s1024"",""caption"":null,""width"":1080,""height"":1920}]"
ChIJDS4hB0TB2S0RcdtKRJykqco,Pantai galaman,ChZDSUhNMG9nS0VJQ0FnSURiNDVISkNREAE,https://www.google.com/maps/reviews/data=!4m8!14m7!1m6!2m5!1sChZDSUhNMG9nS0VJQ0FnSURiNDVISkNREAE!2m1!1s0x0:0xcaa9a49c444adb71!3m1!1s2@1:CIHM0ogKEICAgIDb45HJCQ%7CCgwIg8jVtQYQsKHZyQE%7C?hl=id,Abim Habibi,117892261083593969326,https://www.google.com/maps/contrib/117892261083593969326?hl=id,5,Tempatnya Keren tapi kurang terawat,setahun lalu,2024-08-09T00:34:11,,,,212,5546,1,,,[],"[{""id"":""CIHM0ogKEICAgIDb45HJyQE"",""url"":""https://lh3.googleusercontent.com/geougc-cs/AB3l90CGyHtpYP0TR3DPeIE8MqoGwW0FkbXc7nRI7Z9G2uVNUSLyaGjBgzDfH8ira2GHaUbKm-0mxvBD3UR2rQh6YiW1EUH50L1YtEXbpBH72fdROLdYLuOB-Go7LXEjoNibWMauirEc=s1024"",""caption"":null,""width"":2352,""height"":4160},{""id"":""CIHM0ogKEICAgIDb45HJKQ"",""url"":""https://lh3.googleusercontent.com/geougc-cs/AB3l90BO9zL8ls5HiK0WdtmTvUzPvqc2wygB4bd9o7bCwd9zpIa6agDJjeEy-9IDFmsfl4ZvJ7d7v5dxkvzjJlPt6B5EJfM5aXQGI5QOlT6d2pgoYqMKFArFD3zbWs1d50dStYFxcfBe=s1024"",""caption"":null,""width"":2352,""height"":4160},{""id"":""CIHM0ogKEICAgIDb45HJqQE"",""url"":""https://lh3.googleusercontent.com/geougc-cs/AB3l90AA7F7R2i0TnBBxPfZJJ6_6BhVJPya89xU-O1vrnex4PuvnxIMlO3hedPXe_9FKpck1Qr6DXn5IqNjcSEgF1tL4qxgFiRsOcCoeHCRSR6Lq4pr9qnPbC9tqzFiRhnZRK8qnMa9N3Q=s1024"",""caption"":null,""width"":2352,""height"":4160},{""id"":""CIHM0ogKEICAgIDb45HJaQ"",""url"":""https://lh3.googleusercontent.com/geougc-cs/AB3l90D1ZxKSg1SHKLtrB_bmoOMDJsnjrf3wX2Rg8LD3XA_1rIfuBiwHRvR3G42rezgZAEsMity2ytwCbqkeQ_9RP8FJBvqbK7jcueevsD9ZRy3UpX1fnN5EUhpHuOOipkMC5BZkwFE=s1024"",""caption"":null,""width"":2352,""height"":4160},{""id"":""CIHM0ogKEICAgIDb45HJ6QE"",""url"":""https://lh3.googleusercontent.com/geougc-cs/AB3l90CL7YYghYm_b-UNBsMkhW6huE1K4-mxtjnWYroM1prdPyZ4U85ZuYTvW1CCXJCcmGL9QuCJaKvTaD2qPNvxOwIymv-PvHlte1p9VSnmGPVu79Qn8DgfJJ-UoG6NiOwLrF5j7jOo_w=s1024"",""caption"":null,""width"":2352,""height"":4160},{""id"":""CIHM0ogKEICAgIDb45HJGQ"",""url"":""https://lh3.googleusercontent.com/geougc-cs/AB3l90CJJgyjBLjMN_j_c5sHRuJLiD3IpOuR6W5M7ZuoTZNbgfPfOImroNJqes5Ax04-wHDrnRAcQ4AquAb3vcnVtubahkldoBjtrsMD0FQpWP0d77uE-C4iG-ThMgivG1tw-SmUpvEM=s1024"",""caption"":null,""width"":2352,""height"":4160},{""id"":""CIHM0ogKEICAgIDb45HJmQE"",""url"":""https://lh3.googleusercontent.com/geougc-cs/AB3l90D_oL5_kVmcjpBWR_DM-7F1tKpmLf1GKypA9yNaEeFsXc-7MpmGAXXYvvZceXUSQgBYoZCXzAaoFP3vtnb1y0X3a3K3-G6bZ4914Ry6hP4zbR-BtQsZVp0Xex4QWs1JJD3yKtEsyQ=s1024"",""caption"":null,""width"":2352,""height"":4160},{""id"":""CIHM0ogKEICAgIDb45HJWQ"",""url"":""https://lh3.googleusercontent.com/geougc-cs/AB3l90Cjr3EwgxoU-Q9g9z6iTmF2msQyvOFn5MsYA3l1P5ID1rkRqVc0TMubyaSvRxRKflqnnhGNDmjHZo89Hgi0upAx-HTC58k0ZS0oOE6VvlarNKsrMYgKLMxhJQzvV8HoCl5azq8Y=s1024"",""caption"":null,""width"":2352,""height"":4160},{""id"":""CIHM0ogKEICAgIDb45HJ2QE"",""url"":""https://lh3.googleusercontent.com/geougc-cs/AB3l90DvIe7xS-velW7pkB_xNm2YReUhwPDXFbfmGI7raI6Q-o0x5nV0VUW4kTKmgezn5EfheFxBZ7JLziXeEc3xA7_5tqWuh5MQq45kr5ucBaM7TzxfXbsgWTeXG4bhcAnll6tgMlyA_Q=s1024"",""caption"":null,""width"":2352,""height"":4160},{""id"":""CIHM0ogKEICAgIDb45HJOQ"",""url"":""https://lh3.googleusercontent.com/geougc-cs/AB3l90A51yWEwvUJcx9zd9UbmMML2XeG8nqwqDATqm4l4Ib5pctftPNXwTTmkkz-PPF8C8ZAztrnqfkZF9EtZAyc-WTkbPgEanJ0amIGoFSoq5yTMFaj36DcJDraS6VjvPRN5KJs1ng=s1024"",""caption"":null,""width"":2352,""height"":4160},{""id"":""CIHM0ogKEICAgIDb45HJuQE"",""url"":""https://lh3.googleusercontent.com/geougc-cs/AB3l90Dr5xIYBpGbiX1cRZT3wky7uBD4pDNfW9A2y6ggLi3ZD8ebrRSXd2R8dfJrZLWyT-X-zy5E1enRCewqh19KFNbVvLXsMzjU710Iz2XtxA6Es5afEyfXib9u3173DcqwEovFV57DUQ=s1024"",""caption"":null,""width"":2352,""height"":4160},{""id"":""CIHM0ogKEICAgIDb45HJeQ"",""url"":""https://lh3.googleusercontent.com/geougc-cs/AB3l90C3sGsuRJ7xG_bKGJUHZNLCBP8bhP9lPGdesROXlW_8L5nb61AjlKoZOvxEcgA7JHvSNIXZRbD0dQ4wMY68Enlm0NI39CFQuesiLtYPPgNw-yTJHaq30GDSO0oeu_LETT9VlSLD=s1024"",""caption"":null,""width"":2352,""height"":4160},{""id"":""CIHM0ogKEICAgIDb45HJ-QE"",""url"":""https://lh3.googleusercontent.com/geougc-cs/AB3l90DOsioA4vO9JyrcTgZknAMDIxG0blYmsS7z7vr97PcTTP1uK_xVmv5ntdhePijkXGeTMgkPVyF5WS-lJ4uzmMU0mQAOEDKpyyf1HjNAu4dcNABEfMzhq8de9kd2BZT2lJoVDMri=s1024"",""caption"":null,""width"":2352,""height"":4160},{""id"":""CIHM0ogKEICAgIDb45HJBQ"",""url"":""https://lh3.googleusercontent.com/geougc-cs/AB3l90Am04Mfweatw_vM7ENWg2dMnl6U70WBDM-hZmKuPweLBIMlB4zs8n3rlsmI48ZfhpZ8J3-NlyGdOdYH2zD9hwnGdXKmBMmljuCRj_e96n98-mRR6rj_lhPy08jBI8db977QR9rn=s1024"",""caption"":null,""width"":2352,""height"":4160},{""id"":""CIHM0ogKEICAgIDb45HJhQE"",""url"":""https://lh3.googleusercontent.com/geougc-cs/AB3l90DALuTZoJlQRSOW0aiq0Oay78R2iE3WHnWNMVF_TOCQsLmkoS-kiwOVWelmnH--4HpTbVI_83X0ZEYKJQkipa9uwHa9ORuu5pezrxq_J8O8C6EhJzZuxBSyKTvTrIMvZ-oJTGs_4g=s1024"",""caption"":null,""width"":2352,""height"":4160},{""id"":""CIHM0ogKEICAgIDb45HJRQ"",""url"":""https://lh3.googleusercontent.com/geougc-cs/AB3l90BYSY7QnZDKAupXs711749IBzLYialYvPN5lg8F9em-pOH7p1JFiApvXSGbWkdYXjoAFlcl8TB2uz4VHazwkGXYQ_LT_GY0LlO-8FdcIb0HNhaXLAwoEVE9q6fuees_FWUaXTWD=s1024"",""caption"":null,""width"":2352,""height"":4160},{""id"":""CIHM0ogKEICAgIDb45HJxQE"",""url"":""https://lh3.googleusercontent.com/geougc-cs/AB3l90Bjq26yLWk4HU5udR_declw-cYPN5pddzIoFM-8mHwE9OFN1iKRnAZoqo6xOqspcx8nY_1aI8SIqyXsiCls_gf2EwZJeqtogZPvorhKxhcWTl1EgnUPOQLCvLzw6ZIcz_LH-Z3hwQ=s1024"",""caption"":null,""width"":2352,""height"":4160},{""id"":""CIHM0ogKEICAgIDb45HJJQ"",""url"":""https://lh3.googleusercontent.com/geougc-cs/AB3l90CR_mCJy6bYgSvaFl-qTbK1_6PwRSKOejfgID4OyZrZJTHpYn8uc-oYn1ZxbbQstR2s-9EozdshQTRZIWnK1F1rkNFyQETQc-t_D4JYtXXhf3SOwmB0K_HgnQj7PrYOX6WZbjQy=s1024"",""caption"":null,""width"":2352,""height"":4160},{""id"":""CIHM0ogKEICAgIDb45HJpQE"",""url"":""https://lh3.googleusercontent.com/geougc-cs/AB3l90AgeAlbKYpzso0YwFd3XeTcLkrLULrrclUwSacgIxVnpEfcVSfkQ1NeKOMwqp-6h1PEpSlf3OCI9R2ahq7ozd-Da428TRt9ZO55Cq1VDtJd9gQOtYAls0RicfuKlGI107ASuBHPPA=s1024"",""caption"":null,""width"":2352,""height"":4160},{""id"":""CIHM0ogKEICAgIDb45HJZQ"",""url"":""https://lh3.googleusercontent.com/geougc-cs/AB3l90B58uy1tQUDZItW7XhUUKHq_V--7iX_GSdkpdHYgveth-vjeYVz8tVOYbPRA2VV1OTtvd_m1Kn729c0yeOLKQXyT-REMmyL-FppSYRkMSDl5fJNeHAc-2x-GS93M-cj9n0Of0VT=s1024"",""caption"":null,""width"":4160,""height"":2352},{""id"":""CIHM0ogKEICAgIDb45HJ5QE"",""url"":""https://lh3.googleusercontent.com/geougc-cs/AB3l90AlwoRROlvOTLhNgkEXi1H4jDhuiSkqE2t2nUGDEG3uMpW8UhMYNyEtVEhskwqqlk8b625YCpDR1i3lMXB9nNuTxki1UTpNqrxDjTh-lG-QfbXBOUJXH-c38-SAYjFSalp_qPOOCw=s1024"",""caption"":null,""width"":4160,""height"":2352},{""id"":""CIHM0ogKEICAgIDb45HJFQ"",""url"":""https://lh3.googleusercontent.com/geougc-cs/AB3l90ByX4N77ttIiFmUS-pXzH2Z02M3Ga1EIGo33lcy5M2D7rh4xFdClWJo_bMkrW_g_14RHeLjSjyroQMV6rABqfM7qU6mxtaH3Ry_-UjnANZcXTBc48vS8INpPt62jhGZS5SfJYY=s1024"",""caption"":null,""width"":4160,""height"":2352},{""id"":""CIHM0ogKEICAgIDb45HJlQE"",""url"":""https://lh3.googleusercontent.com/geougc-cs/AB3l90BRjlq_PfA8jdNtK0u66_JP105ku7j9hB2yen7LOp7HcG3VfZ569fjAm-E_kpnwz64GkpI88xsbvzPIJ7YYmt_9YlvqpOcRZ-66weO4PgwOlKnxCuwZ7cGB35DIhsUghva34azJcg=s1024"",""caption"":null,""width"":2352,""height"":4160},{""id"":""CIHM0ogKEICAgIDb45HJVQ"",""url"":""https://lh3.googleusercontent.com/geougc-cs/AB3l90BRWPFYN8bKRSrtUiSLIlBICOTHxGcJeQ8NoO8x7Hf8CAnV6t78ocqJI48-EelxO4DxWIEha6OyREdfyqADPsfOCMJCrcvDejZtXK_0tiHcsPNhdnL3rpMwDEBU80Xb6Okvrudu=s1024"",""caption"":null,""width"":2352,""height"":4160},{""id"":""CIHM0ogKEICAgIDb45HJ1QE"",""url"":""https://lh3.googleusercontent.com/geougc-cs/AB3l90CkXCGdTqVJ54-HsoGrdeQhwP8bvvgGjnynXW-LZ98D05j7LsUf-sg2g40Bx1IT6PotylDXEstt-rqUnetV1n_tkcZZtEUacslLgEJAncramD0rdSKR_57_ah0sUsABHQKZFvKC=s1024"",""caption"":null,""width"":2352,""height"":4160},{""id"":""CIHM0ogKEICAgIDb45HJNQ"",""url"":""https://lh3.googleusercontent.com/geougc-cs/AB3l90CyVVXwce7NEmZahoPiGKAUfRnPfCDoWD-YEn6kFRkX3L7eURRdeRNMYnxoHppXG5edte4N5s7SmamSjvR63vRb9C6Dwj3X5D6exKTJGoG7iwEd2GAhUzSFO6cdyNUtr7oJQttv=s1024"",""caption"":null,""width"":2352,""height"":4160},{""id"":""CIHM0ogKEICAgIDb45HJtQE"",""url"":""https://lh3.googleusercontent.com/geougc-cs/AB3l90A3OTr5ddF3LE3mJMo7yOFYABuItkyD7blxyoas7AvqSB3vnlv5HV45yOv4qOEd2FMrshmVUFEcl_tBHZeLegrGD7s1uqJUo4S8QQkVmPirYX4HGdJfrD325kkYNwSYU2JU8sc22g=s1024"",""caption"":null,""width"":2352,""height"":4160},{""id"":""CIHM0ogKEICAgIDb45HJdQ"",""url"":""https://lh3.googleusercontent.com/geougc-cs/AB3l90CDhmk6GxKi79oqlZX6pmxBLGKPoCGWpFiDx0rhrkGY1EKW03-PG6Nypr49BO0yXHRpfMLvrxlX2K_xpQJtY118isXu7alGhcughwDu79AX0klk1oWb0qVRFNKLY-qwymw03tJk=s1024"",""caption"":null,""width"":2352,""height"":4160},{""id"":""CIHM0ogKEICAgIDb45HJ9QE"",""url"":""https://lh3.googleusercontent.com/geougc-cs/AB3l90Ci3yuW14N2UFqE7F46GK0KyrfUNLJJNkM2O93Y17kbj4dwBhEgaAIuI0G_-MDS8dlYPOqCXhQ8L3rqSQFLb3LozTHmS96jb8SemOIDHq9AzX8k8e7w3XxfZ-iUfKn50innXxBAFQ=s1024"",""caption"":null,""width"":2051,""height"":3644},{""id"":""CIHM0ogKEICAgIDb45HJDQ"",""url"":""https://lh3.googleusercontent.com/geougc-cs/AB3l90C1MxGEcRwMs0GumFLqww_DGHjjlYYzXhKf9dHdHEF7Cr8h0lhIVdn0nfa3GA6uc1sTapMN-jrE-jukhTSBkcoxDbG1wmW6ix__06O_-Xl4Y91mIcdenFogqN-bUx_oFciYHMZb=s1024"",""caption"":null,""width"":2352,""height"":4160},{""id"":""CIHM0ogKEICAgIDb45HJjQE"",""url"":""https://lh3.googleusercontent.com/geougc-cs/AB3l90C1bUmag5j11wr8X7V6HcyrRdrWrvzrCkeDFrTJAamWUPpbPJNr6kVhDqNBKqc9Z1GwjCNfonu0aRDTroimz8iT8LKtiQ5OE_2dqmtCHfVb8KdpS3r7I1qLlJGXAZ426ur7S8KmrA=s1024"",""caption"":null,""width"":2352,""height"":4160},{""id"":""CIHM0ogKEICAgIDb45HJTQ"",""url"":""https://lh3.googleusercontent.com/geougc-cs/AB3l90CCrmSBw0FuZ6BWIU3OxXCqVp0zLF0CulenDRkGnArzWweW3GE7ljFWMV2Df_0BWryJiWgRJ72_J_j_qaeG1qXmlE5L3k5rT2ZXXv6vcNWh0NaGSlc7oTS_NU7_un24kfSv4NU=s1024"",""caption"":null,""width"":2352,""height"":4160},{""id"":""CIHM0ogKEICAgIDb45HJzQE"",""url"":""https://lh3.googleusercontent.com/geougc-cs/AB3l90DAvXJsAVxBYvFL8WPFux0XR3sESuirc7hxJZ_zGQ6xc01i3rQVKICopAhGul8G2MaE-PqTCImPmSKywJfe59UKC53YMS3tFPeeudsmUKiW7PWhze9mHpvFn_5Kx60Sy7tlBzBDrw=s1024"",""caption"":null,""width"":2352,""height"":4160},{""id"":""CIHM0ogKEICAgIDb45HJLQ"",""url"":""https://lh3.googleusercontent.com/geougc-cs/AB3l90DFEITPPcnFUBpSXgCqf23OT7F-7waYwk4Pmg33R9Lix0VTeYedVntQo-RE_EwWClS-3Tl5DaEw5YqGB0v85TH0eXaDeCJjYnr9T1udSyiFZIFv3xGZygY-JMnDUQAOnKs4leM=s1024"",""caption"":null,""width"":2352,""height"":4160},{""id"":""CIHM0ogKEICAgIDb45HJrQE"",""url"":""https://lh3.googleusercontent.com/geougc-cs/AB3l90CHJdf0Um-oa6PW9QE8CmZ_3ySBsFwaRzjOUQcx_l-pdGNvp_4xxx_uThSJXrft_NJ_lnlJFaNhb60gcd-dvyXAdeYTSbHxTZYyCzYxKISQUGQ8UF_DzxRlr_DEQL2jHOqZQdmv9g=s1024"",""caption"":null,""width"":2352,""height"":4160},{""id"":""CIHM0ogKEICAgIDb45HJbQ"",""url"":""https://lh3.googleusercontent.com/geougc-cs/AB3l90Ae22mgwpO2OTKZlvrUnxxY9Fpl5a-GOhZvGqMsPe5rKZUs2pPNBZh8NyV8aTWh1JgmypPWTiyTgfLt6itQ8HJDvvqB5LslNES8GDbCCtHm0lQs0bJXmjss-t1ww33pTW9TI0d9=s1024"",""caption"":null,""width"":2352,""height"":4160},{""id"":""CIHM0ogKEICAgIDb45HJ7QE"",""url"":""https://lh3.googleusercontent.com/geougc-cs/AB3l90DOT96remTqPSnMeQ3aVRIQVdKkeoPgEK4gpbuWifhr3Tgt392TKqAeR842_4g8kxV1JkhC93Q5EPREe2JUNu80hVLgxceIElm0nH71gghsjOWxo8W0H4JETg73-Zu_rcRtIoNT=s1024"",""caption"":null,""width"":2352,""height"":4160},{""id"":""CIHM0ogKEICAgIDb45HJHQ"",""url"":""https://lh3.googleusercontent.com/geougc-cs/AB3l90BBNGSZX-mXzThgp9HGppf3SshGo3Pl2mFp5YCMTSk3hEABA0XmOV1ssteaxLPYnZ5d21FAVTQMV2CpN4YqMXOc5gZg-48oCBGd_GBZHVl9jkyVnJGe-WHZZ8UlUMqG6zcVUn7n=s1024"",""caption"":null,""width"":2352,""height"":4160},{""id"":""CIHM0ogKEICAgIDb45HJnQE"",""url"":""https://lh3.googleusercontent.com/geougc-cs/AB3l90CKJhv8fiDC4oJJvyP0_87R_TjwZrvygWElNfMuSpr1fx73NXJ_FMV7Onbv2H6fJJrDzCTiI_4uIUef4og-4A7BoQgeyFkWyOft4loRb7eGK0v_sphYYE9yG4Wy5YTQhJxiaHtAnQ=s1024"",""caption"":null,""width"":2352,""height"":4160},{""id"":""CIHM0ogKEICAgIDb45HJXQ"",""url"":""https://lh3.googleusercontent.com/geougc-cs/AB3l90ABm86wWyrdPze1tuIlJgmLY83tgqpcsLa5KLkKrhXQNbK1Wm6bK2F3QoFFakTblyL_LA3OHITZCNJ2marYYjNzAgqUd-XJYA8ECrWejFig0zleFIMRH1EN1Jo4Ru6R1lNdAXKn=s1024"",""caption"":null,""width"":2352,""height"":4160},{""id"":""CIHM0ogKEICAgIDb45HJ3QE"",""url"":""https://lh3.googleusercontent.com/geougc-cs/AB3l90AgjWPdu-BF1VsgZqatwY9E1uV8c29PSpFXcyZplfQY_kP6Au3chrGrqaBeF8ZJILYIgsKJRB-p24Xz3IAu96OUJyxDNFnFPMxPInY4gal6viWiMAJgXpEWOlFp81IM32tYlp9k=s1024"",""caption"":null,""width"":2352,""height"":4160},{""id"":""CIHM0ogKEICAgIDb45HJPQ"",""url"":""https://lh3.googleusercontent.com/geougc-cs/AB3l90DojT6Ha5e8-dT-FbMb81OvGO2gto-QfmHetpn7IfjCBW5bqZsUjXPpWEFQIvzxU0ko28YHzfCT64r9mAovmCZ6kc4n2r09LCVQlW19NlGgSF7pRLho1JNVH5pgRJ-wjGEki7Bx=s1024"",""caption"":null,""width"":2352,""height"":4160},{""id"":""CIHM0ogKEICAgIDb45HJvQE"",""url"":""https://lh3.googleusercontent.com/geougc-cs/AB3l90Ck4ZyVUusKYmAhxPWO2XaV48fmommqdKNOnvgm3MkE0VJMivGaNhR0ydxYbEOEFRV8THdMIMIrH7Ib18wOHBCNq8y7LpmedX7klLucNdKrLihHnMQO9mICWnAS4plZGOxqIyM_MQ=s1024"",""caption"":null,""width"":2352,""height"":4160},{""id"":""CIHM0ogKEICAgIDb45HJfQ"",""url"":""https://lh3.googleusercontent.com/geougc-cs/AB3l90CLP4Xai_dWqIAPKvAQ8UnJC7nSOITJR_bJ92pS6v4kzi0or5IP_f5n1N-j19Ansyb8ccmFV7yxtbZw2L-CPnKndmxoa5IFPC5FOGwEjFQcFrFNx_OOZLO2GH3zuOyMbAyKY3-y=s1024"",""caption"":null,""width"":2352,""height"":4160},{""id"":""CIHM0ogKEICAgIDb45HJ_QE"",""url"":""https://lh3.googleusercontent.com/geougc-cs/AB3l90AHYB3LpWO454UrSa7OW7Adkxyw4N6sF-7sELLqJHnNR-9xTD8oiWwoE9OtCrg3fmZwQZa4ACOXzkEoAGmpxzFUpefkPgpRI0H1ZmvfXESbP_GXfQ0NYBAvDiaosgZja078qWQ6qg=s1024"",""caption"":null,""width"":2352,""height"":4160},{""id"":""CIHM0ogKEICAgIDb45HJAw"",""url"":""https://lh3.googleusercontent.com/geougc-cs/AB3l90A3HQpVj_85VS2lNff1KeagiAJmUpelV7Wls6U-tYxR31vUxz2iAn5WFTHJyRu8ogKmF2d06fEcv7mVspKXdmn62ZKdWx7I4TlfYbHx3DoxmJLCkiCJB9rdVoqAQqFghln9TBU=s1024"",""caption"":null,""width"":2352,""height"":4160},{""id"":""CIHM0ogKEICAgIDb45HJgwE"",""url"":""https://lh3.googleusercontent.com/geougc-cs/AB3l90D6I6IYcwbTh2TgKZtskojDlFB9RFiu3guFq742GA1Vz9JDr6NYcDAm74z0uipQak7mghDdjlFoPic85i0il9jhiOo_TJ_MDGQRuoMwUrVoK2h1U6lsmrsyFId93ykEqC6RqXIs2Q=s1024"",""caption"":null,""width"":2352,""height"":4160},{""id"":""CIHM0ogKEICAgIDb45HJQw"",""url"":""https://lh3.googleusercontent.com/geougc-cs/AB3l90BRBw3ycRnX4mDXINGN24pkx2QgJ5lCHBZeQzqbVLLz9U9LKxACurDMflG6WdXsEjQb0snWrEWT3f3VwJDeXwvHOPXeZ2ZcQtEXcy1upENJnNZHTlBQEDz_ghnaZ_uSqoeNscxI=s1024"",""caption"":null,""width"":2352,""height"":4160},{""id"":""CIHM0ogKEICAgIDb45HJwwE"",""url"":""https://lh3.googleusercontent.com/geougc-cs/AB3l90D4zcj_K8X97rpM59pEa3UCPt0vN5BgpX0lLRMVbEKwMVJoi0LCl9t1d9HYD3MW8_6Gg-nTK2EY977CeeSq77NnIk2YdtwDVO4UCW1LbabqhHMRAVq9MEVvgxnmiv525Z7olL7Mzw=s1024"",""caption"":null,""width"":2352,""height"":4160},{""id"":""CIHM0ogKEICAgIDb45HJIw"",""url"":""https://lh3.googleusercontent.com/geougc-cs/AB3l90ANSy828xJpjMsnpA9BHcZS1LBIDwFCd2Xm4xpyNkQoSxVb-cZ8Ux1t-Y5XaO4h4R2eMhrJFhOf5BrAbCDMPDfWTR6PdTciOq76gN2OsIQ2_OAHp-vvFn-Zc1JwVtGSiRF5xq5b=s1024"",""caption"":null,""width"":2352,""height"":4160}]"
ChIJDS4hB0TB2S0RcdtKRJykqco,Pantai galaman,ChZDSUhNMG9nS0VJQ0FnSURFMUstVUhBEAE,https://www.google.com/maps/reviews/data=!4m8!14m7!1m6!2m5!1sChZDSUhNMG9nS0VJQ0FnSURFMUstVUhBEAE!2m1!1s0x0:0xcaa9a49c444adb71!3m1!1s2@1:CIHM0ogKEICAgIDE1K-UHA%7CCgwI7cuj6AUQuIeUgwI%7C?hl=id,Wajid Abdulloh ali,102223921975033230932,https://www.google.com/maps/contrib/102223921975033230932?hl=id,5,Pondok pesantren baru yg baru d buka pada tahun 2019,6 tahun lalu,2019-06-18T13:18:37,,,,29,21,1,,,[],"[{""id"":""CIHM0ogKEICAgIDEtMLioAE"",""url"":""https://lh3.googleusercontent.com/geougc-cs/AB3l90D3Dgm33g97NZiZEvKvUojhPKAm545_UYtbHP0ONLy9NRn0ZtySSdSb0OaDkyZzemtzXiwnL5bgXaG6d6InZcDmAOY0YDxv_zz5hycHXRf2yeqM04iKlR-iCD7VvJCLtttDTl9g9g=s1024"",""caption"":null,""width"":720,""height"":405},{""id"":""CIHM0ogKEICAgIDEtIK8GQ"",""url"":""https://lh3.googleusercontent.com/geougc-cs/AB3l90DFgG2veQnjzOdlZp-B6l70OAULvV6fq9dcETyljTMamBlN3HAnprvEud2SirRHSxIfLygWaGJeRGkFKWLGLOXLqS-BBo5N_02rvaYHSAv6EDr9RQJeewRSnK7SgNC9sN_-Ysg=s1024"",""caption"":null,""width"":720,""height"":540},{""id"":""CIHM0ogKEICAgIDEtKK4xgE"",""url"":""https://lh3.googleusercontent.com/geougc-cs/AB3l90C9YXOL_W8zUA_4EN49sk14BvLIQDWwC4KSJ226Gkzr3VCzCA4ab5JWY03POaed_Ogi88FOMpxXFt4c2v7-w0HCvF4KSzHHk3T5Ii0txMkLUyu1URW9iVqy2C5nS6_xBdjEXdxfOw=s1024"",""caption"":null,""width"":1280,""height"":960}]"
ChIJDS4hB0TB2S0RcdtKRJykqco,Pantai galaman,ChdDSUhNMG9nS0VJQ0FnSUR5M0lISW13RRAB,https://www.google.com/maps/reviews/data=!4m8!14m7!1m6!2m5!1sChdDSUhNMG9nS0VJQ0FnSUR5M0lISW13RRAB!2m1!1s0x0:0xcaa9a49c444adb71!3m1!1s2@1:CIHM0ogKEICAgIDy3IHImwE%7CCgwIjYLrgQYQyITdygE%7C?hl=id,Mohammad Zafradi Wagiono,114836218113944850173,https://www.google.com/maps/contrib/114836218113944850173?hl=id,4,"Pantainya bagus, masih asri dan dekat sekali dengan jalan raya alias jalan utama pantai utara",4 tahun lalu,2021-02-27T22:00:34,,,,100,503,1,,,[],[]
ChIJDS4hB0TB2S0RcdtKRJykqco,Pantai galaman,Ci9DQUlRQUNvZENodHljRjlvT21wNFpuTXpPSFJQUVMwelozbGlia0ZSY0hrdFUzYxAB,https://www.google.com/maps/reviews/data=!4m8!14m7!1m6!2m5!1sCi9DQUlRQUNvZENodHljRjlvT21wNFpuTXpPSFJQUVMwelozbGlia0ZSY0hrdFUzYxAB!2m1!1s0x0:0xcaa9a49c444adb71!3m1!1s2@1:CAIQACodChtycF9oOmp4ZnMzOHRPQS0zZ3libkFRcHktU3c%7C0ckKvrcDO8a%7C?hl=id,budi susilo,114407715814436339153,https://www.google.com/maps/contrib/114407715814436339153?hl=id,4,Sepi,sebulan lalu,2025-09-10T11:20:23,,,,216,273,1,,,[],[]
ChIJDS4hB0TB2S0RcdtKRJykqco,Pantai galaman,ChdDSUhNMG9nS0VJQ0FnSUNCLXZEbnBBRRAB,https://www.google.com/maps/reviews/data=!4m8!14m7!1m6!2m5!1sChdDSUhNMG9nS0VJQ0FnSUNCLXZEbnBBRRAB!2m1!1s0x0:0xcaa9a49c444adb71!3m1!1s2@1:CIHM0ogKEICAgICB-vDnpAE%7CCgwI4-qVnQYQqODd4wI%7C?hl=id,Dhani MDR,117463901560287752842,https://www.google.com/maps/contrib/117463901560287752842?hl=id,4,"Suka banget lingkungannya bersih, sesuai untuk aktivitas sore hari dan berjemur di pagi hari",2 tahun lalu,2022-12-23T09:31:15,,,,21,4,1,,,[],[]
ChIJDS4hB0TB2S0RcdtKRJykqco,Pantai galaman,ChZDSUhNMG9nS0VJQ0FnTUNBbF95R0NREAE,https://www.google.com/maps/reviews/data=!4m8!14m7!1m6!2m5!1sChZDSUhNMG9nS0VJQ0FnTUNBbF95R0NREAE!2m1!1s0x0:0xcaa9a49c444adb71!3m1!1s2@1:CIHM0ogKEICAgMCAl_yGCQ%7CCgsIzuWLvQYQqJHmUw%7C?hl=id,sinal arifin,112358676506695195879,https://www.google.com/maps/contrib/112358676506695195879?hl=id,5,Mampir,8 bulan lalu,2025-02-05T05:10:38,,,,2,9,,,,"[{""name"":""Waktu antrean"",""value"":""30-60 mnt""},{""name"":""Sebaiknya buat reservasi"",""value"":""Ya""}]","[{""id"":""CIHM0ogKEICAgMCAl_yGyQE"",""url"":""https://lh3.googleusercontent.com/geougc-cs/AB3l90B6I2g7ZgCjVyOb-wAMAirnnBsXbKkq8ciyFIwpW5T0FSQyc0rIuuLAQ2mE-ZzflcpKxbwJMwu51xq4Kl2BvLYsl_YeCL6iCY3vOUCZ7-at_M9i-xR6SNTraTyJBQN_CK-0ZK5QRw=s1024"",""caption"":null,""width"":1080,""height"":1920}]"
ChIJDS4hB0TB2S0RcdtKRJykqco,Pantai galaman,ChZDSUhNMG9nS0VJQ0FnSUNVdk5UYlhBEAE,https://www.google.com/maps/reviews/data=!4m8!14m7!1m6!2m5!1sChZDSUhNMG9nS0VJQ0FnSUNVdk5UYlhBEAE!2m1!1s0x0:0xcaa9a49c444adb71!3m1!1s2@1:CIHM0ogKEICAgICUvNTbXA%7CCgwI65nP6QUQsJK2gwE%7C?hl=id,LM Official,103284268248180441365,https://www.google.com/maps/contrib/103284268248180441365?hl=id,5,Tempatnya sangat bagus dan merupakan pangkalan perahu nelayan,6 tahun lalu,2019-07-21T02:24:43,,,,2,3,,,,[],[]
ChIJOw9R-xPf2S0RnBsC7rY2t_U,Pantai Batu Sulung,Ci9DQUlRQUNvZENodHljRjlvT2tkellYbDNiVlJqYkdNNVRYVTFiVnB1WVdvMk1VRRAB,https://www.google.com/maps/reviews/data=!4m8!14m7!1m6!2m5!1sCi9DQUlRQUNvZENodHljRjlvT2tkellYbDNiVlJqYkdNNVRYVTFiVnB1WVdvMk1VRRAB!2m1!1s0x0:0xf5b736b6ee021b9c!3m1!1s2@1:CAIQACodChtycF9oOkdzYXl3bVRjbGM5TXU1bVpuYWo2MUE%7C0cKvAuQ665l%7C?hl=id,M. Zulfiyan Alamsyah,116660086725211162965,https://www.google.com/maps/contrib/116660086725211162965?hl=id,5,"Menikmati senja, menunggu maghrib datang",3 bulan lalu,2025-06-22T07:38:34,,,,75,266,1,,,"[{""name"":""Waktu kunjungan"",""value"":""Hari biasa""},{""name"":""Waktu antrean"",""value"":""Tanpa mengantre""},{""name"":""Sebaiknya buat reservasi"",""value"":""Tidak""}]","[{""id"":""CIABIhBnvd1341lzBDYodnDA3qlw"",""url"":""https://lh3.googleusercontent.com/geougc-cs/AB3l90BaNpJtKbNNNMsNKPsOKuqFdpY42Nvb0_4f_U4b7JiT0l-W9Hwkix5TSL_dtlkeEXkb2xxwZjOUca_EzBjLS3IeBDyI5Xr6g6zttw05NJFr_zLj97hCZI8cR48_mgqvab2j31u5e9a1W1Ue=s1024"",""caption"":null,""width"":3000,""height"":4000},{""id"":""CIABIhDC3H4Hj9HoaOhMmbmYZeuY"",""url"":""https://lh3.googleusercontent.com/geougc-cs/AB3l90CjRI4Ip55v9A2DhMwCr2-MCvtMEfZVuiE_hFh3xcBKZdoZSVgVuaNNlvFQw0gB8D46oazXyBHc4D5b0usjebwMAVxHcwyDw1geC3K3a3sL3E9Cto1Nlxv98jZJjp-HcoB02n7r61P8ExqF=s1024"",""caption"":null,""width"":2160,""height"":3840},{""id"":""CIABIhDzeo_sgSKWGucYRTWGn2E0"",""url"":""https://lh3.googleusercontent.com/geougc-cs/AB3l90D2Fe92_0dE6vz_Z4Z4cJ1UYXSG3ZmlwKVjasiUI0El8naRBB2vha7QZDLLXlprC8ySF5fDXIWv8-naVi6s9zo3pb02koXNAuE5GgCNkv17SiaYGV2WgW2y8svuEwMWzWxKTSXRESR7wvzd=s1024"",""caption"":null,""width"":1080,""height"":1920},{""id"":""CIABIhDbk_NmYrDqkunr6Yuihtjr"",""url"":""https://lh3.googleusercontent.com/geougc-cs/AB3l90Alk7QSghTQa-9-_MJRjkeLxZZX0WvYE-lsdSHWmvV2lG6GfClfmT363VYQjEgGE1qhUBXiuroQmZx2B783eU96NNQyF0_cqY3jvKUB5_fKlSGOwQmGhOiXxnvBV3yB96wa6L5fcEa8GJM=s1024"",""caption"":null,""width"":2160,""height"":3840},{""id"":""CIABIhC-N1m5ZEXbp1VeDkKwu0_w"",""url"":""https://lh3.googleusercontent.com/geougc-cs/AB3l90AiZFu-OSo-wOuTfrnQJmHqGg4DZV72Y9xIa1NUCIQObBUwHDj06OaqUf7lZKmEaeS-n-ObkqessuhuhkDLVDN_NlKz2WYIp2a4fHoj1Ihrg-ryybOVZG2PKgfgmOZ-_gMqKSr2JJ5QMco2=s1024"",""caption"":null,""width"":2160,""height"":3840},{""id"":""CIABIhAnKG_B85biN0T8iG1fGXe3"",""url"":""https://lh3.googleusercontent.com/geougc-cs/AB3l90A857CDew0zXOmIafQcQKuSwq5MpShJGT51yYnzMouu39UTPXvFpmNAfkKguOHXFDNndzcEtpRn874TRu6TnZtTc_x3Squ_ygIalmponqaIbFECEgmPqVLrI8EtXx5qSV11Q14CniXYprRV=s1024"",""caption"":null,""width"":2160,""height"":3840}]"
ChIJOw9R-xPf2S0RnBsC7rY2t_U,Pantai Batu Sulung,ChZDSUhNMG9nS0VJQ0FnSUN3dHF2SkhnEAE,https://www.google.com/maps/reviews/data=!4m8!14m7!1m6!2m5!1sChZDSUhNMG9nS0VJQ0FnSUN3dHF2SkhnEAE!2m1!1s0x0:0xf5b736b6ee021b9c!3m1!1s2@1:CIHM0ogKEICAgICwtqvJHg%7CCgwIweif1gUQgOnJ1gE%7C?hl=id,RnT,109794773690946878705,https://www.google.com/maps/contrib/109794773690946878705?hl=id,4,Ciri khas dari Pantai Batu Sulung adalah batu besar berwarna hitam kecoklatan yang berongga seperti goa. Pantai yang masih alami dengan hamparan batu karang sepanjang pantai. Kalau mau ke sini kendaraan harus dititipkan di rumah penduduk setempat karena belum ada akses menunju pantai. Kita harus berjalan kaki melewati jalan setapak menurun sekitar 5-10 menit.,Diedit 7 tahun lalu,2018-01-21T21:31:08,,,,96,843,1,,,[],"[{""id"":""CIHM0ogKEICAgIDE8IzfNA"",""url"":""https://lh3.googleusercontent.com/geougc-cs/AB3l90ArELKjPaCJ_mPwfgfe4G2-LhYzWZsrDf0LHXuU2SVRbmuFtMTWmflam1xC57WJHAP2w835ljsd1YXy_c4yuw8YsTC-B0Dir6Ci070dpcxhbXt2Ftx3WYAdEm4cGtJ0_Sxfi1ML=s1024"",""caption"":null,""width"":4128,""height"":3096},{""id"":""CIHM0ogKEICAgIDE8IyHpAE"",""url"":""https://lh3.googleusercontent.com/geougc-cs/AB3l90BFRmi1RP_hfHsErpgbbm4dIPOkVqZ1uBNJ_itOKUKFtS24K3rENldvEh84ITosmCEDY8BuA5krvEFrqgesZCoL3znGxRCJkYIxbOIkblUkS3MdFAOjFdfosqZhZq_lLkYzOjzw=s1024"",""caption"":null,""width"":2048,""height"":1536},{""id"":""CIHM0ogKEICAgIDE8IyddA"",""url"":""https://lh3.googleusercontent.com/geougc-cs/AB3l90A9eLijZS807soz4TGBfJjrconbjlRSj2EOyXMO3nY1hZsbo2cMJSKWI2cBNbbI2QTTNjTGq_EdLe6__LWQ1pW9axT6eb1VqvTs0fbIE214y0EtqjFOO3EU92W24FF7dHiZ4nyE=s1024"",""caption"":null,""width"":2048,""height"":1536},{""id"":""CIHM0ogKEICAgIDE8Iz5Yg"",""url"":""https://lh3.googleusercontent.com/geougc-cs/AB3l90B7BQp0wBal_a0g1EhSFNylyTVm3M8mtn3Kj4LC7sKS5dwB9DIn1l69AwKnVPHUf4OEe_WbWL7vPtRT-dZdfYhT6UwM8FGhNJAZ6jKu5dkK88pithaoCCdyiU1MsBb6R2zLTtDz=s1024"",""caption"":null,""width"":2048,""height"":1536},{""id"":""CIHM0ogKEICAgIDE8Izx1wE"",""url"":""https://lh3.googleusercontent.com/geougc-cs/AB3l90DhY2ugqk9PS1c0wjb1JbyAbHkBb0FZkWmgTQVlIYyDI5AAHQELoWAxoagAVhjoXUgrwYtLdc73mARj6zg2eVL-dN3whh8JWvqGqTdwz42zhqQMq8T-HaHYEu-UkqPspFoswhaVqg=s1024"",""caption"":null,""width"":2048,""height"":1536},{""id"":""CIHM0ogKEICAgIDE8MyIRA"",""url"":""https://lh3.googleusercontent.com/geougc-cs/AB3l90DHAjcB9dMmPOxDluTtz1TRtoytOaLwRC6dvwTttrZaJSGZOmVZJ2uKeXlG6vvYZCPi-g5MX6_CuSP81nUSFC2NoGvQoC7Tgqd4awSfT9nUWBvKi0eTsE4efPFWcBpIla5NXGyU=s1024"",""caption"":null,""width"":2048,""height"":1536}]"
ChIJOw9R-xPf2S0RnBsC7rY2t_U,Pantai Batu Sulung,Ci9DQUlRQUNvZENodHljRjlvT2tJMVEzcGpkVVpRU2tOb1Vtc3RMV05WTVZKQlNtYxAB,https://www.google.com/maps/reviews/data=!4m8!14m7!1m6!2m5!1sCi9DQUlRQUNvZENodHljRjlvT2tJMVEzcGpkVVpRU2tOb1Vtc3RMV05WTVZKQlNtYxAB!2m1!1s0x0:0xf5b736b6ee021b9c!3m1!1s2@1:CAIQACodChtycF9oOkI1Q3pjdUZQSkNoUmstLWNVMVJBSmc%7C0cl06kPrlv1%7C?hl=id,IMAM HABIBI KOHLER,108060346194726394264,https://www.google.com/maps/contrib/108060346194726394264?hl=id,5,perlu ada akses khusus,sebulan lalu,2025-09-12T12:28:32,,,,460,915,1,,,"[{""name"":""Waktu kunjungan"",""value"":""Hari biasa""},{""name"":""Waktu antrean"",""value"":""Tanpa mengantre""},{""name"":""Sebaiknya buat reservasi"",""value"":""Tidak""}]",[]
ChIJOw9R-xPf2S0RnBsC7rY2t_U,Pantai Batu Sulung,ChZDSUhNMG9nS0VJQ0FnSURZN0lpek9BEAE,https://www.google.com/maps/reviews/data=!4m8!14m7!1m6!2m5!1sChZDSUhNMG9nS0VJQ0FnSURZN0lpek9BEAE!2m1!1s0x0:0xf5b736b6ee021b9c!3m1!1s2@1:CIHM0ogKEICAgIDY7IizOA%7CCgwI0JS2gwYQwK-2ugM%7C?hl=id,Farid,101772159038422410538,https://www.google.com/maps/contrib/101772159038422410538?hl=id,5,Nyaman untuk bersantay bersama orang terdekat,Diedit 4 tahun lalu,2019-05-02T23:23:11,,,,1,8,,,,[],"[{""id"":""CIHM0ogKEICAgICK_rrf8QE"",""url"":""https://lh3.googleusercontent.com/geougc-cs/AB3l90DLYVZYXZn7cPNZ98HcXapy-VjYcChI7KlKBy0ZoFFP8G-wSrCf-AwsQlNtyDlD2xpK7jNyX0QGR-MqjZflEzXlPdlTzywKv4lJw5GyVnrkZxK48e0kOuKKpGppXIg1IrSImboX=s1024"",""caption"":null,""width"":8372,""height"":1911},{""id"":""CIHM0ogKEICAgICK_rrfCQ"",""url"":""https://lh3.googleusercontent.com/geougc-cs/AB3l90BNmole6tOkImTXweKd-krRRDia69lkJH5RO5s9PBI1yo01Do9SKgSmVXwZAU0hEBMapidtZJJ5vjFXGuPW4FBIdxRVA2e80oZZxqO9NxsmLCJBUpuAEE7KDxpx_n5VviAfWh1w=s1024"",""caption"":null,""width"":8162,""height"":1960}]"
ChIJOw9R-xPf2S0RnBsC7rY2t_U,Pantai Batu Sulung,ChZDSUhNMG9nS0VJQ0FnSUN3bXQyMFRBEAE,https://www.google.com/maps/reviews/data=!4m8!14m7!1m6!2m5!1sChZDSUhNMG9nS0VJQ0FnSUN3bXQyMFRBEAE!2m1!1s0x0:0xf5b736b6ee021b9c!3m1!1s2@1:CIHM0ogKEICAgICwmt20TA%7CCgwIuJfz1QUQgL7DvgI%7C?hl=id,Habibah Bebh,105073786166604078315,https://www.google.com/maps/contrib/105073786166604078315?hl=id,5,Cukup bagus pemandangannya,7 tahun lalu,2018-03-29T11:19:20,,,,2,1,,,,[],"[{""id"":""CIHM0ogKEICAgID44d7LLg"",""url"":""https://lh3.googleusercontent.com/geougc-cs/AB3l90DCawV6TDVfdWHnxO7H8z2yNh2OXmxD9GKChR4A83GovpUFR1_80et_opSKYrir8LnBHsZqjjMsYfi3jpiMnmUt6E5wrSEnjJXfOiG8iQR6-kGO3XbUst18SnzDsUzMCi9UfJIL=s1024"",""caption"":null,""width"":1932,""height"":2576}]"
ChIJOw9R-xPf2S0RnBsC7rY2t_U,Pantai Batu Sulung,ChdDSUhNMG9nS0VJQ0FnSUNBemZMRF9RRRAB,https://www.google.com/maps/reviews/data=!4m8!14m7!1m6!2m5!1sChdDSUhNMG9nS0VJQ0FnSUNBemZMRF9RRRAB!2m1!1s0x0:0xf5b736b6ee021b9c!3m1!1s2@1:CIHM0ogKEICAgICAzfLD_QE%7CCgwItp-j1AUQwOzqlAM%7C?hl=id,ahmad iying,100879131924339680000,https://www.google.com/maps/contrib/100879131924339680000?hl=id,5,"Ada sebuah makam tg punya nilai sejarah tinggi. Menurut cerita masyarakat setempat, makam tersebut masih kerabat dekat dari raja Sumenep.",7 tahun lalu,2018-02-18T00:57:07,,,,15,29,1,,,[],[]
ChIJOw9R-xPf2S0RnBsC7rY2t_U,Pantai Batu Sulung,ChdDSUhNMG9nS0VJQ0FnSURBdzh5cHNBRRAB,https://www.google.com/maps/reviews/data=!4m8!14m7!1m6!2m5!1sChdDSUhNMG9nS0VJQ0FnSURBdzh5cHNBRRAB!2m1!1s0x0:0xf5b736b6ee021b9c!3m1!1s2@1:CIHM0ogKEICAgIDAw8ypsAE%7CCgwIxPqyzQUQgICS9AE%7C?hl=id,Fanza Chanel,110441704330043169005,https://www.google.com/maps/contrib/110441704330043169005?hl=id,5,"Pantai Batu Sulung adalah sebuah pantai yang masih asri dan belum tersentuh oleh investor manapun, sehingga nuansa dari pantai ini masih alami. Pantai ini ada di Desa Karduluk Kecamatan Pragaan Kabupaten Sumenep",Diedit 8 tahun lalu,2017-03-15T05:34:19,,,,44,5,1,,,[],[]
ChIJOw9R-xPf2S0RnBsC7rY2t_U,Pantai Batu Sulung,ChdDSUhNMG9nS0VJQ0FnSUMydV9MUnV3RRAB,https://www.google.com/maps/reviews/data=!4m8!14m7!1m6!2m5!1sChdDSUhNMG9nS0VJQ0FnSUMydV9MUnV3RRAB!2m1!1s0x0:0xf5b736b6ee021b9c!3m1!1s2@1:CIHM0ogKEICAgIC2u_LRuwE%7CCgwI9qmtkwYQuMD6rgI%7C?hl=id,El_die putra Sumadi,108448476803284823864,https://www.google.com/maps/contrib/108448476803284823864?hl=id,4,"Mantip, pesonanya akan memanjakan mata anda, gak perlu fee buat beli tiket,  cuman jalurnya agak curam.recomended buat yang lagi kere ",3 tahun lalu,2022-04-28T20:52:08,,,,56,135,1,,,[],"[{""id"":""CIHM0ogKEICAgIC2--zygQE"",""url"":""https://lh3.googleusercontent.com/geougc-cs/AB3l90APg6p4un8ZsRFR66F-ZxLT350A0v7iXHQCpLVEIPf66oydk0fESmVaLQckqqpdFa8cdOjAMFLQWV9nfs9pCQjpkapv3SovCE_t25o5gbyca85JXWIqQTf_gaqBIc-fHalmUieZpg=s1024"",""caption"":""Sunrise from batu sulung unfilter"",""width"":3120,""height"":4160}]"
ChIJ8bz-PXfi2S0Rd5LwOVSmz14,Pantai Kundang Wetan,ChdDSUhNMG9nS0VJQ0FnSUNVc3BqQXVBRRAB,https://www.google.com/maps/reviews/data=!4m8!14m7!1m6!2m5!1sChdDSUhNMG9nS0VJQ0FnSUNVc3BqQXVBRRAB!2m1!1s0x0:0x5ecfa65439f09277!3m1!1s2@1:CIHM0ogKEICAgICUspjAuAE%7CCgwI2__Y6QUQ8NOvhQE%7C?hl=id,DAT.,102022561147821300638,https://www.google.com/maps/contrib/102022561147821300638?hl=id,5,Pantai yang bagus dengan segala keindahannya dan memiliki daya tarik tersendiri bagi penggemar swafoto.,6 tahun lalu,2019-07-22T22:59:39,,,,362,3460,1,,,[],"[{""id"":""CIHM0ogKEICAgICUsoTb7wE"",""url"":""https://lh3.googleusercontent.com/geougc-cs/AB3l90B7a3Ch4HuIz6csrRB3UtJsbyNhWG0p91pyFeNhISVCWgdSqI_vzLDK6wXtv7ZJ46nEDJp93I0FwA7wXM1TiF28WwL4LbDmvyPaq_teiXtISKOdIGwyPbVZ0OvK_qP9ilVwCHK1fQ=s1024"",""caption"":null,""width"":4000,""height"":2250},{""id"":""CIHM0ogKEICAgICUsqSZPw"",""url"":""https://lh3.googleusercontent.com/geougc-cs/AB3l90D-Ws_TiFQDW7IG_QZGwq271TcEpJL2C4WGbgtsEAwUw0iHoMz4rI9TVadLF_WrbPTX7CAZkEvkJip1rHuR3kN0Eh3ROc7WzCUTYAKMdMaVIXJoOyf-8RoJA2bdO1DSNXIiK49o=s1024"",""caption"":null,""width"":4000,""height"":2250},{""id"":""CIHM0ogKEICAgICUsuT1eg"",""url"":""https://lh3.googleusercontent.com/geougc-cs/AB3l90BklSeH0C-T3NylbqmQnvjptdHQfG9xLfdkzfQBaPzk_3jeON2T4zpFLi42I4_iME2lflUFhhzBrfGqtOb8x2A5xUAdcqnvt0iEswgGLjujxyskOulEzMZUbzPhAuivbfn-2YyZ=s1024"",""caption"":null,""width"":4000,""height"":2250},{""id"":""CIHM0ogKEICAgICUstSClgE"",""url"":""https://lh3.googleusercontent.com/geougc-cs/AB3l90DEfS8MeyLdJIr1doHtevaYVfc46Vr5E-K1ZmFvH8OkkriXKgwH66_XQmLsOe8rNgRPaN3wyhhM3NEa3ne-dEsbdbeiMqvSu58mTIT6s_tAiCXvICA7alqh8ZnNAWtxCujCM4B1=s1024"",""caption"":null,""width"":4000,""height"":2250},{""id"":""CIHM0ogKEICAgICUstSCrQE"",""url"":""https://lh3.googleusercontent.com/geougc-cs/AB3l90DTNcPWg01auLYys12v9rO7TQT8hCiI590BO_fxGlyMOO_Z_T3EO94aqDp6_Jq4fg9fZy1abIg1d0drwqut62qmUCVx9D3OrogzEwerYyUvcWKPopN7It1OfjIr9cybSulSfnDqGg=s1024"",""caption"":null,""width"":4000,""height"":2250},{""id"":""CIHM0ogKEICAgICUsvS7Rw"",""url"":""https://lh3.googleusercontent.com/geougc-cs/AB3l90D3HglUuJ-SGBrXb-2hbZSHVgeydXU1qk9coRfIHlH3WbOgeK7X9haHMynlKd3OIU4lmIYiXRv7lCvmBeZYZB6rhDSvEFmSvJDB8CPyOLVvXflmSfuaiyn0Bwez5ObHInpqHpc=s1024"",""caption"":null,""width"":4000,""height"":2250}]"
ChIJ8bz-PXfi2S0Rd5LwOVSmz14,Pantai Kundang Wetan,ChZDSUhNMG9nS0VJQ0FnSUR4OXZ1b1lnEAE,https://www.google.com/maps/reviews/data=!4m8!14m7!1m6!2m5!1sChZDSUhNMG9nS0VJQ0FnSUR4OXZ1b1lnEAE!2m1!1s0x0:0x5ecfa65439f09277!3m1!1s2@1:CIHM0ogKEICAgIDx9vuoYg%7CCgwIvfWEpAYQwNPjpwM%7C?hl=id,putri kashogi,105403040609775340926,https://www.google.com/maps/contrib/105403040609775340926?hl=id,5,"Pantai Kundang Wetan Kecamatan Saronggi Kabupaten Sumenep, perlu untuk di revitalisasi bilamana diperlukan unt bisa bermanfaat bagi penduduk sekitar dan para wisatawan..
Karena belum dioptimalkan mgkin jga krn terkendala anggaran biaya unt Pariwisata daerah Sumenep..
Tp pantai nya hnya ccok unt ambil Video bilamana Matahari Terbit sangat bagus..selebih nya masih Minim Fasilitas..
Perlu diketahui dsana jga ada Makam Tertulis di Nisan nya Bujuk Panglema atau Ukiran Nama Sa'una..sya Tdk faham..tp Ok lah hnya sbg pengetahuan saja..",2 tahun lalu,2023-06-08T02:19:41,,,,3,16,1,,,"[{""name"":""Waktu kunjungan"",""value"":""Hari biasa""},{""name"":""Waktu antrean"",""value"":""Tanpa mengantre""},{""name"":""Sebaiknya buat reservasi"",""value"":""Tidak""}]",[]
ChIJ8bz-PXfi2S0Rd5LwOVSmz14,Pantai Kundang Wetan,ChZDSUhNMG9nS0VJQ0FnSUNvc2JuNUhnEAE,https://www.google.com/maps/reviews/data=!4m8!14m7!1m6!2m5!1sChZDSUhNMG9nS0VJQ0FnSUNvc2JuNUhnEAE!2m1!1s0x0:0x5ecfa65439f09277!3m1!1s2@1:CIHM0ogKEICAgICosbn5Hg%7CCgwI5NOy4wUQ6N-GjQE%7C?hl=id,Dhe Yoexs,112892464755488038963,https://www.google.com/maps/contrib/112892464755488038963?hl=id,5,Wisata pantainya masih alami,6 tahun lalu,2019-02-20T01:14:12,,,,11,29,1,,,[],"[{""id"":""CIHM0ogKEICAgID429r7Dg"",""url"":""https://lh3.googleusercontent.com/geougc-cs/AB3l90Cu7KEgTTNvincUdxGGcgzk7R21hnxcprt6zNxUuKwJB71pp76Tnod2DIaa3sN80884ZhrpxgPLbv0OGKxJn5XQD680UEQ1Kk6vRCFv-D2XHS6xV3tEXFGpntMoGDsD-Rp2BJyY=s1024"",""caption"":null,""width"":4000,""height"":2250},{""id"":""CIHM0ogKEICAgID429r7zgE"",""url"":""https://lh3.googleusercontent.com/geougc-cs/AB3l90AoGDSzIlCVTS9lkxBpcGPDZbCwwaCmy327yWOUWhKi8YC38pQamXEVNuZ3Yn14fPnv-5z7IJ2MCa6WRTx1cC5FUhhsGzt8muUBo_eCfwl998Y-wy4Ab15zZygHIaqib6MaQqv-5Q=s1024"",""caption"":null,""width"":4000,""height"":2250},{""id"":""CIHM0ogKEICAgID429r7gQE"",""url"":""https://lh3.googleusercontent.com/geougc-cs/AB3l90DXjXXTug9COLoHsWqVVntJdhYKYZ0EpvJDXkXRbkwnHYDXHkxDRLJ6oqAHWBEaXWsxNmdXF7xUJYkvMHcnpM3iURXc-B7d1oy9tYsojpN4RRcMtK42yY8bcvJi6Fs2ptHFwaLY=s1024"",""caption"":null,""width"":4000,""height"":2250}]"
ChIJ8bz-PXfi2S0Rd5LwOVSmz14,Pantai Kundang Wetan,ChZDSUhNMG9nS0VJQ0FnSURpd3BDUkR3EAE,https://www.google.com/maps/reviews/data=!4m8!14m7!1m6!2m5!1sChZDSUhNMG9nS0VJQ0FnSURpd3BDUkR3EAE!2m1!1s0x0:0x5ecfa65439f09277!3m1!1s2@1:CIHM0ogKEICAgIDiwpCRDw%7CCgwI1_2P_gUQkJvGkgI%7C?hl=id,moh.mansur -,117511384953287692694,https://www.google.com/maps/contrib/117511384953287692694?hl=id,4,Indah dan alami. Tarif tiket masuk gratis karena tidak ada yang mengelola. Recommended buat nambah koleksi foto pantai,4 tahun lalu,2020-11-29T20:02:11,,,,11,38,1,,,[],[]
ChIJ8bz-PXfi2S0Rd5LwOVSmz14,Pantai Kundang Wetan,ChZDSUhNMG9nS0VJQ0FnSURad2RYOEVBEAE,https://www.google.com/maps/reviews/data=!4m8!14m7!1m6!2m5!1sChZDSUhNMG9nS0VJQ0FnSURad2RYOEVBEAE!2m1!1s0x0:0x5ecfa65439f09277!3m1!1s2@1:CIHM0ogKEICAgIDZwdX8EA%7CCgwIg_XqqAYQ0JSPrAI%7C?hl=id,Xbun Tejo,108303291529075866900,https://www.google.com/maps/contrib/108303291529075866900?hl=id,3,"Rencana produk wisata desa yg belum siap di kelola
Hanya sebuah rencana dan realisasinya sangat minim",2 tahun lalu,2023-10-02T12:41:39,,,,1,0,,,,"[{""name"":""Waktu kunjungan"",""value"":""Hari biasa""},{""name"":""Waktu antrean"",""value"":""Tanpa mengantre""},{""name"":""Sebaiknya buat reservasi"",""value"":""Tidak""}]",[]
ChIJ8bz-PXfi2S0Rd5LwOVSmz14,Pantai Kundang Wetan,ChZDSUhNMG9nS0VJQ0FnSUNrODVHX1dBEAE,https://www.google.com/maps/reviews/data=!4m8!14m7!1m6!2m5!1sChZDSUhNMG9nS0VJQ0FnSUNrODVHX1dBEAE!2m1!1s0x0:0x5ecfa65439f09277!3m1!1s2@1:CIHM0ogKEICAgICk85G_WA%7CCgwIwo276AUQyPSJnwI%7C?hl=id,Taufikur Rahman,117772640538003122956,https://www.google.com/maps/contrib/117772640538003122956?hl=id,3,"Akses masuk gampang karena pinggir jalan raya tanjung, cuma kirang terawat. Banyak sampah berserakan dan sisa material bangunan. Tdk ada yg mengelola",6 tahun lalu,2019-06-23T00:24:34,,,,50,445,1,,,[],[]
ChIJ8bz-PXfi2S0Rd5LwOVSmz14,Pantai Kundang Wetan,ChdDSUhNMG9nS0VJQ0FnSUNZMy1HdnZRRRAB,https://www.google.com/maps/reviews/data=!4m8!14m7!1m6!2m5!1sChdDSUhNMG9nS0VJQ0FnSUNZMy1HdnZRRRAB!2m1!1s0x0:0x5ecfa65439f09277!3m1!1s2@1:CIHM0ogKEICAgICY3-GvvQE%7CCgwIpr2J5gUQuJzgkQI%7C?hl=id,rival vrades123,115152660307306292483,https://www.google.com/maps/contrib/115152660307306292483?hl=id,5,Tempatnya luas mempunyai peluang tinggi dalam dunia wisata masih dalm pengerjaan,6 tahun lalu,2019-04-26T01:28:06,,,,2,0,,,,[],[]
ChIJ8bz-PXfi2S0Rd5LwOVSmz14,Pantai Kundang Wetan,ChdDSUhNMG9nS0VJQ0FnSUNZb2FMV3lBRRAB,https://www.google.com/maps/reviews/data=!4m8!14m7!1m6!2m5!1sChdDSUhNMG9nS0VJQ0FnSUNZb2FMV3lBRRAB!2m1!1s0x0:0x5ecfa65439f09277!3m1!1s2@1:CIHM0ogKEICAgICYoaLWyAE%7CCgwIxsPC5QUQ0KzLvwI%7C?hl=id,NENG dan AA CHANNEL,104115513526176952270,https://www.google.com/maps/contrib/104115513526176952270?hl=id,5,Infonya ini CSR PLN pantai nya minimalis tapi iconic. Goodjob. Dijaga ya masyarakat,6 tahun lalu,2019-04-12T14:33:42,,,,245,181,1,,,[],[]
ChIJAQ92HdZb1y0RmUs1fsVwBGg,Pantai Pasir Panjang,Ci9DQUlRQUNvZENodHljRjlvT25Rd00yMWtZMmxJTlRWMkxYaGtaWGx6U0VaTlFXYxAB,https://www.google.com/maps/reviews/data=!4m8!14m7!1m6!2m5!1sCi9DQUlRQUNvZENodHljRjlvT25Rd00yMWtZMmxJTlRWMkxYaGtaWGx6U0VaTlFXYxAB!2m1!1s0x0:0x680470c57e354b99!3m1!1s2@1:CAIQACodChtycF9oOnQwM21kY2lINTV2LXhkZXlzSEZNQWc%7C0cZX6akiES7%7C?hl=id,M. Mushthafa,106031446788430651653,https://www.google.com/maps/contrib/106031446788430651653?hl=id,5,"Di ujung Gili Genting, selain pantai kahuripan yang bertebing, ada pantai berpasir yang juga bisa dinikmati. Panjangnya memang tak bisa dibandingkan dengan panjangnya pantai Lombang. Tapi tempatnya yang di ujung pulau, cukup terpencil, sepi, dan masih cukup perawan, menjadi daya tarik tersendiri. Hanya memang jalan aksesnya ke titik ini masih tidak terbuka dengan baik. Banyak semak belukar yang harus dilewati.",2 bulan lalu,2025-08-05T07:45:34,,,,782,2931,1,,,[],"[{""id"":""CIABIhB7Uad5GPV50HOsFYdUdNRj"",""url"":""https://lh3.googleusercontent.com/geougc-cs/AB3l90CdsX_nUYW0uyxDCZHwyOfk6ohyUfkYmgcvC9WPZxsDrods7ay0ubAgcMzAKpgcJ8ypBJGIxhuJjQSED16oknkenoWIpqxyMDawmmQaUZAJqLyDVfHfK_Nhuv4X2PKHZxIARq9PIcZPj6bb=s1024"",""caption"":null,""width"":3280,""height"":1848},{""id"":""CIABIhAY5ptN-ioLb90BmOQzdMAr"",""url"":""https://lh3.googleusercontent.com/geougc-cs/AB3l90Bt0W17NiUUzbH01MAe0oGVJwxHkosUy80bJDB5VKCGUNef0sKpDndom5MVEZUuepAX3Q4IwxLYC-dC17r3Tzy--z5IYEKnu17yGZzoiPhFdDSsfbiJdrzvoHlfS0vC5vWGYnRxOLJE60vQ=s1024"",""caption"":null,""width"":3280,""height"":1848},{""id"":""CIABIhAWOW_v82ok6isAEnLMPVnV"",""url"":""https://lh3.googleusercontent.com/geougc-cs/AB3l90AevHYCMFwt3xZqhDZlaVx5uJKbYCXaRT2zZUCXbVUw59bVrKQSyE0XNtmVZw67xSx4GPBCMGq1mxDDsERyEl4ZfOs_zXI1h-fXcfXZ-6QPTgRgv9FygsP2Wc9yC23dqjmnKE3t3UIfD6I=s1024"",""caption"":null,""width"":3280,""height"":1848}]"
ChIJAQ92HdZb1y0RmUs1fsVwBGg,Pantai Pasir Panjang,ChdDSUhNMG9nS0VJQ0FnTUNZdnRiNDJnRRAB,https://www.google.com/maps/reviews/data=!4m8!14m7!1m6!2m5!1sChdDSUhNMG9nS0VJQ0FnTUNZdnRiNDJnRRAB!2m1!1s0x0:0x680470c57e354b99!3m1!1s2@1:CIHM0ogKEICAgMCYvtb42gE%7CCgwI2o_ewAYQoLOnyQM%7C?hl=id,Dani Leter,109578732151464948163,https://www.google.com/maps/contrib/109578732151464948163?hl=id,5,"Pantainya cantik bnget,airnya jernih bisa berenang juga",5 bulan lalu,2025-05-04T15:29:30,,,,2,3,,,,[],"[{""id"":""CIHM0ogKEICAgMCYvtb4eg"",""url"":""https://lh3.googleusercontent.com/geougc-cs/AB3l90BM09PdrQ-Quu9w5hg01Kk22G8CulXl_JbFeLVDeWAHD3SyzybA5Do2keuK2roQ9FI-nCJS7E5GXLw-PJHQesKVnsvxTtgEXuNSWGR6NEQLfgl3nc6aAIzVzlQDHMlHKfDkg6nQ=s1024"",""caption"":null,""width"":2250,""height"":4000},{""id"":""CIHM0ogKEICAgMCYvtb4-gE"",""url"":""https://lh3.googleusercontent.com/geougc-cs/AB3l90BBpmBXqSlMij7EOdjysw-7wmv34ljNLOUTUo1G26VYlEDI5TM92T_ctTYzTFO7Ut5qcKRz4nr26xT_8X0ttqdbPzWkYWYEQQX6pvpQQrHo9FSfgSIUkCAyV73qoLf9B7eO2Dl7Kw=s1024"",""caption"":null,""width"":4080,""height"":2296}]"
ChIJAQ92HdZb1y0RmUs1fsVwBGg,Pantai Pasir Panjang,Ci9DQUlRQUNvZENodHljRjlvT2xSa09FRlRaVXcwUzIxMVNETjZZVUZGWWpoVVNVRRAB,https://www.google.com/maps/reviews/data=!4m8!14m7!1m6!2m5!1sCi9DQUlRQUNvZENodHljRjlvT2xSa09FRlRaVXcwUzIxMVNETjZZVUZGWWpoVVNVRRAB!2m1!1s0x0:0x680470c57e354b99!3m1!1s2@1:CAIQACodChtycF9oOlRkOEFTZUw0S211SDN6YUFFYjhUSUE%7C0cJt2NRHSZa%7C?hl=id,Abigail Ulil Albab Affendi,106809224457188046972,https://www.google.com/maps/contrib/106809224457188046972?hl=id,5,good,4 bulan lalu,2025-06-19T04:23:52,,,,1220,3548,1,bagus,,[],[]
ChIJKbD9mFvh2S0RKazDWrfrv5M,Spot Pancing Pantai Matahari,ChdDSUhNMG9nS0VJQ0FnSURCODY3a2xnRRAB,https://www.google.com/maps/reviews/data=!4m8!14m7!1m6!2m5!1sChdDSUhNMG9nS0VJQ0FnSURCODY3a2xnRRAB!2m1!1s0x0:0x93bfebb75ac3ac29!3m1!1s2@1:CIHM0ogKEICAgIDB867klgE%7CCgwI1avUngYQsL7HsAE%7C?hl=id,Zian Faradis,117521888846993659992,https://www.google.com/maps/contrib/117521888846993659992?hl=id,5,"Wisata baru di sumenep hususnya di desa Lobuk. Viewnya bagus, kalau mau kesini bagusnya sore jam 16.30an biar ga panas. Beberapa warung tersedia untuk ngemil. Tempat parkir lumayan luas",2 tahun lalu,2023-01-28T12:28:49,,,,212,749,1,,,[],"[{""id"":""CIHM0ogKEICAgIDB857gUg"",""url"":""https://lh3.googleusercontent.com/geougc-cs/AB3l90AE4l_gc0uTYyL8QUvGnY8lB9skKtID2I5y3xECFf49bBnu2yFCAiff4dnBnJpeSsAhYlspNFnWBuabY07p86cIaar3PQeLwLmjjUn_sqpw0mbHkAutKgeDZMnu3IqI34nII1YK=s1024"",""caption"":null,""width"":4160,""height"":3120},{""id"":""CIHM0ogKEICAgIDB857g0gE"",""url"":""https://lh3.googleusercontent.com/geougc-cs/AB3l90CeDrKGTzF2aSR4ZTIcYgOOb6i4MVDnqHT0mGCkwsOL7rlZQYwCTh67fQG2Nw60CfuIMwspSS3YTviHtYnJCxgCrhAnlf9QuZseq3fkC6hO3sBv8CmLdF1ri80jihZAaKpDeBa1dA=s1024"",""caption"":null,""width"":3120,""height"":4160},{""id"":""CIHM0ogKEICAgIDB857gMg"",""url"":""https://lh3.googleusercontent.com/geougc-cs/AB3l90CPGvYgW7fegMfE_BjWKDs-Iuy7bAZEKCQhLun1sF4wycKp1S8lQjKr4MjyREcqrfXocEVnoru_K4IiSWIEYsa4raPmPeyQ9chB3ywnzoaJ_K3WCMx6MVj8jQ-8r3-btbiU4q_2=s1024"",""caption"":null,""width"":4160,""height"":3120},{""id"":""CIHM0ogKEICAgIDB857gsgE"",""url"":""https://lh3.googleusercontent.com/geougc-cs/AB3l90AelHCA0Q7onQCZp1xESZKOol_aZe7Wv-kutqH8WArweei3JHmmv6D9Y0EP9H41rstGsHzbGZm_gqLycB7oB_iBZpfOZeupu1RGPqxeP-znG0eA9YyNPZQIwD8JVF6ntLcoB2dVVA=s1024"",""caption"":null,""width"":4160,""height"":3120},{""id"":""CIHM0ogKEICAgIDB857gcg"",""url"":""https://lh3.googleusercontent.com/geougc-cs/AB3l90Bqueki_vCCupOFvdsZPhl5mu7oaWmpYxB-3y74a4YJiPhqfVLcwHdY1ypLKjyCV1T_0VD-LhX1tLbDTjESXw2n2J3FechoHdC52gZzsh3Kh8R3enZI8Tv5Voe8QE-O3gCvdonT=s1024"",""caption"":null,""width"":4160,""height"":3120},{""id"":""CIHM0ogKEICAgIDB857g8gE"",""url"":""https://lh3.googleusercontent.com/geougc-cs/AB3l90BpnKQbuYc4IjkO2EodlQeB83Ul8PjRWg3szXN-tG3Mql65AMfGfitzsFx5rkl_JuurhdnIDtyH2sEUc_S92IsljoJea6f-y1wCqKKDhL8DVlmclT5uRHGMkU53lAicmiJoz2pLOg=s1024"",""caption"":null,""width"":4160,""height"":3120},{""id"":""CIHM0ogKEICAgIDB857gCg"",""url"":""https://lh3.googleusercontent.com/geougc-cs/AB3l90Abc68u-Hl-YyBZRx9LlEvzQf-jX3zi1XGvOvM8NJfX45W0TmIbByM2XEIoVdBIg1CsBCsArF7-RRV170QqRfwK8o6zzav0aKzlLzDdFqKETczF3FwN4qdmg6VpRBE1KKJ3DsId=s1024"",""caption"":null,""width"":4160,""height"":3120}]"
ChIJKbD9mFvh2S0RKazDWrfrv5M,Spot Pancing Pantai Matahari,ChZDSUhNMG9nS0VJQ0FnSUR4eF9QWFB3EAE,https://www.google.com/maps/reviews/data=!4m8!14m7!1m6!2m5!1sChZDSUhNMG9nS0VJQ0FnSUR4eF9QWFB3EAE!2m1!1s0x0:0x93bfebb75ac3ac29!3m1!1s2@1:CIHM0ogKEICAgIDxx_PXPw%7CCgwIiouwpAYQiIb4pgM%7C?hl=id,Isbat Kim,115125464757783082928,https://www.google.com/maps/contrib/115125464757783082928?hl=id,4,"Pantai yang indah untuk menikmati sunset, tapi untuk pasirnya kurang terlalu luas, ada jembatan untuk memancing di pantai ini. Tidak cocok untuk camping atau pergi ke tempat ini pada waktu weekend, terlalu banyak anak-anak dan penduduk dekat pantai yang ke pantai ini.",2 tahun lalu,2023-06-16T06:47:38,,,,3,1,,,,"[{""name"":""Waktu kunjungan"",""value"":""Akhir pekan""},{""name"":""Waktu antrean"",""value"":""Tanpa mengantre""},{""name"":""Sebaiknya buat reservasi"",""value"":""Tidak""}]","[{""id"":""CIHM0ogKEICAgIDxx_PX_wE"",""url"":""https://lh3.googleusercontent.com/geougc-cs/AB3l90DDvHXpGHljBNrFgwK13_rEI5Ms-frhLGyxXZaDbno63yG_GXIIav7rgasdGUmDmFmPm0dguP51mg3aModGIX_jcYM2gyCw3tgYgn3R0tNm4Zr5oFYmsZ-Y6AOb8Qca1bOR4plosg=s1024"",""caption"":null,""width"":768,""height"":1024}]"
ChIJKbD9mFvh2S0RKazDWrfrv5M,Spot Pancing Pantai Matahari,ChZDSUhNMG9nS0VJQ0FnSURqMzRXQ0xBEAE,https://www.google.com/maps/reviews/data=!4m8!14m7!1m6!2m5!1sChZDSUhNMG9nS0VJQ0FnSURqMzRXQ0xBEAE!2m1!1s0x0:0x93bfebb75ac3ac29!3m1!1s2@1:CIHM0ogKEICAgIDj34WCLA%7CCgsI3KLysQYQ4LnWEQ%7C?hl=id,K-conk Serseran,115965298119035767551,https://www.google.com/maps/contrib/115965298119035767551?hl=id,5,"Keindahan yg bagus, hanya saja buat pengelola mohon sampah sampah dibibir pantai di perhatikan agar tidak mengganggu pemandangan, dari plastik, botol kaca, bahkan sampai pampers..",setahun lalu,2024-05-09T09:03:24,,,,12,82,1,,,"[{""name"":""Waktu kunjungan"",""value"":""Hari libur nasional""},{""name"":""Waktu antrean"",""value"":""Tanpa mengantre""}]",[]
ChIJKbD9mFvh2S0RKazDWrfrv5M,Spot Pancing Pantai Matahari,ChZDSUhNMG9nS0VJQ0FnSUQxMC1hVEp3EAE,https://www.google.com/maps/reviews/data=!4m8!14m7!1m6!2m5!1sChZDSUhNMG9nS0VJQ0FnSUQxMC1hVEp3EAE!2m1!1s0x0:0x93bfebb75ac3ac29!3m1!1s2@1:CIHM0ogKEICAgID10-aTJw%7CCgwI9dP3rAYQkIPEwgE%7C?hl=id,Oyehadi,110655516862466231304,https://www.google.com/maps/contrib/110655516862466231304?hl=id,4,Pemandangan ok,setahun lalu,2024-01-10T00:51:01,,,,509,217,1,,,"[{""name"":""Waktu kunjungan"",""value"":""Hari biasa""}]",[]
ChIJKbD9mFvh2S0RKazDWrfrv5M,Spot Pancing Pantai Matahari,ChdDSUhNMG9nS0VJQ0FnSUNyem9MYjFnRRAB,https://www.google.com/maps/reviews/data=!4m8!14m7!1m6!2m5!1sChdDSUhNMG9nS0VJQ0FnSUNyem9MYjFnRRAB!2m1!1s0x0:0x93bfebb75ac3ac29!3m1!1s2@1:CIHM0ogKEICAgICrzoLb1gE%7CCgwIpuqotAYQ8PiqwgM%7C?hl=id,Joni Suharto,116908963353021379318,https://www.google.com/maps/contrib/116908963353021379318?hl=id,4,Mantap,setahun lalu,2024-07-07T06:26:46,,,,1,1,,,,[],[]
ChIJKbD9mFvh2S0RKazDWrfrv5M,Spot Pancing Pantai Matahari,ChdDSUhNMG9nS0VJQ0FnSURCNlpLbjhRRRAB,https://www.google.com/maps/reviews/data=!4m8!14m7!1m6!2m5!1sChdDSUhNMG9nS0VJQ0FnSURCNlpLbjhRRRAB!2m1!1s0x0:0x93bfebb75ac3ac29!3m1!1s2@1:CIHM0ogKEICAgIDB6ZKn8QE%7CCgwItvm4ngYQ4L2GxAE%7C?hl=id,Rifqi Channel,102489841975892546161,https://www.google.com/maps/contrib/102489841975892546161?hl=id,5,Mantap,2 tahun lalu,2023-01-23T07:52:22,,,,3,22,1,,,"[{""name"":""Waktu kunjungan"",""value"":""Akhir pekan""},{""name"":""Waktu antrean"",""value"":""Tanpa mengantre""},{""name"":""Sebaiknya buat reservasi"",""value"":""Tidak""}]",[]
ChIJKbD9mFvh2S0RKazDWrfrv5M,Spot Pancing Pantai Matahari,Ci9DQUlRQUNvZENodHljRjlvT2pSVlVpMXZVVFJHVFhJNExXOU1SVEpzY0RNeE0zYxAB,https://www.google.com/maps/reviews/data=!4m8!14m7!1m6!2m5!1sCi9DQUlRQUNvZENodHljRjlvT2pSVlVpMXZVVFJHVFhJNExXOU1SVEpzY0RNeE0zYxAB!2m1!1s0x0:0x93bfebb75ac3ac29!3m1!1s2@1:CAIQACodChtycF9oOjRVUi1vUTRGTXI4LW9MRTJscDMxM3c%7C0ckI-dqoGOh%7C?hl=id,Frankie H Truong,103810206172144432536,https://www.google.com/maps/contrib/103810206172144432536?hl=id,3,"Not equipped to serve tourists, fine spot for locals perhaps.",sebulan lalu,2025-09-10T08:00:41,,,,93,120,1,"Tidak dilengkapi untuk melayani wisatawan, mungkin tempat yang bagus untuk penduduk lokal.",,"[{""name"":""Waktu kunjungan"",""value"":""Hari biasa""},{""name"":""Waktu antrean"",""value"":""Tanpa mengantre""},{""name"":""Sebaiknya buat reservasi"",""value"":""Tidak""}]",[]
ChIJKbD9mFvh2S0RKazDWrfrv5M,Spot Pancing Pantai Matahari,ChZDSUhNMG9nS0VJQ0FnTUNBZ2JxUlRnEAE,https://www.google.com/maps/reviews/data=!4m8!14m7!1m6!2m5!1sChZDSUhNMG9nS0VJQ0FnTUNBZ2JxUlRnEAE!2m1!1s0x0:0x93bfebb75ac3ac29!3m1!1s2@1:CIHM0ogKEICAgMCAgbqRTg%7CCgwIqPX3vAYQsIOctwE%7C?hl=id,"Fitra ""R_4_M_4"" Ramadhan",110944558543580841924,https://www.google.com/maps/contrib/110944558543580841924?hl=id,5,,8 bulan lalu,2025-02-01T10:42:48,,,,0,2,,,,"[{""name"":""Waktu kunjungan"",""value"":""Akhir pekan""},{""name"":""Waktu antrean"",""value"":""Maks 10 mnt""},{""name"":""Sebaiknya buat reservasi"",""value"":""Tidak""}]","[{""id"":""CIHM0ogKEICAgMCAgbqRLg"",""url"":""https://lh3.googleusercontent.com/geougc-cs/AB3l90ABD8zYclu3bP2DRK3jNyChqweSiGODD7mnqNdmrkAoCadG4-ca5ujlAGrSOmk1D6wEIdlra5CVmCNCUahbcyEgf_EE33xZdmgp-Zl6YJXDZ3bOeAszFcjZHPvJl9dF6OA_2X7q=s1024"",""caption"":null,""width"":4160,""height"":3120}]"
ChIJ_aY8DO9b1y0RieqJssbIjnM,Pantai Air kembang,ChdDSUhNMG9nS0VJQ0FnSUR5bE9LRGlRRRAB,https://www.google.com/maps/reviews/data=!4m8!14m7!1m6!2m5!1sChdDSUhNMG9nS0VJQ0FnSUR5bE9LRGlRRRAB!2m1!1s0x0:0x738ec8c6b289ea89!3m1!1s2@1:CIHM0ogKEICAgIDylOKDiQE%7CCgwIkP3dgQYQoK3viwI%7C?hl=id,Lukmatul Wilda,115125983291765905136,https://www.google.com/maps/contrib/115125983291765905136?hl=id,5,Selamat datang di pantai Air kembang,4 tahun lalu,2021-02-25T10:39:45,,,,2,7,,,,[],[]
ChIJ_aY8DO9b1y0RieqJssbIjnM,Pantai Air kembang,ChZDSUhNMG9nS0VJQ0FnSUQ2NExtV0ZBEAE,https://www.google.com/maps/reviews/data=!4m8!14m7!1m6!2m5!1sChZDSUhNMG9nS0VJQ0FnSUQ2NExtV0ZBEAE!2m1!1s0x0:0x738ec8c6b289ea89!3m1!1s2@1:CIHM0ogKEICAgID64LmWFA%7CCgwItaSVigYQgOS5yAM%7C?hl=id,New Aja,118386744587737380410,https://www.google.com/maps/contrib/118386744587737380410?hl=id,5,Kobessa nyare sengngi,4 tahun lalu,2021-09-18T02:43:01,,,,2,4,,Kobessa newer sengngi,,[],[]
ChIJ_aY8DO9b1y0RieqJssbIjnM,Pantai Air kembang,ChZDSUhNMG9nS0VJQ0FnSUR2dWUtYlRBEAE,https://www.google.com/maps/reviews/data=!4m8!14m7!1m6!2m5!1sChZDSUhNMG9nS0VJQ0FnSUR2dWUtYlRBEAE!2m1!1s0x0:0x738ec8c6b289ea89!3m1!1s2@1:CIHM0ogKEICAgIDvue-bTA%7CCgwI7_2duwYQoO7MygE%7C?hl=id,Fathur Rahman,102169825522733420671,https://www.google.com/maps/contrib/102169825522733420671?hl=id,5,,9 bulan lalu,2024-12-22T02:52:31,,,,0,0,,,,[],[]
ChIJ_aY8DO9b1y0RieqJssbIjnM,Pantai Air kembang,ChdDSUhNMG9nS0VJQ0FnSURycUpXYjN3RRAB,https://www.google.com/maps/reviews/data=!4m8!14m7!1m6!2m5!1sChdDSUhNMG9nS0VJQ0FnSURycUpXYjN3RRAB!2m1!1s0x0:0x738ec8c6b289ea89!3m1!1s2@1:CIHM0ogKEICAgIDrqJWb3wE%7CCgwIqLXLtAYQ2OnIgwM%7C?hl=id,Anto Andica,116659525865991118967,https://www.google.com/maps/contrib/116659525865991118967?hl=id,5,,setahun lalu,2024-07-13T19:51:04,,,,6,69,1,,,[],[]
ChIJ_aY8DO9b1y0RieqJssbIjnM,Pantai Air kembang,ChZDSUhNMG9nS0VJQ0FnSURSdDVHSk9REAE,https://www.google.com/maps/reviews/data=!4m8!14m7!1m6!2m5!1sChZDSUhNMG9nS0VJQ0FnSURSdDVHSk9REAE!2m1!1s0x0:0x738ec8c6b289ea89!3m1!1s2@1:CIHM0ogKEICAgIDRt5GJOQ%7CCgsIwaXXogYQiKPxPA%7C?hl=id,Holki Mudher,116767116196998225728,https://www.google.com/maps/contrib/116767116196998225728?hl=id,5,,2 tahun lalu,2023-05-06T04:08:33,,,,0,5,,,,[],[]
ChIJ_aY8DO9b1y0RieqJssbIjnM,Pantai Air kembang,ChdDSUhNMG9nS0VJQ0FnSUNCLTVuazBnRRAB,https://www.google.com/maps/reviews/data=!4m8!14m7!1m6!2m5!1sChdDSUhNMG9nS0VJQ0FnSUNCLTVuazBnRRAB!2m1!1s0x0:0x738ec8c6b289ea89!3m1!1s2@1:CIHM0ogKEICAgICB-5nk0gE%7CCgwIiIjcnQYQqN24wwM%7C?hl=id,Boyfungkey Fungkey,100790386156399842253,https://www.google.com/maps/contrib/100790386156399842253?hl=id,4,,2 tahun lalu,2023-01-05T17:08:13,,,,0,14,,,,[],[]
ChIJwbAJYZ1Y1y0RnYHX1938it4,Parkiran Pantai Sembilan,ChdDSUhNMG9nS0VJQ0FnSURvcDlUWThRRRAB,https://www.google.com/maps/reviews/data=!4m8!14m7!1m6!2m5!1sChdDSUhNMG9nS0VJQ0FnSURvcDlUWThRRRAB!2m1!1s0x0:0xde8afcddd7d7819d!3m1!1s2@1:CIHM0ogKEICAgIDop9TY8QE%7CCgwIi-3a5AUQiJK7uQM%7C?hl=id,putra hamzah,107180267795991187500,https://www.google.com/maps/contrib/107180267795991187500?hl=id,5,"Ayo ke pantai Gili Labak
Untuk pergi ke pantai Sembilan dan Gili Labak wajib datang subuh untuk bisa naik kapal yang mengantar ke dua tempat tersebut.",6 tahun lalu,2019-03-23T22:28:02,,,,20,134,1,,,[],"[{""id"":""CIHM0ogKEICAgIC4vObu8gE"",""url"":""https://lh3.googleusercontent.com/geougc-cs/AB3l90BuqYrVExcz1GN20z7Y2IHvV3ipeBNI1cpsQuEnwcpfqJX6aJ_YLxRidOgamgYFkO-JIYzPrMsM_9YgBB2ROMFjFWgCxPdWBy-tA0AIhWsHueYLO4DyOCXZ6uPcHTrSikNQVrhJ8Q=s1024"",""caption"":null,""width"":1280,""height"":720}]"
ChIJwbAJYZ1Y1y0RnYHX1938it4,Parkiran Pantai Sembilan,ChZDSUhNMG9nS0VJQ0FnSURYcjVEYk13EAE,https://www.google.com/maps/reviews/data=!4m8!14m7!1m6!2m5!1sChZDSUhNMG9nS0VJQ0FnSURYcjVEYk13EAE!2m1!1s0x0:0xde8afcddd7d7819d!3m1!1s2@1:CIHM0ogKEICAgIDXr5DbMw%7CCgwI2-yRuQYQiNO4mgI%7C?hl=id,zaini abuy,112798424530660788274,https://www.google.com/maps/contrib/112798424530660788274?hl=id,5,"Tempat nya enak, pantai nya juga bersih, penjaga nya juga ramah",11 bulan lalu,2024-11-01T06:34:03,,,,59,8,1,,,[],[]
ChIJwbAJYZ1Y1y0RnYHX1938it4,Parkiran Pantai Sembilan,Ci9DQUlRQUNvZENodHljRjlvT2xoSFNrbENTVGhLV0RkWlUySk5MVVpPTVMxNGVIYxAB,https://www.google.com/maps/reviews/data=!4m8!14m7!1m6!2m5!1sCi9DQUlRQUNvZENodHljRjlvT2xoSFNrbENTVGhLV0RkWlUySk5MVVpPTVMxNGVIYxAB!2m1!1s0x0:0xde8afcddd7d7819d!3m1!1s2@1:CAIQACodChtycF9oOlhHSklCSThKWDdZU2JNLUZOMS14eHc%7C0cMKz85qsjF%7C?hl=id,IMAM HABIBI KOHLER,108060346194726394264,https://www.google.com/maps/contrib/108060346194726394264?hl=id,3,sangat luas,3 bulan lalu,2025-06-26T14:57:13,,,,460,915,1,,,[],[]
ChIJwbAJYZ1Y1y0RnYHX1938it4,Parkiran Pantai Sembilan,ChZDSUhNMG9nS0VJQ0FnSUQxdnNPM2JREAE,https://www.google.com/maps/reviews/data=!4m8!14m7!1m6!2m5!1sChZDSUhNMG9nS0VJQ0FnSUQxdnNPM2JREAE!2m1!1s0x0:0xde8afcddd7d7819d!3m1!1s2@1:CIHM0ogKEICAgID1vsO3bQ%7CCgwIhK3qrAYQ8LOPrwE%7C?hl=id,Lukmanul Hakim,102723124336002307860,https://www.google.com/maps/contrib/102723124336002307860?hl=id,5,Tempatnya Cocok buat nongkrong Buat Ngopi Nge Es Dan Juga Makan makan,setahun lalu,2024-01-07T12:18:12,,,,1,0,,,,[],[]
ChIJwbAJYZ1Y1y0RnYHX1938it4,Parkiran Pantai Sembilan,ChdDSUhNMG9nS0VJQ0FnSURTalpxOHpnRRAB,https://www.google.com/maps/reviews/data=!4m8!14m7!1m6!2m5!1sChdDSUhNMG9nS0VJQ0FnSURTalpxOHpnRRAB!2m1!1s0x0:0xde8afcddd7d7819d!3m1!1s2@1:CIHM0ogKEICAgIDSjZq8zgE%7CCgsIn7PM_wUQgPa9JA%7C?hl=id,rino raines,112949476433557272714,https://www.google.com/maps/contrib/112949476433557272714?hl=id,3,Pantainya bagus cuma kotor dan kurang dirawat,4 tahun lalu,2021-01-04T13:35:27,,,,1006,3378,1,,,[],[]
ChIJwbAJYZ1Y1y0RnYHX1938it4,Parkiran Pantai Sembilan,ChdDSUhNMG9nS0VJQ0FnSUNBbUs3OHhnRRAB,https://www.google.com/maps/reviews/data=!4m8!14m7!1m6!2m5!1sChdDSUhNMG9nS0VJQ0FnSUNBbUs3OHhnRRAB!2m1!1s0x0:0xde8afcddd7d7819d!3m1!1s2@1:CIHM0ogKEICAgICAmK78xgE%7CCgwI6raPzQUQwPq4sQM%7C?hl=id,Muh. Wasyi' (Aji Ws.),107866956777884065784,https://www.google.com/maps/contrib/107866956777884065784?hl=id,4,"Luas, tp msh blm ada pengerasan",8 tahun lalu,2017-08-28T08:59:22,,,,42,91,1,,,[],[]
ChIJwbAJYZ1Y1y0RnYHX1938it4,Parkiran Pantai Sembilan,Ci9DQUlRQUNvZENodHljRjlvT2tkM1FYSkpXV3hJZFZaRGRqRldZbnB3VUdzMGJXYxAB,https://www.google.com/maps/reviews/data=!4m8!14m7!1m6!2m5!1sCi9DQUlRQUNvZENodHljRjlvT2tkM1FYSkpXV3hJZFZaRGRqRldZbnB3VUdzMGJXYxAB!2m1!1s0x0:0xde8afcddd7d7819d!3m1!1s2@1:CAIQACodChtycF9oOkd3QXJJWWxIdVZDdjFWYnpwUGs0bWc%7C0cNF1htvhu9%7C?hl=id,Indrawati _,115715533584112675005,https://www.google.com/maps/contrib/115715533584112675005?hl=id,5,,3 bulan lalu,2025-06-29T09:00:23,,,,7,5,1,,,[],[]
ChIJwbAJYZ1Y1y0RnYHX1938it4,Parkiran Pantai Sembilan,ChdDSUhNMG9nS0VJQ0FnSURIMGRTZXFnRRAB,https://www.google.com/maps/reviews/data=!4m8!14m7!1m6!2m5!1sChdDSUhNMG9nS0VJQ0FnSURIMGRTZXFnRRAB!2m1!1s0x0:0xde8afcddd7d7819d!3m1!1s2@1:CIHM0ogKEICAgIDH0dSeqgE%7CCgwIpfijtwYQ-P6c-gE%7C?hl=id,Yeni Indah,102575899303863152804,https://www.google.com/maps/contrib/102575899303863152804?hl=id,5,,setahun lalu,2024-09-17T03:48:53,,,,10,79,1,,,[],[]
ChIJLcaBTETx2S0Rq8sFlBZ4EWQ,Pantai Cora,ChZDSUhNMG9nS0VJQ0FnSURXNGFPUmZREAE,https://www.google.com/maps/reviews/data=!4m8!14m7!1m6!2m5!1sChZDSUhNMG9nS0VJQ0FnSURXNGFPUmZREAE!2m1!1s0x0:0x641178169405cbab!3m1!1s2@1:CIHM0ogKEICAgIDW4aORfQ%7CCgsIorP9kQYQ6MXXZw%7C?hl=id,Sandi Hidayat Tri K,107311521721441246621,https://www.google.com/maps/contrib/107311521721441246621?hl=id,5,Mantap,3 tahun lalu,2022-03-26T18:21:22,,,,3,12,,,,[],[]
ChIJgzoI21Xx2S0RAOgwPb7vrVE,Kansas Beach Area,ChZDSUhNMG9nS0VJQ0FnSUNKaklXdVdnEAE,https://www.google.com/maps/reviews/data=!4m8!14m7!1m6!2m5!1sChZDSUhNMG9nS0VJQ0FnSUNKaklXdVdnEAE!2m1!1s0x0:0x51adefbe3d30e800!3m1!1s2@1:CIHM0ogKEICAgICJjIWuWg%7CCgsI_8LPpAYQ6IekcQ%7C?hl=id,Dhen Dores,111686763181096530332,https://www.google.com/maps/contrib/111686763181096530332?hl=id,5,,2 tahun lalu,2023-06-22T05:51:59,,,,3,7,,,,[],[]
