place_id,name,description,is_spending_on_ads,reviews,rating,competitors,website,phone,can_claim,owner_name,owner_profile_link,featured_image,main_category,categories,workday_timing,is_temporarily_closed,closed_on,address,review_keywords,link,query
ChIJYQIbq0US2C0RoXbX5gkHWUY,Kahoona Beach,,,22,4.3,,,0857-3335-9123,,,,https://lh3.googleusercontent.com/gps-cs-s/AC9h4nrtnd7Y5rkWjXq9wk6uXJ95yuzT49eG1bp_wN7FzwTWWX6VUHlt4NbWyXePw5REvyY9O9oKGtVzTTM4CRb5DlKZ-98tXOGz7LRFITrTAtp_TAdRpEcOCu1AiILqk43mJ8T1tT4=s1024,Pantai,Pantai,,,Open All Days,"Beng Sobung, Tobaddung, Kec. Klampis, Kabupaten Bangkalan, Jawa Timur",wisata,https://www.google.com/maps/place/Kahoona+Beach/data=!4m7!3m6!1s0x2dd81245ab1b0261:0x46590709e6d776a1!8m2!3d-6.9132227!4d112.8434518!16s%2Fg%2F11c71c0xdd!19sChIJYQIbq0US2C0RoXbX5gkHWUY?authuser=0&hl=id&rclk=1,beaches in bangkalan
ChIJxWCJ0M4C2C0RVkIRQqMGJHs,Pantai Goa Petapa,,,319,4.2,,,,,,,https://lh3.googleusercontent.com/gps-cs-s/AC9h4nrDna74SFRmxQkEkPN_HABNVfF2C0gvK75KWtTvNqgT2_V5j0NcKTJ1W8QaZvuOQBiqukCcsMuJwDC2RqerGl1oatHMVdGdQuQphQEofmoYJ8QPiUgLNqaIYY086yE84mDvCWCJB4uFAhVh=s1024,Pantai,Pantai,,,Open All Days,"Madura Island, East Java, Kejawan, Sukolilo Tim., Kec. Labang, Kabupaten Bangkalan, Jawa Timur 69163","motor, wisata, pemandangan, sore, harga, tiket, kebersihan, minuman, foto, sisi",https://www.google.com/maps/place/Pantai+Goa+Petapa/data=!4m7!3m6!1s0x2dd802ced08960c5:0x7b2406a342114256!8m2!3d-7.1576459!4d112.802353!16s%2Fg%2F11c1n6n1m4!19sChIJxWCJ0M4C2C0RVkIRQqMGJHs?authuser=0&hl=id&rclk=1,beaches in bangkalan
ChIJCb-H_gM_2C0RotQ5H2cQ_9g,Pantai Siring Kemuning,,,511,4,,http://www.pulaumadura.com/,,,,,https://lh3.googleusercontent.com/gps-cs-s/AC9h4nru94xx8WfxFI8mcVjAh6aTbLdRZCadkqaL54imWqqBVcRDeklYSTqeWaHXX6Ag8AWBOHohts-hPImgByY1TGJbJDyzqXI6OHKrjinYWrxqTa5Al7aQtjGAgI27lGDDPU5fiqJn=s1024,Pantai,Pantai,,,Open All Days,"Macajah, Kec. Tj. Bumi, Kabupaten Bangkalan, Jawa Timur 69156","wisata, fasilitas, orang, tiket, motor, kebersihan, pemerintah, pemandangan, biaya, penjual",https://www.google.com/maps/place/Pantai+Siring+Kemuning/data=!4m7!3m6!1s0x2dd83f03fe87bf09:0xd8ff10671f39d4a2!8m2!3d-6.8851454!4d113.0550036!16s%2Fg%2F11bysjsbn0!19sChIJCb-H_gM_2C0RotQ5H2cQ_9g?authuser=0&hl=id&rclk=1,beaches in bangkalan
ChIJF_T0zSUD2C0RJFytakQa2VM,Pantai Rindu,,,1386,3.7,"Name: Dermaga Rindu
Link: https://www.google.com/maps/search/Dermaga+Rindu/@-7.161568099999999,112.77230730000001?authuser=0&hl=id&entry=ttu
Reviews: 1148 reviews

Name: Pantai Gebang
Link: https://www.google.com/maps/search/Pantai+Gebang/@-6.9856497,112.7867654?authuser=0&hl=id&entry=ttu
Reviews: 141 reviews

Name: Wisata Pantai Martajasah
Link: https://www.google.com/maps/search/Wisata+Pantai+Martajasah/@-7.041518399999999,112.7113078?authuser=0&hl=id&entry=ttu
Reviews: 100 reviews

Name: Pantai batu malang
Link: https://www.google.com/maps/search/Pantai+batu+malang/@-7.1583285,112.8057319?authuser=0&hl=id&entry=ttu
Reviews: 69 reviews",,,1,Pantai Rindu (Pemilik),,https://lh3.googleusercontent.com/gps-cs-s/AC9h4nqZXqalqKh7ymeapo-rOgZ4gjotOCHmxQVwxR0pxtY7pbUO0sG2ttDFcSp6kwbHKh1Lp_xKvZYKSYhtwEvik7eTXrVOGtnTW1Td9WVFlZkiEbu7-D8BdWji9tqsh0XfUcwno0pi8A=s1024,Tujuan Wisata,Tujuan Wisata,,,Open All Days,,"foto, menu, cafe, pemandangan, pesan, makanan minuman, tiket, panas, santai, sultan",https://www.google.com/maps/place/Pantai+Rindu/data=!4m7!3m6!1s0x2dd80325cdf4f417:0x53d91a446aad5c24!8m2!3d-7.1598065!4d112.7765961!16s%2Fg%2F11ppyzpvqh!19sChIJF_T0zSUD2C0RJFytakQa2VM?authuser=0&hl=id&rclk=1,beaches in bangkalan
ChIJuRiSbwAd2C0RDp_Iezqhlmk,Merah Putih Beach,,,1,5,"Name: Pantai Gebang
Link: https://www.google.com/maps/search/Pantai+Gebang/@-6.9856497,112.7867654?authuser=0&hl=id&entry=ttu
Reviews: 141 reviews

Name: Wisata Pasir Putih
Link: https://www.google.com/maps/search/Wisata+Pasir+Putih/@-6.9456104,112.8136153?authuser=0&hl=id&entry=ttu
Reviews: 4 reviews",,,1,Merah Putih Beach (Pemilik),,https://lh3.googleusercontent.com/gps-cs-s/AC9h4nqRlZddgLrBwPsS0XNfMGWfG0nHZQaOjZJktyLF2z8UO0vkuzfkadFGdD5iBGbQ45UfmDs5QhrqTBWsbMYCtRRwAfF47UPZxiU66x_N4jReChs-jWsq3dDYXE6-ze_69sTiP2xyEA=s1024,Tujuan Wisata,Tujuan Wisata,,,Open All Days,"RRR8+4R, Karang Pandan, Sukolilo Tim., Kec. Labang, Kabupaten Bangkalan, Jawa Timur",,https://www.google.com/maps/place/Merah+Putih+Beach/data=!4m7!3m6!1s0x2dd81d006f9218b9:0x6996a13a7bc89f0e!8m2!3d-7.159672!4d112.817098!16s%2Fg%2F11y70x64nc!19sChIJuRiSbwAd2C0RDp_Iezqhlmk?authuser=0&hl=id&rclk=1,beaches in bangkalan
ChIJsc1fAAQ_2C0RB7AndMs78CQ,Siring Kemuning beach,,,18,4.3,,,,,,,https://lh3.googleusercontent.com/gps-cs-s/AC9h4npW6JLob5mA61HzLXPO-lDhQbN-bYHUU8cHkBoB2_u7Dlv_8zsuk6oSXy_AWAp8uvTaGvpwGefuVj2B5iuBzfTmqJptZewdRDcVzDJp_X84BUVYYq5JQ-txbwlwLh2iV8TdjHI=s1024,Pantai,Pantai,,,Open All Days,"Unnamed Road, Macajah, Tanjung Bumi, Bangkalan Regency, East Java 69156",,https://www.google.com/maps/place/Siring+Kemuning+beach/data=!4m7!3m6!1s0x2dd83f04005fcdb1:0x24f03bcb7427b007!8m2!3d-6.8847871!4d113.0549863!16s%2Fg%2F11c2pg0m3f!19sChIJsc1fAAQ_2C0RB7AndMs78CQ?authuser=0&hl=id&rclk=1,beaches in bangkalan
ChIJdQ14ptQD2C0RGxfkbM_5gLI,Goa Petapa Beach,,,10,4.5,"Name: Pantai batu malang
Link: https://www.google.com/maps/search/Pantai+batu+malang/@-7.1583285,112.8057319?authuser=0&hl=id&entry=ttu
Reviews: 69 reviews

Name: Sumber Mata Air Petapan
Link: https://www.google.com/maps/search/Sumber+Mata+Air+Petapan/@-7.117254,112.79974399999999?authuser=0&hl=id&entry=ttu
Reviews: 31 reviews

Name: Wisata Alam Goa Aren
Link: https://www.google.com/maps/search/Wisata+Alam+Goa+Aren/@-7.143574999999999,112.83756699999999?authuser=0&hl=id&entry=ttu
Reviews: 11 reviews

Name: PANTAI KAGUM Pasir Putih
Link: https://www.google.com/maps/search/PANTAI+KAGUM+Pasir+Putih/@-7.207771200000001,113.0043254?authuser=0&hl=id&entry=ttu
Reviews: 2 reviews",,,1,Goa Petapa Beach (Pemilik),,https://lh3.googleusercontent.com/gps-cs-s/AC9h4nqljm_zYH-lqhvCaSWibU5NHEqfsFNCGWMKh4p4E-Nfm-cEajJRS4wpIlGtZkgsQuGPRcYVKjkLMsFKlrP8mVJR-0Drf7qekSrPCOjWoLFGufXJfACy-ZulOevkxJNhuIxMAxQr=s1024,Tujuan Wisata,Tujuan Wisata,,,Open All Days,"RRR2+WWX Pantai Goa Petapa, Madura Island, Kejawan, Sukolilo Tim., Kec. Labang, Kabupaten Bangkalan, Jawa Timur 69163",,https://www.google.com/maps/place/Goa+Petapa+Beach/data=!4m7!3m6!1s0x2dd803d4a6780d75:0xb280f9cf6ce4171b!8m2!3d-7.1576459!4d112.802353!16s%2Fg%2F11rxhg1kcs!19sChIJdQ14ptQD2C0RGxfkbM_5gLI?authuser=0&hl=id&rclk=1,beaches in bangkalan
ChIJj5nxQmwd2C0RxLYt5c62-qA,Pantai Rongkang,"Situs pantai berbatu yang dikelilingi pohon, dengan beberapa area pantai berpasir dan tempat untuk berfoto.",,219,3.5,,http://www.pulaumadura.com/,,,,,https://lh3.googleusercontent.com/gps-cs-s/AC9h4nommuCRh5h2AU2UU6W9QwC1Y-ZwpQyKOi0SN6L6DU2rbZzrt52YUJ-hJKZJ8qnlqx4Q7E2CPwBLHXXBm8QdezUTPpHG5TEfapzQWn6V-bGZtNwGWCCeQGjNWRBrTjIwbyQ0W3_d=s1024,Pantai,Pantai,,,Open All Days,"Kejawan, Kwanyar Bar., Kec. Kwanyar, Kabupaten Bangkalan, Jawa Timur 69163","wisata, foto, lebaran, pemandangan, pintu, daerah, nama, orang, kejahatan, pasar",https://www.google.com/maps/place/Pantai+Rongkang/data=!4m7!3m6!1s0x2dd81d6c42f1998f:0xa0fab6cee52db6c4!8m2!3d-7.164438!4d112.841953!16s%2Fg%2F11b824bz4d!19sChIJj5nxQmwd2C0RxLYt5c62-qA?authuser=0&hl=id&rclk=1,beaches in bangkalan
ChIJF6bSzcgV2C0RIPSOHAUgoyQ,Pantai Tengket,,,376,4.3,,,,,,,https://lh3.googleusercontent.com/gps-cs-s/AC9h4nrcYPtBf0QAT3hco8Xn0T2Y_3i0xWFTG3ryoQL5DobUupyRBjskW3h3CdgLQLbdmQVwvnEySLR-hsKn3Kwj83DVj776LtFmsn8Hhtlp9jiR7Qj0LVprXbqQu2NMd2hnBZEXbhlS=s1024,Pantai,Pantai,,,Open All Days,"Jl. Raya Sepulu, Senangguh, Maneron, Kec. Sepulu, Kabupaten Bangkalan, Jawa Timur 69154","pemandangan, wisata, foto, motor, kebersihan, tiket, gazebo, sore, arah, area",https://www.google.com/maps/place/Pantai+Tengket/data=!4m7!3m6!1s0x2dd815c8cdd2a617:0x24a320051c8ef420!8m2!3d-6.8885487!4d112.9473076!16s%2Fg%2F11gj0svkb0!19sChIJF6bSzcgV2C0RIPSOHAUgoyQ?authuser=0&hl=id&rclk=1,beaches in bangkalan
ChIJU-O3uzE_2C0REKDxNJDUNL8,Pantai Pasir Putih Tlangoh,,,1480,4.4,"Name: PANTAI BIRU
Link: https://www.google.com/maps/search/PANTAI+BIRU/@-6.885358999999999,113.079095?authuser=0&hl=id&entry=ttu
Reviews: 600 reviews

Name: Pantai Indah Tanjungbumi
Link: https://www.google.com/maps/search/Pantai+Indah+Tanjungbumi/@-6.894946999999999,113.1168868?authuser=0&hl=id&entry=ttu
Reviews: 15 reviews

Name: Pantai Tengket
Link: https://www.google.com/maps/search/Pantai+Tengket/@-6.8887148,112.94738319999999?authuser=0&hl=id&entry=ttu
Reviews: 7 reviews

Name: Wisata Pasir Putih
Link: https://www.google.com/maps/search/Wisata+Pasir+Putih/@-6.9456104,112.8136153?authuser=0&hl=id&entry=ttu
Reviews: 4 reviews

Name: PANTAI KAGUM Pasir Putih
Link: https://www.google.com/maps/search/PANTAI+KAGUM+Pasir+Putih/@-7.207771200000001,113.0043254?authuser=0&hl=id&entry=ttu
Reviews: 2 reviews",,,,Pantai Pasir Putih Tlangoh (Pemilik),,https://lh3.googleusercontent.com/gps-cs-s/AC9h4nryaLWZEL0lsfb9sxnWe13h836_zkweVQ-YT3sNWh_U-mwnj1mF7mXBtdB8T2wX-ba3XRNQO5reMxL70C6a623mEiiUKHEQIXIxScNDQT9eA8a8OCOp2FrGUMEXnMqJpylIUMUH=s1024,Pantai Umum,"Pantai Umum, Tujuan Wisata",Buka 24 jam,,Open All Days,"428X+H4F, Temanah, Tlangoh, Kec. Tj. Bumi, Kabupaten Bangkalan, Jawa Timur 69156","tiket, wisata, gazebo, pemandangan, fasilitas, ATV, rujak, toilet, warung, panjang",https://www.google.com/maps/place/Pantai+Pasir+Putih+Tlangoh/data=!4m7!3m6!1s0x2dd83f31bbb7e353:0xbf34d49034f1a010!8m2!3d-6.8835598!4d113.0477832!16s%2Fg%2F11j4gy8xf_!19sChIJU-O3uzE_2C0REKDxNJDUNL8?authuser=0&hl=id&rclk=1,beaches in bangkalan
ChIJ5UToebYP2C0RLXlddt9a60w,Pantai Gebang,,,141,4.3,"Name: Obyek Wisata Taman Rekreasi Kota Bangkalan
Link: https://www.google.com/maps/search/Obyek+Wisata+Taman+Rekreasi+Kota+Bangkalan/@-7.0436325,112.7404739?authuser=0&hl=id&entry=ttu
Reviews: 129 reviews

Name: Wisata Pantai Martajasah
Link: https://www.google.com/maps/search/Wisata+Pantai+Martajasah/@-7.041518399999999,112.7113078?authuser=0&hl=id&entry=ttu
Reviews: 100 reviews

Name: Pantai batu malang
Link: https://www.google.com/maps/search/Pantai+batu+malang/@-7.1583285,112.8057319?authuser=0&hl=id&entry=ttu
Reviews: 69 reviews

Name: Pantai pandela
Link: https://www.google.com/maps/search/Pantai+pandela/@-6.9732128,112.7941883?authuser=0&hl=id&entry=ttu
Reviews: 46 reviews",,,1,Pantai Gebang (Pemilik),,https://lh3.googleusercontent.com/gps-cs-s/AC9h4nqX0DkSuzLb9iMwb_s8yMca-UqzYkuyxLBxtn9XvaRXRLvb9ScCIvWSDA6nt1XMiZxTDc6ABrxXYJcIeS0wHCABxMsOUya_-uc-UicLK142do3V1Rn-aqBmwoD--oxhypB30IW9=s1024,Tujuan Wisata,Tujuan Wisata,Buka 24 jam,,Open All Days,"2Q7P+PPR, Jl. Raya Gebang, Gebang Barat, Gebang, Kec. Bangkalan, Kabupaten Bangkalan, Jawa Timur 69115","nelayan, hilal, pemandangan, parkir, sunset, pagi",https://www.google.com/maps/place/Pantai+Gebang/data=!4m7!3m6!1s0x2dd80fb679e844e5:0x4ceb5adf765d792d!8m2!3d-6.9856497!4d112.7867654!16s%2Fg%2F11dfl8pnry!19sChIJ5UToebYP2C0RLXlddt9a60w?authuser=0&hl=id&rclk=1,beaches in bangkalan
ChIJK0Vb8FMH2C0RXFuaYdeY9-A,Wisata Pantai Martajasah,,,100,4.2,"Name: Pantai Gebang
Link: https://www.google.com/maps/search/Pantai+Gebang/@-6.9856497,112.7867654?authuser=0&hl=id&entry=ttu
Reviews: 141 reviews

Name: Obyek Wisata Taman Rekreasi Kota Bangkalan
Link: https://www.google.com/maps/search/Obyek+Wisata+Taman+Rekreasi+Kota+Bangkalan/@-7.0436325,112.7404739?authuser=0&hl=id&entry=ttu
Reviews: 129 reviews

Name: Pantai batu malang
Link: https://www.google.com/maps/search/Pantai+batu+malang/@-7.1583285,112.8057319?authuser=0&hl=id&entry=ttu
Reviews: 69 reviews",,0838-5260-4212,1,Wisata Pantai Martajasah (Pemilik),,https://lh3.googleusercontent.com/gps-cs-s/AC9h4nq8O4gbKJ3khXivOMTgm3DrXvpNuqkz3zASPecAGD40u2axHa1FWz0e_DGBzx2wCXtH4J7f2TlCEErYwGZkhP0xuAC8tAR2trLJC8hU0Yb499yBEr1nSqFjUV0oc5x7jHYAcqmk=s1024,Tujuan Wisata,Tujuan Wisata,08.00-18.30,,Open All Days,"XP56+9GV, Jl. Raya Kramat, Area Sawah, Mertajasah, Kec. Bangkalan, Kabupaten Bangkalan, Jawa Timur","monyetnya, mangrove, pemandangan, sore, anak, jembatan bambu, potensi, panas, taman, liburan",https://www.google.com/maps/place/Wisata+Pantai+Martajasah/data=!4m7!3m6!1s0x2dd80753f05b452b:0xe0f798d7619a5b5c!8m2!3d-7.0415184!4d112.7113078!16s%2Fg%2F11ssnnhq29!19sChIJK0Vb8FMH2C0RXFuaYdeY9-A?authuser=0&hl=id&rclk=1,beaches in bangkalan
ChIJHWtJ5tOK1y0RR8pgBQEOdN0,Pantai Pasir Putih Modung,,,100,4.6,,,,,,,https://lh3.googleusercontent.com/gps-cs-s/AC9h4nqCoyFqv3glMjK_L7Ycf9e-HTcQqeHzuQPbPuOJawN3VZYE7Kvg7pDPsEEfn0JmgFcFiQC9ejfH1DsNDdXwd5SKlUF6Jh_ttc7x1n63BaPzrwmBZ3H3M8wvF3ZTVzLFql1EqtF65w=s1024,Pantai,Pantai,,,Open All Days,"Ds, Gumong, Pangpajung, Kec. Modung, Kabupaten Bangkalan, Jawa Timur",bakso,https://www.google.com/maps/place/Pantai+Pasir+Putih+Modung/data=!4m7!3m6!1s0x2dd78ad3e6496b1d:0xdd740e010560ca47!8m2!3d-7.2066918!4d113.0065211!16s%2Fg%2F11f4pqjzfd!19sChIJHWtJ5tOK1y0RR8pgBQEOdN0?authuser=0&hl=id&rclk=1,beaches in bangkalan
ChIJfWw-78sD2C0R8gpRc-uC0zw,Pantai batu malang,,,69,3.9,"Name: Pantai Rindu
Link: https://www.google.com/maps/search/Pantai+Rindu/@-7.159806499999999,112.77659609999999?authuser=0&hl=id&entry=ttu
Reviews: 1385 reviews

Name: Pantai Gebang
Link: https://www.google.com/maps/search/Pantai+Gebang/@-6.9856497,112.7867654?authuser=0&hl=id&entry=ttu
Reviews: 141 reviews

Name: Wisata Pantai Martajasah
Link: https://www.google.com/maps/search/Wisata+Pantai+Martajasah/@-7.041518399999999,112.7113078?authuser=0&hl=id&entry=ttu
Reviews: 100 reviews

Name: Pantai asoka
Link: https://www.google.com/maps/search/Pantai+asoka/@-7.1583162,112.8046067?authuser=0&hl=id&entry=ttu
Reviews: 1 reviews",,,1,Pantai batu malang (Pemilik),,https://lh3.googleusercontent.com/gps-cs-s/AC9h4noqf_VcC0Kp2QuVTbUz9CJmiQOL72xVv1mHb59bUO4tpaa_5OAo_bt6gJOdHAQrZ_dfw6123lp9D8a9i3kwd7ybjILtoPYUFhcuJK-dIvyqVD8mByTswuHKdmYTog1nFx8TfsQApphkY6NM=s1024,Tujuan Wisata,Tujuan Wisata,,,Open All Days,"RRR4+M79, Kejawan, Sukolilo Tim., Kec. Labang, Kabupaten Bangkalan, Jawa Timur 69163","parkir, pemandangan, kerang, panas, botol, gada, fasilitas, motor, tempat sampah, kebersihan",https://www.google.com/maps/place/Pantai+batu+malang/data=!4m7!3m6!1s0x2dd803cbef3e6c7d:0x3cd382eb73510af2!8m2!3d-7.1583285!4d112.8057319!16s%2Fg%2F11sz2rhntb!19sChIJfWw-78sD2C0R8gpRc-uC0zw?authuser=0&hl=id&rclk=1,beaches in bangkalan
ChIJC6iONgc_2C0R4DkrhUP1kqg,Siring Kemuning,,,136,4.1,,,,,,,https://lh3.googleusercontent.com/gps-cs-s/AC9h4nqKpPsBM-K12W2G3lQetHEB7ldbE5ZF_Zz2Gwiq41YKLShbzBZtYYB8gjx-tQtSbK56krif6LPVGwKw92OfXmq2_2Yv6JJNnZNpdW3PwzjOxJ64BSRFIMu7PoenNVDbunCc7hUL=s1024,Pantai,Pantai,,,Open All Days,"Macajah, Kec. Tj. Bumi, Kabupaten Bangkalan, Jawa Timur","jalan raya, rumah, liburan, wisatanya",https://www.google.com/maps/place/Siring+Kemuning/data=!4m7!3m6!1s0x2dd83f07368ea80b:0xa892f543852b39e0!8m2!3d-6.8847222!4d113.0505556!16s%2Fg%2F11cs004sq7!19sChIJC6iONgc_2C0R4DkrhUP1kqg?authuser=0&hl=id&rclk=1,beaches in bangkalan
ChIJd_C14Po_2C0RVu161faQYn0,Siring Kemuning Beach,,,15,4.1,"Name: Pantai Tengket
Link: https://www.google.com/maps/search/Pantai+Tengket/@-6.8887148,112.94738319999999?authuser=0&hl=id&entry=ttu
Reviews: 7 reviews

Name: Pantai Siring kemuning
Link: https://www.google.com/maps/search/Pantai+Siring+kemuning/@-6.888705,113.0547093?authuser=0&hl=id&entry=ttu
Reviews: No Reviews reviews

Name: Jembatan siring kemuning
Link: https://www.google.com/maps/search/Jembatan+siring+kemuning/@-6.8914066,113.0553983?authuser=0&hl=id&entry=ttu
Reviews: No Reviews reviews",,,1,Siring Kemuning Beach (Pemilik),,https://lh3.googleusercontent.com/gps-cs-s/AC9h4not-4izIRonWr3nqiIa_fRU_SPoXLHZNk7spc080_Neb4VNhN6Q3XZ4ghBh0woLN1vl8HgROMjob-3xfsk8AaBMG7rI_uvek5e2GncSmkyjK2c3AtG4r8cPznD9Z6vLz3V3Fwq_=s1024,Tujuan Wisata,Tujuan Wisata,Buka 24 jam,,Open All Days,"4382+3C2, Macajah, Kec. Tj. Bumi, Kabupaten Bangkalan, Jawa Timur 69156",,https://www.google.com/maps/place/Siring+Kemuning+Beach/data=!4m7!3m6!1s0x2dd83ffae0b5f077:0x7d6290f6d57aed56!8m2!3d-6.884863!4d113.0510082!16s%2Fg%2F11fhl2ws6m!19sChIJd_C14Po_2C0RVu161faQYn0?authuser=0&hl=id&rclk=1,beaches in bangkalan
ChIJwchCtNEH2C0RGwO4Wz4eNxc,Pesisir Gilipari Ujungpiring,Pesisir pantai Hutan Bakau yang masih cukup terawat dengan baik,,17,4.8,"Name: Kolla Langgundi
Link: https://www.google.com/maps/search/Kolla+Langgundi/@-7.040273399999999,112.7087528?authuser=0&hl=id&entry=ttu
Reviews: 185 reviews

Name: PANTAI KAGUM Pasir Putih
Link: https://www.google.com/maps/search/PANTAI+KAGUM+Pasir+Putih/@-7.207771200000001,113.0043254?authuser=0&hl=id&entry=ttu
Reviews: 2 reviews",,,,Pesisir Gilipari Ujungpiring (Pemilik),https://www.google.com/maps/contrib/100911421326022554443,https://lh3.googleusercontent.com/p/AF1QipP-eOGxLkRFZj3xjuP_KxQPYEvO5uC7loKJeFec=s1024,Tujuan Wisata,Tujuan Wisata,,,Open All Days,"Gili Paris, Ujung Piring, Kec. Bangkalan, Kabupaten Bangkalan, Jawa Timur 69118","pemandangan, kaki, perahu",https://www.google.com/maps/place/Pesisir+Gilipari+Ujungpiring/data=!4m7!3m6!1s0x2dd807d1b442c8c1:0x17371e3e5bb8031b!8m2!3d-7.0342079!4d112.6961043!16s%2Fg%2F11jg8pj_l8!19sChIJwchCtNEH2C0RGwO4Wz4eNxc?authuser=0&hl=id&rclk=1,beaches in bangkalan
ChIJXe0BZvM52C0RdetiPMMGcg8,De Lobuq Beach,,,5,4,"Name: Pantai LOBUK Bumianyar
Link: https://www.google.com/maps/search/Pantai+LOBUK+Bumianyar/@-6.8933588,113.12451449999999?authuser=0&hl=id&entry=ttu
Reviews: 46 reviews

Name: Bujuk biluk
Link: https://www.google.com/maps/search/Bujuk+biluk/@-6.892115899999999,113.1071516?authuser=0&hl=id&entry=ttu
Reviews: 33 reviews

Name: Pantai Lobuk Trapang
Link: https://www.google.com/maps/search/Pantai+Lobuk+Trapang/@-6.8930962,113.12558?authuser=0&hl=id&entry=ttu
Reviews: 17 reviews

Name: Pantai Indah Tanjungbumi
Link: https://www.google.com/maps/search/Pantai+Indah+Tanjungbumi/@-6.894946999999999,113.1168868?authuser=0&hl=id&entry=ttu
Reviews: 15 reviews

Name: LOBUKBEACH
Link: https://www.google.com/maps/search/LOBUKBEACH/@-6.8933568,113.12451080000001?authuser=0&hl=id&entry=ttu
Reviews: No Reviews reviews",,0812-3155-5287,1,De Lobuq Beach (Pemilik),,https://lh3.googleusercontent.com/gps-cs-s/AC9h4npsNEi3scEQoXDmNNFnooBPjYtociHWhLJ_8HeVjV-LebABAR-7HR-ck5byPHvmiBsFaJgJpXb5j6AOOx9-xezJluOZM1Np13fU4Qz3SkvJPXmoSuJA2Nh9Ux9b77oaLVNH_Ld6jQ=s1024,Tujuan Wisata,Tujuan Wisata,Buka 24 jam,,"Selasa, Rabu, Kamis, Jumat, Sabtu","444F+642, Bumi Anyar, Kec. Tj. Bumi, Kabupaten Bangkalan, Jawa Timur 69156",,https://www.google.com/maps/place/De+Lobuq+Beach/data=!4m7!3m6!1s0x2dd839f36601ed5d:0xf7206c33c62eb75!8m2!3d-6.8944814!4d113.1227642!16s%2Fg%2F11gvsdvqbt!19sChIJXe0BZvM52C0RdetiPMMGcg8?authuser=0&hl=id&rclk=1,beaches in bangkalan
ChIJFaoYW1UD2C0R30uQ_sot0XY,Kutai Sukbar,"Kutai Sukbar adalah cafe hits, dengan suguhan pemandangan alam laut, dan senja yang sangat indah. Posisi cafe yang berada di timur suramadu membuat pengunjung dimanjakan dengan background Jembatan Suramadu yang di bayangi oleh senja.",,680,4,"Name: Taman Budaya Sentra IKM
Link: https://www.google.com/maps/search/Taman+Budaya+Sentra+IKM/@-7.1445833,112.7887676?authuser=0&hl=id&entry=ttu
Reviews: 193 reviews

Name: Kolla Langgundi
Link: https://www.google.com/maps/search/Kolla+Langgundi/@-7.040273399999999,112.7087528?authuser=0&hl=id&entry=ttu
Reviews: 185 reviews",,,,Kutai Sukbar (Pemilik),https://www.google.com/maps/contrib/113736438439994437185,https://lh3.googleusercontent.com/p/AF1QipNKX5VhMnpEDsVItQc-pwl-dh5b9n1XEx2Z40rg=s1024,Tujuan Wisata,"Tujuan Wisata, Kafe, Pusat Rekreasi, Restoran, Taman Rekreasi Air",07.00-20.30,,Kamis,"Dusun Jarat Lanjang, Sukolilo Bar., Kec. Labang, Kabupaten Bangkalan, Jawa Timur 69163","parkir, foto, pemandangan, gang, tiket, santai, pantai, menu, cafe, panas",https://www.google.com/maps/place/Kutai+Sukbar/data=!4m7!3m6!1s0x2dd803555b18aa15:0x76d12dcafe904bdf!8m2!3d-7.1593886!4d112.7943395!16s%2Fg%2F11l4g_vcsb!19sChIJFaoYW1UD2C0R30uQ_sot0XY?authuser=0&hl=id&rclk=1,beaches in bangkalan
ChIJ-887R5wP2C0R_gizOVEtEeg,Pantai pandela,,,46,3.9,"Name: Pantai Pasir Putih Tlangoh
Link: https://www.google.com/maps/search/Pantai+Pasir+Putih+Tlangoh/@-6.8835598000000005,113.0477832?authuser=0&hl=id&entry=ttu
Reviews: 1479 reviews

Name: Pantai Gebang
Link: https://www.google.com/maps/search/Pantai+Gebang/@-6.9856497,112.7867654?authuser=0&hl=id&entry=ttu
Reviews: 141 reviews

Name: Wisata Pantai Martajasah
Link: https://www.google.com/maps/search/Wisata+Pantai+Martajasah/@-7.041518399999999,112.7113078?authuser=0&hl=id&entry=ttu
Reviews: 100 reviews

Name: Wisata Pasir Putih
Link: https://www.google.com/maps/search/Wisata+Pasir+Putih/@-6.9456104,112.8136153?authuser=0&hl=id&entry=ttu
Reviews: 4 reviews",,0813-3344-4609,1,Pantai pandela (Pemilik),,https://lh3.googleusercontent.com/gps-cs-s/AC9h4np8gdHJ4lEjAkR_7-2Dk8paX2czNydrC4e9xI55IwJ3u-bvAhDxxuuEcjjxsVqVlKveV02jNALQ3h1Xm7_QVTjLfGX3HrIiMdf88ERjTSxY3x22dgXH3xPcPRBWCY7fJGHEfT-14g=s1024,Tujuan Wisata,Tujuan Wisata,Buka 24 jam,,Open All Days,"2QGV+PM8, Pocogan, Lajing, Kec. Arosbaya, Kabupaten Bangkalan, Jawa Timur 69515","pantainya, penjual, abrasi, bibir pantai, panas, bermain, cuaca, desa",https://www.google.com/maps/place/Pantai+pandela/data=!4m7!3m6!1s0x2dd80f9c473bcffb:0xe8112d5139b308fe!8m2!3d-6.9732128!4d112.7941883!16s%2Fg%2F11k28kbgsr!19sChIJ-887R5wP2C0R_gizOVEtEeg?authuser=0&hl=id&rclk=1,beaches in bangkalan
ChIJE-QNosv51y0Rf16sW6tBihc,Pantai Batu Batu Kenjeran,,,344,4.3,,,,,,,https://lh3.googleusercontent.com/gps-cs-s/AC9h4nrHXuB_KLEc0YtoWrRTZ-9j1r1NWcW2P9No-A6CksuN26rVTAQFKV9K7aANObBdGkDXv3zYVBpaMw5KkasNIrhTIG8v8ZlkevJe_eLcNZTXtkHNOCmBvyKLsdMcd142kFKg9wU=s1024,Pantai,Pantai,,,Open All Days,"Jl. Pantai Kenjeran, Kenjeran, Surabaya, Jawa Timur 60123","pemandangan, kebersihan, sore, wisata, pagi, pedagang, lontong, nelayan, dingin, es",https://www.google.com/maps/place/Pantai+Batu+Batu+Kenjeran/data=!4m7!3m6!1s0x2dd7f9cba20de413:0x178a41ab5bac5e7f!8m2!3d-7.2270152!4d112.7911437!16s%2Fg%2F11cn67w0md!19sChIJE-QNosv51y0Rf16sW6tBihc?authuser=0&hl=id&rclk=1,beaches in bangkalan
ChIJsz4TFToD2C0RARlvgdn6f_g,Dermaga Rindu,"Dermaga kayu dipenuhi restoran & terang saat malam, terkenal dengan panorama Jembatan Suramadu & fotografi.",,1148,4.1,"Name: Pantai Rindu
Link: https://www.google.com/maps/search/Pantai+Rindu/@-7.159806499999999,112.77659609999999?authuser=0&hl=id&entry=ttu
Reviews: 1385 reviews

Name: Wisata Alam Kesek
Link: https://www.google.com/maps/search/Wisata+Alam+Kesek/@-7.1611484999999995,112.7722818?authuser=0&hl=id&entry=ttu
Reviews: 220 reviews

Name: Cafe Pantai Rindu
Link: https://www.google.com/maps/search/Cafe+Pantai+Rindu/@-7.1598511,112.7765495?authuser=0&hl=id&entry=ttu
Reviews: 145 reviews

Name: Perahu Cinta
Link: https://www.google.com/maps/search/Perahu+Cinta/@-7.160179200000001,112.77661339999999?authuser=0&hl=id&entry=ttu
Reviews: 40 reviews

Name: DERMAGA RASA
Link: https://www.google.com/maps/search/DERMAGA+RASA/@-7.1615933,112.7724471?authuser=0&hl=id&entry=ttu
Reviews: 24 reviews",,,1,Dermaga Rindu (Pemilik),,https://lh3.googleusercontent.com/gps-cs-s/AC9h4nrBenreGd71s1Ap6kB1JTz4N8cQ-K2NOjkrLoK5La9e04qHW3-J0TAPEkqB5lMqQ6HMdQCNTyexvBKQxE6K6Rq_bdm0kG048VtQcbuhdGIJjYudP12-IjP684s89BUpySQnAdxh=s1024,Tujuan Wisata,Tujuan Wisata,10.00-21.30,,Open All Days,"RQQC+9WF, Unnamed Road, Kesek, Kec. Labang, Kabupaten Bangkalan, Jawa Timur 69163","pemandangan, menu, minuman, cafe, sore, kapal, santai, tiket, lampu, meja",https://www.google.com/maps/place/Dermaga+Rindu/data=!4m7!3m6!1s0x2dd8033a15133eb3:0xf87ffad9816f1901!8m2!3d-7.1615681!4d112.7723073!16s%2Fg%2F11qq1ymtzj!19sChIJsz4TFToD2C0RARlvgdn6f_g?authuser=0&hl=id&rclk=1,beaches in bangkalan
ChIJG6lQF-z51y0RPptoWPY2GG4,Pantai Sagara,,,24,4.1,,https://www.surabaya.go.id/,,,,,https://lh3.googleusercontent.com/gps-cs-s/AC9h4npHJz3IOkK-m_nlTzIQRZBUuCXUvKLezcdzs7xT7sK8bfKzvxxUe70vV9VsPSdLzVFE1m7o9nu3lr461_U7fkOieji-HmQdOmnGbpqHBEE457WQf_Qz6nLskAIelJ87Qo4EqgY=s1024,Pantai,Pantai,,,Open All Days,"Jl. Kedung Cowek, Kedung Cowek, Kec. Bulak, Surabaya, Jawa Timur 60126",,https://www.google.com/maps/place/Pantai+Sagara/data=!4m7!3m6!1s0x2dd7f9ec1750a91b:0x6e1836f658689b3e!8m2!3d-7.2089671!4d112.7802991!16s%2Fg%2F11f76yyds1!19sChIJG6lQF-z51y0RPptoWPY2GG4?authuser=0&hl=id&rclk=1,beaches in bangkalan
ChIJJyveexz51y0RPJqKW5KEK0E,Noko Selayar Bawean Jawa Timut,,,115,4,,,,,,,https://lh3.googleusercontent.com/gps-cs-s/AC9h4noMnfLCYzELPSfN2lbKU1fCj83q5sZ9ICt2uYrNKCkZclmdZnYxusDdZNPDwhY5WFTABzxS7MYAnNJ_TmDUnxSvi1EXsp4CSLmVczJhSrwPmK3lCYE7XreLKUnxoYWIx93--1CA3w=s1024,Pantai,Pantai,,,Open All Days,"I, Sombo 5 No.7, Sidotopo, Kec. Semampir, Surabaya, Jawa Timur 60152","informasi, ajaran sesat, nelayan",https://www.google.com/maps/place/Noko+Selayar+Bawean+Jawa+Timut/data=!4m7!3m6!1s0x2dd7f91c7bde2b27:0x412b84925b8a9a3c!8m2!3d-7.2311166!4d112.7475199!16s%2Fg%2F11g8vcjfcb!19sChIJJyveexz51y0RPJqKW5KEK0E?authuser=0&hl=id&rclk=1,beaches in bangkalan
ChIJ-ZhJ6VEG2C0RUbuouwLtOMk,Mercusuar Bangkalan,"Mercusuar putih yang khas di area terpencil, dengan pemandangan tepi pantai yang indah.",,1139,4.2,"Name: Wisata Pantai Martajasah
Link: https://www.google.com/maps/search/Wisata+Pantai+Martajasah/@-7.041518399999999,112.7113078?authuser=0&hl=id&entry=ttu
Reviews: 100 reviews

Name: Museum Cakraningrat
Link: https://www.google.com/maps/search/Museum+Cakraningrat/@-7.0485530999999995,112.7354412?authuser=0&hl=id&entry=ttu
Reviews: 74 reviews

Name: Benteng Bangkalan
Link: https://www.google.com/maps/search/Benteng+Bangkalan/@-7.0243478,112.75101529999999?authuser=0&hl=id&entry=ttu
Reviews: 45 reviews

Name: Negeri Madura
Link: https://www.google.com/maps/search/Negeri+Madura/@-7.0600328999999995,112.67443929999999?authuser=0&hl=id&entry=ttu
Reviews: 4 reviews

Name: Menara suar sembilangan
Link: https://www.google.com/maps/search/Menara+suar+sembilangan/@-7.0600149,112.6744518?authuser=0&hl=id&entry=ttu
Reviews: 3 reviews",,,1,Mercusuar Bangkalan (Pemilik),,https://lh3.googleusercontent.com/gps-cs-s/AC9h4nrMbIk0qla3ZADBDmhVT4GUVQkzCEtgZK72fK1grFkCR6VZib1hzLtMFdtfZ2oDaKt05joEmURN73AIOxCl9v_bohsZsyWoxRXbWtmi4kbpr_SwC_HkLd7B62NpRPkZATNnUp-a=s1024,Bangunan Bersejarah,"Bangunan Bersejarah, Tujuan Wisata",08.00-16.00,,Open All Days,"WMQF+VR2, Jalan Sembilangan, Socah, Slempit, Pernajuh, Kec. Bangkalan, Kabupaten Bangkalan, Jawa Timur 69161","wisata, foto, rujak, keluarga, pemandangan, 1879, menara suar, kolonial, rekreasi, navigasi",https://www.google.com/maps/place/Mercusuar+Bangkalan/data=!4m7!3m6!1s0x2dd80651e94998f9:0xc938ed02bba8bb51!8m2!3d-7.0603681!4d112.6745166!16s%2Fg%2F11b6t2ptvs!19sChIJ-ZhJ6VEG2C0RUbuouwLtOMk?authuser=0&hl=id&rclk=1,beaches in bangkalan
ChIJFxo8JgAd2C0R_aPR_uC4egE,Wisata Tebul Bahari,,,11,4.8,"Name: Sungai Tekobir
Link: https://www.google.com/maps/search/Sungai+Tekobir/@-6.9137609,112.94889010000001?authuser=0&hl=id&entry=ttu
Reviews: 11 reviews

Name: PEMANDIAN TEKOBIR
Link: https://www.google.com/maps/search/PEMANDIAN+TEKOBIR/@-6.912548999999999,112.94774520000001?authuser=0&hl=id&entry=ttu
Reviews: 1 reviews

Name: Tambatan perahu batuan
Link: https://www.google.com/maps/search/Tambatan+perahu+batuan/@-7.0747211,112.70707829999999?authuser=0&hl=id&entry=ttu
Reviews: No Reviews reviews",,,1,Wisata Tebul Bahari (Pemilik),,https://lh3.googleusercontent.com/gps-cs-s/AC9h4nqZGB7SfRIiyV79n1m1wvyZfrZ3fm5Xc3VG72P0IyH497Mu07diWvsJsbQI-Y1mfH5QTsDEmBvY3-8FYqUrGrOPV5iD7k9ci4ZJxo6Hz9lbpFE2AOTQ24gCUjniTPw3z65cuTJEUtSgDDA=s1024,Tujuan Wisata,Tujuan Wisata,09.00-21.00,,Open All Days,"RRQG+3G, Tebul, Kabupaten Bangkalan, Jawa Timur",harga,https://www.google.com/maps/place/Wisata+Tebul+Bahari/data=!4m7!3m6!1s0x2dd81d00263c1a17:0x17ab8e0fed1a3fd!8m2!3d-7.162289!4d112.826327!16s%2Fg%2F11l_1kv_w5!19sChIJFxo8JgAd2C0R_aPR_uC4egE?authuser=0&hl=id&rclk=1,beaches in bangkalan
ChIJi_3MwSoA2C0Rm3_XobPZhBc,Pantai Karang Kering,,,443,4.1,,,,,,,https://lh3.googleusercontent.com/gps-cs-s/AC9h4noW9zCZxRCReXag8fYkLdqhQpzuKKpRTeb-1e1df2361zmkQK8kTDByS4AAF-3xFXtAGnUGwqx3cJAj6re9UP6hQv24zzlt4sHDYgVzy6X9mymiitSVI_abM8onAx2s13zOYBDfOA=s1024,Pantai,Pantai,,,Open All Days,"Jl. Kapten Darmo Sugondo, Karang Kering, Karangkering, Kec. Kebomas, Kabupaten Gresik, Jawa Timur 61123","mangrove, pagi, sunrise, pemandangan, wisata, motor, sore, foto, senja, surut",https://www.google.com/maps/place/Pantai+Karang+Kering/data=!4m7!3m6!1s0x2dd8002ac1ccfd8b:0x1784d9b3a1d77f9b!8m2!3d-7.1887911!4d112.6657622!16s%2Fg%2F11cmmq_xtk!19sChIJi_3MwSoA2C0Rm3_XobPZhBc?authuser=0&hl=id&rclk=1,beaches in bangkalan
ChIJuUN5cFID2C0ReAeppcgQTS0,DERMAGA RASA,Live music di jam senja setiap hari sabtu & minggu,,24,4.4,"Name: Dermaga Rindu
Link: https://www.google.com/maps/search/Dermaga+Rindu/@-7.161568099999999,112.77230730000001?authuser=0&hl=id&entry=ttu
Reviews: 1148 reviews

Name: Dermaga Ferry
Link: https://www.google.com/maps/search/Dermaga+Ferry/@-7.175155900000001,112.7216651?authuser=0&hl=id&entry=ttu
Reviews: 648 reviews

Name: Wisata Alam Kesek
Link: https://www.google.com/maps/search/Wisata+Alam+Kesek/@-7.1611484999999995,112.7722818?authuser=0&hl=id&entry=ttu
Reviews: 220 reviews

Name: Perahu Cinta
Link: https://www.google.com/maps/search/Perahu+Cinta/@-7.160179200000001,112.77661339999999?authuser=0&hl=id&entry=ttu
Reviews: 40 reviews

Name: Dermaga Bancaran
Link: https://www.google.com/maps/search/Dermaga+Bancaran/@-7.012454699999999,112.75950340000001?authuser=0&hl=id&entry=ttu
Reviews: 2 reviews",,0858-5375-7565,,DERMAGA RASA (Pemilik),https://www.google.com/maps/contrib/100529019663538286568,https://lh3.googleusercontent.com/p/AF1QipNnDdAszm75IEDrkL0rw0JlX-Da-F6ZvDZSK3O9=s1024,Tujuan Wisata,Tujuan Wisata,09.00-22.00,,Open All Days,"Jl. Basis Batuporon No.57-58, Kesek, Kec. Labang, Kabupaten Bangkalan, Jawa Timur 69163","pemandangan, music, menu, minuman",https://www.google.com/maps/place/DERMAGA+RASA/data=!4m7!3m6!1s0x2dd80352707943b9:0x2d4d10c8a5a90778!8m2!3d-7.1615933!4d112.7724471!16s%2Fg%2F11nh7t8ssq!19sChIJuUN5cFID2C0ReAeppcgQTS0?authuser=0&hl=id&rclk=1,beaches in bangkalan
ChIJEcFHRgA52C0R2iO4X6zKvIo,LOBUKBEACH,Tujuan wisata,,18,4.4,"Name: Pantai LOBUK Bumianyar
Link: https://www.google.com/maps/search/Pantai+LOBUK+Bumianyar/@-6.8933588,113.12451449999999?authuser=0&hl=id&entry=ttu
Reviews: 46 reviews

Name: Pantai Lobuk Trapang
Link: https://www.google.com/maps/search/Pantai+Lobuk+Trapang/@-6.8930962,113.12558?authuser=0&hl=id&entry=ttu
Reviews: 17 reviews

Name: Pantai Indah Tanjungbumi
Link: https://www.google.com/maps/search/Pantai+Indah+Tanjungbumi/@-6.894946999999999,113.1168868?authuser=0&hl=id&entry=ttu
Reviews: 15 reviews

Name: De Lobuq Beach
Link: https://www.google.com/maps/search/De+Lobuq+Beach/@-6.8944814,113.12276419999999?authuser=0&hl=id&entry=ttu
Reviews: 5 reviews",http://www.lobuk-beach-bumianyar.com/,,,LOBUKBEACH (Pemilik),https://www.google.com/maps/contrib/101385981230140791271,https://lh3.googleusercontent.com/gps-cs-s/AC9h4noL24aVBexMIWBMHL5Q1lqGKURKnhyfz-s8IRJqWkhpD21jx_ZyMxxRL3tabD8wy-EvD6hSvFwdszSeMceplFFgajTPqdTzn80rGO7-XE0you7iKLpHuwWuv-qw-BRtvNZwbiVntA=s1024,Tujuan Wisata,"Tujuan Wisata, Tempat barbekyu, Tempat acara, Tempat Parkir, Tempat Ibadah, Hotel Resor, Pusat Perbelanjaan",,,Open All Days,"Jl, Lobuk, Bumi Anyar, Kec. Tj. Bumi, Kabupaten Bangkalan, Jawa Timur","ATV, liburan, harga",https://www.google.com/maps/place/LOBUKBEACH/data=!4m7!3m6!1s0x2dd839004647c111:0x8abccaac5fb823da!8m2!3d-6.8933568!4d113.1245108!16s%2Fg%2F11wxw_gjgn!19sChIJEcFHRgA52C0R2iO4X6zKvIo?authuser=0&hl=id&rclk=1,beaches in bangkalan
ChIJd4T0VXII2C0RtFTgV52TjdU,Pantai Ayang-ayang Benteng Pulau Mengare,,,179,4.2,,,0857-0674-7404,,,,https://lh3.googleusercontent.com/gps-cs-s/AC9h4nofpfkllFlqQnpLWdU0fopaBEg1UwA_ExRfoWhY5C_IRkMqVjWCV6r-CsMdMN649iXJPfYj8hyNHuUU4oCCbxp5eeTuV0TUo_b4KckUXGUbXH8NPbAuWhVUF1Ve1quxJKGmTmKD=s1024,Pantai,Pantai,,,Open All Days,"Tajung Widoro, Tj. Widoro, Kec. Bungah, Kabupaten Gresik, Jawa Timur 61152","wisata, perahu, mangrove, tiket, kerang, panas, nyamuk, pemandangan",https://www.google.com/maps/place/Pantai+Ayang-ayang+Benteng+Pulau+Mengare/data=!4m7!3m6!1s0x2dd8087255f48477:0xd58d939d57e054b4!8m2!3d-7.0229018!4d112.6467041!16s%2Fg%2F11f0kptydm!19sChIJd4T0VXII2C0RtFTgV52TjdU?authuser=0&hl=id&rclk=1,beaches in bangkalan
ChIJuZr_8ac52C0RM3DblIPTyCc,Pantai Indah Tanjungbumi,,,15,4.5,"Name: Pantai Pasir Putih Tlangoh
Link: https://www.google.com/maps/search/Pantai+Pasir+Putih+Tlangoh/@-6.8835598000000005,113.0477832?authuser=0&hl=id&entry=ttu
Reviews: 1479 reviews

Name: PANTAI BIRU
Link: https://www.google.com/maps/search/PANTAI+BIRU/@-6.885358999999999,113.079095?authuser=0&hl=id&entry=ttu
Reviews: 600 reviews

Name: Batik tulis asli Madura tanjungbumi
Link: https://www.google.com/maps/search/Batik+tulis+asli+Madura+tanjungbumi/@-6.8875883,113.08257200000001?authuser=0&hl=id&entry=ttu
Reviews: 208 reviews

Name: Pantai LOBUK Bumianyar
Link: https://www.google.com/maps/search/Pantai+LOBUK+Bumianyar/@-6.8933588,113.12451449999999?authuser=0&hl=id&entry=ttu
Reviews: 46 reviews

Name: LOBUKBEACH
Link: https://www.google.com/maps/search/LOBUKBEACH/@-6.8933568,113.12451080000001?authuser=0&hl=id&entry=ttu
Reviews: No Reviews reviews",,,1,Pantai Indah Tanjungbumi (Pemilik),,https://lh3.googleusercontent.com/gps-cs-s/AC9h4nptOlQSkwo1iVbhN5sztDv7EyBI56A1sedVFxyByM8jwP4_9SZcEMrrPnXfxmpC6rLG3ws7szaEJFKAG1Xzxre3qgYCDZ9I7kVEA68Yt9AVvuog5oHTDRtZU9cVCcszIdRQ12ht=s1024,Hotel Resor,Hotel Resor,,,Open All Days,"4448+2QC, Jalan Raya, Bumi Anyar, Tanjung Bumi, Bangkalan Regency, East Java 69156",kebersihan,https://www.google.com/maps/place/Pantai+Indah+Tanjungbumi/data=!4m7!3m6!1s0x2dd839a7f1ff9ab9:0x27c8d38394db7033!8m2!3d-6.894947!4d113.1168868!16s%2Fg%2F11g1fsnx59!19sChIJuZr_8ac52C0RM3DblIPTyCc?authuser=0&hl=id&rclk=1,beaches in bangkalan
ChIJLxLu6cr51y0Rw4Ti-vJjumc,Pesisir Pantai Kenjeran,,,92,4.4,,,,,,,https://lh3.googleusercontent.com/gps-cs-s/AC9h4noC2FCe7jCIwOD-65a7XACYdg0u2P4_KrJh0-2K45iCjAY4gClOGpKi0T4dlPRNM9EWrqTH0VsJdLNUe02znGBMlBWF-Vrzl0IHFUmp8Kdl0gwqUXqj9mWu-ix_QE1ZcBGoMbepCQ=s1024,Pantai,Pantai,,,Open All Days,"Jl. Pantai Kenjeran, Kec. Bulak, Surabaya, Jawa Timur 60125","sunrise, perahu, wisata, taman, kerang, foto, sore, kerupuk, pedagang, santai",https://www.google.com/maps/place/Pesisir+Pantai+Kenjeran/data=!4m7!3m6!1s0x2dd7f9cae9ee122f:0x67ba63f2fae284c3!8m2!3d-7.2256884!4d112.788662!16s%2Fg%2F11cssn2p24!19sChIJLxLu6cr51y0Rw4Ti-vJjumc?authuser=0&hl=id&rclk=1,beaches in bangkalan
ChIJnbessF4E2C0RVW95_QKvJEo,Wisata Bukit Jaddhih,Area pertambangan batu bata putih & latar populer untuk berfoto dengan tebing kapur & naik perahu di kolam.,,6325,4,"Name: Pemandian Kolam Renang Gua Pote
Link: https://www.google.com/maps/search/Pemandian+Kolam+Renang+Gua+Pote/@-7.0807695,112.7585968?authuser=0&hl=id&entry=ttu
Reviews: 375 reviews

Name: Wisata Bukit Geger
Link: https://www.google.com/maps/search/Wisata+Bukit+Geger/@-7.0247454,112.9324972?authuser=0&hl=id&entry=ttu
Reviews: 210 reviews

Name: Bukit jaddih mantoan
Link: https://www.google.com/maps/search/Bukit+jaddih+mantoan/@-7.089226999999999,112.75536?authuser=0&hl=id&entry=ttu
Reviews: No Reviews reviews

Name: Makam keluarga
Link: https://www.google.com/maps/search/Makam+keluarga/@-7.081624,112.73051339999999?authuser=0&hl=id&entry=ttu
Reviews: No Reviews reviews

Name: Choirulanwar
Link: https://www.google.com/maps/search/Choirulanwar/@-7.0846627,112.74414410000001?authuser=0&hl=id&entry=ttu
Reviews: No Reviews reviews",,,1,Wisata Bukit Jaddhih (Pemilik),,https://lh3.googleusercontent.com/gps-cs-s/AC9h4noZUGvsR1igcDEo3YXZkNdTwFl6Qi69dX1UUJ5z4kbcuHq-JMhnrhTiKp_Z8V8SdiWJG0LfF1hbWOsoL6EO-n3l2urCHLbltLoF-Dtrt9hqP8bew04Y-wHKruwaLcr98ZH1hya6fA=s1024,Tujuan Wisata,Tujuan Wisata,07.00-16.00,,Open All Days,"WQ95+3RM, Jakan, Parseh, Kec. Socah, Kabupaten Bangkalan, Jawa Timur 69161","pungli, pertambangan, debu, masker, kacamata hitam, obyek wisata, gersang, silau, alat berat, pencurian kendaraan bermotor",https://www.google.com/maps/place/Wisata+Bukit+Jaddhih/data=!4m7!3m6!1s0x2dd8045eb0acb79d:0x4a24af02fd796f55!8m2!3d-7.082283!4d112.7595396!16s%2Fg%2F11c2r8kctr!19sChIJnbessF4E2C0RVW95_QKvJEo?authuser=0&hl=id&rclk=1,beaches in bangkalan
ChIJWcFR0FD51y0R9Hvm3_B1Owo,Suramadu View Point,,,3287,4.5,"Name: Jembatan Nasional Suramadu
Link: https://www.google.com/maps/search/Jembatan+Nasional+Suramadu/@-7.1855231999999996,112.78012249999999?authuser=0&hl=id&entry=ttu
Reviews: 1779 reviews

Name: Benteng Suramadu
Link: https://www.google.com/maps/search/Benteng+Suramadu/@-7.2127422999999995,112.782383?authuser=0&hl=id&entry=ttu
Reviews: 332 reviews

Name: Pesisir Suramadu
Link: https://www.google.com/maps/search/Pesisir+Suramadu/@-7.2101630000000005,112.78085399999999?authuser=0&hl=id&entry=ttu
Reviews: 5 reviews

Name: Pantai Suramadu Surabaya Utara
Link: https://www.google.com/maps/search/Pantai+Suramadu+Surabaya+Utara/@-7.209529099999999,112.7813225?authuser=0&hl=id&entry=ttu
Reviews: 2 reviews

Name: NANDUR MAKMUR
Link: https://www.google.com/maps/search/NANDUR+MAKMUR/@-7.2166575,112.7773445?authuser=0&hl=id&entry=ttu
Reviews: No Reviews reviews",,,1,Suramadu View Point (Pemilik),,https://lh3.googleusercontent.com/gps-cs-s/AC9h4noYuRGzSXcN2CN3W56QEzi1S3Qpz2Cqr4z8Z0W20OvenAlHwsAVMmUJWYLUJSflDAHG2CQn0LTCJpKGtVep_0glJiltQ6wv5NYCLUSSGR2-Yby6VrwpufBXvf6EglrKKNQOCxEs=s1024,Tujuan Wisata,Tujuan Wisata,09.00-00.00,,Open All Days,"QQRJ+94V, Jl. Ustadz Abdul Somad, Kedung Cowek, Kec. Bulak, Surabaya, Jawa Timur 60126","pemandangan, sore, jembatan, angin, penjual, senja, lampu, pedagang, nyamuk, pengamen",https://www.google.com/maps/place/Suramadu+View+Point/data=!4m7!3m6!1s0x2dd7f950d051c159:0xa3b75f0dfe67bf4!8m2!3d-7.2090129!4d112.7802895!16s%2Fg%2F11gjt6jcw8!19sChIJWcFR0FD51y0R9Hvm3_B1Owo?authuser=0&hl=id&rclk=1,beaches in bangkalan
ChIJvSLMIZUF2C0R0iThowW8n38,Obyek Wisata Taman Rekreasi Kota Bangkalan,,,129,4.1,"Name: Wisata Alam Kesek
Link: https://www.google.com/maps/search/Wisata+Alam+Kesek/@-7.1611484999999995,112.7722818?authuser=0&hl=id&entry=ttu
Reviews: 220 reviews

Name: Taman Budaya Sentra IKM
Link: https://www.google.com/maps/search/Taman+Budaya+Sentra+IKM/@-7.1445833,112.7887676?authuser=0&hl=id&entry=ttu
Reviews: 193 reviews

Name: Kolam Renang TRETAN
Link: https://www.google.com/maps/search/Kolam+Renang+TRETAN/@-7.0436986,112.7414072?authuser=0&hl=id&entry=ttu
Reviews: 163 reviews

Name: Kolam Renang pantai madura
Link: https://www.google.com/maps/search/Kolam+Renang+pantai+madura/@-7.1663809999999994,112.72138079999999?authuser=0&hl=id&entry=ttu
Reviews: 1 reviews",http://www.pulaumadura.com/,,1,Obyek Wisata Taman Rekreasi Kota Bangkalan (Pemilik),,https://lh3.googleusercontent.com/gps-cs-s/AC9h4no3f5WeROPirsuzD_FzMD_3k8fcfOmL_eEfiZa8xcYqeRxstHtfi5OdQtvv40vEW32n8_EMNcJhmmts3AzaIRH7YeiyOpIzLx38wDEykreTB5blvmCUjSu_SqxyPtu2ePkidMfK=s1024,Taman Rekreasi Air,"Taman Rekreasi Air, Taman",09.00-17.00,,Open All Days,"XP4R+G5X, Wr 08, Mlajah, Kec. Bangkalan, Kabupaten Bangkalan, Jawa Timur 69116","belakang, perahu, harga, stadion, toilet, parkir",https://www.google.com/maps/place/Obyek+Wisata+Taman+Rekreasi+Kota+Bangkalan/data=!4m7!3m6!1s0x2dd8059521cc22bd:0x7f9fbc05a3e124d2!8m2!3d-7.0436325!4d112.7404739!16s%2Fg%2F11bv6l93tp!19sChIJvSLMIZUF2C0R0iThowW8n38?authuser=0&hl=id&rclk=1,beaches in bangkalan
ChIJ9eMR0vL51y0RyxK88tNm-Tc,Kenjeran Beach,,,152,4.4,"Name: Kenjeran Park
Link: https://www.google.com/maps/search/Kenjeran+Park/@-7.2522964,112.79669519999999?authuser=0&hl=id&entry=ttu
Reviews: 6215 reviews

Name: Pantai Kenjeran Lama
Link: https://www.google.com/maps/search/Pantai+Kenjeran+Lama/@-7.2381899999999995,112.795187?authuser=0&hl=id&entry=ttu
Reviews: 4482 reviews

Name: Pantai Ria
Link: https://www.google.com/maps/search/Pantai+Ria/@-7.2509163999999995,112.80093319999999?authuser=0&hl=id&entry=ttu
Reviews: 4122 reviews

Name: UPTD Taman Hiburan Pantai Kenjeran
Link: https://www.google.com/maps/search/UPTD+Taman+Hiburan+Pantai+Kenjeran/@-7.2380652,112.7956011?authuser=0&hl=id&entry=ttu
Reviews: 3589 reviews

Name: Pantai Laut Selatan
Link: https://www.google.com/maps/search/Pantai+Laut+Selatan/@-7.229019500000001,112.79197219999999?authuser=0&hl=id&entry=ttu
Reviews: 1231 reviews",,,1,Kenjeran Beach (Pemilik),,https://lh3.googleusercontent.com/gps-cs-s/AC9h4npavS96g7IWWGrutTFJD9jxnquBcir3A3NzgrnBtmTmbaqpbd76qfGVaQWn8Fmhvx8_e3VigoD38cvj5CbRX2-uNK6fnARfzH4aeivJyOigQSk0X65pyzlfkTzmW_Y3zBzTCYfUky_FRJ7G=s1024,Tujuan Wisata,Tujuan Wisata,,,Open All Days,"Bulak, Kec. Bulak, Surabaya, Jawa Timur","pesisir, sunrise, panas, rekreasi, sunset, pagi, pedagang, bau, pemandangan, kendaraan",https://www.google.com/maps/place/Kenjeran+Beach/data=!4m7!3m6!1s0x2dd7f9f2d211e3f5:0x37f966d3f2bc12cb!8m2!3d-7.2261295!4d112.7890576!16s%2Fg%2F11ny4f8dkd!19sChIJ9eMR0vL51y0RyxK88tNm-Tc?authuser=0&hl=id&rclk=1,beaches in bangkalan
ChIJkTH0IC--eS4RKB_srdovXK0,Pantai Ria,,,4122,4.2,"Name: Pantai Kenjeran Lama
Link: https://www.google.com/maps/search/Pantai+Kenjeran+Lama/@-7.2381899999999995,112.795187?authuser=0&hl=id&entry=ttu
Reviews: 4482 reviews

Name: UPTD Taman Hiburan Pantai Kenjeran
Link: https://www.google.com/maps/search/UPTD+Taman+Hiburan+Pantai+Kenjeran/@-7.2380652,112.7956011?authuser=0&hl=id&entry=ttu
Reviews: 3589 reviews

Name: Pantai Laut Selatan
Link: https://www.google.com/maps/search/Pantai+Laut+Selatan/@-7.229019500000001,112.79197219999999?authuser=0&hl=id&entry=ttu
Reviews: 1231 reviews

Name: Kenjeran Beach
Link: https://www.google.com/maps/search/Kenjeran+Beach/@-7.2261295,112.78905759999999?authuser=0&hl=id&entry=ttu
Reviews: 152 reviews

Name: Dermaga Ujung Pantai Ria
Link: https://www.google.com/maps/search/Dermaga+Ujung+Pantai+Ria/@-7.245690799999999,112.8017744?authuser=0&hl=id&entry=ttu
Reviews: 2 reviews",,(031) 3821350,1,Pantai Ria (Pemilik),,https://lh3.googleusercontent.com/gps-cs-s/AC9h4npvwvvQsc7rqHu35cx_aHg0Od5Bo1Bci7SLp64-3GLjoz0VP-HWzX30G1mCvYejQNmFMnivPR6mFP_GGPsWE6B6ifJjglaE21_V4PhpfQSB7H7euSFYgUpGWQc3-yl0LSj6tXng=s1024,Tujuan Wisata,Tujuan Wisata,08.00-16.00,,Open All Days,"Jalan Sukolilo No.100, Sukolilo Baru, Kec. Bulak, Surabaya, Jawa Timur 60122","tiket, patung, atlantis, fasilitas, waterpark, santai, budha, lontong, destinasi wisata, klenteng",https://www.google.com/maps/place/Pantai+Ria/data=!4m7!3m6!1s0x2e79be2f20f43191:0xad5c2fdaadec1f28!8m2!3d-7.2509164!4d112.8009332!16s%2Fg%2F1tj3hh0v!19sChIJkTH0IC--eS4RKB_srdovXK0?authuser=0&hl=id&rclk=1,beaches in bangkalan
ChIJH3d0XAkG2C0R-ipLIkS-9_c,Gledhek Lanjeng,,,44,4.5,"Name: Jembatan Gantung Je'eh
Link: https://www.google.com/maps/search/Jembatan+Gantung+Je'eh/@-7.015000000000001,113.02574609999999?authuser=0&hl=id&entry=ttu
Reviews: 9 reviews

Name: GLEDEK LANJHENG
Link: https://www.google.com/maps/search/GLEDEK+LANJHENG/@-7.0508980999999995,113.1026804?authuser=0&hl=id&entry=ttu
Reviews: 2 reviews

Name: Jembatan Tangkel
Link: https://www.google.com/maps/search/Jembatan+Tangkel/@-7.05988,112.7980491?authuser=0&hl=id&entry=ttu
Reviews: 1 reviews

Name: Jembatan Bung Gibeng
Link: https://www.google.com/maps/search/Jembatan+Bung+Gibeng/@-6.976475,112.9394263?authuser=0&hl=id&entry=ttu
Reviews: 1 reviews

Name: Teteh Lanjeng
Link: https://www.google.com/maps/search/Teteh+Lanjeng/@-7.162257599999999,112.8898909?authuser=0&hl=id&entry=ttu
Reviews: 1 reviews",,,1,Gledhek Lanjeng (Pemilik),,https://lh3.googleusercontent.com/gps-cs-s/AC9h4npV94Z8XEaZnmVqQ6IcFX4O6AcjAfcp2eNIR9qC2mTJDfonQb6kqpDrHiT0_Ss9ExkxZxCsltlUcH5iL6e1ejalbM1R8umWBGuRNjykDQN4tVEJr0mnP1Gna8ZznY2aeFwRsrOZ=s1024,Jembatan,Jembatan,Buka 24 jam,,Open All Days,"XP56+556, Jl. Raya Kramat, Area Sawah, Mertajasah, Kec. Bangkalan, Kabupaten Bangkalan, Jawa Timur 69119","memancing, pemandangan",https://www.google.com/maps/place/Gledhek+Lanjeng/data=!4m7!3m6!1s0x2dd806095c74771f:0xf7f7be44224b2afa!8m2!3d-7.0420791!4d112.7103931!16s%2Fg%2F11f5dz7jq4!19sChIJH3d0XAkG2C0R-ipLIkS-9_c?authuser=0&hl=id&rclk=1,beaches in bangkalan
ChIJcXANOYkF2C0RZKUhfFe6DEc,Alun-Alun Bangkalan,Alun-Alun Kab. Bangkalan,,2332,4.4,"Name: Alun-Alun Taman Paseban Bangkalan
Link: https://www.google.com/maps/search/Alun-Alun+Taman+Paseban+Bangkalan/@-7.029583199999999,112.74733049999999?authuser=0&hl=id&entry=ttu
Reviews: 907 reviews

Name: Obyek Wisata Taman Rekreasi Kota Bangkalan
Link: https://www.google.com/maps/search/Obyek+Wisata+Taman+Rekreasi+Kota+Bangkalan/@-7.0436325,112.7404739?authuser=0&hl=id&entry=ttu
Reviews: 129 reviews

Name: Alun
Link: https://www.google.com/maps/search/Alun/@-7.029083399999999,112.747537?authuser=0&hl=id&entry=ttu
Reviews: No Reviews reviews

Name: Lapangan Bola Basket Alun-alun
Link: https://www.google.com/maps/search/Lapangan+Bola+Basket+Alun-alun/@-7.030840400000001,112.74819520000001?authuser=0&hl=id&entry=ttu
Reviews: No Reviews reviews",,,,Alun-Alun Bangkalan (Pemilik),https://www.google.com/maps/contrib/102111357711485482693,https://lh3.googleusercontent.com/gps-cs-s/AC9h4nqarkdU31ZCpr8YnUUbYMUVwTBpKTAEs9dEYRJUgeMyVN7VLP3S84fwx_xtjdCuYvM7TMUn1cnJfVKwgMRMbjyle2gpZJMwnwZXqB-Qh89wfMbfVFhL9N-okXtHDFXTl5_z395leQ=s1024,Taman,Taman,Buka 24 jam,,Open All Days,"Jl. KH Abdul Karim, Demangan Barat, Demangan, Kec. Bangkalan, Kabupaten Bangkalan, Jawa Timur 69115","olahraga, kebersihan, santai, rindang, masyarakat, area, pedagang kaki lima, gelap, fasilitas, upacara",https://www.google.com/maps/place/Alun-Alun+Bangkalan/data=!4m7!3m6!1s0x2dd80589390d7071:0x470cba577c21a564!8m2!3d-7.0301333!4d112.7487306!16s%2Fg%2F11cs6l807g!19sChIJcXANOYkF2C0RZKUhfFe6DEc?authuser=0&hl=id&rclk=1,beaches in bangkalan
ChIJdYiT9mwD2C0RxgSgpJ11xFc,Pangkalan TNI AL Batuporon,,,15,4.7,"Name: Kamal
Link: https://www.google.com/maps/search/Kamal/@-7.17613,112.72288999999999?authuser=0&hl=id&entry=ttu
Reviews: 155 reviews

Name: Lapangan Batuporon Tanjung Jati
Link: https://www.google.com/maps/search/Lapangan+Batuporon+Tanjung+Jati/@-7.1700084,112.7440476?authuser=0&hl=id&entry=ttu
Reviews: 45 reviews

Name: Batalyon Kendaraan Pendarat Amfibi 2 Marinir
Link: https://www.google.com/maps/search/Batalyon+Kendaraan+Pendarat+Amfibi+2+Marinir/@-7.206562700000001,112.7467284?authuser=0&hl=id&entry=ttu
Reviews: 5 reviews

Name: Patkamla Batuporon
Link: https://www.google.com/maps/search/Patkamla+Batuporon/@-7.169599299999999,112.75369409999999?authuser=0&hl=id&entry=ttu
Reviews: No Reviews reviews",,,1,Pangkalan TNI AL Batuporon (Pemilik),,https://lh3.googleusercontent.com/gps-cs-s/AC9h4nos_QD7ye4i5qU0XGmXSfXCqbU_zvwArSSQp0cJjTgJF117G7ldt4JIU6FXjx3u8OtqGuOLDWorRnOU9lZWAvbyGFGrOX0PwwRDcPLWMj-Ky8K6vszBCXvmOMQqncsDzdJuYn8=s1024,Pangkalan Angkatan Laut,Pangkalan Angkatan Laut,Buka 24 jam,,Open All Days,"RPHV+Q2X, Karang Asem, Tj. Jati, Kec. Kamal, Kabupaten Bangkalan, Jawa Timur 69162",,https://www.google.com/maps/place/Pangkalan+TNI+AL+Batuporon/data=!4m7!3m6!1s0x2dd8036cf6938875:0x57c4759da4a004c6!8m2!3d-7.1705108!4d112.7426082!16s%2Fg%2F11h0t5fx4c!19sChIJdYiT9mwD2C0RxgSgpJ11xFc?authuser=0&hl=id&rclk=1,beaches in bangkalan
ChIJpYAJ6cr51y0Rtyuco6Tjfgc,Pantai Bulak,,,19,4.1,"Name: Pantai Kenjeran Lama
Link: https://www.google.com/maps/search/Pantai+Kenjeran+Lama/@-7.2381899999999995,112.795187?authuser=0&hl=id&entry=ttu
Reviews: 4482 reviews

Name: Pantai Laut Selatan
Link: https://www.google.com/maps/search/Pantai+Laut+Selatan/@-7.229019500000001,112.79197219999999?authuser=0&hl=id&entry=ttu
Reviews: 1231 reviews

Name: Kenjeran Beach
Link: https://www.google.com/maps/search/Kenjeran+Beach/@-7.2261295,112.78905759999999?authuser=0&hl=id&entry=ttu
Reviews: 152 reviews

Name: Pantai Tambak Wedi
Link: https://www.google.com/maps/search/Pantai+Tambak+Wedi/@-7.2086217,112.77949819999999?authuser=0&hl=id&entry=ttu
Reviews: 22 reviews

Name: Pantai Gulbung Pangarengan
Link: https://www.google.com/maps/search/Pantai+Gulbung+Pangarengan/@-7.2236801,113.1971896?authuser=0&hl=id&entry=ttu
Reviews: 10 reviews",,,,Pantai Bulak (Pemilik),,https://lh3.googleusercontent.com/gps-cs-s/AC9h4nqSHBfxfck2ICMJbU01MQFo94EyfZXqFYS7HD5vuDcrVcBlSVp-DiBQJ682JoFQXVTnuscit-ptFO_aXvoL2e0utgzuzPkY3PXsLCkqvNp26NUX71bW8Z0je6WcY8yZ0KBp2Wo=s1024,Pantai Umum,Pantai Umum,Buka 24 jam,,Open All Days,"QQFQ+PFG, Laut Jawa, Cipulir, Kby. Lama, Kota Jakarta Selatan, Daerah Khusus Ibukota Jakarta 12230",,https://www.google.com/maps/place/Pantai+Bulak/data=!4m7!3m6!1s0x2dd7f9cae90980a5:0x77ee3a4a39c2bb7!8m2!3d-7.2256778!4d112.7886959!16s%2Fg%2F11g697p_tc!19sChIJpYAJ6cr51y0Rtyuco6Tjfgc?authuser=0&hl=id&rclk=1,beaches in bangkalan
ChIJuxAHZ1P81y0RgAsNatb4sy4,"Pantai Nunsui, Oesapa",,,14,4,,,,,,,,Pantai,Pantai,,,Open All Days,"Gg. 8B, Lidah Wetan, Kec. Lakarsantri, Surabaya, Jawa Timur 60213",,"https://www.google.com/maps/place/Pantai+Nunsui,+Oesapa/data=!4m7!3m6!1s0x2dd7fc53670710bb:0x2eb3f8d66a0d0b80!8m2!3d-7.3055701!4d112.669185!16s%2Fg%2F11f0l45b73!19sChIJuxAHZ1P81y0RgAsNatb4sy4?authuser=0&hl=id&rclk=1",beaches in bangkalan
ChIJhQDAC7A52C0RYqiHsj8xwts,Pantai Karang Timur,,,10,4.7,,,,,,,https://lh3.googleusercontent.com/gps-cs-s/AC9h4nqZhMJwgzjVkNPpHDS3SoX9wBbDF19S1CeHiaivLzdkvtl5IJMs3phJ20TwuCjTU-3qzjbzRzvLalvnKxNtae1D_I-KVq3wV9ukwOXt395HM0Iqgowt8fUwYxCpzcazeCS4z5VAkg=s1024,Pantai,Pantai,,,Open All Days,"Karang Timur, pantai karang timur, Kec. Banyuates, Kabupaten Sampang, Jawa Timur 69263",,https://www.google.com/maps/place/Pantai+Karang+Timur/data=!4m7!3m6!1s0x2dd839b00bc00085:0xdbc2313fb287a862!8m2!3d-6.8944099!4d113.1572773!16s%2Fg%2F11f4qy63f2!19sChIJhQDAC7A52C0RYqiHsj8xwts?authuser=0&hl=id&rclk=1,beaches in bangkalan
ChIJ6WqczjyG1y0RZSejU0oLBGY,SONG-OSONG BEACH,,,39,4.1,"Name: Pantai Aeng Sareh
Link: https://www.google.com/maps/search/Pantai+Aeng+Sareh/@-7.2203559,113.2223403?authuser=0&hl=id&entry=ttu
Reviews: 32 reviews

Name: Pantai Madegan Polagan
Link: https://www.google.com/maps/search/Pantai+Madegan+Polagan/@-7.2214545999999995,113.23887800000001?authuser=0&hl=id&entry=ttu
Reviews: 12 reviews

Name: WISATA PANTAI SEGORO
Link: https://www.google.com/maps/search/WISATA+PANTAI+SEGORO/@-6.8958565,113.2062545?authuser=0&hl=id&entry=ttu
Reviews: 8 reviews

Name: Wisata Pantai Damar Wulan
Link: https://www.google.com/maps/search/Wisata+Pantai+Damar+Wulan/@-7.2199621,113.22204359999999?authuser=0&hl=id&entry=ttu
Reviews: 7 reviews

Name: Goa Aeng Oleh
Link: https://www.google.com/maps/search/Goa+Aeng+Oleh/@-7.190116300000001,113.2744235?authuser=0&hl=id&entry=ttu
Reviews: 2 reviews",,0819-4409-2436,,SONG-OSONG BEACH (Pemilik),https://www.google.com/maps/contrib/103447876396212982347,https://lh3.googleusercontent.com/gps-cs-s/AC9h4nrou0TDqQTeEPbcALUOCdEB7YsnImdsYA-U6ESuEfYJUeO8M6MHKU_R4-Prh21MPVEr54JtARExVSY9qcUD6cTCiUaC6heEhmwbYcsh3-61bvjbss7TH9OYgoI8A9uNlJ5KRqTmmA=s1024,Tujuan Wisata,Tujuan Wisata,Buka 24 jam,,Open All Days,"Aeng Sareh, Kec. Sampang, Kabupaten Sampang, Jawa Timur 69271",sore,https://www.google.com/maps/place/SONG-OSONG+BEACH/data=!4m7!3m6!1s0x2dd7863cce9c6ae9:0x66040b4a53a32765!8m2!3d-7.2222688!4d113.2039223!16s%2Fg%2F11f29_ly4s!19sChIJ6WqczjyG1y0RZSejU0oLBGY?authuser=0&hl=id&rclk=1,beaches in sampang
ChIJTV-fVFuF1y0RaPJl-KZxwAA,Pantai Candin,,,80,4.4,,,,,,,https://lh3.googleusercontent.com/gps-cs-s/AC9h4noCKKa5v2iJ7KVBL2XUoCnxnWl7GniBIyFE43C6-Iy2xe3FK7g6ensqhMlma30vjo1gm47MPNich6d_WBejzFhhZXAKYjOfJVtqy6E0m6OEwSvKAi82Kwylai3lw0Uw4CYyI7Gx=s1024,Pantai,Pantai,,,Open All Days,"Pl. Mandangin, Kec, Candin, P. Mandingan, Kec. Sampang, Kabupaten Sampang, Jawa Timur 69216","wisata, kambing, rumah",https://www.google.com/maps/place/Pantai+Candin/data=!4m7!3m6!1s0x2dd7855b549f5f4d:0xc071a6f865f268!8m2!3d-7.3110083!4d113.2246601!16s%2Fg%2F11c1wjl3t1!19sChIJTV-fVFuF1y0RaPJl-KZxwAA?authuser=0&hl=id&rclk=1,beaches in sampang
ChIJ_agdyDaF1y0RtrNeM4p3v2c,Pantai Mandangin,,,30,4.4,"Name: Pantai Wisata Camplong ,hotel, Dan Resto
Link: https://www.google.com/maps/search/Pantai+Wisata+Camplong+%2Chotel%2C+Dan+Resto/@-7.218271400000001,113.31901819999999?authuser=0&hl=id&entry=ttu
Reviews: 3137 reviews

Name: Pantai Madegan Polagan
Link: https://www.google.com/maps/search/Pantai+Madegan+Polagan/@-7.2214545999999995,113.23887800000001?authuser=0&hl=id&entry=ttu
Reviews: 12 reviews

Name: Pantai pasir putih
Link: https://www.google.com/maps/search/Pantai+pasir+putih/@-7.3072308999999995,113.2035873?authuser=0&hl=id&entry=ttu
Reviews: 3 reviews

Name: Pulau Mandangin Sampang Dusun Barat
Link: https://www.google.com/maps/search/Pulau+Mandangin+Sampang+Dusun+Barat/@-7.310353299999999,113.2069908?authuser=0&hl=id&entry=ttu
Reviews: 3 reviews

Name: Pantai Gammer's
Link: https://www.google.com/maps/search/Pantai+Gammer's/@-7.2274546,113.0923538?authuser=0&hl=id&entry=ttu
Reviews: 2 reviews",,,1,Pantai Mandangin (Pemilik),,https://lh3.googleusercontent.com/gps-cs-s/AC9h4noeqNfeNQVhcCzOWfLawUlUF6o0P8caowT9YEJh_7G227K9-rxPDsR46p8hDXS1NxXwPQHR8cDhqoVtu7mh7GbKjZkX3TkiFo4Con6rRhT2aIxudW3xVlhgLhGFAqq_PrwaVyso=s1024,Tujuan Wisata,Tujuan Wisata,,,Open All Days,"M6V3+3H4, Unnamed Road, Barat, Barat, P. Mandingan, Kec. Sampang, Kabupaten Sampang, Jawa Timur 69216",,https://www.google.com/maps/place/Pantai+Mandangin/data=!4m7!3m6!1s0x2dd78536c81da8fd:0x67bf778a335eb3b6!8m2!3d-7.307356!4d113.203959!16s%2Fg%2F11mqxb0t71!19sChIJ_agdyDaF1y0RtrNeM4p3v2c?authuser=0&hl=id&rclk=1,beaches in sampang
ChIJw37KtiWH1y0RihsXmevKx4I,Pantai Aeng Sareh,,,32,4.6,"Name: Pantai Wisata Camplong ,hotel, Dan Resto
Link: https://www.google.com/maps/search/Pantai+Wisata+Camplong+%2Chotel%2C+Dan+Resto/@-7.218271400000001,113.31901819999999?authuser=0&hl=id&entry=ttu
Reviews: 3137 reviews

Name: SONG-OSONG BEACH
Link: https://www.google.com/maps/search/SONG-OSONG+BEACH/@-7.2222688,113.20392229999999?authuser=0&hl=id&entry=ttu
Reviews: 39 reviews

Name: Wisata Pantai Damar Wulan
Link: https://www.google.com/maps/search/Wisata+Pantai+Damar+Wulan/@-7.2199621,113.22204359999999?authuser=0&hl=id&entry=ttu
Reviews: 7 reviews

Name: Aengsareh
Link: https://www.google.com/maps/search/Aengsareh/@-7.2124402,113.2248654?authuser=0&hl=id&entry=ttu
Reviews: 3 reviews

Name: Pantai Gammer's
Link: https://www.google.com/maps/search/Pantai+Gammer's/@-7.2274546,113.0923538?authuser=0&hl=id&entry=ttu
Reviews: 2 reviews",,,,Pantai Aeng Sareh (Pemilik),https://www.google.com/maps/contrib/107666527334622957759,https://lh3.googleusercontent.com/gps-cs-s/AC9h4npEw6LdhCFl2cWb4vw-iRChKCnSsOtP8VsVl4D8L0reSfumb2CiTZ9dv8z8W3tN8lRgkqmMPRpSndbR71_vU7Y0FQ5QsM4q8dTwtfkOzlARGQ_P1j6WRdLgzqJYegQRqSTP8GqB=s1024,Paviliun Pantai,Paviliun Pantai,Buka 24 jam,,Open All Days,"Jalan, Takong, Aeng Sareh, Sampang, Sampang Regency, East Java 69216","masyarakat, santai, sore, anak",https://www.google.com/maps/place/Pantai+Aeng+Sareh/data=!4m7!3m6!1s0x2dd78725b6ca7ec3:0x82c7caeb99171b8a!8m2!3d-7.2203559!4d113.2223403!16s%2Fg%2F11qsqmhlzt!19sChIJw37KtiWH1y0RihsXmevKx4I?authuser=0&hl=id&rclk=1,beaches in sampang
ChIJuTyS8GyB1y0ROKsBatwY5S4,"Pantai Wisata Camplong ,hotel, Dan Resto",,,3137,4,"Name: Pantai Lon Malang
Link: https://www.google.com/maps/search/Pantai+Lon+Malang/@-6.8890037,113.39537200000001?authuser=0&hl=id&entry=ttu
Reviews: 2363 reviews

Name: Camplong Beach
Link: https://www.google.com/maps/search/Camplong+Beach/@-7.2182109,113.31901719999999?authuser=0&hl=id&entry=ttu
Reviews: 53 reviews

Name: Pantai Sampang Pesisir
Link: https://www.google.com/maps/search/Pantai+Sampang+Pesisir/@-7.2180768,113.4136784?authuser=0&hl=id&entry=ttu
Reviews: 25 reviews

Name: Restoran Wisata Camplong
Link: https://www.google.com/maps/search/Restoran+Wisata+Camplong/@-7.2171115,113.31919239999999?authuser=0&hl=id&entry=ttu
Reviews: 25 reviews

Name: Hotel Wisata Camplong
Link: https://www.google.com/maps/search/Hotel+Wisata+Camplong/@-7.2138356,113.3295684?authuser=0&hl=id&entry=ttu
Reviews: 15 reviews",,,1,"Pantai Wisata Camplong ,hotel, Dan Resto (Pemilik)",,https://lh3.googleusercontent.com/gps-cs-s/AC9h4nruYJFZLmx7drDUj9pmbzE4HkDBwkrhhVtrbgV6dZI5exvurQ70HKyVt5UJSSSiSuHnT5ZCNwCGeOmVSUrkQu1aeAwHCgjFYA5QrAnFVrHHh7FDiFp9pmJEHS6FgLzCLzOOfkm-Lg=s1024,Tujuan Wisata,Tujuan Wisata,Buka 24 jam,,Open All Days,"Q8J9+MJR, Jl. Raya Camplong, Kec. Camplong, Kabupaten Sampang, Jawa Timur 69281","tiket, luas, pedagang, mainan, lingkungan, ini, tarif, rujak, fasilitas, perubahan","https://www.google.com/maps/place/Pantai+Wisata+Camplong+,hotel,+Dan+Resto/data=!4m7!3m6!1s0x2dd7816cf0923cb9:0x2ee518dc6a01ab38!8m2!3d-7.2182714!4d113.3190182!16s%2Fg%2F11b88jmd1y!19sChIJuTyS8GyB1y0ROKsBatwY5S4?authuser=0&hl=id&rclk=1",beaches in sampang
ChIJRWDI3jnL2S0RZNOoqG40F74,Pantai resor,,,65,4.4,,,0823-3727-3568,,,,https://lh3.googleusercontent.com/gps-cs-s/AC9h4npFFtA0Kez808sXGu3zLo4bt5Ru3ftD0iFNbBTe3H-d3WXy9IQWNrf-XA_jXOWzUKSVuTov2bErmEdQrALvvbKwB6xJpUxVmBWe8RzKeK4kAngY3-Xm_8vvXSwngl9N6Cu-JSF0Tw=s1024,Pantai,Pantai,,,Open All Days,"Batu Lenger Timur, Bira Tengah, Kec. Sokobanah, Kabupaten Sampang, Jawa Timur 69262",pemandangan,https://www.google.com/maps/place/Pantai+resor/data=!4m7!3m6!1s0x2dd9cb39dec86045:0xbe17346ea8a8d364!8m2!3d-6.8889941!4d113.3945301!16s%2Fg%2F11fy9bgsk0!19sChIJRWDI3jnL2S0RZNOoqG40F74?authuser=0&hl=id&rclk=1,beaches in sampang
ChIJ8-fMxuCI1y0RjLZm0Yhad28,Pantai Batu Putih,,,13,4.5,"Name: Pantai Aeng Sareh
Link: https://www.google.com/maps/search/Pantai+Aeng+Sareh/@-7.2203559,113.2223403?authuser=0&hl=id&entry=ttu
Reviews: 32 reviews

Name: WISATA PANTAI SEGORO
Link: https://www.google.com/maps/search/WISATA+PANTAI+SEGORO/@-6.8958565,113.2062545?authuser=0&hl=id&entry=ttu
Reviews: 8 reviews

Name: Pantai pasir putih
Link: https://www.google.com/maps/search/Pantai+pasir+putih/@-7.3072308999999995,113.2035873?authuser=0&hl=id&entry=ttu
Reviews: 3 reviews

Name: Pantai Batu Karang, Madura Jawa Timur Indonesia
Link: https://www.google.com/maps/search/Pantai+Batu+Karang%2C+Madura+Jawa+Timur+Indonesia/@-7.227427700000001,113.0923488?authuser=0&hl=id&entry=ttu
Reviews: 2 reviews

Name: Pantai Gammer's
Link: https://www.google.com/maps/search/Pantai+Gammer's/@-7.2274546,113.0923538?authuser=0&hl=id&entry=ttu
Reviews: 2 reviews",,0823-3838-1500,1,Pantai Batu Putih (Pemilik),,https://lh3.googleusercontent.com/gps-cs-s/AC9h4npdbi1xR8lmkivRiyDM4nGSMx5h-9Mno9LSmish0ApLOiL8_jqEk00t2eUBZsdEMIIo28ePiuuRH3hV_jBMXKG9GBi_tUBNRDbpSKsFEbb0xCxB92D98-36X5W8x3euv7pcQ3PBdQ=s1024,Pos Penjaga Pantai,Pos Penjaga Pantai,Buka 24 jam,,Open All Days,"Q4GX+FJ6, Karang Anyar, Batu Putih, Kec. Sreseh, Kabupaten Sampang, Jawa Timur 69273",,https://www.google.com/maps/place/Pantai+Batu+Putih/data=!4m7!3m6!1s0x2dd788e0c6cce7f3:0x6f775a88d166b68c!8m2!3d-7.2238301!4d113.149001!16s%2Fg%2F11f4qb0x0f!19sChIJ8-fMxuCI1y0RjLZm0Yhad28?authuser=0&hl=id&rclk=1,beaches in sampang
ChIJxyJywwLG2S0R8NARhMOKO5U,Pantai Batu Kerbuy,,,239,4.1,,,0823-3730-9553,,,,https://lh3.googleusercontent.com/gps-cs-s/AC9h4npyofnvFOkXQqADk5KZssAUU1T9MEHUFoc2AaD1vXJkDdoeKXo9YvqNieeItgcPQfCbnv8UAdMMZX2OCxxFxhPeYUGL0u1YL3O9bGyRaX8DbSF4O8e9owrgwNdXWm4eEgbD0jPb=s1024,Pantai,Pantai,,,Open All Days,"Jl. Raya Pasean, Pasean, Kabupaten Pamekasan, Jawa Timur 69356","wisata, sejuk, perahu",https://www.google.com/maps/place/Pantai+Batu+Kerbuy/data=!4m7!3m6!1s0x2dd9c602c37222c7:0x953b8ac38411d0f0!8m2!3d-6.8919684!4d113.5758797!16s%2Fg%2F11c3pcsnlv!19sChIJxyJywwLG2S0R8NARhMOKO5U?authuser=0&hl=id&rclk=1,beaches in pamekasan
ChIJXwj-LF171y0R6SC30BkzF04,Wisata Teluk Jumiang,"Wisata Pantai Jumiang adalah aset mahal warga dusun jumiang desa tanjung kecamatan pademawu kabupaten pamekasan jawa timur indonesia.
Silahkan kunjungi web kami",,1562,4.2,"Name: Wisata Pantai Talang Siring Madura
Link: https://www.google.com/maps/search/Wisata+Pantai+Talang+Siring+Madura/@-7.137854,113.58974599999999?authuser=0&hl=id&entry=ttu
Reviews: 2001 reviews

Name: Pantai padelegan
Link: https://www.google.com/maps/search/Pantai+padelegan/@-7.2508289999999995,113.514825?authuser=0&hl=id&entry=ttu
Reviews: 25 reviews

Name: Pantai Sampang Pesisir
Link: https://www.google.com/maps/search/Pantai+Sampang+Pesisir/@-7.2180768,113.4136784?authuser=0&hl=id&entry=ttu
Reviews: 25 reviews

Name: Pantai Tengah Jumiang
Link: https://www.google.com/maps/search/Pantai+Tengah+Jumiang/@-7.232896599999999,113.5474052?authuser=0&hl=id&entry=ttu
Reviews: 22 reviews

Name: JUMIANG BEACH
Link: https://www.google.com/maps/search/JUMIANG+BEACH/@-7.232722499999999,113.5475649?authuser=0&hl=id&entry=ttu
Reviews: 6 reviews",https://jumiang.eu.org/,,,Wisata Teluk Jumiang (Pemilik),https://www.google.com/maps/contrib/117393881889565516310,https://lh3.googleusercontent.com/p/AF1QipPLaxEoH0STGE4J1qHGzYPoiAnmorfsAK2gpiv3=s1024,Tujuan Wisata,Tujuan Wisata,05.00-17.30,,Open All Days,"Jl. Pantai Jumiang, Jumiang, Tanjung, Kec. Pademawu, Kabupaten Pamekasan, Jawa Timur 69323","pantainya, pemandangan, tiket, kebersihan, sunrise, ombak, banana boat, rujak, selfie, pusat kota",https://www.google.com/maps/place/Wisata+Teluk+Jumiang/data=!4m7!3m6!1s0x2dd77b5d2cfe085f:0x4e173319d0b720e9!8m2!3d-7.2335278!4d113.5514629!16s%2Fg%2F11b6v9zl3c!19sChIJXwj-LF171y0R6SC30BkzF04?authuser=0&hl=id&rclk=1,beaches in pamekasan
ChIJ5_K-zr171y0RI4RR5PjYAY4,Pantai kepala Burung majungan,,,7,4.4,"Name: Pantai padelegan
Link: https://www.google.com/maps/search/Pantai+padelegan/@-7.2508289999999995,113.514825?authuser=0&hl=id&entry=ttu
Reviews: 25 reviews

Name: Pantai 3 Dermaga
Link: https://www.google.com/maps/search/Pantai+3+Dermaga/@-7.2225836999999995,113.44990059999999?authuser=0&hl=id&entry=ttu
Reviews: 21 reviews

Name: pantai branta tlanakan pamekasan
Link: https://www.google.com/maps/search/pantai+branta+tlanakan+pamekasan/@-7.2197702,113.4500765?authuser=0&hl=id&entry=ttu
Reviews: 11 reviews

Name: Pantai Tak Genna by: hilwa
Link: https://www.google.com/maps/search/Pantai+Tak+Genna+by%3A+hilwa/@-7.2211910999999995,113.41874039999999?authuser=0&hl=id&entry=ttu
Reviews: No Reviews reviews

Name: Pantai Tiga Dermaga
Link: https://www.google.com/maps/search/Pantai+Tiga+Dermaga/@-7.2124439,113.4582622?authuser=0&hl=id&entry=ttu
Reviews: No Reviews reviews",,,1,Pantai kepala Burung majungan (Pemilik),,https://lh3.googleusercontent.com/gps-cs-s/AC9h4npvn5KNiK6Gd6Fe5025pINp2S6evL3NV2ds1Vdh-t_r41mxQhILCpqDaBlIlsGlvWbTtaqz3xb3RExIfbzoouBN-kWRX7HNf8rElnv6bP5bt7BhagwYLpUL4fW9MzixBv13jcwX=s1024,Tujuan Wisata,Tujuan Wisata,,,Open All Days,"QG22+GM, Pademawu Tim., Kabupaten Pamekasan, Jawa Timur",,https://www.google.com/maps/place/Pantai+kepala+Burung+majungan/data=!4m7!3m6!1s0x2dd77bbdcebef2e7:0x8e01d8f8e4518423!8m2!3d-7.2486901!4d113.5017226!16s%2Fg%2F11rn0mqhqw!19sChIJ5_K-zr171y0RI4RR5PjYAY4?authuser=0&hl=id&rclk=1,beaches in pamekasan
ChIJ36iIkcx_1y0RGisOdnPiows,Pantai Sampang Pesisir,,,25,4.6,"Name: Pantai Wisata Camplong ,hotel, Dan Resto
Link: https://www.google.com/maps/search/Pantai+Wisata+Camplong+%2Chotel%2C+Dan+Resto/@-7.218271400000001,113.31901819999999?authuser=0&hl=id&entry=ttu
Reviews: 3137 reviews

Name: Wisata Teluk Jumiang
Link: https://www.google.com/maps/search/Wisata+Teluk+Jumiang/@-7.2335278,113.55146289999999?authuser=0&hl=id&entry=ttu
Reviews: 1562 reviews

Name: Pantai padelegan
Link: https://www.google.com/maps/search/Pantai+padelegan/@-7.2508289999999995,113.514825?authuser=0&hl=id&entry=ttu
Reviews: 25 reviews

Name: Pantai Madegan Polagan
Link: https://www.google.com/maps/search/Pantai+Madegan+Polagan/@-7.2214545999999995,113.23887800000001?authuser=0&hl=id&entry=ttu
Reviews: 12 reviews

Name: pantai branta tlanakan pamekasan
Link: https://www.google.com/maps/search/pantai+branta+tlanakan+pamekasan/@-7.2197702,113.4500765?authuser=0&hl=id&entry=ttu
Reviews: 11 reviews",,,1,Pantai Sampang Pesisir (Pemilik),,https://lh3.googleusercontent.com/gps-cs-s/AC9h4nrJeM_DrU2o0XJgFODzapWFQD4v6wtnPfd--cpXkOvI9kOQZTn3YTO5UaoDjwSE6quul-x8tOSX4TsPlJtwuOYh0eWNaZET5YW-mA9OJcvvKHC-36X7yLvNua9CWDW8fCYXograOQ=s1024,Tujuan Wisata,Tujuan Wisata,,,Open All Days,"QCJ7+V88, Jalan Raya, Trasang, Ambat, Kec. Tlanakan, Kabupaten Pamekasan, Jawa Timur 69371",,https://www.google.com/maps/place/Pantai+Sampang+Pesisir/data=!4m7!3m6!1s0x2dd77fcc9188a8df:0xba3e273760e2b1a!8m2!3d-7.2180768!4d113.4136784!16s%2Fg%2F11t303jn29!19sChIJ36iIkcx_1y0RGisOdnPiows?authuser=0&hl=id&rclk=1,beaches in pamekasan
ChIJjYKgpmR71y0RiM1H-9T7aww,JUMIANG BEACH,,,6,4,"Name: Wisata Teluk Jumiang
Link: https://www.google.com/maps/search/Wisata+Teluk+Jumiang/@-7.2335278,113.55146289999999?authuser=0&hl=id&entry=ttu
Reviews: 1562 reviews

Name: Pantai Tengah Jumiang
Link: https://www.google.com/maps/search/Pantai+Tengah+Jumiang/@-7.232896599999999,113.5474052?authuser=0&hl=id&entry=ttu
Reviews: 22 reviews

Name: Pantai kepala Burung majungan
Link: https://www.google.com/maps/search/Pantai+kepala+Burung+majungan/@-7.2486901,113.5017226?authuser=0&hl=id&entry=ttu
Reviews: 7 reviews

Name: Pantai Tiga Dermaga
Link: https://www.google.com/maps/search/Pantai+Tiga+Dermaga/@-7.2124439,113.4582622?authuser=0&hl=id&entry=ttu
Reviews: No Reviews reviews",https://pantaijumiang.link/,,1,JUMIANG BEACH (Pemilik),,https://lh3.googleusercontent.com/gps-cs-s/AC9h4nouI5YFjsrWatny-yOmoZyAik12hyNQVdE7r6TNp00_dzQSf-nsklFl8tn1Y837PWfV2YihfG0TLqAADVp1ETOA0pokbpHlwYQtFrdQeYHxmLTaHK8hOYQ4Pfh1eUpLfwt2hlto=s1024,Biro Wisata Bawah Laut,Biro Wisata Bawah Laut,05.30-05.00,,Open All Days,"QG8X+W2, Jumiang, Tanjung, Kec. Pademawu, Kabupaten Pamekasan, Jawa Timur",kebersihan,https://www.google.com/maps/place/JUMIANG+BEACH/data=!4m7!3m6!1s0x2dd77b64a6a0828d:0xc6bfbd4fb47cd88!8m2!3d-7.2327225!4d113.5475649!16s%2Fg%2F11l1dcmrzw!19sChIJjYKgpmR71y0RiM1H-9T7aww?authuser=0&hl=id&rclk=1,beaches in pamekasan
ChIJlU8GO8h71y0RZq6dxaILlso,Wisata pantai padelegan Village,,,7,4.3,"Name: Pantai padelegan
Link: https://www.google.com/maps/search/Pantai+padelegan/@-7.2508289999999995,113.514825?authuser=0&hl=id&entry=ttu
Reviews: 25 reviews

Name: pantai branta tlanakan pamekasan
Link: https://www.google.com/maps/search/pantai+branta+tlanakan+pamekasan/@-7.2197702,113.4500765?authuser=0&hl=id&entry=ttu
Reviews: 11 reviews

Name: Pantai Tiga Dermaga
Link: https://www.google.com/maps/search/Pantai+Tiga+Dermaga/@-7.2124439,113.4582622?authuser=0&hl=id&entry=ttu
Reviews: No Reviews reviews",http://padelegan.eu.org/,,,Wisata pantai padelegan Village (Pemilik),,https://lh3.googleusercontent.com/gps-cs-s/AC9h4nowMJX6Uikq43Gq5tHFd-A9T1OPo8SmliM9dwJKUE1GCkqW4ICL09UCobcsJXhyqdSCgLXLp37zBKBU6P4Oz-E5y577SgPI1selW2Yi191OkOLt6lBo12bNzXdFFF-gE5djaEZ93lJ2B5VB=s1024,Pantai Umum,Pantai Umum,05.00-18.00,,Open All Days,"QG6J+7PX, Unnamed Road, Laok Tambak, Padelegan, Kec. Pademawu, Kabupaten Pamekasan, Jawa Timur 69323",,https://www.google.com/maps/place/Wisata+pantai+padelegan+Village/data=!4m7!3m6!1s0x2dd77bc83b064f95:0xca960ba2c59dae66!8m2!3d-7.2392555!4d113.5318746!16s%2Fg%2F11h10_4fr3!19sChIJlU8GO8h71y0RZq6dxaILlso?authuser=0&hl=id&rclk=1,beaches in pamekasan
ChIJvYEibAnY2S0Rm_yq2s6LRgo,Wisata Pantai Talang Siring Madura,,,2000,4.1,"Name: Wisata Teluk Jumiang
Link: https://www.google.com/maps/search/Wisata+Teluk+Jumiang/@-7.2335278,113.55146289999999?authuser=0&hl=id&entry=ttu
Reviews: 1562 reviews

Name: Puncak Ratu Pamekasan
Link: https://www.google.com/maps/search/Puncak+Ratu+Pamekasan/@-7.027049600000001,113.49041509999999?authuser=0&hl=id&entry=ttu
Reviews: 905 reviews

Name: Pantai padelegan
Link: https://www.google.com/maps/search/Pantai+padelegan/@-7.2508289999999995,113.514825?authuser=0&hl=id&entry=ttu
Reviews: 25 reviews

Name: Pantai Sampang Pesisir
Link: https://www.google.com/maps/search/Pantai+Sampang+Pesisir/@-7.2180768,113.4136784?authuser=0&hl=id&entry=ttu
Reviews: 25 reviews

Name: Pelabuhan Talang Siring (Talang Siring-Besuki)
Link: https://www.google.com/maps/search/Pelabuhan+Talang+Siring+(Talang+Siring-Besuki)/@-7.1341323,113.5948056?authuser=0&hl=id&entry=ttu
Reviews: 4 reviews",,,,Wisata Pantai Talang Siring Madura (Pemilik),https://www.google.com/maps/contrib/107988152913501065110,https://lh3.googleusercontent.com/p/AF1QipO9fKuFOvZiD4HIK7BVWGPrahEDEYz5xmkXNtOl=s1024,Tujuan Wisata,Tujuan Wisata,07.00-17.00,,Open All Days,"Pacanan, Montok, Kec. Larangan, Kabupaten Pamekasan, Jawa Timur 69383","mangrove, kolam renang, tiket, pemandangan, sejuk, rujak cingur, 2000, sunrise, renovasi, fasilitas",https://www.google.com/maps/place/Wisata+Pantai+Talang+Siring+Madura/data=!4m7!3m6!1s0x2dd9d8096c2281bd:0xa468bcedaaafc9b!8m2!3d-7.137854!4d113.589746!16s%2Fg%2F11c3l5tr2n!19sChIJvYEibAnY2S0Rm_yq2s6LRgo?authuser=0&hl=id&rclk=1,beaches in pamekasan
ChIJ3bSaOqB_1y0RLDfld7gxnAE,pantai branta tlanakan pamekasan,,,11,4.1,"Name: Pasar Branta
Link: https://www.google.com/maps/search/Pasar+Branta/@-7.217705599999999,113.4486068?authuser=0&hl=id&entry=ttu
Reviews: 174 reviews

Name: Pantai Sampang Pesisir
Link: https://www.google.com/maps/search/Pantai+Sampang+Pesisir/@-7.2180768,113.4136784?authuser=0&hl=id&entry=ttu
Reviews: 25 reviews

Name: Pantai 3 Dermaga
Link: https://www.google.com/maps/search/Pantai+3+Dermaga/@-7.2225836999999995,113.44990059999999?authuser=0&hl=id&entry=ttu
Reviews: 21 reviews

Name: Pelabuhan branta
Link: https://www.google.com/maps/search/Pelabuhan+branta/@-7.226569799999999,113.4490419?authuser=0&hl=id&entry=ttu
Reviews: 8 reviews

Name: Pantai Tiga Dermaga
Link: https://www.google.com/maps/search/Pantai+Tiga+Dermaga/@-7.2124439,113.4582622?authuser=0&hl=id&entry=ttu
Reviews: No Reviews reviews",,,1,pantai branta tlanakan pamekasan (Pemilik),,https://lh3.googleusercontent.com/gps-cs-s/AC9h4noiFy1AqIQXdPP2utpuHjIzZFiR4ZZogogDRBYrwtQWUqF7Gu7kphLIi7Fpa9Ej4jSWLgPXFzoDV4V9UF2MuCFY9ChaCeG_AtqH90_ETyDssIJwWTaQeIF2wu-gsHvRkr57y7xWFux8sjLf=s1024,Tujuan Wisata,Tujuan Wisata,,,Open All Days,"QFJ2+32W, Bandaran, Branta Pesisir, Kec. Tlanakan, Kabupaten Pamekasan, Jawa Timur",,https://www.google.com/maps/place/pantai+branta+tlanakan+pamekasan/data=!4m7!3m6!1s0x2dd77fa03a9ab4dd:0x19c31b877e5372c!8m2!3d-7.2197702!4d113.4500765!16s%2Fg%2F11v5smlqr1!19sChIJ3bSaOqB_1y0RLDfld7gxnAE?authuser=0&hl=id&rclk=1,beaches in pamekasan
ChIJK7FZRrpZ1y0Rt6vXaZEAGFg,Pantai Sembilan Sumenep,"Wisata pantai, cottage,wahana permainan air",,2614,4.5,"Name: Pantai e Kasoghi
Link: https://www.google.com/maps/search/Pantai+e+Kasoghi/@-7.104928999999999,113.8875284?authuser=0&hl=id&entry=ttu
Reviews: 734 reviews

Name: Parkiran Pantai Sembilan
Link: https://www.google.com/maps/search/Parkiran+Pantai+Sembilan/@-7.1253616,113.8921776?authuser=0&hl=id&entry=ttu
Reviews: 8 reviews

Name: Pantai Aengkembang
Link: https://www.google.com/maps/search/Pantai+Aengkembang/@-7.205992600000001,113.9184185?authuser=0&hl=id&entry=ttu
Reviews: 3 reviews

Name: Tiket Pantai Sembilan
Link: https://www.google.com/maps/search/Tiket+Pantai+Sembilan/@-7.1247959,113.8925412?authuser=0&hl=id&entry=ttu
Reviews: 3 reviews

Name: Wisata Pantai Sembilan
Link: https://www.google.com/maps/search/Wisata+Pantai+Sembilan/@-7.1749491,113.9222875?authuser=0&hl=id&entry=ttu
Reviews: No Reviews reviews",,0813-3199-1319,,Pantai Sembilan Sumenep (Pemilik),https://www.google.com/maps/contrib/106837656996853634687,https://lh3.googleusercontent.com/p/AF1QipMba71jtIiTH-fhbs-Brj1WxM84YiZqd-_49Y8-=s1024,Paviliun Pantai,"Paviliun Pantai, Tujuan Wisata",Buka 24 jam,,Open All Days,"Jalan Raya Bringsang, Bringsang, Giligenteng, Kabupaten Sumenep, Jawa Timur 69482","penginapan, wisata, pemandangan, kapal, tiket, banana boat, cottage, bersih, honeymoon, penduduk",https://www.google.com/maps/place/Pantai+Sembilan+Sumenep/data=!4m7!3m6!1s0x2dd759ba4659b12b:0x5818009169d7abb7!8m2!3d-7.1751703!4d113.9218159!16s%2Fg%2F11c5339dr4!19sChIJK7FZRrpZ1y0Rt6vXaZEAGFg?authuser=0&hl=id&rclk=1,beaches in sumenep
ChIJhca4aif32S0RpomIY-NmZQ4,Pantai Lombang,,,1671,4.4,,,,,,,https://lh3.googleusercontent.com/gps-cs-s/AC9h4nq6n6RctyPak_7ongPtjPPsuGEilmujklkph1AZE1XST8z32a_RvBj9fE1ympS6gfrBTS966p18Y5bbMk_tzwqvL5NQO3lDqNJl37MD74EDmG6j4ANJIwNQJ5DJ5LM6AhXFo8Eg=s1024,Pantai,Pantai,,,Open All Days,"Kec. Batang Batang, Kabupaten Sumenep, Jawa Timur","wisata, tiket, naik kuda, rindang, panjang, udangnya, cemara, pemandangan, rujak, tanaman",https://www.google.com/maps/place/Pantai+Lombang/data=!4m7!3m6!1s0x2dd9f7276ab8c685:0xe6566e3638889a6!8m2!3d-6.9155738!4d114.0586496!16s%2Fg%2F112yfp277!19sChIJhca4aif32S0RpomIY-NmZQ4?authuser=0&hl=id&rclk=1,beaches in sumenep
ChIJ38K6-iPq2S0RFGbAc2cXUIU,Pantai Slopeng,,,1446,4.3,,http://www.slopengbeach.com/,(0328) 311245,,,,https://lh3.googleusercontent.com/gps-cs-s/AC9h4noJTVkbzmN8dGpAjBicJ1T1qhBJX9rm8SWkmyQd0Nes-GTgh5c5Wbc1eSHHry8SKcUBlTHIxBL7vW_nMw-RV6oz-RjQn2lbllK_YUVFqdboyPvQaMtHVVuox-ZtcT1SuMIIWgP_=s1024,Pantai,Pantai,,,Open All Days,"Jalan Raya Ambunten No.34 Ambunten, Trebung Ghetteng, Sema""an, Kec. Dasuk, Kabupaten Sumenep, Jawa Timur 69455","wisata, liburan, pemandangan, kelapa, tiket, naik kuda, rujak, panjang, hati, ATV",https://www.google.com/maps/place/Pantai+Slopeng/data=!4m7!3m6!1s0x2dd9ea23fabac2df:0x8550176773c06614!8m2!3d-6.8861095!4d113.792343!16s%2Fg%2F112yfwt6c!19sChIJ38K6-iPq2S0RFGbAc2cXUIU?authuser=0&hl=id&rclk=1,beaches in sumenep
ChIJnyIruV_j2S0RnurBImAySUs,Pantai e Kasoghi,"Pantai e Kasoghi pantai terdekat dari pusat kota sumenep, perpaduan pantai dan mangrove",,734,4.2,"Name: Pantai Sembilan Sumenep
Link: https://www.google.com/maps/search/Pantai+Sembilan+Sumenep/@-7.1751703,113.9218159?authuser=0&hl=id&entry=ttu
Reviews: 2614 reviews

Name: Pantai Keris
Link: https://www.google.com/maps/search/Pantai+Keris/@-7.0456191,113.9593936?authuser=0&hl=id&entry=ttu
Reviews: 26 reviews

Name: Essang Beach
Link: https://www.google.com/maps/search/Essang+Beach/@-7.1058622,114.01520099999999?authuser=0&hl=id&entry=ttu
Reviews: 3 reviews

Name: Pantai bherekai
Link: https://www.google.com/maps/search/Pantai+bherekai/@-7.179395599999999,113.9146604?authuser=0&hl=id&entry=ttu
Reviews: 2 reviews

Name: Gang Pantai e Kasoghi
Link: https://www.google.com/maps/search/Gang+Pantai+e+Kasoghi/@-7.1082206999999995,113.8820482?authuser=0&hl=id&entry=ttu
Reviews: No Reviews reviews",,0856-3366-391,,Pantai e Kasoghi (Pemilik),https://www.google.com/maps/contrib/105425846511747468085,https://lh3.googleusercontent.com/gps-cs-s/AC9h4npwzUMIp54sRbdqveN8JlknUn4JpenOOG1ZHU-TMTUSsKMqDX5Rw_Xnxc68yVAinmWzQElf_4QhjFpa5WKbIc1JGswkvoP4hRT1Q4RnSMNGnoROt8VZ6BKgGBCHYxy0wbrzZ6vuWQ=s1024,Tujuan Wisata,Tujuan Wisata,07.00-21.00,,Open All Days,"Nonggunong, Tanjung, Kec. Saronggi, Kabupaten Sumenep, Jawa Timur 69467","tiket, mangrove, jembatan, santai, kebersihannya, area, gazebo, lampu, bambu, senja",https://www.google.com/maps/place/Pantai+e+Kasoghi/data=!4m7!3m6!1s0x2dd9e35fb92b229f:0x4b49326022c1ea9e!8m2!3d-7.104929!4d113.8875284!16s%2Fg%2F11k0y5d39g!19sChIJnyIruV_j2S0RnurBImAySUs?authuser=0&hl=id&rclk=1,beaches in sumenep
ChIJZ5JFGr1b1y0Rdezydn78QgA,Sahara Beach,,,0,0,"Name: Pantai e Kasoghi
Link: https://www.google.com/maps/search/Pantai+e+Kasoghi/@-7.104928999999999,113.8875284?authuser=0&hl=id&entry=ttu
Reviews: 734 reviews

Name: Pantai Soro'
Link: https://www.google.com/maps/search/Pantai+Soro'/@-7.1883939,113.8905041?authuser=0&hl=id&entry=ttu
Reviews: 7 reviews

Name: Essang Beach
Link: https://www.google.com/maps/search/Essang+Beach/@-7.1058622,114.01520099999999?authuser=0&hl=id&entry=ttu
Reviews: 3 reviews

Name: Pantai bherekai
Link: https://www.google.com/maps/search/Pantai+bherekai/@-7.179395599999999,113.9146604?authuser=0&hl=id&entry=ttu
Reviews: 2 reviews

Name: CHORA BEACH
Link: https://www.google.com/maps/search/CHORA+BEACH/@-7.2042666,113.92030330000001?authuser=0&hl=id&entry=ttu
Reviews: 1 reviews",,,1,Sahara Beach (Pemilik),,,Tujuan Wisata,Tujuan Wisata,Buka 24 jam,,Open All Days,"QVQP+MFC Pantai sahara, Bundan Lao, Galis, Kec. Giligenteng, Kabupaten Sumenep, Jawa Timur 69482",,https://www.google.com/maps/place/Sahara+Beach/data=!4m7!3m6!1s0x2dd75bbd1a459267:0x42fc7e76f2ec75!8m2!3d-7.2108047!4d113.8861515!16s%2Fg%2F11p5rhdkrv!19sChIJZ5JFGr1b1y0Rdezydn78QgA?authuser=0&hl=id&rclk=1,beaches in sumenep
ChIJLzpA0G3x2S0RIVJYuXgyBcg,Pantai Cora / Cora Beach,,,9,4.8,,http://jangkong.blogdesa.net/,,,,,https://lh3.googleusercontent.com/gps-cs-s/AC9h4nrhdFP1Bu4bkYhTO_4qsQme5zKOO7dPWjThbOsQHvUir9zHiA_yYR0Z-befgjoDaNIbhJJJcQjQilopS4K3sLdBTLtVyfVIuWELsmHZ0gkP64epXPtUTXSERU1ooienfBtVBVh8Ow=s1024,Pantai,Pantai,,,Open All Days,"Jangkong, Kec. Batang Batang, Kabupaten Sumenep, Jawa Timur 69473",,https://www.google.com/maps/place/Pantai+Cora+%2F+Cora+Beach/data=!4m7!3m6!1s0x2dd9f16dd0403a2f:0xc8053278b9585221!8m2!3d-6.8953056!4d114.0154474!16s%2Fg%2F11g9nl_6q6!19sChIJLzpA0G3x2S0RIVJYuXgyBcg?authuser=0&hl=id&rclk=1,beaches in sumenep
ChIJD6sJHgDh2S0RuGClxPWsp-s,LIBILIAN BEACH,,,1,5,"Name: Pantai Matahari Lobuk
Link: https://www.google.com/maps/search/Pantai+Matahari+Lobuk/@-7.1313873999999995,113.8141802?authuser=0&hl=id&entry=ttu
Reviews: 137 reviews

Name: Pantai Toragan
Link: https://www.google.com/maps/search/Pantai+Toragan/@-7.126682499999999,113.8004332?authuser=0&hl=id&entry=ttu
Reviews: 12 reviews

Name: Pandan Ambunten Beach
Link: https://www.google.com/maps/search/Pandan+Ambunten+Beach/@-6.887181,113.7262171?authuser=0&hl=id&entry=ttu
Reviews: 3 reviews

Name: Sahara Beach
Link: https://www.google.com/maps/search/Sahara+Beach/@-7.2108047,113.8861515?authuser=0&hl=id&entry=ttu
Reviews: No Reviews reviews

Name: Lubang buaya
Link: https://www.google.com/maps/search/Lubang+buaya/@-7.0763191,113.8029913?authuser=0&hl=id&entry=ttu
Reviews: No Reviews reviews",,,1,LIBILIAN BEACH (Pemilik),,https://lh3.googleusercontent.com/gps-cs-s/AC9h4nq1-uL1wN5GkDn6TwWAkVVOWHNKiptviSNLWQAX2VHZ1eAlr6uvPN05-AqhT8GlfFgQtrMrdkiHR4MA0rLhzURHWBcT3AYTX4fVg4oT_fs8BCHmax7jR3ZmgNmzwjsTV80DCXYT1ATdC6jf=s1024,Tujuan Wisata,Tujuan Wisata,Buka 24 jam,,Open All Days,"VQGM+5G, Aengdake, Kabupaten Sumenep, Jawa Timur",,https://www.google.com/maps/place/LIBILIAN+BEACH/data=!4m7!3m6!1s0x2dd9e1001e09ab0f:0xeba7acf5c4a560b8!8m2!3d-7.124558!4d113.783858!16s%2Fg%2F11x00_k8cs!19sChIJD6sJHgDh2S0RuGClxPWsp-s?authuser=0&hl=id&rclk=1,beaches in sumenep
ChIJTxWwEtpb1y0R0bFtDhAUuRM,Pantai sahara,,,7,4.1,,,,,,,https://lh3.googleusercontent.com/gps-cs-s/AC9h4nqBsuMtk5ZxkjN2JWr4QOL5pZvYTOKx9r-asDxQ84PBAmChmJmMMW32hnN8CDSKZp2VDHjQW0E-QOl-y6-WHGd-TPLEKLQTb8XfuGE92b__qNCG4gpLKFIsY6k0ztZGzcoYgBo=s1024,Pantai,Pantai,,,Open All Days,"Bundan Lao, Galis, Kec. Giligenteng, Kabupaten Sumenep, Jawa Timur 69482",,https://www.google.com/maps/place/Pantai+sahara/data=!4m7!3m6!1s0x2dd75bda12b0154f:0x13b914100e6db1d1!8m2!3d-7.211143!4d113.89337!16s%2Fg%2F11c2nht419!19sChIJTxWwEtpb1y0R0bFtDhAUuRM?authuser=0&hl=id&rclk=1,beaches in sumenep
ChIJ_ydkzAVn1y0RwVdYz_oaRQg,Pantai Bidadari,,,15,3.5,,,,,,,https://lh3.googleusercontent.com/gps-cs-s/AC9h4noZHv3JVpy3pnaj4cVK7evK5qhgNvDJvdZu1n_yyYz_aoXepsErNlK_At87I007QmPrbuI8APCF6OjqjMhsQQXm6Gb6x4_BvcVJzwaHlwrX67lmpWDqf7UMGvYKsfthm7YgaDnu=s1024,Pantai,Pantai,,,Open All Days,"Bangselok, Kotasumenep, Kabupaten Sumenep, Jawa Timur",,https://www.google.com/maps/place/Pantai+Bidadari/data=!4m7!3m6!1s0x2dd76705cc6427ff:0x8451afacf5857c1!8m2!3d-7.2483099!4d113.7248244!16s%2Fg%2F11dx91gv6_!19sChIJ_ydkzAVn1y0RwVdYz_oaRQg?authuser=0&hl=id&rclk=1,beaches in sumenep
ChIJWZm-rm1Z1y0RvsJARvRG3UI,PANTAI BATU SOROK,,,3,3.3,,,,,,,,Pantai,Pantai,,,Open All Days,"Aenganyar, Kec. Giligenteng, Kabupaten Sumenep, Jawa Timur 69482",,https://www.google.com/maps/place/PANTAI+BATU+SOROK/data=!4m7!3m6!1s0x2dd7596daebe9959:0x42dd46f44640c2be!8m2!3d-7.1879438!4d113.8916346!16s%2Fg%2F11hcjrkbbv!19sChIJWZm-rm1Z1y0RvsJARvRG3UI?authuser=0&hl=id&rclk=1,beaches in sumenep
ChIJRW1GuUP92S0RNlAIpr_NweU,Pantai Keris,,,26,4.7,"Name: Pantai Ponjuk Padike
Link: https://www.google.com/maps/search/Pantai+Ponjuk+Padike/@-7.0895399999999995,113.941496?authuser=0&hl=id&entry=ttu
Reviews: 122 reviews

Name: TUGU KERIS
Link: https://www.google.com/maps/search/TUGU+KERIS/@-7.005646199999999,113.85443040000001?authuser=0&hl=id&entry=ttu
Reviews: 3 reviews

Name: Monumen Kota Keris
Link: https://www.google.com/maps/search/Monumen+Kota+Keris/@-7.026529900000001,113.8545283?authuser=0&hl=id&entry=ttu
Reviews: 3 reviews

Name: Pantai bherekai
Link: https://www.google.com/maps/search/Pantai+bherekai/@-7.179395599999999,113.9146604?authuser=0&hl=id&entry=ttu
Reviews: 2 reviews

Name: Ariek Keris Kamardikan
Link: https://www.google.com/maps/search/Ariek+Keris+Kamardikan/@-7.0819874,113.7995062?authuser=0&hl=id&entry=ttu
Reviews: 2 reviews",,,1,Pantai Keris (Pemilik),,https://lh3.googleusercontent.com/gps-cs-s/AC9h4nqIFdX5tuaJoDlPThB787nLmQE9O77-gcOu-EbDG_4-s29lG7azO73kGs-Y3f2lKG3rR3cvP8HYplY9nYIu5uAQytaalXdVdfNd1y8SpcOLzPz5cvdMtlYqKYsnWU4X5DA-SiNQ=s1024,Tujuan Wisata,Tujuan Wisata,Buka 24 jam,,Open All Days,"XX35+QQ2, Gersik Putih, Kec. Gapura, Kabupaten Sumenep, Jawa Timur","pemandangan, pantainya",https://www.google.com/maps/place/Pantai+Keris/data=!4m7!3m6!1s0x2dd9fd43b9466d45:0xe5c1cdbfa6085036!8m2!3d-7.0456191!4d113.9593936!16s%2Fg%2F11jj62bn2y!19sChIJRW1GuUP92S0RNlAIpr_NweU?authuser=0&hl=id&rclk=1,beaches in sumenep
ChIJF5AZYSDy2S0RN_jTLPNsxFI,Pantai Badur Batu Putih,,,130,4.3,"Name: Pantai Badur
Link: https://www.google.com/maps/search/Pantai+Badur/@-6.8791953999999995,113.97804269999999?authuser=0&hl=id&entry=ttu
Reviews: 168 reviews

Name: Wisata Batu Putih
Link: https://www.google.com/maps/search/Wisata+Batu+Putih/@-6.870362200000001,113.9243001?authuser=0&hl=id&entry=ttu
Reviews: 139 reviews

Name: Pantai Ruba
Link: https://www.google.com/maps/search/Pantai+Ruba/@-6.8858548,113.7625379?authuser=0&hl=id&entry=ttu
Reviews: 25 reviews

Name: Rumah Moh.Ali Riyan
Link: https://www.google.com/maps/search/Rumah+Moh.Ali+Riyan/@-6.907782699999999,114.0358386?authuser=0&hl=id&entry=ttu
Reviews: 6 reviews

Name: Pantai Galung (Galung Beach)
Link: https://www.google.com/maps/search/Pantai+Galung+(Galung+Beach)/@-6.889103899999999,114.00343579999999?authuser=0&hl=id&entry=ttu
Reviews: 3 reviews",,,1,Pantai Badur Batu Putih (Pemilik),,https://lh3.googleusercontent.com/gps-cs-s/AC9h4npYKc1p2hbPO9VQt3eUCVlU-h4ZRd6D4QrB-nqJxfpcvaZdzU6ZcjQ2X3oOBB8r-3xzMxpK5InbXt7sArowO4JmdFmUB83eY9iFU_JoXFNEBRi5WJ2dFruX6Z5jkmPQ3WOo3Omn=s1024,Tujuan Wisata,Tujuan Wisata,Buka 24 jam,,Open All Days,"4X9J+P36, Unnamed Rd, Muraan, Badur, Kec. Batuputih, Kabupaten Sumenep, Jawa Timur 69453","air tawar, sungai, sumber, aliran, pemandangan",https://www.google.com/maps/place/Pantai+Badur+Batu+Putih/data=!4m7!3m6!1s0x2dd9f22061199017:0x52c46cf32cd3f837!8m2!3d-6.8807016!4d113.9801519!16s%2Fg%2F11cn3gvcnl!19sChIJF5AZYSDy2S0RN_jTLPNsxFI?authuser=0&hl=id&rclk=1,beaches in sumenep
ChIJ8REA865g1y0Rlr_-gAoE2O4,Pantai Beringin,,,26,4.6,,,,,,,https://lh3.googleusercontent.com/gps-cs-s/AC9h4nrXNPAkBO1-byBN1fzTSMVQVN8toFAL1QfwqkMPMCWjzRvXua67dZdnHx1Jk2JWSwSoNR2NIsIRT1K2_GPNMTGXw-BqXgWRs_Uko_py65FU0Ro8BUGvH13XAqWcPS4L9aSDEoe6QqkMkaM0=s1024,Pantai,Pantai,,,Open All Days,"Banmaleng, Kec. Giligenteng, Kabupaten Sumenep, Jawa Timur 69482",,https://www.google.com/maps/place/Pantai+Beringin/data=!4m7!3m6!1s0x2dd760aef30011f1:0xeed8040a80febf96!8m2!3d-7.2061509!4d113.7549114!16s%2Fg%2F11g9dgm3j1!19sChIJ8REA865g1y0Rlr_-gAoE2O4?authuser=0&hl=id&rclk=1,beaches in sumenep
ChIJRbYiVvXB2S0RchtWCKLWGZc,Pandan Ambunten Beach,,,3,5,"Name: Pantai galaman
Link: https://www.google.com/maps/search/Pantai+galaman/@-6.8826960999999995,113.6857557?authuser=0&hl=id&entry=ttu
Reviews: 38 reviews

Name: Pantai Ruba
Link: https://www.google.com/maps/search/Pantai+Ruba/@-6.8858548,113.7625379?authuser=0&hl=id&entry=ttu
Reviews: 25 reviews

Name: Paseser Ambunten
Link: https://www.google.com/maps/search/Paseser+Ambunten/@-6.8866501,113.7365372?authuser=0&hl=id&entry=ttu
Reviews: 3 reviews

Name: Pantai
Link: https://www.google.com/maps/search/Pantai/@-6.8866687,113.7365758?authuser=0&hl=id&entry=ttu
Reviews: 2 reviews",,,1,Pandan Ambunten Beach (Pemilik),,https://lh3.googleusercontent.com/gps-cs-s/AC9h4nok7gbAqLuliGev9RMhHzocMKiiC6aJNadbbN8qk2ZRlZGpXw3GYyC6Hr1iVQZIos8FM_8hD5Xqz51YupkHttZj3j34psWg_fqsCOBtHkyCuf_Eezp2JaMNeA5wmilrB_eGuLvH=s1024,Tujuan Wisata,Tujuan Wisata,,,Open All Days,"4P6H+PJ9, Pandan, Ambunten Tengah, Kec. Ambunten, Kabupaten Sumenep, Jawa Timur 69455",parkir,https://www.google.com/maps/place/Pandan+Ambunten+Beach/data=!4m7!3m6!1s0x2dd9c1f55622b645:0x9719d6a208561b72!8m2!3d-6.887181!4d113.7262171!16s%2Fg%2F11ty6z4j6d!19sChIJRbYiVvXB2S0RchtWCKLWGZc?authuser=0&hl=id&rclk=1,beaches in sumenep
ChIJN5VvLARn1y0RpGwmpCNcrJA,Pulau Bidadari,,,17,3.9,,,,,,,https://lh3.googleusercontent.com/gps-cs-s/AC9h4npcLdTCsSBKH9Tkvj7NtaJSXAqEgaHHNvX8Qxz9Bt54jSU5yti-iXjB3KM9VBGNZAo4mlT1447fTTc4DoN79JnXtlzdacZy-wruIkCq34Whszjpny1DQJF6UzkaPBu1-izhXoteEQ=s1024,Pantai,Pantai,,,Open All Days,"Banmaleng, Kec. Giligenteng, Kabupaten Sumenep, Jawa Timur",penduduknya,https://www.google.com/maps/place/Pulau+Bidadari/data=!4m7!3m6!1s0x2dd767042c6f9537:0x90ac5c23a4266ca4!8m2!3d-7.2488574!4d113.7243687!16s%2Fg%2F11c30rm7w3!19sChIJN5VvLARn1y0RpGwmpCNcrJA?authuser=0&hl=id&rclk=1,beaches in sumenep
ChIJ-Vjbedri2S0RF-sibhMpwp8,Pantai Ponjuk Padike,,,122,4.3,"Name: Pantai Ponjuk Timur
Link: https://www.google.com/maps/search/Pantai+Ponjuk+Timur/@-7.1103616999999995,114.06442820000001?authuser=0&hl=id&entry=ttu
Reviews: 102 reviews

Name: Pantai Keris
Link: https://www.google.com/maps/search/Pantai+Keris/@-7.0456191,113.9593936?authuser=0&hl=id&entry=ttu
Reviews: 26 reviews

Name: Pantai Googsi
Link: https://www.google.com/maps/search/Pantai+Googsi/@-7.0932847,114.0591017?authuser=0&hl=id&entry=ttu
Reviews: 10 reviews

Name: Pantai Dungkek
Link: https://www.google.com/maps/search/Pantai+Dungkek/@-6.9693669,114.1193419?authuser=0&hl=id&entry=ttu
Reviews: 9 reviews",,,1,Pantai Ponjuk Padike (Pemilik),,https://lh3.googleusercontent.com/gps-cs-s/AC9h4noixXI3AgzCrKe5CrC8KKNDaXVRfVCiop67yrRBGcE6FDTB450btinFz7mgHJ6cJKBg1n6cqUByQMeahS5SRhadn-joHUPbcUyLqIRWJqEvI5A5bqJP6fB8-1iuhB3PHQ_uyBEkRg=s1024,Tujuan Wisata,Tujuan Wisata,Buka 24 jam,,Open All Days,"WW6R+5HQ, Tanjung Padike,, Sumur Asin, Padike, Kec. Talango, Kabupaten Sumenep, Jawa Timur 69481","pantainya, sunset, pemandangan, orang, kebersihan, anginnya, sejuk, musim hujan, bibir pantai, luas",https://www.google.com/maps/place/Pantai+Ponjuk+Padike/data=!4m7!3m6!1s0x2dd9e2da79db58f9:0x9fc229136e22eb17!8m2!3d-7.08954!4d113.941496!16s%2Fg%2F11bzs0stqc!19sChIJ-Vjbedri2S0RF-sibhMpwp8?authuser=0&hl=id&rclk=1,beaches in sumenep
ChIJL6cm2Tn72S0ROnHLD4EfsgI,Pantai Bintaro,,,49,4.7,"Name: Pantai Badur Batu Putih
Link: https://www.google.com/maps/search/Pantai+Badur+Batu+Putih/@-6.8807016,113.9801519?authuser=0&hl=id&entry=ttu
Reviews: 130 reviews

Name: Pantai galaman
Link: https://www.google.com/maps/search/Pantai+galaman/@-6.8826960999999995,113.6857557?authuser=0&hl=id&entry=ttu
Reviews: 38 reviews

Name: Pantai Slopeng
Link: https://www.google.com/maps/search/Pantai+Slopeng/@-6.8861095,113.79234299999999?authuser=0&hl=id&entry=ttu
Reviews: 30 reviews

Name: Pantai Keris
Link: https://www.google.com/maps/search/Pantai+Keris/@-7.0456191,113.9593936?authuser=0&hl=id&entry=ttu
Reviews: 26 reviews

Name: Pantai Toragan
Link: https://www.google.com/maps/search/Pantai+Toragan/@-7.126682499999999,113.8004332?authuser=0&hl=id&entry=ttu
Reviews: 12 reviews",,,1,Pantai Bintaro (Pemilik),,https://lh3.googleusercontent.com/gps-cs-s/AC9h4nr4NCLVXPgPZY4KiA2GePbFTnfe28mE-rkbxdiY5ZC4kgejPm1zhLsEK99aodkE8dL29T3ro58nIVUDh9shnmyLoJlJ94mgV6UxPKW6-A-M83uAPlslKs5Df8X507CNpusUlIif=s1024,Tujuan Wisata,Tujuan Wisata,,,Open All Days,"XXRW+C5H, Unnamed Road, Bintaro, Longos, Kec. Gapura, Kabupaten Sumenep, Jawa Timur 69472","ikan, angin, pagi",https://www.google.com/maps/place/Pantai+Bintaro/data=!4m7!3m6!1s0x2dd9fb39d926a72f:0x2b21f810fcb713a!8m2!3d-7.0089275!4d113.9954745!16s%2Fg%2F11rgfrrl5z!19sChIJL6cm2Tn72S0ROnHLD4EfsgI?authuser=0&hl=id&rclk=1,beaches in sumenep
ChIJY-_w9QXy2S0R6DA-MC18FnY,RHS,,,3,4.3,,,,,,,,Pantai,Pantai,,,Open All Days,"Tambaraan, Dang-gedang, Kec. Batuputih, Kabupaten Sumenep, Jawa Timur 69453",,https://www.google.com/maps/place/RHS/data=!4m7!3m6!1s0x2dd9f205f5f0ef63:0x76167c2d303e30e8!8m2!3d-6.8728822!4d113.9607646!16s%2Fg%2F11fxb5zvxn!19sChIJY-_w9QXy2S0R6DA-MC18FnY?authuser=0&hl=id&rclk=1,beaches in sumenep
ChIJhSbq6w3s2S0RolhhXWvP8cU,Pantai Badur,,,168,4.6,"Name: Wisata Batu Putih
Link: https://www.google.com/maps/search/Wisata+Batu+Putih/@-6.870362200000001,113.9243001?authuser=0&hl=id&entry=ttu
Reviews: 139 reviews

Name: Pantai Badur Batu Putih
Link: https://www.google.com/maps/search/Pantai+Badur+Batu+Putih/@-6.8807016,113.9801519?authuser=0&hl=id&entry=ttu
Reviews: 130 reviews

Name: Rumah Moh.Ali Riyan
Link: https://www.google.com/maps/search/Rumah+Moh.Ali+Riyan/@-6.907782699999999,114.0358386?authuser=0&hl=id&entry=ttu
Reviews: 6 reviews

Name: Pantai Galung (Galung Beach)
Link: https://www.google.com/maps/search/Pantai+Galung+(Galung+Beach)/@-6.889103899999999,114.00343579999999?authuser=0&hl=id&entry=ttu
Reviews: 3 reviews

Name: Pantai Galung Juruan Daya
Link: https://www.google.com/maps/search/Pantai+Galung+Juruan+Daya/@-6.895840199999999,113.99527889999999?authuser=0&hl=id&entry=ttu
Reviews: 2 reviews",,,1,Pantai Badur (Pemilik),,https://lh3.googleusercontent.com/gps-cs-s/AC9h4np5C0iQZ_3GXe_tT6AHnJ0uTRMp35d-rWrpUkffNRlwIBtfl9QDeDZTWG8jImzGZGACjqaDffMrhzEDKOgVIJOExGjPftAwzhKzs7K3lO7q6ke7llKVEMZIay2b54r4RfeYIw0=s1024,Tujuan Wisata,Tujuan Wisata,Buka 24 jam,,Open All Days,"4XCH+86F, Sergang, Kec. Batuputih, Kabupaten Sumenep, Jawa Timur 69454","pantainya, air tawar, muara, kebersihan, hujan, parkir",https://www.google.com/maps/place/Pantai+Badur/data=!4m7!3m6!1s0x2dd9ec0debea2685:0xc5f1cf6b5d6158a2!8m2!3d-6.8791954!4d113.9780427!16s%2Fg%2F11dxb24px_!19sChIJhSbq6w3s2S0RolhhXWvP8cU?authuser=0&hl=id&rclk=1,beaches in sumenep
ChIJ4TKN3cX92S0R76itCraOhLA,Essang Beach,,,3,5,"Name: Pantai e Kasoghi
Link: https://www.google.com/maps/search/Pantai+e+Kasoghi/@-7.104928999999999,113.8875284?authuser=0&hl=id&entry=ttu
Reviews: 734 reviews

Name: Pantai Googsi
Link: https://www.google.com/maps/search/Pantai+Googsi/@-7.0932847,114.0591017?authuser=0&hl=id&entry=ttu
Reviews: 10 reviews

Name: Pantai Aengkembang
Link: https://www.google.com/maps/search/Pantai+Aengkembang/@-7.205992600000001,113.9184185?authuser=0&hl=id&entry=ttu
Reviews: 3 reviews

Name: Pantai so'ongan
Link: https://www.google.com/maps/search/Pantai+so'ongan/@-6.9800799,114.0935956?authuser=0&hl=id&entry=ttu
Reviews: No Reviews reviews

Name: Sahara Beach
Link: https://www.google.com/maps/search/Sahara+Beach/@-7.2108047,113.8861515?authuser=0&hl=id&entry=ttu
Reviews: No Reviews reviews",,,1,Essang Beach (Pemilik),,https://lh3.googleusercontent.com/gps-cs-s/AC9h4norlBhewSbg4yOCCbmRep_PVejiMdQU6hX99w6o9AXPaISpxcUebZUZrqFmMQkqEiH57l_eCYtsfYzMlXBF3NRHxO3WfxrcPXzDW-SxWSiOGPbJA4IluGWJQJpUIvE2f1MgJQiIDw=s1024,Tujuan Wisata,Tujuan Wisata,,,Open All Days,"V2V8+M34, Essang Pasisir, Essang, Kec. Talango, Kabupaten Sumenep, Jawa Timur 69481",,https://www.google.com/maps/place/Essang+Beach/data=!4m7!3m6!1s0x2dd9fdc5dd8d32e1:0xb0848eb60aada8ef!8m2!3d-7.1058622!4d114.015201!16s%2Fg%2F11twsm5cq8!19sChIJ4TKN3cX92S0R76itCraOhLA?authuser=0&hl=id&rclk=1,beaches in sumenep
ChIJVRVxa51Q1y0Rj8tFs0ZLXgY,Pantai Kahuripan Gili Genting,Wisata alam,,258,4.6,"Name: Pantai Sembilan Sumenep
Link: https://www.google.com/maps/search/Pantai+Sembilan+Sumenep/@-7.1751703,113.9218159?authuser=0&hl=id&entry=ttu
Reviews: 2614 reviews

Name: Pantai Toroto
Link: https://www.google.com/maps/search/Pantai+Toroto/@-7.2235694,113.94318709999999?authuser=0&hl=id&entry=ttu
Reviews: 10 reviews

Name: Pantai Pasir Panjang
Link: https://www.google.com/maps/search/Pantai+Pasir+Panjang/@-7.227428300000001,113.9540644?authuser=0&hl=id&entry=ttu
Reviews: 3 reviews

Name: Ujung kahuripan ( co'co')
Link: https://www.google.com/maps/search/Ujung+kahuripan+(+co'co')/@-7.232347,113.95460349999999?authuser=0&hl=id&entry=ttu
Reviews: 1 reviews

Name: Pantai Bringsang
Link: https://www.google.com/maps/search/Pantai+Bringsang/@-7.194999999999999,113.91611110000001?authuser=0&hl=id&entry=ttu
Reviews: No Reviews reviews",,0878-5055-5051,,Pantai Kahuripan Gili Genting (Pemilik),https://www.google.com/maps/contrib/113765796803372162848,https://lh3.googleusercontent.com/p/AF1QipOa7ge5KSKqJBDvG7olr1IJkcBiPfKmGpED8F9y=s1024,Paviliun Pantai,Paviliun Pantai,08.00-00.00,,Open All Days,"Kahuripan, Sawah, Gedugan, Kec. Giligenteng, Kabupaten Sumenep, Jawa Timur 69482","pemandangan, keindahan, wisata, pulau, camping, motor, tebing, sunrise, pantai pribadi, foto",https://www.google.com/maps/place/Pantai+Kahuripan+Gili+Genting/data=!4m7!3m6!1s0x2dd7509d6b711555:0x65e4b46b345cb8f!8m2!3d-7.2294505!4d113.9545396!16s%2Fg%2F11bycj4z26!19sChIJVRVxa51Q1y0Rj8tFs0ZLXgY?authuser=0&hl=id&rclk=1,beaches in sumenep
ChIJ2yjOFADx2S0RmI5FODRJha4,Pantai Galung (Galung Beach),,,3,5,"Name: Pantai Wisata Lombang
Link: https://www.google.com/maps/search/Pantai+Wisata+Lombang/@-6.9187904,114.06446349999999?authuser=0&hl=id&entry=ttu
Reviews: 153 reviews

Name: Pantai Slopeng
Link: https://www.google.com/maps/search/Pantai+Slopeng/@-6.8861095,113.79234299999999?authuser=0&hl=id&entry=ttu
Reviews: 30 reviews

Name: Rumah Moh.Ali Riyan
Link: https://www.google.com/maps/search/Rumah+Moh.Ali+Riyan/@-6.907782699999999,114.0358386?authuser=0&hl=id&entry=ttu
Reviews: 6 reviews

Name: Pantai Galung Juruan Daya
Link: https://www.google.com/maps/search/Pantai+Galung+Juruan+Daya/@-6.895840199999999,113.99527889999999?authuser=0&hl=id&entry=ttu
Reviews: 2 reviews",,,1,Pantai Galung (Galung Beach) (Pemilik),,https://lh3.googleusercontent.com/gps-cs-s/AC9h4nreq9SoL1Z5KFJlwb9MUqL1a6rgDjilCQNO-rsDqKpWEYG1Qqj-Mpf9H6Nbp0NR2t7LCOzBnFp9tQafDTyX5nZTYjzaHL9t-6sDb44XCLtPxkvSZ7huAJLvi3Maxm86XAZTJJoS=s1024,Tujuan Wisata,Tujuan Wisata,Buka 24 jam,,Open All Days,"4263+993, Jurang Laok, Juruan Daya, Batu Putih, Kabupaten Sumenep, Jawa Timur 69453",pasirnya,https://www.google.com/maps/place/Pantai+Galung+%28Galung+Beach%29/data=!4m7!3m6!1s0x2dd9f10014ce28db:0xae85493438458e98!8m2!3d-6.8891039!4d114.0034358!16s%2Fg%2F11w9lcnhw0!19sChIJ2yjOFADx2S0RmI5FODRJha4?authuser=0&hl=id&rclk=1,beaches in sumenep
ChIJ36Ht0E3h2S0R9vfBjHsbgTM,Pantai Toragan,,,12,4.6,"Name: Pantai Matahari Lobuk
Link: https://www.google.com/maps/search/Pantai+Matahari+Lobuk/@-7.1313873999999995,113.8141802?authuser=0&hl=id&entry=ttu
Reviews: 137 reviews

Name: Pantai Batu Sulung
Link: https://www.google.com/maps/search/Pantai+Batu+Sulung/@-7.1111002999999995,113.6985414?authuser=0&hl=id&entry=ttu
Reviews: 73 reviews

Name: THB (taman hiburan bringsang)
Link: https://www.google.com/maps/search/THB+(taman+hiburan+bringsang)/@-7.179599199999999,113.9142564?authuser=0&hl=id&entry=ttu
Reviews: 19 reviews

Name: Spot Pancing Pantai Matahari
Link: https://www.google.com/maps/search/Spot+Pancing+Pantai+Matahari/@-7.131024099999999,113.81412279999999?authuser=0&hl=id&entry=ttu
Reviews: 11 reviews

Name: Pantai batu
Link: https://www.google.com/maps/search/Pantai+batu/@-7.113048999999999,113.80259699999999?authuser=0&hl=id&entry=ttu
Reviews: No Reviews reviews",,,1,Pantai Toragan (Pemilik),,https://lh3.googleusercontent.com/gps-cs-s/AC9h4noq_nUVU-TLGhekU4vJR7lb0lt8kc4dXxjAKfweg20N_H-wKsvjK4LOFGm80mPM7xYktWnNob_dfJhHXjG207mT1Uhn0d0hQ9iqytFWovwa9Xhg1UuFYc9Vl0bqhf26kqkQ7kxcKA=s1024,Tujuan Wisata,Tujuan Wisata,,,Open All Days,"VRF2+85F, Dusun Toragan, Temor Lorong, Lobuk, Kec. Bluto, Kabupaten Sumenep, Jawa Timur 69466",,https://www.google.com/maps/place/Pantai+Toragan/data=!4m7!3m6!1s0x2dd9e14dd0eda1df:0x33811b7b8cc1f7f6!8m2!3d-7.1266825!4d113.8004332!16s%2Fg%2F11m7bjvw05!19sChIJ36Ht0E3h2S0R9vfBjHsbgTM?authuser=0&hl=id&rclk=1,beaches in sumenep
ChIJv0H39Mtf1y0ROnwVIXL5XTQ,Pantai Matahari Lobuk,,,137,4.2,"Name: Pantai Toragan
Link: https://www.google.com/maps/search/Pantai+Toragan/@-7.126682499999999,113.8004332?authuser=0&hl=id&entry=ttu
Reviews: 12 reviews

Name: Spot Pancing Pantai Matahari
Link: https://www.google.com/maps/search/Spot+Pancing+Pantai+Matahari/@-7.131024099999999,113.81412279999999?authuser=0&hl=id&entry=ttu
Reviews: 11 reviews

Name: Pantai bherekai
Link: https://www.google.com/maps/search/Pantai+bherekai/@-7.179395599999999,113.9146604?authuser=0&hl=id&entry=ttu
Reviews: 2 reviews

Name: Pantai Bidadari
Link: https://www.google.com/maps/search/Pantai+Bidadari/@-7.248376100000001,113.7248465?authuser=0&hl=id&entry=ttu
Reviews: 2 reviews

Name: Pantai batu
Link: https://www.google.com/maps/search/Pantai+batu/@-7.113048999999999,113.80259699999999?authuser=0&hl=id&entry=ttu
Reviews: No Reviews reviews",,,1,Pantai Matahari Lobuk (Pemilik),,https://lh3.googleusercontent.com/gps-cs-s/AC9h4nqpxneT_nXwROmntY-ZDm0tnOqfLuUVZaIMINYlrRUXyBMOQ1BRH_NSXxGokXZBBUObKQW_zEGTh_WYvrgNBIz3gSEuSKTMXY09V_M9SXFMaKMme18g2_fblHZyijVDW6ffqkbTjw=s1024,Tujuan Wisata,Tujuan Wisata,,,Open All Days,"VR97+7M, Tarogan, Lobuk, Kec. Bluto, Kabupaten Sumenep, Jawa Timur","pantainya, sunset, liburan, tiket, kebersihan, toilet, senja, gazebo, weekend, pemandangan",https://www.google.com/maps/place/Pantai+Matahari+Lobuk/data=!4m7!3m6!1s0x2dd75fcbf4f741bf:0x345df97221157c3a!8m2!3d-7.1313874!4d113.8141802!16s%2Fg%2F11tm_hwqt4!19sChIJv0H39Mtf1y0ROnwVIXL5XTQ?authuser=0&hl=id&rclk=1,beaches in sumenep
ChIJ1fncBSJb1y0RLTIRfp0-wtU,CHORA BEACH,,,1,5,"Name: Pantai Chora Sumber
Link: https://www.google.com/maps/search/Pantai+Chora+Sumber/@-7.2048637,113.92015459999999?authuser=0&hl=id&entry=ttu
Reviews: 9 reviews

Name: Pantai Soro'
Link: https://www.google.com/maps/search/Pantai+Soro'/@-7.1883939,113.8905041?authuser=0&hl=id&entry=ttu
Reviews: 7 reviews

Name: Pantai bherekai
Link: https://www.google.com/maps/search/Pantai+bherekai/@-7.179395599999999,113.9146604?authuser=0&hl=id&entry=ttu
Reviews: 2 reviews

Name: Pantai Cora
Link: https://www.google.com/maps/search/Pantai+Cora/@-6.8953055999999995,114.0154474?authuser=0&hl=id&entry=ttu
Reviews: 1 reviews

Name: Sahara Beach
Link: https://www.google.com/maps/search/Sahara+Beach/@-7.2108047,113.8861515?authuser=0&hl=id&entry=ttu
Reviews: No Reviews reviews",,,1,CHORA BEACH (Pemilik),,https://lh3.googleusercontent.com/gps-cs-s/AC9h4nr5ewNde-LKH7gVBYajIlssIZysQvULQBuuG5Yj5MH_tTvFkf9_LtdmzzfODhmzotquk6LByRd9J8k-MxmoFfXhcTmAXczXebS9vfMc4eiPRM-O8jsdOLve_17QQyw0uXPPPdvOQQ=s1024,Tujuan Wisata,Tujuan Wisata,,,Open All Days,"QWWC+74V, Jl. Chora Beach 02, Sumber, Gedugan, Kec. Giligenteng, Kabupaten Sumenep, Jawa Timur 69482",,https://www.google.com/maps/place/CHORA+BEACH/data=!4m7!3m6!1s0x2dd75b2205dcf9d5:0xd5c23e9d7e11322d!8m2!3d-7.2042666!4d113.9203033!16s%2Fg%2F11fskbl84f!19sChIJ1fncBSJb1y0RLTIRfp0-wtU?authuser=0&hl=id&rclk=1,beaches in sumenep
ChIJq6qqqj732S0RDKSSYaA6yxg,Pantai Wisata Lombang,,,153,4.4,"Name: Rumah Moh.Ali Riyan
Link: https://www.google.com/maps/search/Rumah+Moh.Ali+Riyan/@-6.907782699999999,114.0358386?authuser=0&hl=id&entry=ttu
Reviews: 6 reviews

Name: Lombang
Link: https://www.google.com/maps/search/Lombang/@-6.9186489,114.06507400000001?authuser=0&hl=id&entry=ttu
Reviews: 5 reviews

Name: Pantai Galung (Galung Beach)
Link: https://www.google.com/maps/search/Pantai+Galung+(Galung+Beach)/@-6.889103899999999,114.00343579999999?authuser=0&hl=id&entry=ttu
Reviews: 3 reviews",,,1,Pantai Wisata Lombang (Pemilik),,https://lh3.googleusercontent.com/gps-cs-s/AC9h4nqzXPuP1ye_6OYWdYt4KCmYJIw8RczC7mj9UJinn5-GcSp265M6BZnKlABJv3FOFHc9HHJXOtwj3WkGb_rprQ0-5cxhuLCsdvSTMPB9uI7JvEboHDKGnlM98lbFTJ0jqtUpvvjx=s1024,Tujuan Wisata,Tujuan Wisata,07.00-21.00,,Open All Days,"Unnamed Road No.69473, Area Kebun, Lombang, Kec. Batang Batang, Kabupaten Sumenep, Jawa Timur 69473","parkir, tiket, naik kuda, toilet, kebersihan, orang, cemara udang, rindang, ini, renovasi",https://www.google.com/maps/place/Pantai+Wisata+Lombang/data=!4m7!3m6!1s0x2dd9f73eaaaaaaab:0x18cb3aa06192a40c!8m2!3d-6.9187904!4d114.0644635!16s%2Fg%2F11f15dtqv5!19sChIJq6qqqj732S0RDKSSYaA6yxg?authuser=0&hl=id&rclk=1,beaches in sumenep
ChIJDfaoKRzr2S0RVvYc4fb2l80,Pantai Slopeng,,,30,4.4,"Name: Pantai galaman
Link: https://www.google.com/maps/search/Pantai+galaman/@-6.8826960999999995,113.6857557?authuser=0&hl=id&entry=ttu
Reviews: 38 reviews

Name: Wisata Bukit Pasir Slopeng
Link: https://www.google.com/maps/search/Wisata+Bukit+Pasir+Slopeng/@-6.8870284999999996,113.7972963?authuser=0&hl=id&entry=ttu
Reviews: 28 reviews

Name: Bukit pasir
Link: https://www.google.com/maps/search/Bukit+pasir/@-6.8864251,113.78951049999999?authuser=0&hl=id&entry=ttu
Reviews: 11 reviews

Name: Pantai Galung (Galung Beach)
Link: https://www.google.com/maps/search/Pantai+Galung+(Galung+Beach)/@-6.889103899999999,114.00343579999999?authuser=0&hl=id&entry=ttu
Reviews: 3 reviews

Name: Pantai
Link: https://www.google.com/maps/search/Pantai/@-6.8866687,113.7365758?authuser=0&hl=id&entry=ttu
Reviews: 2 reviews",,,1,Pantai Slopeng (Pemilik),,https://lh3.googleusercontent.com/gps-cs-s/AC9h4npfr3SoNdNtLIE72X5-QiJfXwA_2LAIBX-A35Lgj21_Ei24_Oiov3cdaVj3qM9iffUXmhZErFPDpdcLjCKgoEhtl3sLrRrHw993rb6AMtpoXjPY-dot27yLihJTMdcU8kPcnRlKPQ=s1024,Tujuan Wisata,Tujuan Wisata,,,Open All Days,"Pantai Slopeng, Jalan Raya Ambunten No.34 Ambunten, Trebung Ghetteng, Sema""an, Kec. Dasuk, Kabupaten Sumenep, Jawa Timur 69455","masyarakat, pantainya, harga",https://www.google.com/maps/place/Pantai+Slopeng/data=!4m7!3m6!1s0x2dd9eb1c29a8f60d:0xcd97f6f6e11cf656!8m2!3d-6.8861095!4d113.792343!16s%2Fg%2F11r_dhm3wk!19sChIJDfaoKRzr2S0RVvYc4fb2l80?authuser=0&hl=id&rclk=1,beaches in sumenep
ChIJMZ7Mghv-2S0RAxyD_S_rJ98,Pantai Ponjuk Timur,,,102,4.4,"Name: Pantai Ponjuk Padike
Link: https://www.google.com/maps/search/Pantai+Ponjuk+Padike/@-7.0895399999999995,113.941496?authuser=0&hl=id&entry=ttu
Reviews: 122 reviews

Name: Pantai Googsi
Link: https://www.google.com/maps/search/Pantai+Googsi/@-7.0932847,114.0591017?authuser=0&hl=id&entry=ttu
Reviews: 10 reviews

Name: Pantai Dungkek
Link: https://www.google.com/maps/search/Pantai+Dungkek/@-6.9693669,114.1193419?authuser=0&hl=id&entry=ttu
Reviews: 9 reviews

Name: Pantai Totale
Link: https://www.google.com/maps/search/Pantai+Totale/@-6.9772019,114.12479239999999?authuser=0&hl=id&entry=ttu
Reviews: 5 reviews",,,1,Pantai Ponjuk Timur (Pemilik),,https://lh3.googleusercontent.com/gps-cs-s/AC9h4npyTZ7Mf3Xr5QYNYhn44YCWNHj1q0mdoKyTS1c31SN_NTynziV3Suuf16533MYxHDcce9_akjqhUEx-CM7LvkAfCxo4u2TRf5jAIEqP9Oq-UCPEgJtHpBoIAboEyBWVRf9ulj0=s1024,Tujuan Wisata,Tujuan Wisata,,,Open All Days,"V3Q7+VQ3, Unnamed Rd, Galisek Daja, Kombang, Kec. Talango, Kabupaten Sumenep, Jawa Timur 69481","pantainya, pemandangan, sore, pagi, orang, sunrise",https://www.google.com/maps/place/Pantai+Ponjuk+Timur/data=!4m7!3m6!1s0x2dd9fe1b82cc9e31:0xdf27eb2ffd831c03!8m2!3d-7.1103617!4d114.0644282!16s%2Fg%2F11b7pyyms_!19sChIJMZ7Mghv-2S0RAxyD_S_rJ98?authuser=0&hl=id&rclk=1,beaches in sumenep
ChIJ89M0nf3B2S0RAUfVzIOfNkw,Pantai Ruba,,,25,4.1,"Name: Pantai Badur
Link: https://www.google.com/maps/search/Pantai+Badur/@-6.8791953999999995,113.97804269999999?authuser=0&hl=id&entry=ttu
Reviews: 168 reviews

Name: Pantai Badur Batu Putih
Link: https://www.google.com/maps/search/Pantai+Badur+Batu+Putih/@-6.8807016,113.9801519?authuser=0&hl=id&entry=ttu
Reviews: 130 reviews

Name: Paseser Ambunten
Link: https://www.google.com/maps/search/Paseser+Ambunten/@-6.8866501,113.7365372?authuser=0&hl=id&entry=ttu
Reviews: 3 reviews

Name: Pandan Ambunten Beach
Link: https://www.google.com/maps/search/Pandan+Ambunten+Beach/@-6.887181,113.7262171?authuser=0&hl=id&entry=ttu
Reviews: 3 reviews

Name: Pantai
Link: https://www.google.com/maps/search/Pantai/@-6.8866687,113.7365758?authuser=0&hl=id&entry=ttu
Reviews: 2 reviews",https://www.facebook.com/umar.faruq.94214,0877-5585-5813,1,Pantai Ruba (Pemilik),,https://lh3.googleusercontent.com/gps-cs-s/AC9h4nqi0r-WHokOpvNQaLj-ouPe1qazs1DVFwtrrBdyherBgewS3jyDoxoCJKrrMfU_eFURYUL10JB2qfC2ytBmm5mYNpO8-kB-FGvzm_S-yhSqA8Oh55ogyRgecGUxZxCx0jfb4Jp-OQ=s1024,Tujuan Wisata,Tujuan Wisata,Buka 24 jam,,Open All Days,"4Q77+M23, Bar., Campor, Campor Bar., Kec. Ambunten, Kabupaten Sumenep, Jawa Timur 69455",pemandangan,https://www.google.com/maps/place/Pantai+Ruba/data=!4m7!3m6!1s0x2dd9c1fd9d34d3f3:0x4c369f83ccd54701!8m2!3d-6.8858548!4d113.7625379!16s%2Fg%2F11f15fyx5_!19sChIJ89M0nf3B2S0RAUfVzIOfNkw?authuser=0&hl=id&rclk=1,beaches in sumenep
ChIJDS4hB0TB2S0RcdtKRJykqco,Pantai galaman,,,38,4.3,"Name: Istana Pantai Madura
Link: https://www.google.com/maps/search/Istana+Pantai+Madura/@-6.883825799999999,113.69411939999999?authuser=0&hl=id&entry=ttu
Reviews: 45 reviews

Name: Pantai Slopeng
Link: https://www.google.com/maps/search/Pantai+Slopeng/@-6.8861095,113.79234299999999?authuser=0&hl=id&entry=ttu
Reviews: 30 reviews

Name: Pantai Galung (Galung Beach)
Link: https://www.google.com/maps/search/Pantai+Galung+(Galung+Beach)/@-6.889103899999999,114.00343579999999?authuser=0&hl=id&entry=ttu
Reviews: 3 reviews

Name: Pantai
Link: https://www.google.com/maps/search/Pantai/@-6.8866687,113.7365758?authuser=0&hl=id&entry=ttu
Reviews: 2 reviews

Name: Pantai pataian
Link: https://www.google.com/maps/search/Pantai+pataian/@-6.8861608,113.6580582?authuser=0&hl=id&entry=ttu
Reviews: No Reviews reviews",,,,Pantai galaman (Pemilik),https://www.google.com/maps/contrib/105429454402967301395,https://lh3.googleusercontent.com/gps-cs-s/AC9h4npVS5q82Hj6kBsx2WrD0JAn_MSjZDSbxTW8du9FlZzNuLbiZ--6TfIFOzbrdE8I4s5Fy2dQXtwIBBXXG7FhoO2iWtWyESzW2VpOn1DeC5O9Z4bkeSqODDaBOvmudzmkYA3ht8jbFQ=s1024,Tujuan Wisata,Tujuan Wisata,05.00-18.00,,Open All Days,"Kelleman, Kec. Pasongsongan, Kabupaten Sumenep, Jawa Timur 69457",pantainya,https://www.google.com/maps/place/Pantai+galaman/data=!4m7!3m6!1s0x2dd9c14407212e0d:0xcaa9a49c444adb71!8m2!3d-6.8826961!4d113.6857557!16s%2Fg%2F11hbc0r6l5!19sChIJDS4hB0TB2S0RcdtKRJykqco?authuser=0&hl=id&rclk=1,beaches in sumenep
ChIJOw9R-xPf2S0RnBsC7rY2t_U,Pantai Batu Sulung,,,73,4.2,"Name: Pantai Kundang Wetan
Link: https://www.google.com/maps/search/Pantai+Kundang+Wetan/@-7.1159673,113.8888502?authuser=0&hl=id&entry=ttu
Reviews: 32 reviews

Name: Pantai Slopeng
Link: https://www.google.com/maps/search/Pantai+Slopeng/@-6.8861095,113.79234299999999?authuser=0&hl=id&entry=ttu
Reviews: 30 reviews

Name: Pantai Toragan
Link: https://www.google.com/maps/search/Pantai+Toragan/@-7.126682499999999,113.8004332?authuser=0&hl=id&entry=ttu
Reviews: 12 reviews

Name: PANTAI DASUK
Link: https://www.google.com/maps/search/PANTAI+DASUK/@-6.8806846,113.8192864?authuser=0&hl=id&entry=ttu
Reviews: 2 reviews

Name: Pantai batu
Link: https://www.google.com/maps/search/Pantai+batu/@-7.113048999999999,113.80259699999999?authuser=0&hl=id&entry=ttu
Reviews: No Reviews reviews",,,1,Pantai Batu Sulung (Pemilik),,https://lh3.googleusercontent.com/gps-cs-s/AC9h4nqKjOwrhH1Rl_CmZXlr5HiGavlPNEjmUUyCBCWR2-pr3WuLW_0kwM7t0dDCLedLdreo7l_wcni7HmtsT5m2t9KTGiK7dKjOxFd_rqRdWjhEXcEI5ZyqPMGQZ4Fgmlo6bDzVLfgE=s1024,Tujuan Wisata,Tujuan Wisata,Buka 24 jam,,Open All Days,"VMQX+HC3, Blajut, Karduluk, Kec. Pragaan, Kabupaten Sumenep, Jawa Timur 69465",alami,https://www.google.com/maps/place/Pantai+Batu+Sulung/data=!4m7!3m6!1s0x2dd9df13fb510f3b:0xf5b736b6ee021b9c!8m2!3d-7.1111003!4d113.6985414!16s%2Fg%2F11c1p2kbym!19sChIJOw9R-xPf2S0RnBsC7rY2t_U?authuser=0&hl=id&rclk=1,beaches in sumenep
ChIJ8bz-PXfi2S0Rd5LwOVSmz14,Pantai Kundang Wetan,,,32,4.3,"Name: Pantai Batu Sulung
Link: https://www.google.com/maps/search/Pantai+Batu+Sulung/@-7.1111002999999995,113.6985414?authuser=0&hl=id&entry=ttu
Reviews: 73 reviews

Name: Pantai Googsi
Link: https://www.google.com/maps/search/Pantai+Googsi/@-7.0932847,114.0591017?authuser=0&hl=id&entry=ttu
Reviews: 10 reviews

Name: Pantai Air kembang
Link: https://www.google.com/maps/search/Pantai+Air+kembang/@-7.2062477000000005,113.9175039?authuser=0&hl=id&entry=ttu
Reviews: 6 reviews

Name: Pantai Aengkembang
Link: https://www.google.com/maps/search/Pantai+Aengkembang/@-7.205992600000001,113.9184185?authuser=0&hl=id&entry=ttu
Reviews: 3 reviews

Name: Pantai kongo
Link: https://www.google.com/maps/search/Pantai+kongo/@-7.1930868,113.935166?authuser=0&hl=id&entry=ttu
Reviews: No Reviews reviews",,,1,Pantai Kundang Wetan (Pemilik),,https://lh3.googleusercontent.com/gps-cs-s/AC9h4nqSxdcOXDnkYObe6effXiz0zWt4BPQs9CFj9skWQDufWohYdFiyXW-B5VeXi8j2dQZddeMhaFMER0egRvYNRhoec6knfhZ_AdPZxQLvuf9Rwk7Gs3tE7SyHOruWte5ZQRzfXI0F=s1024,Tujuan Wisata,Tujuan Wisata,Buka 24 jam,,Open All Days,"VVMQ+JG9, Panglema, Tanjung, Kec. Saronggi, Kabupaten Sumenep, Jawa Timur 69467","matahari terbit, pantainya",https://www.google.com/maps/place/Pantai+Kundang+Wetan/data=!4m7!3m6!1s0x2dd9e2773dfebcf1:0x5ecfa65439f09277!8m2!3d-7.1159673!4d113.8888502!16s%2Fg%2F11f2wlgwrn!19sChIJ8bz-PXfi2S0Rd5LwOVSmz14?authuser=0&hl=id&rclk=1,beaches in sumenep
ChIJAQ92HdZb1y0RmUs1fsVwBGg,Pantai Pasir Panjang,,,3,5,"Name: Pantai Toroto
Link: https://www.google.com/maps/search/Pantai+Toroto/@-7.2235694,113.94318709999999?authuser=0&hl=id&entry=ttu
Reviews: 10 reviews

Name: Pantai Googsi
Link: https://www.google.com/maps/search/Pantai+Googsi/@-7.0932847,114.0591017?authuser=0&hl=id&entry=ttu
Reviews: 10 reviews

Name: Pantai Aengkembang
Link: https://www.google.com/maps/search/Pantai+Aengkembang/@-7.205992600000001,113.9184185?authuser=0&hl=id&entry=ttu
Reviews: 3 reviews

Name: Pulau Pasir
Link: https://www.google.com/maps/search/Pulau+Pasir/@-7.241179600000001,113.6982802?authuser=0&hl=id&entry=ttu
Reviews: 2 reviews

Name: Pantai Bringsang
Link: https://www.google.com/maps/search/Pantai+Bringsang/@-7.194999999999999,113.91611110000001?authuser=0&hl=id&entry=ttu
Reviews: No Reviews reviews",,0877-5000-0767,1,Pantai Pasir Panjang (Pemilik),,https://lh3.googleusercontent.com/gps-cs-s/AC9h4npCDN_J6czTbuhXemiH-BcjMMldnVGffUhSlwdSCLTq5yfQwokxjNLeRG1qFmXRonaihHerDXhbeHrsHe7RU4xailWwNAY4lReLL5v7V8T471WT5Dfe4HV8fH89mwiZdwb_POTeo3o3kLEA=s1024,Tujuan Wisata,Tujuan Wisata,Buka 24 jam,,Open All Days,"QXF3+2JG, Lombi, Gedugan, Kec. Giligenteng, Kabupaten Sumenep, Jawa Timur",,https://www.google.com/maps/place/Pantai+Pasir+Panjang/data=!4m7!3m6!1s0x2dd75bd61d760f01:0x680470c57e354b99!8m2!3d-7.2274283!4d113.9540644!16s%2Fg%2F11ks4rn1kv!19sChIJAQ92HdZb1y0RmUs1fsVwBGg?authuser=0&hl=id&rclk=1,beaches in sumenep
ChIJKbD9mFvh2S0RKazDWrfrv5M,Spot Pancing Pantai Matahari,,,11,4.2,"Name: Pantai Matahari Lobuk
Link: https://www.google.com/maps/search/Pantai+Matahari+Lobuk/@-7.1313873999999995,113.8141802?authuser=0&hl=id&entry=ttu
Reviews: 137 reviews

Name: Pantai Toragan
Link: https://www.google.com/maps/search/Pantai+Toragan/@-7.126682499999999,113.8004332?authuser=0&hl=id&entry=ttu
Reviews: 12 reviews

Name: Spot Mancing Ikan Pari
Link: https://www.google.com/maps/search/Spot+Mancing+Ikan+Pari/@-7.1141973,113.718942?authuser=0&hl=id&entry=ttu
Reviews: 1 reviews

Name: Spot Pancing Tugu Kuda Terbang Nambakor
Link: https://www.google.com/maps/search/Spot+Pancing+Tugu+Kuda+Terbang+Nambakor/@-7.0510502,113.843493?authuser=0&hl=id&entry=ttu
Reviews: 1 reviews

Name: Spot mancing
Link: https://www.google.com/maps/search/Spot+mancing/@-7.0579192,113.94608319999999?authuser=0&hl=id&entry=ttu
Reviews: No Reviews reviews",,0818-0300-6755,1,Spot Pancing Pantai Matahari (Pemilik),,https://lh3.googleusercontent.com/gps-cs-s/AC9h4noSQ7w3ktxnoHmd1X8pFGnVD5qXTJEnZ-hMtvTAZSUB7LPz2Hv2k3hOVWbQ4x5uK791uVe7k43t_AXsa5YFcv7XlM4lSNlZ3wQsy9HC5Sidobdrs6Q3UEFPJMjfOyAGnHP95bsP=s1024,Tujuan Wisata,Tujuan Wisata,Buka 24 jam,,Open All Days,"VR97+HJX, Tarogan, Lobuk, Kec. Bluto, Kabupaten Sumenep, Jawa Timur 69466",luas,https://www.google.com/maps/place/Spot+Pancing+Pantai+Matahari/data=!4m7!3m6!1s0x2dd9e15b98fdb029:0x93bfebb75ac3ac29!8m2!3d-7.1310241!4d113.8141228!16s%2Fg%2F11k51zvt6t!19sChIJKbD9mFvh2S0RKazDWrfrv5M?authuser=0&hl=id&rclk=1,beaches in sumenep
ChIJ_aY8DO9b1y0RieqJssbIjnM,Pantai Air kembang,,,6,4.8,"Name: Pantai Aengkembang
Link: https://www.google.com/maps/search/Pantai+Aengkembang/@-7.205992600000001,113.9184185?authuser=0&hl=id&entry=ttu
Reviews: 3 reviews

Name: Pantai Nyi Ripak
Link: https://www.google.com/maps/search/Pantai+Nyi+Ripak/@-7.2034533,113.92234590000001?authuser=0&hl=id&entry=ttu
Reviews: 2 reviews

Name: Pantai bherekai
Link: https://www.google.com/maps/search/Pantai+bherekai/@-7.179395599999999,113.9146604?authuser=0&hl=id&entry=ttu
Reviews: 2 reviews

Name: Pantai Bringsang
Link: https://www.google.com/maps/search/Pantai+Bringsang/@-7.194999999999999,113.91611110000001?authuser=0&hl=id&entry=ttu
Reviews: No Reviews reviews",,,1,Pantai Air kembang (Pemilik),,https://lh3.googleusercontent.com/gps-cs-s/AC9h4noCtX8_DFP2QMDVPMqIoklFqXCMUj-SL39oWaBTo6SG4jfaShxzOzuqjxvYmqoKRu29Jo2ugMNA47sEFvjJIG-Nh9TuvySFLB5toMKJLmVbnOfIF0ZYLLhlWJmVu-FWU0dhGZDAUQ=s1024,Tujuan Wisata,Tujuan Wisata,,,Open All Days,"QWV9+G22, Sumber, Gedugan, Kec. Giligenteng, Kabupaten Sumenep, Jawa Timur 69482",,https://www.google.com/maps/place/Pantai+Air+kembang/data=!4m7!3m6!1s0x2dd75bef0c3ca6fd:0x738ec8c6b289ea89!8m2!3d-7.2062477!4d113.9175039!16s%2Fg%2F11n_3nx8gl!19sChIJ_aY8DO9b1y0RieqJssbIjnM?authuser=0&hl=id&rclk=1,beaches in sumenep
ChIJwbAJYZ1Y1y0RnYHX1938it4,Parkiran Pantai Sembilan,,,8,4.4,"Name: Pantai Sembilan Sumenep
Link: https://www.google.com/maps/search/Pantai+Sembilan+Sumenep/@-7.1751703,113.9218159?authuser=0&hl=id&entry=ttu
Reviews: 2614 reviews

Name: Pantai Air kembang
Link: https://www.google.com/maps/search/Pantai+Air+kembang/@-7.2062477000000005,113.9175039?authuser=0&hl=id&entry=ttu
Reviews: 6 reviews

Name: Tiket Pantai Sembilan
Link: https://www.google.com/maps/search/Tiket+Pantai+Sembilan/@-7.1247959,113.8925412?authuser=0&hl=id&entry=ttu
Reviews: 3 reviews

Name: Wisata Pantai Sembilan
Link: https://www.google.com/maps/search/Wisata+Pantai+Sembilan/@-7.1749491,113.9222875?authuser=0&hl=id&entry=ttu
Reviews: No Reviews reviews

Name: Parkiran e Kasoghi
Link: https://www.google.com/maps/search/Parkiran+e+Kasoghi/@-7.105282000000001,113.88513259999999?authuser=0&hl=id&entry=ttu
Reviews: No Reviews reviews",,,1,Parkiran Pantai Sembilan (Pemilik),,https://lh3.googleusercontent.com/gps-cs-s/AC9h4nrp7bdsxTyXAvHOy8HU-hYnhmnUvvdPS4BrB9Xt0BEKVoqzcG2ZXMCXmcjMoTClol1l8-ODpQjDPIB4sPO0dE5kTuMNEfCQB60Jq8KEHfYUBi507PQ12FX4_CX-TVTSPcK3pQ2DEw=s1024,Paviliun Pantai,Paviliun Pantai,,,Open All Days,"Jl. Kodam No.520, Tanjung, Kec. Saronggi, Kabupaten Sumenep, Jawa Timur 69467",,https://www.google.com/maps/place/Parkiran+Pantai+Sembilan/data=!4m7!3m6!1s0x2dd7589d6109b0c1:0xde8afcddd7d7819d!8m2!3d-7.1253616!4d113.8921776!16s%2Fg%2F11dfst_w3k!19sChIJwbAJYZ1Y1y0RnYHX1938it4?authuser=0&hl=id&rclk=1,beaches in sumenep
ChIJLcaBTETx2S0Rq8sFlBZ4EWQ,Pantai Cora,,,1,5,"Name: Wisata Pantai Lapa Laok
Link: https://www.google.com/maps/search/Wisata+Pantai+Lapa+Laok/@-6.978206600000001,114.12422839999999?authuser=0&hl=id&entry=ttu
Reviews: 28 reviews

Name: Pantai Keris
Link: https://www.google.com/maps/search/Pantai+Keris/@-7.0456191,113.9593936?authuser=0&hl=id&entry=ttu
Reviews: 26 reviews

Name: Rumah Moh.Ali Riyan
Link: https://www.google.com/maps/search/Rumah+Moh.Ali+Riyan/@-6.907782699999999,114.0358386?authuser=0&hl=id&entry=ttu
Reviews: 6 reviews

Name: Pantai Totale
Link: https://www.google.com/maps/search/Pantai+Totale/@-6.9772019,114.12479239999999?authuser=0&hl=id&entry=ttu
Reviews: 5 reviews

Name: Pantai Paramitha Reshvana
Link: https://www.google.com/maps/search/Pantai+Paramitha+Reshvana/@-6.9666758,114.1789871?authuser=0&hl=id&entry=ttu
Reviews: 2 reviews",,,1,Pantai Cora (Pemilik),,https://streetviewpixels-pa.googleapis.com/v1/thumbnail?panoid=Irfd4N3Tc2wHtM8aefF1Vg&cb_client=search.gws-prod.gps&w=408&h=240&yaw=30.462137&pitch=0&thumbfov=s1024,Tujuan Wisata,Tujuan Wisata,,,Open All Days,"4238+V5G Pantai Cora / Cora Beach, Jangkong, Kec. Batang Batang, Kabupaten Sumenep, Jawa Timur 69473",,https://www.google.com/maps/place/Pantai+Cora/data=!4m7!3m6!1s0x2dd9f1444c81c62d:0x641178169405cbab!8m2!3d-6.8953056!4d114.0154474!16s%2Fg%2F11rcwc772g!19sChIJLcaBTETx2S0Rq8sFlBZ4EWQ?authuser=0&hl=id&rclk=1,beaches in sumenep
ChIJgzoI21Xx2S0RAOgwPb7vrVE,Kansas Beach Area,,,1,5,"Name: KERSETAN BEACH
Link: https://www.google.com/maps/search/KERSETAN+BEACH/@-7.1368433,114.4981158?authuser=0&hl=id&entry=ttu
Reviews: 5 reviews

Name: Essang Beach
Link: https://www.google.com/maps/search/Essang+Beach/@-7.1058622,114.01520099999999?authuser=0&hl=id&entry=ttu
Reviews: 3 reviews

Name: Kawasan Kansas Kasur Pasir
Link: https://www.google.com/maps/search/Kawasan+Kansas+Kasur+Pasir/@-6.9086681,114.03751559999999?authuser=0&hl=id&entry=ttu
Reviews: 2 reviews

Name: Bukit jangkara
Link: https://www.google.com/maps/search/Bukit+jangkara/@-6.9252952,114.0128524?authuser=0&hl=id&entry=ttu
Reviews: 2 reviews

Name: KANDAS FAMILYA BEACH
Link: https://www.google.com/maps/search/KANDAS+FAMILYA+BEACH/@-6.9076735,114.04116309999999?authuser=0&hl=id&entry=ttu
Reviews: 1 reviews",,,1,Kansas Beach Area (Pemilik),,https://lh3.googleusercontent.com/gps-cs-s/AC9h4nrBH66FJlHk9j3INQ2CFnb6YWMU_Z9xgVrRY7nAOOg37a15O8bP6hLtaNYLwVwsd5zDVuBp2QgphSb2ctXkHQxUD0ismJo9BfbFtJBmH5k29JtHK3TU4ArF0XT3v8lGJ8c-0CasRw=s1024,Taman,Taman,Buka 24 jam,,Open All Days,"32VQ+C72, Pesisir Barat, Legung Tim., Kec. Batang Batang, Kabupaten Sumenep, Jawa Timur",,https://www.google.com/maps/place/Kansas+Beach+Area/data=!4m7!3m6!1s0x2dd9f155db083a83:0x51adefbe3d30e800!8m2!3d-6.9064873!4d114.0381553!16s%2Fg%2F11s8yvsx6z!19sChIJgzoI21Xx2S0RAOgwPb7vrVE?authuser=0&hl=id&rclk=1,beaches in sumenep
